node1,node2,Class Label
4408,2125,1
875,2125,1
1040,2125,1
4702,2125,1
4051,1403,1
647,2125,1
3230,4068,1
2738,4654,1
4603,4654,1
847,4654,1
4276,3269,1
21,4654,1
3943,4654,1
2166,4654,1
4257,4654,1
750,4654,1
5009,4654,1
2746,4654,1
1223,4654,1
405,4654,1
3050,4654,1
1274,4654,1
766,4654,1
343,4694,1
4466,1098,1
2320,908,1
4005,908,1
4603,908,1
384,908,1
2102,3269,1
4614,908,1
3871,908,1
5166,908,1
908,4229,1
4861,908,1
4408,908,1
4872,4113,1
314,908,1
1040,908,1
5102,908,1
5302,908,1
3774,908,1
3582,908,1
1016,1354,1
21,1354,1
1058,1354,1
4742,4806,1
4869,425,1
5028,425,1
5317,1484,1
3160,5434,1
507,4458,1
2246,4458,1
3084,4458,1
2584,4458,1
1213,194,1
3730,194,1
5344,194,1
762,194,1
2494,2605,1
1647,2605,1
814,2582,1
2738,2320,1
556,2320,1
4614,2320,1
2320,1257,1
2006,3319,1
2784,2320,1
2320,21,1
1196,2320,1
2320,1234,1
712,2320,1
3798,2320,1
295,2320,1
2320,678,1
4404,2320,1
4246,2320,1
676,2320,1
230,2320,1
4941,2320,1
3008,2320,1
2177,1345,1
765,1345,1
4356,1345,1
2131,1345,1
3889,1345,1
4386,1345,1
3144,1345,1
4466,1345,1
4795,1345,1
4614,1088,1
4023,1345,1
3567,1345,1
2725,1345,1
2835,1345,1
3849,1345,1
3392,1088,1
3826,1345,1
3117,1345,1
5182,1345,1
2368,1345,1
3818,1345,1
1259,1345,1
453,1345,1
564,1345,1
263,1345,1
3814,1345,1
1089,1345,1
2650,1345,1
2986,1345,1
85,1345,1
2502,1345,1
4556,1345,1
1472,1345,1
4077,2933,1
2835,2933,1
3826,2933,1
1259,2933,1
85,2933,1
2835,3992,1
3826,3992,1
564,3992,1
1472,3992,1
415,4077,1
2296,2177,1
433,2177,1
4255,558,1
3498,4192,1
2174,4192,1
872,4192,1
1258,4116,1
4795,4116,1
3140,2062,1
3498,4116,1
2615,4116,1
2174,4116,1
872,4116,1
4077,3005,1
3849,3005,1
1259,3005,1
4346,4088,1
4603,2738,1
2012,2738,1
5103,2738,1
4046,2738,1
1257,2738,1
2355,2738,1
21,2738,1
2494,2738,1
712,2738,1
4477,2738,1
2166,2738,1
5009,2738,1
314,2738,1
4949,2738,1
645,2738,1
1040,2738,1
2567,2252,1
1817,2738,1
1055,2738,1
1159,2738,1
3381,2738,1
4337,2738,1
3611,2738,1
121,2207,1
3300,2207,1
4319,2207,1
1691,2207,1
2009,2207,1
4526,2207,1
471,2207,1
1243,2207,1
5492,2207,1
2647,2207,1
3556,2207,1
2485,2207,1
5470,2207,1
2470,2207,1
1000,2207,1
307,2207,1
1170,2207,1
4297,2207,1
2707,546,1
2013,4504,1
2562,1045,1
4761,3264,1
665,2425,1
4764,5428,1
4782,1326,1
3391,3230,1
822,4504,1
415,5366,1
3257,3687,1
765,3687,1
4386,3687,1
3144,3687,1
792,3687,1
2368,3687,1
4854,3687,1
134,3687,1
4370,3806,1
3917,4370,1
3819,5484,1
4036,5484,1
4313,5484,1
4313,3819,1
3141,4885,1
4044,2798,1
1244,113,1
4281,1775,1
2031,1775,1
1026,1775,1
1814,1775,1
5182,1775,1
2368,1775,1
380,1775,1
4322,1775,1
2518,1775,1
1649,2798,1
3526,628,1
3261,4005,1
1422,2798,1
5324,4005,1
3656,4005,1
2266,4005,1
4046,4005,1
3361,4005,1
2355,4005,1
1016,4005,1
401,4005,1
5345,4005,1
712,4005,1
3798,4005,1
3767,4005,1
4576,4005,1
314,4005,1
1635,4005,1
273,4005,1
5170,4005,1
2228,3490,1
2672,4005,1
4429,4005,1
3119,4005,1
2266,1791,1
5323,1791,1
2718,228,1
271,228,1
3261,4603,1
3016,4603,1
2012,4603,1
4185,4603,1
24,4099,1
447,4603,1
4046,4603,1
992,4603,1
2315,4603,1
1016,4603,1
21,4603,1
3798,4603,1
4371,4603,1
5009,4603,1
2746,4603,1
405,4603,1
4246,4603,1
3036,4603,1
5170,4603,1
5444,4099,1
1640,4603,1
3268,462,1
4398,4099,1
3357,240,1
863,2510,1
3727,4208,1
1518,4208,1
2437,4208,1
4940,4208,1
4441,4208,1
5353,3268,1
4455,4728,1
3459,3268,1
1680,3268,1
869,4728,1
530,3268,1
3215,4610,1
3362,5353,1
863,5353,1
688,5353,1
2080,5353,1
4582,3362,1
688,3362,1
3603,4610,1
256,3362,1
3362,2297,1
765,1311,1
688,1311,1
688,2701,1
4523,4610,1
3016,3261,1
384,3261,1
4124,3261,1
1672,3261,1
2494,3261,1
3227,3261,1
782,3261,1
3493,3261,1
4255,3261,1
3016,5407,1
384,5212,1
4614,5212,1
4046,5212,1
531,5365,1
1680,5365,1
5041,5365,1
3798,5365,1
2368,4610,1
5135,5365,1
2479,5365,1
1672,3016,1
1475,4610,1
651,3016,1
314,3016,1
4255,3016,1
1079,3016,1
1680,556,1
3240,2226,1
2839,5226,1
156,5226,1
2080,2728,1
3151,2728,1
3257,3907,1
4523,3907,1
2729,3907,1
4081,3907,1
2861,3907,1
1077,3907,1
1724,3907,1
1319,3907,1
2533,1947,1
780,3727,1
632,3727,1
5243,3727,1
1790,837,1
5192,3727,1
4611,3727,1
5173,3727,1
3678,5230,1
4808,5402,1
667,5402,1
2543,5402,1
887,3892,1
3046,3892,1
476,442,1
3972,3376,1
765,716,1
2239,716,1
4523,716,1
1144,716,1
4778,716,1
2729,3257,1
4710,3257,1
2632,3257,1
2348,3257,1
1613,3257,1
1144,3257,1
1099,3257,1
4486,3257,1
2368,3257,1
1904,3257,1
1363,3257,1
1077,3257,1
4732,3257,1
4322,3257,1
2398,3257,1
3207,3257,1
4849,3257,1
2512,3257,1
3549,3257,1
899,3479,1
4194,442,1
568,3257,1
2624,3257,1
4063,3257,1
430,3257,1
3152,3257,1
3550,847,1
256,4535,1
2810,442,1
3666,1366,1
5220,3418,1
258,3418,1
661,3418,1
930,442,1
3799,2113,1
256,2113,1
818,4523,1
4229,818,1
3464,818,1
1568,818,1
2969,690,1
5345,690,1
4404,690,1
2897,690,1
3179,690,1
5294,690,1
1164,384,1
384,814,1
3798,384,1
4576,384,1
2925,384,1
651,384,1
384,1527,1
3014,384,1
384,2105,1
384,5170,1
50,384,1
384,4429,1
384,4337,1
2622,384,1
2767,5106,1
2969,3648,1
4404,3648,1
877,1504,1
2952,1504,1
4315,1832,1
24,4614,1
2012,4614,1
435,4614,1
5103,4614,1
21,4614,1
651,4614,1
5009,4614,1
4614,1955,1
1173,4614,1
2446,4614,1
2027,3479,1
3351,2767,1
92,4614,1
4614,4005,1
4923,2767,1
4614,4257,1
4046,4808,1
2810,2767,1
24,4124,1
4124,4046,1
651,4124,1
676,4124,1
107,4124,1
2832,5485,1
2969,5490,1
5430,5490,1
4404,5490,1
3973,1770,1
4886,1770,1
3554,1770,1
5175,1770,1
3564,1770,1
3543,1770,1
3068,1770,1
2389,1770,1
1628,1770,1
3177,1770,1
341,1770,1
2953,2597,1
3554,1719,1
3564,1719,1
2389,1719,1
3325,863,1
3257,3234,1
863,3015,1
1566,3234,1
271,2718,1
680,2718,1
2729,3234,1
997,24,1
354,3082,1
1537,4089,1
4710,3234,1
3680,1164,1
2166,1164,1
2786,2012,1
2368,3234,1
712,2012,1
2012,5009,1
2746,2012,1
2012,405,1
554,3479,1
2012,2305,1
3119,2012,1
1123,3234,1
4732,3234,1
2969,4523,1
1852,2969,1
4164,2969,1
459,2969,1
5430,2969,1
2969,3754,1
4027,2969,1
1527,2969,1
2969,1926,1
1858,2969,1
3549,3234,1
4655,2969,1
239,2969,1
2969,4413,1
821,2969,1
3672,2969,1
4226,2969,1
4738,3234,1
3024,2969,1
4205,2969,1
2969,4499,1
2809,2969,1
2969,3693,1
1296,4042,1
875,4042,1
3564,4042,1
3728,79,1
3728,1257,1
1598,3728,1
169,3728,1
3362,1162,1
3878,3728,1
4374,1668,1
1680,1162,1
2038,1668,1
1291,4229,1
712,1291,1
1296,1291,1
1598,1291,1
3843,1162,1
4191,1291,1
3878,4699,1
712,1162,1
1574,1649,1
4927,1574,1
4846,1574,1
1598,1574,1
2928,1574,1
1574,5320,1
5281,1574,1
3051,1574,1
2438,1574,1
4832,1574,1
4523,271,1
3219,271,1
137,4294,1
4719,928,1
5357,271,1
1972,1162,1
5301,1162,1
1809,1162,1
3161,591,1
2384,4650,1
4911,4650,1
284,3723,1
3416,2771,1
1375,2771,1
1691,3755,1
953,1162,1
1471,3333,1
3102,3333,1
2630,3333,1
3084,3333,1
1922,3333,1
2584,3333,1
5060,1275,1
3208,1162,1
4400,5482,1
4724,5482,1
1003,3778,1
1883,3778,1
507,1027,1
2584,2922,1
2497,740,1
507,740,1
319,740,1
5116,740,1
956,740,1
2613,4673,1
2899,740,1
507,2858,1
319,2858,1
3764,2858,1
32,2858,1
2899,2858,1
187,4200,1
52,187,1
187,4757,1
974,187,1
3182,187,1
3629,4733,1
3329,4733,1
1405,4673,1
3172,964,1
1647,964,1
3629,1134,1
1647,1134,1
3629,3422,1
471,1653,1
3380,1653,1
5290,1653,1
1464,1653,1
1061,376,1
3123,3847,1
1603,3847,1
2680,3150,1
1739,903,1
5103,903,1
4523,903,1
2661,903,1
3681,903,1
1854,903,1
1862,903,1
2877,903,1
2650,903,1
5405,659,1
695,1314,1
2149,1314,1
4995,1314,1
72,1739,1
3318,1739,1
492,3602,1
4523,1739,1
4735,1739,1
5158,1739,1
2877,1739,1
1077,1739,1
2144,1739,1
2821,1739,1
3318,72,1
1528,72,1
4735,72,1
5158,72,1
2398,72,1
2821,72,1
2144,3318,1
3994,4225,1
3906,1432,1
2966,765,1
5103,765,1
2686,3602,1
25,765,1
4386,765,1
3144,765,1
1198,765,1
1591,765,1
1985,765,1
34,765,1
5094,765,1
4251,765,1
1144,765,1
1616,765,1
315,765,1
5156,765,1
3692,765,1
5065,765,1
4244,765,1
344,765,1
3417,765,1
466,765,1
4778,765,1
175,765,1
2480,765,1
1129,765,1
4855,765,1
151,765,1
5323,765,1
1561,765,1
2236,765,1
3394,765,1
3616,765,1
4964,765,1
4237,765,1
3313,765,1
2461,765,1
34,2658,1
335,2658,1
1144,2658,1
742,4862,1
2131,4281,1
4466,4281,1
5163,4281,1
1029,4281,1
1620,4281,1
3967,4281,1
1814,4281,1
5182,4281,1
4188,4281,1
3869,4281,1
1749,4281,1
4813,4281,1
4322,4281,1
3927,4281,1
3978,4281,1
5380,4281,1
2947,4281,1
3596,4281,1
3430,1973,1
4925,4281,1
5168,4281,1
2479,4281,1
5118,4281,1
5163,1340,1
1312,1973,1
4839,1337,1
3650,1337,1
892,1337,1
2459,1337,1
2818,4546,1
4523,4546,1
4184,2818,1
1927,3396,1
4370,1973,1
2851,5268,1
5295,2772,1
1047,1973,1
1927,3930,1
220,2556,1
4382,928,1
1259,2477,1
559,490,1
216,2477,1
581,973,1
700,973,1
2330,3584,1
5378,3584,1
5044,3584,1
2992,2769,1
2730,2769,1
2330,170,1
2895,611,1
2303,1393,1
1935,1393,1
1639,391,1
1639,2926,1
1639,1560,1
5219,1973,1
1639,4523,1
5155,1973,1
522,4145,1
2702,1401,1
1060,4291,1
4804,4291,1
1131,4291,1
3133,4291,1
2684,2915,1
3476,1401,1
1422,878,1
2075,878,1
1863,316,1
4588,2898,1
5414,2563,1
5414,1131,1
2672,1827,1
185,4747,1
3346,4747,1
280,4747,1
1315,1401,1
2266,4185,1
2494,4185,1
4235,4185,1
3532,4185,1
1047,1401,1
4337,4185,1
2478,928,1
3366,1401,1
5155,1401,1
1522,1401,1
4436,3711,1
36,2831,1
2053,2837,1
651,3817,1
2131,1803,1
506,1803,1
5133,1803,1
2458,1803,1
752,4356,1
1814,4356,1
875,928,1
824,4521,1
4462,4356,1
5168,4356,1
884,2519,1
3351,5191,1
3423,1630,1
910,1630,1
4416,1630,1
5425,1630,1
4618,580,1
4828,2586,1
5034,4521,1
2388,2586,1
4761,4389,1
231,4389,1
3423,4057,1
2497,4057,1
910,4057,1
1264,4057,1
402,4057,1
3890,4057,1
3815,4057,1
2508,4057,1
4761,4057,1
5264,4521,1
231,4057,1
4618,5317,1
1557,4521,1
5123,4117,1
2604,3423,1
910,3423,1
3759,3423,1
4268,4521,1
3787,3423,1
5070,3423,1
1264,3423,1
3283,928,1
2385,3423,1
3084,3423,1
3467,3423,1
2508,3423,1
2110,3423,1
4613,3423,1
2574,3423,1
402,2497,1
4642,2497,1
2616,2497,1
4797,4521,1
3969,648,1
5057,648,1
4230,4521,1
3798,531,1
58,531,1
4506,5324,1
1391,2786,1
1364,4521,1
5200,2786,1
1534,4521,1
4138,3358,1
2652,3358,1
2476,3358,1
1508,1345,1
4558,4521,1
1508,3154,1
4839,5448,1
2684,4412,1
1730,4412,1
869,4521,1
5200,4412,1
3710,4412,1
5426,4412,1
3022,4521,1
4276,2330,1
278,2330,1
3502,4364,1
1388,4521,1
5061,4364,1
506,3258,1
1016,447,1
3943,447,1
5009,447,1
405,447,1
4246,447,1
514,4521,1
1952,4521,1
2065,1263,1
1239,1263,1
2355,1931,1
1055,1931,1
3766,1931,1
5048,1931,1
5164,2674,1
3534,2674,1
2684,2674,1
2653,2674,1
2027,928,1
4362,4521,1
1144,4839,1
2368,4839,1
2487,4839,1
1082,993,1
2932,4521,1
1320,993,1
181,993,1
5460,993,1
2223,225,1
1011,4521,1
3366,1566,1
1826,1566,1
2127,4521,1
4046,1595,1
782,4955,1
4935,4955,1
189,4521,1
944,2358,1
2383,4521,1
4180,4729,1
4935,4729,1
2669,2572,1
1863,4521,1
3519,4357,1
1207,4357,1
4795,5029,1
2125,4521,1
1026,5029,1
1144,5029,1
2368,5029,1
657,5029,1
4738,5029,1
1949,5029,1
4411,928,1
908,4521,1
4495,2607,1
4026,2953,1
3961,2953,1
2632,2953,1
1443,2953,1
1964,2953,1
4005,4521,1
1657,2683,1
2683,441,1
1166,2683,1
2053,2683,1
5288,2683,1
4603,4521,1
1972,340,1
1339,340,1
2239,5189,1
4523,5189,1
1591,5189,1
3261,4521,1
1985,5189,1
34,5189,1
335,5189,1
3301,5189,1
4691,3673,1
2131,3673,1
1569,3673,1
5217,3673,1
384,4521,1
4466,4691,1
1569,4691,1
4614,4521,1
2239,2131,1
3154,2131,1
1864,2131,1
506,2131,1
4808,4521,1
931,2131,1
3567,2131,1
1144,2131,1
3849,2131,1
2652,2131,1
4124,4521,1
636,2131,1
3127,2131,1
1423,2131,1
3417,2131,1
657,2131,1
533,2131,1
1857,2959,1
1783,4579,1
342,4579,1
4639,4579,1
4466,4579,1
3335,4579,1
2770,4579,1
245,4579,1
4185,4521,1
2744,4579,1
5376,4579,1
4983,1783,1
342,1783,1
4466,1783,1
1440,1783,1
5324,4521,1
2744,1783,1
447,4521,1
2937,2966,1
3943,2966,1
4077,2966,1
3109,2966,1
219,2966,1
2368,2966,1
2953,4521,1
1259,2966,1
2937,5491,1
5103,4521,1
1348,5491,1
20,5491,1
342,4983,1
4386,4983,1
3144,4983,1
2937,4983,1
2744,4983,1
3144,342,1
4466,342,1
4046,4521,1
3814,342,1
2744,342,1
1551,342,1
4187,342,1
4639,2239,1
3361,4521,1
2201,2239,1
379,2239,1
586,2239,1
842,2239,1
4243,2239,1
2358,2239,1
2026,2239,1
1213,4521,1
3365,2239,1
4523,4639,1
992,4521,1
3144,4639,1
1736,4639,1
2878,4639,1
4837,4521,1
4639,1520,1
4046,5103,1
4523,5103,1
992,5103,1
2494,5103,1
5103,2537,1
5103,2610,1
1016,4521,1
314,5103,1
577,5103,1
676,5103,1
2473,5103,1
1159,5103,1
32,5103,1
5103,5048,1
3591,5103,1
2268,5103,1
744,5103,1
5103,3532,1
4795,5127,1
4686,4521,1
5049,5127,1
2368,5127,1
5381,5127,1
2142,5127,1
3824,4521,1
3966,290,1
5222,3966,1
21,4521,1
295,2266,1
3629,2266,1
557,2266,1
1635,2266,1
1868,2266,1
32,2266,1
5477,4521,1
1647,2266,1
261,2266,1
1235,2266,1
1321,726,1
1321,5433,1
2008,4521,1
295,3042,1
3629,3042,1
1647,3042,1
736,3154,1
2835,3154,1
3471,3154,1
4432,3154,1
940,3154,1
3074,4521,1
2610,3154,1
706,3154,1
798,3154,1
579,3154,1
4243,3154,1
712,4521,1
5086,3154,1
572,3154,1
2381,3154,1
3768,3154,1
1599,3154,1
3952,3154,1
2304,4046,1
5420,4046,1
3798,4521,1
1016,4046,1
21,4046,1
3856,4046,1
792,4521,1
4046,3943,1
4046,3798,1
1983,4046,1
4046,651,1
4257,4046,1
1058,4046,1
4168,4521,1
632,4046,1
2501,4046,1
4046,2852,1
4246,4046,1
58,4046,1
4576,4521,1
5492,4046,1
4046,676,1
2977,4046,1
4046,2105,1
5026,4521,1
4046,1623,1
3868,4046,1
1936,4046,1
3914,4046,1
3996,4046,1
3046,4046,1
4257,4521,1
1058,4521,1
712,3361,1
4408,3361,1
613,3361,1
315,3361,1
933,3361,1
3866,3361,1
4371,4521,1
4276,3173,1
3995,3173,1
2080,3173,1
4347,3173,1
834,3173,1
1587,3173,1
3359,3173,1
3465,3173,1
3995,4276,1
932,4276,1
1058,4276,1
5009,4521,1
4276,3849,1
2570,4276,1
2950,4276,1
2537,4521,1
932,3995,1
1587,3995,1
1058,3995,1
2570,3995,1
2950,3995,1
405,4521,1
3204,2853,1
2852,4521,1
506,5028,1
1899,5028,1
3608,5028,1
4624,5028,1
100,5028,1
1259,5028,1
3708,5028,1
107,5028,1
4742,5028,1
1508,5028,1
4949,4521,1
532,5028,1
4246,4521,1
1649,1169,1
3035,3889,1
5088,3889,1
627,4521,1
643,478,1
676,4521,1
2934,5188,1
1040,4521,1
1649,5188,1
2621,5188,1
3371,5188,1
2672,5188,1
1725,928,1
5456,4521,1
4531,4521,1
1055,4521,1
58,1212,1
1583,1212,1
5170,4521,1
3969,3857,1
1595,5268,1
1274,4521,1
2934,5268,1
1649,5268,1
827,5268,1
3969,5268,1
2501,5268,1
5172,5268,1
3465,5268,1
529,5268,1
4205,5268,1
1228,928,1
1173,4521,1
4812,5268,1
1202,4523,1
1349,4523,1
4466,4523,1
4795,4523,1
2661,4523,1
3249,4523,1
39,4523,1
5462,4523,1
1060,4523,1
3426,4523,1
644,4521,1
5286,4523,1
5158,4523,1
2725,4523,1
2835,4523,1
2934,4523,1
4486,4523,1
1573,4523,1
4432,4523,1
3342,4523,1
1082,4523,1
4700,4523,1
1358,4523,1
2610,4523,1
586,4523,1
111,4523,1
3211,4521,1
3444,4523,1
1118,4523,1
3692,4523,1
5065,4523,1
3917,4523,1
3647,4523,1
3818,4523,1
4122,4523,1
4398,4523,1
466,4523,1
3524,4523,1
564,4523,1
3669,4523,1
4778,4523,1
684,4523,1
1123,4523,1
175,4523,1
565,4523,1
1368,4523,1
1646,4523,1
603,4523,1
3162,4523,1
2463,4523,1
2877,4523,1
1077,4523,1
2141,4523,1
4184,4523,1
923,4523,1
1184,4523,1
756,4523,1
107,4523,1
2343,4523,1
3972,4521,1
2475,4523,1
2672,4523,1
5381,4523,1
2872,4523,1
1380,4523,1
3591,4523,1
153,4523,1
3875,4523,1
3774,4521,1
448,4523,1
1089,4523,1
2904,4523,1
3386,4523,1
1444,4523,1
3868,4521,1
2650,4523,1
1843,4523,1
3157,4523,1
2487,4523,1
1631,4523,1
3658,4523,1
1571,4521,1
864,4523,1
739,4523,1
4420,4523,1
1752,4523,1
1284,4523,1
122,4523,1
4821,4523,1
3953,4523,1
4523,680,1
4429,4521,1
3221,4194,1
3243,4521,1
827,3805,1
4328,3805,1
3969,3805,1
4337,4521,1
3103,3805,1
2876,3805,1
3571,3805,1
5135,4521,1
3399,3805,1
2650,3805,1
4512,3805,1
4928,3805,1
4757,4521,1
1925,4521,1
96,4521,1
1640,4521,1
224,4521,1
5053,1407,1
2934,1728,1
3342,2227,1
356,4521,1
3730,1213,1
712,1213,1
2437,1213,1
285,992,1
266,992,1
992,4005,1
266,4521,1
712,2315,1
3411,4974,1
768,4974,1
700,4974,1
757,3411,1
2872,3411,1
413,3411,1
1361,3804,1
2949,3804,1
2949,1361,1
792,4992,1
1089,4992,1
4446,4666,1
3949,4521,1
1556,2041,1
940,2041,1
3351,688,1
256,688,1
3351,5300,1
4392,1518,1
1142,1518,1
650,1518,1
149,2783,1
126,3730,1
4521,2738,1
58,3328,1
359,3328,1
852,2059,1
2426,4666,1
121,4532,1
2934,4532,1
4487,4532,1
4169,4532,1
58,866,1
1159,866,1
3650,1301,1
1021,2080,1
1468,5041,1
2918,5032,1
2180,4138,1
1385,4138,1
2402,4138,1
1123,4138,1
2926,4138,1
1185,4138,1
1677,4138,1
2133,4138,1
3240,2448,1
2952,2448,1
1649,5214,1
1127,2729,1
1984,2729,1
2729,1724,1
3549,2729,1
5334,2729,1
697,2729,1
3109,687,1
2474,1278,1
4437,2676,1
5129,2952,1
4229,3221,1
206,3221,1
1125,3221,1
1617,3221,1
2896,3221,1
2661,4256,1
206,4256,1
3591,4256,1
1669,2194,1
132,3017,1
3453,2194,1
256,1669,1
4755,5202,1
4131,3240,1
2934,3240,1
149,79,1
3058,79,1
4246,79,1
2601,1600,1
4595,1600,1
4698,1600,1
3011,5222,1
3351,3843,1
2960,2384,1
5449,2384,1
2740,1654,1
1132,2623,1
4755,1376,1
461,4044,1
570,253,1
1793,3697,1
2741,3510,1
3437,1746,1
1666,1746,1
5079,1746,1
5159,5459,1
3631,5459,1
1026,5128,1
2487,5128,1
731,5128,1
5104,3437,1
1662,1449,1
2920,4608,1
3969,4608,1
3516,4608,1
2868,4608,1
333,1864,1
1507,1864,1
489,1864,1
174,1864,1
132,3993,1
750,1175,1
3669,1175,1
4795,2409,1
2718,3993,1
1956,5420,1
1318,5420,1
3493,5420,1
4950,2592,1
3352,2592,1
3145,2592,1
3591,2592,1
4981,2284,1
1264,3870,1
4092,3870,1
1890,4666,1
1406,3870,1
4404,1852,1
2985,1866,1
4913,1866,1
1018,1866,1
1299,1866,1
2501,1866,1
4139,1866,1
1374,1866,1
2265,1866,1
1253,1866,1
2553,1866,1
1272,1866,1
732,1866,1
3144,2296,1
889,2296,1
4713,2291,1
4533,1756,1
2934,4326,1
4927,4326,1
1598,4326,1
5227,4326,1
2928,4326,1
4337,4326,1
3051,4326,1
2438,4326,1
4832,4326,1
3798,1544,1
1206,4200,1
4375,4200,1
3115,3763,1
3197,709,1
3994,2138,1
2044,2138,1
4975,4310,1
2422,2180,1
2683,4666,1
1721,5159,1
3698,5159,1
5075,5159,1
2368,698,1
1657,3210,1
5340,3988,1
1793,2617,1
74,2617,1
80,2617,1
5331,2617,1
3344,2617,1
2160,4975,1
4302,2617,1
286,2617,1
5340,4975,1
1486,2061,1
39,2919,1
2211,2919,1
4828,2919,1
4629,1128,1
3086,377,1
3941,106,1
2463,106,1
2753,106,1
4060,106,1
4828,106,1
1793,5148,1
875,5148,1
164,5148,1
2673,5148,1
2031,666,1
1026,666,1
1394,666,1
166,666,1
134,666,1
4420,666,1
2068,2451,1
110,5453,1
5470,44,1
1661,2985,1
2514,2985,1
5016,476,1
3144,3169,1
3967,1595,1
2876,1595,1
2649,1595,1
1701,1595,1
3362,476,1
1712,1595,1
4705,1595,1
4812,1595,1
4606,5201,1
1144,25,1
3417,25,1
580,25,1
2638,25,1
657,25,1
134,25,1
2487,333,1
596,333,1
2453,1451,1
1823,1451,1
4833,1321,1
2505,1321,1
4307,1321,1
4162,311,1
2501,311,1
3144,476,1
2377,4368,1
2501,4368,1
1425,4368,1
199,4368,1
4309,4368,1
4282,4368,1
3946,4368,1
1043,4368,1
83,4368,1
4036,476,1
1281,4368,1
507,1206,1
2765,1206,1
2971,1206,1
1786,2996,1
352,2112,1
534,2112,1
1257,1016,1
1257,1234,1
1257,940,1
1173,1257,1
819,1257,1
324,1257,1
4952,1257,1
4374,3262,1
1185,1560,1
5072,1560,1
1881,2088,1
387,4837,1
3380,4837,1
768,4426,1
1026,3414,1
2832,3414,1
121,4666,1
616,3052,1
5027,1612,1
5368,4153,1
5085,460,1
1110,460,1
3465,249,1
1244,1331,1
1987,2355,1
725,2355,1
3451,2355,1
1274,2355,1
1173,2355,1
2268,2355,1
96,2355,1
1671,2355,1
3013,236,1
1996,236,1
4981,236,1
1133,236,1
3519,1158,1
4772,1158,1
4875,1471,1
4383,824,1
3824,1016,1
2494,1016,1
887,1016,1
314,1016,1
4595,1016,1
2850,1016,1
4285,1016,1
5048,1016,1
5100,1016,1
4865,1016,1
1349,3076,1
1726,3076,1
1120,3076,1
1144,1950,1
4129,1950,1
116,1950,1
5479,1505,1
2982,1505,1
1757,3924,1
3575,4868,1
1877,63,1
3848,63,1
5469,3650,1
2463,3650,1
1025,2952,1
3014,646,1
3090,4666,1
2628,4607,1
5259,646,1
2455,646,1
3466,646,1
1391,1230,1
234,1230,1
2961,1230,1
4942,3639,1
4578,1554,1
491,1554,1
1454,1554,1
4520,1554,1
2650,1554,1
3905,1554,1
4255,149,1
135,149,1
4027,5345,1
2672,5345,1
5410,5345,1
2937,4164,1
4404,4164,1
4044,3404,1
518,3170,1
2326,3170,1
397,939,1
397,374,1
4617,4911,1
4299,3404,1
2546,4911,1
3416,1202,1
5384,5139,1
5120,1273,1
5005,4686,1
2549,4686,1
5243,5284,1
1223,5284,1
4466,4386,1
5094,4386,1
672,4386,1
375,4386,1
2482,4386,1
584,3111,1
5376,4386,1
1080,4386,1
2777,4386,1
2797,4386,1
4795,3144,1
3335,3144,1
1026,3144,1
4077,3144,1
651,3144,1
354,3144,1
1144,3144,1
4891,3144,1
1616,3144,1
1788,3144,1
3967,3144,1
94,3144,1
2172,3144,1
315,3144,1
4586,3144,1
3938,3144,1
1657,3144,1
5182,3144,1
1091,3144,1
1259,3144,1
3869,3144,1
1033,3144,1
1931,3776,1
5257,3144,1
2463,3144,1
4813,3144,1
2848,3144,1
1001,3144,1
625,3144,1
2904,3144,1
3470,3144,1
3386,3144,1
5133,3144,1
1494,3144,1
3645,3144,1
2650,3144,1
4925,3144,1
4881,4666,1
3477,3144,1
5204,3144,1
1004,3144,1
4924,3144,1
1085,3144,1
1284,3144,1
4077,3299,1
1259,3299,1
5136,3299,1
363,2108,1
3342,597,1
3969,2524,1
4449,3387,1
2149,3387,1
3593,3387,1
4162,2524,1
2501,2524,1
2368,506,1
657,506,1
134,506,1
1308,2524,1
3990,506,1
5080,506,1
3061,2378,1
3768,2378,1
3049,2378,1
948,301,1
657,301,1
4950,301,1
2487,301,1
5317,1882,1
580,1882,1
2672,1882,1
4198,1882,1
3179,4401,1
143,4401,1
4981,3013,1
1698,4666,1
2583,1996,1
2691,1996,1
2918,1349,1
3346,1349,1
781,1349,1
4763,1349,1
1299,1349,1
4957,1349,1
321,1349,1
2317,3271,1
129,1349,1
1480,1349,1
4472,1349,1
2923,1349,1
4374,1349,1
2694,1349,1
2043,1349,1
3309,3271,1
2949,1349,1
157,1349,1
365,1349,1
4053,1349,1
5057,1349,1
3492,1349,1
1114,3271,1
2918,3915,1
2855,3915,1
4374,3915,1
901,3915,1
5235,3915,1
450,3915,1
3492,3915,1
1345,3271,1
4281,3271,1
21,2303,1
1657,2303,1
4466,3271,1
1058,3351,1
605,3351,1
875,3351,1
5301,3351,1
1809,3351,1
1939,3351,1
3402,3351,1
598,3351,1
953,3351,1
1982,3351,1
3224,3351,1
1198,4466,1
3509,4466,1
1440,4466,1
2555,4466,1
3279,4466,1
5182,4466,1
560,4466,1
1372,4466,1
904,4466,1
923,4466,1
1184,4466,1
756,4466,1
1038,4466,1
1386,4466,1
3292,4466,1
1434,4466,1
4451,4466,1
3616,4466,1
2744,4466,1
1659,3271,1
1467,4466,1
5168,4466,1
4701,4466,1
2153,4466,1
1080,4466,1
2777,4466,1
1015,4466,1
712,3824,1
3938,3824,1
58,3824,1
676,3824,1
1089,3271,1
3824,5048,1
21,2746,1
3119,21,1
303,4666,1
589,3409,1
1994,612,1
3192,5349,1
313,975,1
127,1355,1
5228,2540,1
2031,4366,1
1026,4366,1
39,4795,1
931,4795,1
4102,4795,1
4909,4795,1
4229,4795,1
5444,4795,1
433,4366,1
831,4795,1
490,4795,1
4018,4795,1
3967,4795,1
1503,4366,1
1423,4795,1
4246,4795,1
5182,4795,1
2368,4795,1
4125,4795,1
3417,4795,1
1416,4366,1
1123,4795,1
3707,4795,1
2273,4795,1
3927,4795,1
5269,4366,1
448,4795,1
2819,4795,1
737,4366,1
3353,4751,1
2487,4366,1
2326,518,1
2288,1315,1
3308,1315,1
5026,1970,1
112,4366,1
5085,1391,1
875,3430,1
997,1391,1
303,3430,1
2892,406,1
875,406,1
4404,459,1
5220,2661,1
4217,2661,1
448,2661,1
5283,3430,1
2550,4892,1
2149,4892,1
2056,4892,1
5417,3335,1
1104,3335,1
322,2150,1
205,2150,1
4778,3061,1
4909,2120,1
5021,2120,1
941,2120,1
712,3856,1
3532,3856,1
5404,3856,1
2368,5232,1
1259,4023,1
134,4023,1
2854,3219,1
2672,2559,1
405,1234,1
4976,734,1
5271,734,1
5054,734,1
1280,734,1
3568,2604,1
3759,2604,1
3481,2604,1
5011,2604,1
2152,2604,1
5132,1845,1
3728,525,1
3026,1290,1
3954,1410,1
1705,1377,1
2937,2801,1
2031,1198,1
663,525,1
5182,1198,1
1639,1198,1
77,1198,1
651,3249,1
862,3249,1
4180,525,1
4267,3685,1
651,525,1
1899,4545,1
3608,4545,1
3259,4545,1
1899,960,1
3608,960,1
3259,960,1
3732,2566,1
971,1244,1
2182,1244,1
915,1244,1
702,1244,1
418,1244,1
1898,1244,1
2118,1244,1
2158,1244,1
931,39,1
2552,39,1
2463,39,1
875,5081,1
5463,5462,1
3858,5462,1
19,1543,1
3754,5430,1
338,5430,1
1965,5430,1
4404,5430,1
4788,5430,1
1823,525,1
1400,5430,1
1374,5430,1
4655,5430,1
5430,3672,1
4226,5430,1
1253,5430,1
2809,5430,1
3693,5430,1
1316,525,1
4625,5430,1
4451,1977,1
4242,5394,1
2472,5394,1
314,2008,1
3969,3595,1
4162,3595,1
1308,3595,1
2156,3595,1
4235,910,1
3791,910,1
4890,910,1
4383,715,1
1089,416,1
5369,1060,1
4804,1060,1
3700,1060,1
3473,1060,1
3917,1060,1
3884,1060,1
1565,1060,1
3232,1060,1
713,1060,1
3393,1060,1
674,1060,1
4663,1060,1
1692,1060,1
1165,1060,1
1815,1060,1
963,2188,1
5236,892,1
371,4265,1
2552,371,1
3223,371,1
1659,4539,1
785,844,1
4813,5163,1
2672,1205,1
3732,3557,1
4046,2581,1
2368,4710,1
1077,4710,1
5429,2890,1
5233,2632,1
5495,2581,1
712,2289,1
2031,4311,1
1144,4311,1
4322,4311,1
134,4311,1
5274,2544,1
2182,2544,1
915,2544,1
702,2544,1
3141,2544,1
3471,1021,1
2852,1021,1
4881,1021,1
3451,1021,1
2373,1021,1
96,1021,1
426,1591,1
842,1591,1
3990,1591,1
842,1985,1
2746,3074,1
4635,4666,1
5263,1267,1
1650,1267,1
1628,2581,1
4255,2581,1
914,2927,1
4921,2927,1
3493,2371,1
5132,2581,1
303,2371,1
3183,2371,1
5155,1047,1
4818,1047,1
41,1047,1
2692,152,1
4007,152,1
1347,152,1
4046,3176,1
569,931,1
3917,931,1
2650,931,1
2725,4102,1
1029,4909,1
779,4909,1
991,4909,1
3931,1997,1
3814,4909,1
4926,4909,1
947,1997,1
3051,2903,1
5213,2494,1
5009,2494,1
2850,2494,1
2852,2494,1
795,1997,1
4246,2494,1
1243,2494,1
2453,2494,1
577,2494,1
3532,2494,1
2948,2494,1
1173,2494,1
4269,2494,1
5221,2494,1
1280,2494,1
1623,2494,1
3972,2494,1
1106,2494,1
3243,2494,1
4822,1997,1
224,2494,1
3216,2494,1
4923,852,1
298,2918,1
5222,1997,1
5235,2918,1
1344,410,1
1440,3509,1
4003,3509,1
5137,4666,1
543,1997,1
4003,1440,1
2934,1323,1
1983,3123,1
3493,3123,1
1422,4395,1
2671,665,1
1657,70,1
5417,5092,1
1793,3705,1
1527,3705,1
875,3705,1
3866,3705,1
1348,3705,1
2961,234,1
5444,4229,1
3798,4229,1
730,4229,1
5086,4229,1
254,4229,1
1284,4229,1
4229,3184,1
3184,5444,1
658,1689,1
3798,712,1
4477,712,1
4576,712,1
345,712,1
514,5056,1
5170,712,1
4429,712,1
2373,712,1
822,712,1
1925,712,1
4809,712,1
384,5056,1
3304,5236,1
4363,5063,1
4304,4025,1
652,4025,1
940,2937,1
712,5056,1
652,2937,1
3499,2937,1
786,5056,1
4495,4922,1
5311,2734,1
5000,4913,1
1466,4913,1
3547,4913,1
5240,4913,1
3367,4913,1
867,4824,1
5399,3553,1
2091,2442,1
1130,4314,1
842,34,1
4851,3348,1
2372,3348,1
2368,3348,1
1503,3348,1
1416,3348,1
5380,3348,1
737,3348,1
634,3031,1
2372,4325,1
1503,4325,1
2372,4851,1
1503,4851,1
737,4851,1
3969,2499,1
4139,2499,1
5248,2499,1
2848,2499,1
4427,777,1
2228,5094,1
4318,849,1
5324,849,1
4595,4998,1
2672,4998,1
2963,4022,1
313,4022,1
889,4022,1
3536,814,1
3820,814,1
5381,3567,1
1346,3677,1
738,1141,1
2963,3943,1
2249,3943,1
4246,3943,1
4398,3943,1
313,3943,1
4404,3754,1
2450,2609,1
4013,1891,1
4070,2879,1
5086,71,1
4495,1296,1
1173,1141,1
1573,841,1
4408,3798,1
3938,3798,1
3798,58,1
3798,676,1
3493,3798,1
1936,3798,1
1823,3798,1
4111,3798,1
3216,3798,1
1958,3346,1
1657,3346,1
4476,3346,1
2224,3346,1
4645,3346,1
159,3346,1
204,3346,1
3481,3568,1
5011,3568,1
2152,3568,1
3481,3759,1
5011,3759,1
5126,507,1
3455,5181,1
379,792,1
2149,792,1
4932,792,1
1129,792,1
431,4068,1
1385,1575,1
3536,1385,1
3050,2402,1
3536,2402,1
2934,3767,1
2672,3767,1
1812,4182,1
3424,4182,1
1716,4182,1
2940,1334,1
4182,232,1
3424,232,1
3662,4513,1
3302,4513,1
2218,4513,1
3591,4513,1
1138,232,1
1454,4578,1
5325,1101,1
186,1101,1
2038,1101,1
1716,232,1
2368,4110,1
4404,1430,1
4,1430,1
3589,5442,1
5348,5442,1
3093,232,1
100,2031,1
533,2031,1
5380,2031,1
3596,2031,1
134,2031,1
4062,2031,1
737,2031,1
5066,2031,1
4307,2031,1
282,1026,1
948,1026,1
4703,1026,1
1416,1026,1
134,1026,1
737,1026,1
1247,1026,1
4307,1026,1
4420,1026,1
4182,2710,1
4670,1026,1
385,1026,1
379,2348,1
3424,2710,1
1165,5303,1
4180,1704,1
10,2579,1
2247,780,1
309,780,1
780,3751,1
780,3668,1
309,5286,1
3554,5286,1
1893,781,1
1716,2710,1
380,3576,1
3149,3576,1
4245,2849,1
1229,2849,1
2186,2849,1
4518,5158,1
1077,5158,1
3927,5158,1
3591,5158,1
1125,206,1
1617,206,1
1529,4294,1
1089,1903,1
2058,1903,1
2832,3227,1
4168,480,1
4854,4905,1
4899,3726,1
710,4576,1
1035,4576,1
2361,1252,1
4757,1252,1
2934,3298,1
3917,2760,1
4611,2760,1
4100,2760,1
1320,2760,1
1445,2760,1
1720,2760,1
4979,1287,1
3350,5325,1
3063,5325,1
4873,5325,1
1058,5091,1
3969,5431,1
4162,5431,1
1308,5431,1
3867,5431,1
3849,4077,1
2324,4077,1
1259,4077,1
4441,4077,1
3143,4077,1
1663,4077,1
1089,4077,1
2704,4077,1
3415,4077,1
2650,4077,1
1100,4077,1
4499,4077,1
933,4180,1
3341,4180,1
1871,4180,1
4182,4427,1
3322,4180,1
3044,1690,1
3536,2925,1
3424,4427,1
136,2467,1
2086,2467,1
3985,2467,1
938,2467,1
3489,2467,1
1953,894,1
5210,894,1
74,4079,1
1138,4427,1
169,4079,1
1716,4427,1
828,1793,1
164,1793,1
357,1793,1
4411,1793,1
1066,1793,1
4085,1802,1
4981,5026,1
3093,4427,1
3474,831,1
768,831,1
3917,831,1
3634,831,1
1618,831,1
4525,831,1
777,830,1
3971,831,1
2816,1122,1
2267,1122,1
1567,1122,1
3881,1122,1
5206,1122,1
4491,1122,1
3380,2954,1
2796,2954,1
1084,3982,1
1417,3982,1
3308,3982,1
3136,345,1
3708,345,1
1417,345,1
10,345,1
321,3841,1
1598,121,1
2692,1179,1
4007,2692,1
205,322,1
2437,2832,1
5213,651,1
3969,651,1
4478,651,1
1058,2725,1
5220,2725,1
673,2725,1
2980,2725,1
2474,2725,1
108,2725,1
5470,389,1
5483,389,1
298,2855,1
4957,2855,1
4682,1987,1
1217,1987,1
3420,1987,1
3473,5369,1
1859,5369,1
3884,5369,1
1565,5369,1
674,5369,1
2371,2743,1
1565,4804,1
3473,3700,1
4874,3700,1
3884,3700,1
1565,3700,1
3679,1167,1
3969,2961,1
1347,4093,1
4255,2321,1
1318,550,1
2666,2713,1
3253,3882,1
5016,1167,1
126,5344,1
3424,1812,1
1716,1812,1
4176,4713,1
2650,2781,1
3534,544,1
4417,1167,1
1965,2835,1
1986,2835,1
5248,2835,1
2835,1809,1
130,1167,1
3179,2835,1
4625,2835,1
1389,2835,1
2216,5164,1
485,695,1
399,695,1
4392,695,1
1429,695,1
3561,695,1
2149,695,1
3917,695,1
3634,695,1
3029,695,1
4995,695,1
1881,695,1
1711,695,1
3081,695,1
1256,695,1
4123,695,1
3561,399,1
3917,399,1
2650,399,1
555,2805,1
1477,2805,1
3958,2805,1
3190,2805,1
2846,2805,1
4326,1167,1
3577,2805,1
3684,2805,1
4150,2805,1
3110,2805,1
907,2805,1
775,3464,1
1171,1572,1
5243,3959,1
2982,4508,1
865,1167,1
313,2963,1
58,4257,1
676,4257,1
2868,4257,1
3529,295,1
3849,1058,1
1582,1058,1
1259,1058,1
3257,2233,1
2970,4981,1
3849,1144,1
4486,1144,1
750,1144,1
2454,1144,1
1431,1144,1
3835,1144,1
1857,1144,1
798,1144,1
2060,1144,1
344,1144,1
3417,1144,1
4957,1167,1
1372,1144,1
3669,1144,1
3999,1144,1
948,1144,1
1646,1144,1
2887,1144,1
1180,1144,1
1904,1144,1
4703,1144,1
657,1144,1
1456,1144,1
1416,1144,1
1826,1144,1
5493,1144,1
4308,1144,1
1496,1144,1
2487,1144,1
5414,1167,1
2162,1144,1
216,1144,1
1435,1144,1
4307,1144,1
2870,1144,1
5436,1144,1
5227,1167,1
2877,1511,1
1099,2007,1
2797,2007,1
4468,2007,1
580,1099,1
2638,1099,1
2797,1099,1
4468,1099,1
2852,3471,1
2632,2233,1
3451,3471,1
2373,3471,1
449,3471,1
2140,338,1
4139,338,1
5280,338,1
4027,4404,1
1922,1167,1
1664,1167,1
1480,1296,1
396,1296,1
217,782,1
803,782,1
5089,782,1
3334,91,1
1245,2934,1
1886,2934,1
4607,2934,1
1956,2934,1
3366,2934,1
2324,2934,1
4957,2934,1
4548,2233,1
1763,2934,1
1503,2934,1
32,2934,1
5227,2934,1
1000,2934,1
1160,2934,1
1926,1649,1
653,1649,1
1956,1649,1
2372,1649,1
4957,1649,1
3350,1649,1
5414,1649,1
32,1649,1
5227,1649,1
2542,1649,1
3166,1649,1
737,1649,1
3633,1649,1
2374,1649,1
737,914,1
4474,2621,1
2593,1967,1
2570,1967,1
2429,516,1
5398,2450,1
5233,2233,1
1245,1886,1
306,1245,1
2453,1245,1
2735,865,1
4139,1965,1
1965,3818,1
2401,1965,1
3179,1965,1
2470,2247,1
4533,2247,1
2702,3626,1
214,3849,1
2368,3849,1
100,3849,1
1259,3849,1
3591,3626,1
431,3849,1
4341,3849,1
4051,3849,1
2941,3626,1
4745,1582,1
3028,2684,1
623,3626,1
217,128,1
3480,128,1
4768,128,1
3293,3626,1
494,128,1
879,128,1
2800,128,1
3947,3626,1
3493,806,1
2807,3626,1
4414,3626,1
1465,3626,1
1129,4016,1
689,4016,1
869,3626,1
3117,490,1
5380,490,1
3022,3626,1
2474,2770,1
1788,4891,1
1927,352,1
2114,352,1
2469,352,1
534,352,1
2526,352,1
1525,3626,1
2139,352,1
379,419,1
2358,419,1
4441,419,1
3101,3626,1
585,419,1
4165,419,1
5019,419,1
400,419,1
1508,419,1
5014,419,1
1381,419,1
1345,3626,1
1185,419,1
2843,419,1
1497,419,1
5020,419,1
1846,419,1
1516,419,1
2981,419,1
2511,419,1
2933,3626,1
2883,419,1
5144,419,1
1049,419,1
1009,419,1
555,379,1
2358,379,1
1541,379,1
3992,3626,1
306,1886,1
3687,3626,1
363,1886,1
1702,711,1
903,3626,1
1869,711,1
2143,711,1
3130,753,1
765,3626,1
1776,1042,1
3979,1042,1
3487,1042,1
828,1042,1
4597,1042,1
2449,1042,1
1135,685,1
2420,4456,1
3279,2555,1
1007,2555,1
2131,3626,1
5243,4391,1
1223,4391,1
94,1029,1
2463,1029,1
380,1029,1
4813,1029,1
4322,1029,1
3978,1029,1
4925,1029,1
4063,2233,1
3154,3626,1
5168,1029,1
3834,1029,1
5243,1616,1
1212,3626,1
3783,1616,1
533,1616,1
2758,1616,1
5333,4379,1
5109,4379,1
4459,1856,1
4523,3626,1
569,3624,1
1776,1527,1
314,1527,1
5086,1527,1
433,4018,1
5049,4018,1
5182,4018,1
2368,4018,1
953,2359,1
2676,3626,1
413,757,1
731,757,1
4256,3626,1
3481,5146,1
1503,1788,1
134,1788,1
2501,4927,1
2592,3626,1
4930,3994,1
1062,3994,1
3144,3626,1
5466,3994,1
984,3994,1
5071,3994,1
766,262,1
2436,262,1
4795,3626,1
1118,4607,1
3465,4607,1
2661,3626,1
875,3192,1
4148,3192,1
4472,3192,1
1066,3192,1
4229,3626,1
3425,443,1
948,4486,1
2493,4627,1
34,3626,1
5493,750,1
1061,3214,1
3356,1573,1
1055,2978,1
1122,3626,1
4487,4931,1
1144,3626,1
1820,830,1
812,830,1
2368,830,1
885,830,1
1659,3626,1
4051,830,1
4499,830,1
3216,830,1
3662,3626,1
4398,2444,1
4376,2444,1
2302,2444,1
1061,4583,1
1857,3626,1
1475,2836,1
2650,2836,1
5302,5009,1
4298,4943,1
2368,3626,1
4778,4432,1
3783,4432,1
5255,4432,1
800,3629,1
344,3626,1
448,2328,1
1817,3342,1
4921,3342,1
3548,3342,1
3417,3626,1
2385,1959,1
3540,1959,1
4537,1959,1
4792,3626,1
1276,3626,1
453,3626,1
1443,4957,1
4778,3626,1
1443,107,1
4857,1443,1
5086,3626,1
1817,3626,1
5389,1592,1
3043,2466,1
5075,2466,1
1666,89,1
5079,89,1
293,89,1
1462,89,1
1902,4305,1
3967,1776,1
5182,1776,1
3738,1776,1
3869,1776,1
2463,1776,1
3927,1776,1
4649,3626,1
1776,1004,1
3719,3626,1
2672,1633,1
5493,3006,1
657,3626,1
134,940,1
2439,3626,1
4404,1926,1
1926,4957,1
1926,2428,1
4404,1858,1
1269,1187,1
4893,3626,1
4424,3300,1
3090,887,1
2948,5321,1
945,5321,1
5000,827,1
1466,827,1
1726,827,1
1617,3626,1
4864,827,1
1118,827,1
2057,827,1
2876,827,1
2649,827,1
2121,827,1
519,827,1
5240,827,1
988,827,1
1407,827,1
3782,827,1
2590,827,1
4866,827,1
5335,827,1
5440,827,1
2474,3626,1
1018,5000,1
3969,5000,1
2649,5000,1
2265,5000,1
5125,3626,1
1253,5000,1
1348,267,1
453,1927,1
2982,1927,1
4053,1927,1
3626,3937,1
1927,726,1
4556,3626,1
3791,3787,1
4890,3787,1
1018,1466,1
3969,1466,1
1299,1466,1
2265,1466,1
1253,1466,1
4575,3626,1
2368,2361,1
1348,4773,1
4778,60,1
2487,60,1
5306,2757,1
3239,4991,1
3535,548,1
5317,3109,1
580,3109,1
2638,3109,1
66,3109,1
2878,1520,1
1546,278,1
702,5274,1
3141,2182,1
3547,1018,1
4826,1187,1
4,4328,1
5240,4328,1
4,1726,1
821,1726,1
1726,2876,1
1726,5240,1
2395,1726,1
281,1726,1
1407,1726,1
1327,1726,1
1197,1726,1
2902,1726,1
392,1726,1
4695,4446,1
1619,3147,1
2852,3226,1
1217,3226,1
96,3226,1
100,1620,1
2463,1620,1
4307,1620,1
3302,3662,1
2475,3662,1
5180,2691,1
639,653,1
2857,1187,1
5046,4446,1
107,4160,1
4787,4160,1
4053,4160,1
4655,4404,1
5473,4404,1
239,4404,1
3958,3605,1
1541,3605,1
3684,3605,1
4670,1394,1
1426,429,1
3265,4594,1
5116,632,1
1170,632,1
142,4088,1
4914,1187,1
4374,3702,1
1438,3702,1
2354,4196,1
2663,4196,1
4935,4906,1
4449,4438,1
3593,4438,1
4451,4206,1
4497,5078,1
2672,5078,1
2426,1761,1
4595,4319,1
1223,3969,1
4864,3969,1
3366,3969,1
1118,3969,1
2523,1761,1
2057,3969,1
1673,3969,1
5172,3969,1
2876,3969,1
2649,3969,1
2121,3969,1
4177,3969,1
5240,3969,1
3327,3969,1
988,3969,1
1250,3969,1
1407,3969,1
5221,3969,1
2666,3969,1
3782,3969,1
2590,3969,1
4866,3969,1
5335,3969,1
2902,3969,1
4208,1761,1
4928,3969,1
576,3969,1
5440,3969,1
1634,3969,1
902,3969,1
1525,1187,1
4124,1761,1
4864,4162,1
1118,4162,1
2121,4162,1
1701,4162,1
988,4162,1
3782,4162,1
614,4162,1
5456,5085,1
217,5085,1
3228,5085,1
1477,555,1
3190,555,1
3577,555,1
3117,3669,1
3117,5381,1
3117,898,1
1542,3117,1
1284,3117,1
3117,931,1
3117,3932,1
4873,186,1
2038,186,1
4595,1691,1
4957,1740,1
4472,1740,1
2412,1740,1
1740,4053,1
2368,3967,1
4398,3967,1
5172,3967,1
314,2537,1
2426,3504,1
5302,2537,1
448,94,1
2744,94,1
2523,3504,1
2368,2610,1
3669,2610,1
1348,2610,1
310,3090,1
2913,3090,1
5415,3090,1
2329,3090,1
4915,3369,1
4656,3369,1
58,314,1
577,314,1
676,314,1
1040,314,1
5170,314,1
1274,314,1
3211,314,1
4429,314,1
3216,314,1
1870,1429,1
3476,1187,1
5366,1203,1
5348,4415,1
946,779,1
1005,1096,1
1546,1025,1
2877,1969,1
1077,1969,1
3989,1969,1
1720,1969,1
4584,3698,1
2995,3698,1
561,411,1
1580,4734,1
1993,4734,1
945,4734,1
2521,4734,1
3156,4734,1
1289,4997,1
3301,3508,1
1570,3508,1
1339,3508,1
3990,3508,1
2022,3508,1
5207,3508,1
2645,3508,1
4870,226,1
2453,4595,1
1142,4595,1
3583,4595,1
1623,4595,1
2718,226,1
5404,4595,1
1478,4595,1
2928,4595,1
4818,4595,1
271,226,1
5474,4595,1
2046,4595,1
356,4595,1
1000,4595,1
307,4595,1
3851,4595,1
765,1187,1
514,3831,1
4595,4832,1
307,4698,1
2758,3356,1
4957,3831,1
4,2172,1
4195,1431,1
37,5220,1
661,5220,1
5220,4649,1
5447,3831,1
5220,984,1
4989,5220,1
3239,3902,1
195,3902,1
4398,673,1
4874,673,1
2474,673,1
1052,5362,1
2513,673,1
405,2746,1
2629,2422,1
2277,1910,1
4129,517,1
2131,1187,1
4874,1131,1
3301,842,1
4,2377,1
919,2377,1
1425,2377,1
662,2377,1
3946,2377,1
2633,5196,1
545,2901,1
3649,2901,1
2817,836,1
4970,2219,1
3059,5243,1
5301,5243,1
3708,5243,1
1497,5243,1
4759,5243,1
1189,5243,1
1473,1658,1
4778,3444,1
2848,3444,1
1663,3444,1
5127,1187,1
1658,5304,1
732,3444,1
4696,3444,1
3444,2198,1
4812,3444,1
4537,1318,1
3564,1658,1
2650,4498,1
3643,2345,1
501,1149,1
2671,3977,1
1384,1658,1
2904,559,1
1542,559,1
2650,559,1
2568,559,1
1299,4763,1
4240,1658,1
901,4763,1
3547,1299,1
3367,1299,1
3401,1299,1
1299,2745,1
1226,1811,1
2545,1811,1
2938,1811,1
320,1811,1
5176,1811,1
2290,1811,1
3274,1811,1
1811,42,1
2516,309,1
4069,309,1
3903,1662,1
1462,3732,1
5270,3904,1
3709,3481,1
4496,3481,1
645,3481,1
4792,3481,1
1817,3481,1
217,3481,1
2825,3481,1
362,3481,1
1304,3481,1
833,3481,1
4107,3481,1
1295,3481,1
1564,3481,1
100,2910,1
431,3279,1
4122,1545,1
2130,1545,1
3385,4875,1
271,3483,1
134,3835,1
1304,5366,1
4682,3483,1
2498,5011,1
5315,1400,1
1497,3483,1
5280,1400,1
2443,5156,1
171,3938,1
5302,405,1
3366,2501,1
1118,2501,1
4139,2501,1
1374,2501,1
1425,2501,1
2121,2501,1
1407,2501,1
2666,2501,1
3782,2501,1
4309,2501,1
529,2501,1
3946,2501,1
1712,2501,1
4271,2501,1
1634,2501,1
2709,2501,1
4105,5099,1
681,2501,1
3018,2501,1
1043,2501,1
1118,1308,1
2057,1308,1
2121,1308,1
2666,1308,1
3782,1308,1
3972,2850,1
2650,3561,1
58,3864,1
999,3864,1
4156,3864,1
4523,1187,1
3699,3864,1
2299,3864,1
1052,168,1
3955,168,1
4235,2852,1
3451,2852,1
4953,2852,1
3233,158,1
826,158,1
821,471,1
2672,219,1
2650,4369,1
4776,4369,1
4437,5070,1
2036,5070,1
1309,5070,1
4255,5070,1
5132,5070,1
4363,5070,1
1139,5070,1
760,2140,1
4322,2140,1
5429,1874,1
3972,4235,1
10,4235,1
4139,3366,1
1986,3366,1
3669,3366,1
1250,3366,1
4553,3366,1
3460,3366,1
3179,3366,1
1599,4886,1
1655,5192,1
821,4,1
2876,4,1
519,4,1
5256,4,1
281,4,1
783,4,1
1197,4,1
1300,3205,1
4915,3205,1
4656,3205,1
4795,1187,1
3708,810,1
1118,3058,1
3782,3058,1
2739,2731,1
3494,2731,1
4398,4246,1
453,4246,1
5302,4246,1
4198,4246,1
3563,4246,1
1857,1814,1
134,1814,1
1883,3514,1
107,4393,1
1360,58,1
1936,58,1
1823,58,1
1316,58,1
3699,58,1
4659,706,1
2690,706,1
2513,706,1
1062,4930,1
2170,289,1
4935,336,1
2038,933,1
2372,4846,1
2372,4496,1
2960,4617,1
5449,4617,1
5449,2960,1
5449,2546,1
3470,3983,1
402,1264,1
4204,1264,1
3467,1264,1
1714,1264,1
3815,1264,1
4890,1264,1
5228,4202,1
3493,1243,1
1598,1243,1
1123,2354,1
3450,2354,1
1703,2354,1
4995,2149,1
2923,2149,1
671,2149,1
3438,2149,1
394,2149,1
2031,1187,1
2722,2149,1
3493,999,1
3699,999,1
1115,3604,1
1883,3604,1
4375,3604,1
5312,270,1
217,2453,1
3493,2453,1
1848,2453,1
2453,2102,1
2682,2453,1
3884,3473,1
1565,3473,1
3266,4736,1
5067,4736,1
156,4923,1
768,4274,1
1844,4274,1
4629,4274,1
982,594,1
2672,594,1
4139,5172,1
5451,4139,1
217,4139,1
1407,4139,1
1026,1187,1
4508,2963,1
1043,4139,1
4271,1374,1
1786,1857,1
214,1857,1
1372,1857,1
4590,1857,1
657,1857,1
1416,1857,1
1570,1786,1
5469,1786,1
4045,1786,1
5238,1786,1
4259,1786,1
5046,605,1
2498,605,1
2222,605,1
4282,1696,1
1541,1477,1
5132,5134,1
2252,1657,1
5238,1657,1
4307,1657,1
1329,1657,1
5493,1769,1
1347,5364,1
4445,5364,1
1906,5364,1
1144,1187,1
2028,768,1
453,768,1
1881,768,1
671,768,1
768,3696,1
1646,3692,1
2878,3692,1
2218,3302,1
3591,3302,1
5384,4474,1
2945,4474,1
2672,3069,1
1259,2324,1
684,78,1
490,1187,1
2368,5182,1
4398,5182,1
4534,5182,1
383,5182,1
4095,5182,1
380,5182,1
533,5182,1
448,5182,1
3548,5182,1
515,5182,1
730,3958,1
3577,3958,1
3684,3958,1
4150,3958,1
1771,3958,1
2590,5455,1
2368,4125,1
1475,2368,1
1123,2368,1
4742,2368,1
448,2368,1
3394,2368,1
393,2368,1
3538,2368,1
5310,2368,1
3235,2034,1
4598,5065,1
1540,2230,1
3399,2230,1
3643,2230,1
1486,2476,1
3046,1972,1
990,1194,1
4947,1194,1
2334,2806,1
3117,1187,1
1055,950,1
3378,950,1
875,2813,1
1730,2813,1
2672,2614,1
2672,2844,1
2976,4459,1
3208,2593,1
1741,5492,1
1881,3917,1
1605,3917,1
671,3917,1
3438,3917,1
4815,3917,1
522,3917,1
1490,3917,1
1896,4437,1
5040,4437,1
2054,2656,1
2625,2656,1
2054,1896,1
2625,1896,1
2625,2054,1
3867,2057,1
3634,1824,1
2060,798,1
2650,798,1
4308,798,1
3348,4912,1
1284,798,1
2244,3880,1
2001,3880,1
1038,560,1
2443,560,1
2097,3580,1
2638,3104,1
2758,2036,1
1040,1635,1
4129,4188,1
5467,1091,1
496,1084,1
3979,1084,1
3487,1084,1
1655,1084,1
4163,1084,1
3030,3897,1
2672,3897,1
4035,3897,1
2564,4487,1
3985,136,1
4384,136,1
3233,875,1
217,875,1
2812,875,1
1999,875,1
4411,875,1
1492,875,1
1066,875,1
1725,875,1
1335,4746,1
4842,3808,1
700,3808,1
3693,3818,1
3179,3818,1
3818,324,1
1522,3179,1
134,3803,1
580,2060,1
2650,2060,1
4308,2060,1
4122,4649,1
3493,577,1
3417,344,1
948,344,1
1180,344,1
657,344,1
4463,344,1
2487,344,1
948,3417,1
1646,3417,1
2887,3417,1
1180,3417,1
657,3417,1
4463,3417,1
134,3417,1
2487,3417,1
1718,3417,1
2436,4424,1
3791,1923,1
4890,1923,1
2570,885,1
4051,2570,1
4816,2570,1
2904,2570,1
936,2570,1
1348,2570,1
1800,36,1
1199,1586,1
1055,676,1
2868,676,1
3216,676,1
3810,3301,1
3990,3301,1
4031,4685,1
785,2244,1
2174,1806,1
453,4398,1
3232,4398,1
4340,4398,1
4925,4398,1
4759,4398,1
1837,4398,1
2159,1125,1
1617,1125,1
2653,5453,1
1598,4496,1
5132,4496,1
1482,4598,1
4460,645,1
1482,645,1
1482,4792,1
5413,5312,1
84,5312,1
380,4534,1
1621,4430,1
3633,4430,1
3669,1187,1
4828,2778,1
2672,2522,1
2672,4261,1
73,4566,1
73,3256,1
3236,2028,1
1809,1986,1
953,1986,1
2401,1986,1
3179,1986,1
4039,1986,1
3768,4243,1
2072,4243,1
4129,4243,1
657,1372,1
2677,1372,1
5412,1372,1
2487,1372,1
4778,4585,1
4282,4174,1
720,919,1
662,919,1
4282,919,1
3018,919,1
4130,1730,1
1487,1730,1
2904,3241,1
3538,3241,1
2650,3241,1
3241,490,1
3526,3408,1
881,3408,1
3583,3532,1
4064,3532,1
2329,3532,1
1259,100,1
100,533,1
3465,4098,1
2672,4098,1
4714,1549,1
1444,3524,1
3937,3524,1
1639,3238,1
4757,4611,1
564,1259,1
431,1259,1
4341,1259,1
4051,1259,1
3216,1259,1
4499,415,1
1515,3043,1
1207,453,1
1639,2358,1
4441,2358,1
1508,2358,1
1185,2358,1
5072,2358,1
4781,2358,1
5020,2358,1
2981,2358,1
804,4557,1
3535,2358,1
2672,2256,1
1061,2256,1
1823,4482,1
1061,4482,1
1904,167,1
2429,167,1
3213,167,1
4406,1822,1
3454,1822,1
3757,1822,1
5443,1822,1
2672,5456,1
997,5456,1
3833,5456,1
3465,4957,1
5235,4957,1
4053,4957,1
1348,840,1
774,1639,1
3925,1639,1
293,1639,1
5464,1639,1
391,774,1
4092,402,1
2753,3941,1
2611,3941,1
2474,3941,1
5346,3941,1
533,1187,1
4828,3941,1
5381,3669,1
2650,3669,1
171,3669,1
5171,3669,1
5215,3956,1
799,3956,1
4726,3956,1
2267,3956,1
4143,3956,1
4671,3263,1
5075,215,1
4092,626,1
4919,626,1
4092,2385,1
4204,2385,1
5487,4128,1
5097,4092,1
2574,4092,1
580,4778,1
3768,4778,1
1617,4778,1
4000,4778,1
3049,4778,1
4492,4128,1
2278,4128,1
3722,1187,1
5281,4567,1
1848,3233,1
1066,3233,1
2487,3999,1
3525,4100,1
662,1425,1
2374,2670,1
4787,1220,1
2081,1123,1
1496,1123,1
787,3547,1
1470,3547,1
2265,3547,1
3025,3547,1
3867,2655,1
96,725,1
4805,4854,1
2848,4854,1
3237,2571,1
4423,4195,1
5306,4195,1
3455,4195,1
3758,4195,1
657,948,1
2487,948,1
4671,80,1
4115,80,1
533,3869,1
5070,4128,1
1102,3869,1
4069,3751,1
2810,5301,1
867,2876,1
519,2876,1
5240,2876,1
576,2876,1
3942,2876,1
4241,2649,1
3401,2649,1
5352,4881,1
4738,4881,1
4387,4881,1
2403,4881,1
2202,4881,1
3487,3979,1
1617,2159,1
212,1887,1
4781,4441,1
587,4441,1
1350,3014,1
5408,519,1
445,5055,1
3945,5,1
3895,4531,1
2064,4177,1
3354,4177,1
4066,4177,1
735,4177,1
451,1052,1
5342,3032,1
2768,563,1
657,1646,1
2288,241,1
2288,3800,1
3175,3800,1
319,2288,1
1417,2288,1
3998,2288,1
3308,2288,1
527,3740,1
2998,1215,1
3884,1859,1
5203,1859,1
1060,1859,1
3884,989,1
1060,989,1
2644,989,1
1180,2887,1
657,2887,1
2488,2887,1
1336,2887,1
98,2979,1
3346,1052,1
4463,1180,1
2488,1180,1
1336,1180,1
2395,3448,1
281,3448,1
998,3448,1
3926,3448,1
1197,5240,1
392,5240,1
2672,319,1
4915,319,1
573,319,1
640,319,1
4656,319,1
1868,3487,1
4049,3487,1
5295,2056,1
5396,2016,1
1152,4612,1
652,5469,1
2672,4838,1
407,1817,1
1597,1817,1
5494,1817,1
4384,3708,1
10,3708,1
120,3708,1
4335,3708,1
2875,3707,1
1934,3707,1
2683,5012,1
2091,5307,1
503,5116,1
3056,1904,1
2429,1904,1
3622,3056,1
2429,3056,1
3937,3056,1
2026,3056,1
4111,4130,1
4646,4053,1
5378,4402,1
2088,4644,1
5235,4472,1
1964,1309,1
2693,1309,1
5147,1309,1
2513,3037,1
2630,369,1
3084,369,1
4223,369,1
5386,369,1
4776,1187,1
2149,4644,1
1117,369,1
2665,369,1
5359,369,1
1517,3084,1
768,4644,1
2988,4845,1
2758,1684,1
773,3036,1
2758,3036,1
5318,2715,1
1495,4161,1
962,2165,1
979,1701,1
3883,4644,1
4825,180,1
3156,1580,1
3156,1993,1
945,2347,1
3283,2347,1
4087,2347,1
859,945,1
3156,945,1
4087,945,1
2982,2521,1
1106,2092,1
1542,1881,1
4525,1881,1
4056,4888,1
1285,4888,1
1329,1363,1
2666,742,1
4052,742,1
2631,1048,1
3678,3554,1
5384,5200,1
5200,2945,1
4420,1129,1
1129,2239,1
3764,4959,1
3989,2218,1
2218,4056,1
893,3145,1
893,1476,1
893,4053,1
4874,2736,1
566,4628,1
4307,1187,1
2026,572,1
1946,1632,1
386,3575,1
1810,1396,1
2894,962,1
1256,3910,1
2574,1306,1
3402,3784,1
4064,2907,1
5045,2907,1
2907,5077,1
3378,1055,1
5418,1782,1
2766,1980,1
5470,3620,1
533,2463,1
5380,2463,1
5346,2463,1
4828,2463,1
181,3063,1
2716,4622,1
3352,4622,1
3352,2716,1
4727,4649,1
4649,4575,1
4006,217,1
2102,217,1
10,217,1
4363,2923,1
293,4037,1
580,787,1
1470,787,1
3025,787,1
2474,3922,1
3922,4345,1
3922,4187,1
3922,3282,1
5302,5170,1
3399,1540,1
3868,3451,1
1217,3451,1
4384,3451,1
96,3451,1
580,5317,1
2638,5317,1
898,5317,1
457,5317,1
4721,5317,1
1785,5317,1
2638,580,1
4126,580,1
4721,580,1
1785,580,1
533,3178,1
2027,441,1
1274,4005,1
533,2235,1
3596,2235,1
5422,2235,1
4285,4431,1
1089,3425,1
5380,3425,1
4705,3425,1
5133,3425,1
381,3425,1
3609,3425,1
2295,3425,1
3535,3425,1
1124,3425,1
1624,3425,1
3097,2638,1
5259,1350,1
4429,5302,1
3617,5302,1
602,3297,1
2414,5167,1
5414,5186,1
2128,2490,1
4823,1077,1
533,4813,1
2984,4813,1
2518,4813,1
131,5046,1
5132,5046,1
4635,5046,1
2217,2945,1
2357,2982,1
2672,2982,1
4433,2982,1
1910,954,1
1347,2982,1
4445,2982,1
190,2982,1
2982,895,1
2672,5175,1
2277,954,1
107,2389,1
4282,269,1
4282,644,1
4630,2702,1
3216,1111,1
2880,5119,1
1068,3951,1
2473,3583,1
1184,923,1
756,923,1
4738,923,1
2702,244,1
756,1184,1
3786,1146,1
2302,3023,1
4499,4376,1
3278,4376,1
2035,4376,1
1837,4376,1
3957,2702,1
2474,3775,1
3119,3493,1
4865,3493,1
2083,3768,1
4129,3768,1
5337,3659,1
1868,2002,1
1647,2002,1
775,2002,1
2702,1962,1
1470,766,1
3025,1470,1
2846,3190,1
3577,3190,1
4150,3190,1
3769,766,1
2672,766,1
4827,3083,1
461,4255,1
3341,4255,1
2102,4255,1
3317,1748,1
5404,1151,1
1848,1151,1
1066,1151,1
1553,1151,1
5250,107,1
3363,107,1
1848,1623,1
359,2252,1
4828,2817,1
2611,2753,1
4828,2753,1
4828,3021,1
4828,5010,1
4871,2224,1
5310,1568,1
2672,3769,1
1503,3465,1
32,3465,1
5466,3465,1
737,3465,1
4350,3465,1
2401,3465,1
303,4876,1
357,303,1
1087,303,1
4129,3480,1
1647,1868,1
4297,1868,1
881,3526,1
2214,2619,1
2697,1559,1
2238,1559,1
2702,1345,1
5138,2015,1
987,2015,1
1119,2015,1
4757,4827,1
4507,4827,1
4105,1390,1
4105,1002,1
4105,886,1
1456,657,1
5493,657,1
218,657,1
2487,657,1
2162,657,1
4242,3283,1
5466,3283,1
5180,3283,1
614,3283,1
4772,3283,1
2702,4523,1
3257,3855,1
3367,2265,1
2498,2720,1
3591,2475,1
3009,2475,1
4575,2475,1
159,4645,1
204,4645,1
4028,1159,1
2672,3371,1
533,3927,1
5380,3927,1
3596,3927,1
393,3927,1
2469,1844,1
4629,1844,1
2672,1503,1
134,1503,1
4307,1503,1
1768,588,1
4279,588,1
448,4372,1
2752,5108,1
3887,5108,1
2672,5414,1
3374,5414,1
4516,1036,1
2834,2672,1
357,2672,1
3180,2672,1
3691,2672,1
3552,2672,1
3985,2672,1
4406,2672,1
104,2672,1
2735,2672,1
2993,2672,1
4593,2672,1
1941,2672,1
3733,2672,1
4034,2672,1
1578,2672,1
3757,2672,1
4062,2672,1
1126,2672,1
5225,2672,1
5355,2672,1
1348,2672,1
3832,2672,1
2401,2672,1
3952,2672,1
3801,2672,1
4631,2672,1
1000,2672,1
2504,2672,1
3272,2672,1
3489,2672,1
1094,2672,1
823,2672,1
2332,2672,1
2374,2672,1
2037,2672,1
5443,2672,1
4791,2672,1
1221,2672,1
1773,2672,1
1917,2672,1
2208,2672,1
975,2702,1
2281,2672,1
1005,2672,1
67,2672,1
4795,2702,1
2702,2552,1
5337,3868,1
1536,3868,1
2721,268,1
4064,5404,1
2498,5404,1
1823,1848,1
1316,1848,1
4548,3855,1
2741,3872,1
2162,4217,1
3181,5126,1
3079,5126,1
2504,5126,1
3372,5126,1
2893,5126,1
3441,5126,1
2,5126,1
1493,5392,1
1014,4667,1
133,4667,1
3067,1054,1
1253,3367,1
2810,1939,1
1583,1136,1
4123,671,1
1325,4771,1
1922,2414,1
4363,1074,1
1074,4832,1
3146,2762,1
2810,156,1
4345,670,1
1222,4950,1
1697,1166,1
2725,2702,1
4435,1166,1
1565,3884,1
3852,3884,1
3133,3884,1
2702,1144,1
1485,2043,1
2677,2043,1
5437,3399,1
2677,1485,1
4500,3614,1
3852,3614,1
2147,3614,1
3228,997,1
4988,2412,1
5235,2412,1
4702,5048,1
1564,2152,1
1050,1106,1
3478,2051,1
5171,1320,1
5337,4953,1
96,4953,1
134,1416,1
2487,1416,1
2702,4700,1
2928,5227,1
2438,5227,1
291,5227,1
4832,5227,1
2687,4158,1
1132,4867,1
392,1197,1
1068,5478,1
3496,373,1
4596,373,1
1469,390,1
3157,5381,1
83,3946,1
1281,3946,1
2574,4204,1
1714,527,1
3998,1065,1
2056,2702,1
2271,1078,1
1348,2825,1
505,3243,1
4828,3978,1
3133,1565,1
1692,1558,1
3288,1702,1
1869,1702,1
3844,3143,1
800,1647,1
2469,2114,1
534,2114,1
1666,2816,1
5079,2816,1
77,181,1
2650,2872,1
31,2872,1
2447,3525,1
4629,4451,1
3752,3552,1
542,1617,1
1133,3288,1
2702,657,1
2639,2719,1
2639,4783,1
1178,1674,1
3684,2846,1
4150,2846,1
1771,2846,1
2868,2282,1
387,2373,1
10,2373,1
986,3695,1
10,387,1
4915,1417,1
4423,1421,1
4721,3145,1
3913,3145,1
713,3860,1
4589,3860,1
5203,3860,1
2702,4907,1
674,3860,1
4589,713,1
5203,713,1
674,713,1
2496,713,1
5203,4589,1
674,4589,1
2496,4589,1
674,5203,1
2496,5203,1
2496,674,1
2644,2496,1
4915,3998,1
4656,3998,1
4384,2498,1
2545,1226,1
2938,1226,1
2341,1226,1
1226,3274,1
1226,42,1
5466,5349,1
3591,2429,1
4575,3591,1
3018,5179,1
3883,1618,1
3489,3985,1
1842,1012,1
171,773,1
4769,1217,1
911,1217,1
2067,1217,1
4427,1436,1
2990,3107,1
193,3107,1
1148,1622,1
1137,926,1
4752,2380,1
882,4630,1
1316,1823,1
1061,1823,1
3406,1823,1
2098,4630,1
4630,944,1
4779,3715,1
1317,3715,1
3167,2440,1
5228,1994,1
1994,895,1
3675,4630,1
2737,1092,1
448,533,1
3616,533,1
2104,533,1
4307,533,1
1347,2809,1
2465,403,1
5118,2662,1
1541,4179,1
5072,2926,1
5072,1185,1
5464,1185,1
1846,1185,1
2511,1185,1
2809,4445,1
4580,2068,1
4828,3482,1
2998,3814,1
1383,3814,1
4345,3814,1
4295,1436,1
3133,1367,1
2228,1835,1
4705,1089,1
381,1089,1
2295,1089,1
3535,1089,1
1124,1089,1
1624,1089,1
833,4051,1
219,4630,1
413,4704,1
3521,4704,1
2773,4630,1
1464,5395,1
486,5395,1
1664,2365,1
2847,3470,1
1718,2262,1
3555,5018,1
5350,5072,1
4630,3545,1
5464,5072,1
4828,2611,1
3072,2611,1
3810,1339,1
3990,1339,1
3343,1339,1
2645,1339,1
4630,1838,1
2777,672,1
4006,4630,1
4031,672,1
4899,2991,1
2987,4871,1
618,4871,1
5027,2812,1
1080,375,1
2777,375,1
4031,375,1
2737,2758,1
5168,2518,1
2999,1378,1
3675,882,1
3786,2302,1
2035,2302,1
1837,2302,1
4828,4060,1
3793,882,1
1329,2334,1
1962,882,1
3838,2949,1
381,4705,1
2295,4705,1
3535,4705,1
1124,4705,1
1624,4705,1
5044,2184,1
3898,5051,1
2938,2545,1
320,2545,1
2290,2545,1
4706,2545,1
2545,3274,1
2545,42,1
1085,3454,1
4803,882,1
562,1493,1
593,2428,1
4939,2525,1
5151,2525,1
4939,3057,1
5151,3057,1
5151,4677,1
1085,1833,1
2712,4475,1
4597,293,1
4194,882,1
1555,1294,1
1100,970,1
2880,1071,1
5493,393,1
2634,1445,1
2504,3181,1
3432,624,1
4795,882,1
4159,1555,1
2868,3001,1
1444,2429,1
3566,1599,1
5151,360,1
3792,3997,1
3496,3686,1
2803,3686,1
5138,4536,1
1119,4536,1
13,4536,1
4033,4536,1
911,2822,1
2725,882,1
675,1067,1
365,5235,1
4588,5235,1
2624,4920,1
430,4920,1
3664,457,1
739,4787,1
3848,4787,1
4766,5075,1
1515,5075,1
2572,5075,1
2744,2474,1
1589,2474,1
413,2474,1
1109,2474,1
4784,2474,1
1070,643,1
4062,134,1
737,134,1
1496,134,1
4420,134,1
2010,134,1
4670,134,1
5425,10,1
75,480,1
883,480,1
218,4563,1
807,4275,1
3208,3380,1
4738,1248,1
114,2755,1
2133,2599,1
5327,3792,1
3208,1436,1
4629,2650,1
3932,2650,1
1284,2650,1
385,2650,1
2650,3470,1
2878,1736,1
2167,1759,1
1061,4925,1
3033,5412,1
4946,5412,1
139,171,1
3321,171,1
4425,1133,1
621,1133,1
2459,5125,1
4307,4062,1
2681,2083,1
4129,2083,1
616,4661,1
5237,5120,1
1148,5006,1
2523,2426,1
5360,2426,1
905,2741,1
4208,2426,1
4307,737,1
193,2990,1
866,2426,1
413,487,1
2037,487,1
2437,2426,1
2574,615,1
5275,615,1
5316,803,1
5089,803,1
1718,5493,1
2341,2938,1
2938,3274,1
2938,42,1
3494,4167,1
725,3451,1
26,2589,1
1218,714,1
5264,2523,1
1034,3305,1
446,3305,1
2317,2523,1
2341,320,1
4706,320,1
320,3274,1
4336,1212,1
4351,4727,1
1304,1348,1
739,1348,1
5105,2382,1
76,1922,1
1725,520,1
5425,4067,1
4053,2119,1
4471,3477,1
746,2523,1
4362,2523,1
2125,2523,1
3827,5218,1
4005,2523,1
5212,2523,1
5436,4237,1
4129,4237,1
116,4237,1
2513,2690,1
3727,2523,1
4696,732,1
3182,1199,1
1629,3990,1
2162,218,1
2228,88,1
458,88,1
3179,953,1
2575,2487,1
4307,2487,1
3665,2487,1
376,2523,1
5436,2487,1
2098,1269,1
4356,2523,1
1464,1424,1
4672,1801,1
1518,2523,1
4962,5097,1
1161,5097,1
5367,5097,1
4207,2082,1
4984,2523,1
2945,4740,1
666,2523,1
1875,4289,1
3144,2523,1
3535,381,1
1124,381,1
1624,381,1
4795,2523,1
2511,1846,1
2591,1563,1
2903,2523,1
1464,5290,1
3630,4439,1
3744,4439,1
1813,2301,1
2499,2523,1
4730,4725,1
2198,4696,1
1995,4836,1
3227,2523,1
87,3572,1
2228,3572,1
3041,2069,1
2725,2523,1
2437,2523,1
4779,4564,1
3478,2838,1
2899,1152,1
5217,3876,1
968,3876,1
3321,655,1
2645,655,1
5282,3562,1
3110,1771,1
2145,1771,1
4940,2523,1
2513,1589,1
2845,5035,1
2845,2369,1
968,5217,1
2300,413,1
3521,413,1
4009,1813,1
3844,534,1
2341,534,1
4689,2300,1
1657,2523,1
5088,4944,1
5016,1269,1
2797,4262,1
4468,4262,1
5288,339,1
5172,2523,1
4053,1370,1
1142,2523,1
1768,4279,1
4881,2523,1
4441,2523,1
5138,1119,1
1482,5468,1
1061,76,1
3873,2940,1
107,2523,1
4287,2523,1
4779,4043,1
4721,102,1
1785,102,1
430,2624,1
4656,640,1
2083,2523,1
3949,2366,1
3108,2523,1
4828,2366,1
5114,2523,1
2568,2799,1
494,4768,1
595,2523,1
3222,3974,1
571,1070,1
3848,4111,1
118,4737,1
1080,2482,1
2777,2482,1
68,2482,1
4031,2482,1
2759,2482,1
5463,2344,1
1080,5376,1
2777,5376,1
4031,5376,1
729,2845,1
1632,1532,1
2777,2153,1
1015,2153,1
2777,1080,1
1015,1080,1
68,1080,1
4031,1080,1
5430,3321,1
2797,3104,1
4468,3104,1
4670,166,1
1534,1269,1
2797,166,1
2814,987,1
4607,2587,1
2523,861,1
2375,2880,1
1121,2880,1
2523,1024,1
2411,2185,1
3410,3179,1
514,2063,1
1536,3243,1
4442,4656,1
5410,3515,1
2290,3274,1
4547,2063,1
5346,302,1
4606,4850,1
3461,2063,1
5206,3881,1
2099,2063,1
3676,1108,1
1,2441,1
2797,789,1
4468,789,1
4852,1350,1
1161,4962,1
5367,4962,1
5367,1161,1
2826,5050,1
4547,3935,1
3064,1752,1
4097,1119,1
2814,1119,1
4033,1119,1
4457,4791,1
4721,4126,1
1785,4126,1
1785,4721,1
1285,4721,1
869,1269,1
1720,2634,1
2148,3965,1
4306,5207,1
4407,913,1
3844,2169,1
4129,3244,1
3022,1269,1
4828,2211,1
4828,5346,1
4828,5084,1
3072,5084,1
2388,4828,1
2441,4828,1
1865,4828,1
3072,4828,1
4828,3949,1
3251,2223,1
3494,2456,1
26,2456,1
1255,450,1
1397,323,1
1865,15,1
3501,190,1
3527,4053,1
5246,4345,1
68,2777,1
4031,2777,1
2759,2777,1
122,2777,1
68,1015,1
4031,68,1
3535,2295,1
1124,2295,1
1624,2295,1
2363,3282,1
3919,4292,1
2513,765,1
410,3652,1
1488,13,1
1329,1297,1
2341,3294,1
3274,2341,1
42,2341,1
42,2711,1
5223,1269,1
4706,42,1
4706,3274,1
3919,4849,1
4547,1359,1
1785,1285,1
4468,2797,1
3309,1269,1
1624,3535,1
410,1359,1
1624,1124,1
347,12,1
1525,1269,1
4643,999,1
2969,5188,1
2969,1259,1
1011,1269,1
2969,5473,1
3947,3809,1
5016,3809,1
2177,3809,1
2966,3809,1
1345,1269,1
2966,1461,1
2941,2098,1
3947,2098,1
4470,2098,1
3687,1269,1
3407,2098,1
3687,2098,1
3907,2098,1
3257,2098,1
3418,2098,1
3918,2098,1
128,2098,1
4932,2098,1
1129,2098,1
4322,2098,1
4738,2098,1
4574,2098,1
2941,2310,1
379,2310,1
2969,1269,1
1291,1269,1
72,1269,1
4046,1269,1
1544,1269,1
3144,1269,1
4795,1269,1
4229,1269,1
5488,4249,1
1739,4249,1
4466,4249,1
2805,4249,1
3605,4249,1
3958,4249,1
730,4249,1
3577,4249,1
1771,4249,1
3626,2648,1
907,4249,1
384,3536,1
3626,5103,1
4124,5447,1
3626,4329,1
2725,4108,1
3685,5237,1
3685,3727,1
1042,4108,1
3626,2293,1
1084,4108,1
3227,1863,1
5233,3257,1
3979,4108,1
1544,956,1
3626,4053,1
3487,4108,1
4918,2474,1
4918,3559,1
4918,4345,1
4918,4187,1
4918,3282,1
4918,670,1
4918,2391,1
1444,3626,1
3626,1657,1
202,2941,1
3101,107,1
4414,202,1
5264,2832,1
3407,202,1
2702,2763,1
2702,2948,1
202,130,1
1505,2379,1
1484,202,1
3805,5172,1
2934,202,1
2475,3626,1
4361,3004,1
4361,2878,1
4361,1520,1
5369,3700,1
2233,2429,1
5121,2339,1
2339,5077,1
3524,202,1
2339,5045,1
1551,4187,1
1551,3582,1
4257,4870,1
1187,4341,1
176,1387,1
176,3877,1
4441,202,1
1187,657,1
1187,134,1
4981,2997,1
4365,1459,1
4365,1468,1
134,1029,1
134,2065,1
1144,4353,1
1144,5066,1
4649,202,1
175,818,1
4781,202,1
2402,2133,1
907,3605,1
907,3684,1
907,3958,1
1809,3179,1
1809,953,1
4803,2933,1
3321,3101,1
3284,4081,1
5215,1883,1
799,1883,1
1883,3956,1
1312,272,1
549,65,1
673,5287,1
1068,2763,1
2885,3941,1
2885,2474,1
4280,944,1
4454,1198,1
4454,1095,1
1503,2031,1
1259,1100,1
2317,4117,1
3839,5075,1
1487,4111,1
4069,780,1
4575,3662,1
4925,1620,1
5488,1477,1
2563,3679,1
3144,3679,1
4659,2513,1
1477,3958,1
646,423,1
5214,4441,1
2934,3679,1
5214,4781,1
109,5472,1
1649,3679,1
3465,3679,1
2279,810,1
1597,56,1
291,5360,1
291,2617,1
5179,2501,1
5158,4088,1
1694,2338,1
2821,1077,1
2821,903,1
3854,4957,1
188,2765,1
4595,1269,1
4654,4106,1
4005,4106,1
2363,2391,1
2363,4187,1
4345,2363,1
3559,2363,1
2474,2363,1
4187,3282,1
4345,2391,1
4345,4187,1
1600,4106,1
1477,2750,1
5389,4250,1
4326,4106,1
3943,3603,1
4200,4106,1
1465,1949,1
5103,4005,1
5103,4603,1
4106,1016,1
200,5077,1
2907,5121,1
1182,4106,1
2017,3720,1
1198,4925,1
1796,1259,1
1315,3591,1
3727,1857,1
159,204,1
4246,1269,1
1691,4106,1
5074,1123,1
1973,451,1
1401,451,1
2797,1410,1
2140,4106,1
824,4005,1
2453,4106,1
1659,4523,1
4177,1595,1
5492,4106,1
1349,3056,1
2647,4106,1
1142,4106,1
1623,4106,1
634,4851,1
3972,4106,1
3354,1322,1
2819,2368,1
2834,4106,1
2738,1649,1
2738,2934,1
4248,2941,1
5404,4106,1
5182,1269,1
3897,2805,1
4008,1291,1
1700,3541,1
3243,4106,1
4854,2098,1
792,1089,1
2928,4106,1
625,4106,1
5225,4611,1
2553,2358,1
2553,451,1
2046,4106,1
603,3072,1
603,2586,1
1734,4106,1
3021,3072,1
3021,2586,1
3021,2366,1
1857,448,1
2523,3309,1
2523,2681,1
5350,2940,1
1430,2406,1
2368,1269,1
3669,657,1
2477,1465,1
2477,4523,1
577,1925,1
2247,1582,1
2438,4106,1
5264,1040,1
5264,1269,1
4500,3852,1
307,4106,1
2368,1259,1
3450,4138,1
4879,898,1
3210,474,1
3210,3508,1
3231,4106,1
3828,829,1
2199,4816,1
730,5488,1
4106,3851,1
4106,4832,1
484,2941,1
4150,3577,1
5086,1269,1
2968,2941,1
2807,2941,1
2941,3407,1
3257,2941,1
2941,765,1
765,2443,1
765,4466,1
2658,2941,1
5481,1448,1
2882,2941,1
830,4077,1
830,4816,1
4081,2941,1
1259,4927,1
2202,1717,1
4901,1269,1
4710,2941,1
1406,2089,1
2209,3849,1
2667,4552,1
2941,792,1
652,3384,1
2453,5083,1
3915,298,1
1349,298,1
2805,2941,1
5033,1349,1
1570,1857,1
3679,5430,1
1144,1269,1
2797,3954,1
4468,3954,1
379,2941,1
1349,2412,1
5033,1740,1
1740,298,1
1740,129,1
1360,2355,1
1936,2355,1
3154,4466,1
4477,1863,1
3154,1187,1
4795,1259,1
1700,2941,1
4795,3849,1
1444,3302,1
3386,3517,1
2941,1477,1
3398,2011,1
3958,2941,1
4932,2941,1
1129,2941,1
3257,4548,1
4969,2941,1
735,2501,1
1541,2941,1
2711,3274,1
2018,4273,1
5264,2453,1
2878,2941,1
1100,1269,1
5270,3154,1
347,2941,1
1070,2866,1
643,2866,1
137,3173,1
4630,2948,1
2822,4722,1
911,1028,1
1217,128,1
4632,3974,1
3858,4722,1
4384,833,1
548,1185,1
2807,484,1
2211,15,1
3470,3117,1
338,3366,1
5488,484,1
5065,1118,1
3476,1118,1
2424,1269,1
741,5487,1
3261,4046,1
716,484,1
4414,2098,1
2807,2098,1
3117,3805,1
5102,405,1
4404,3154,1
34,484,1
2474,4345,1
4187,2391,1
2474,2391,1
4187,670,1
2474,3282,1
4345,3282,1
3559,2391,1
2474,4187,1
3559,4345,1
4804,1057,1
1144,484,1
4804,989,1
1859,989,1
2926,2402,1
4016,484,1
5036,5487,1
2701,24,1
904,765,1
3626,1129,1
2241,223,1
4246,4005,1
1259,484,1
3982,2954,1
4463,4523,1
5002,1066,1
1523,3192,1
3915,1349,1
1037,35,1
904,484,1
4464,4458,1
2836,4523,1
1264,2497,1
3104,2727,1
166,2727,1
2994,818,1
2994,3940,1
2994,4398,1
2994,1711,1
2994,453,1
369,242,1
369,2584,1
4031,4523,1
291,2467,1
4235,1065,1
5245,3271,1
4235,4106,1
4428,5158,1
5245,3154,1
5245,5207,1
1084,3000,1
5245,137,1
5245,3476,1
5245,3144,1
5245,4993,1
5155,2576,1
3128,1998,1
2594,4775,1
3775,4983,1
4044,4775,1
3116,4775,1
3775,2736,1
3128,4474,1
4798,198,1
1757,3192,1
666,4670,1
1757,4799,1
4973,2602,1
3277,4508,1
4042,2738,1
3277,2650,1
764,1887,1
3094,2447,1
4367,2368,1
4937,5153,1
3171,137,1
1569,5080,1
1569,3154,1
2310,792,1
4108,1796,1
1175,903,1
4106,1848,1
248,1254,1
3411,5309,1
4365,4714,1
401,5172,1
1974,1312,1
809,1489,1
1603,2094,1
3267,4173,1
3267,2657,1
426,166,1
540,107,1
2609,3142,1
935,1651,1
3382,1489,1
3333,3433,1
3778,3433,1
2858,3433,1
3742,719,1
3429,4040,1
1602,4040,1
814,4040,1
4040,1685,1
1602,1685,1
814,1685,1
2050,1685,1
5082,1764,1
2427,1312,1
4354,1651,1
3850,1651,1
1315,1312,1
1021,1312,1
2115,2984,1
3147,1312,1
750,2262,1
806,4595,1
806,4724,1
158,1536,1
4682,4712,1
4505,2509,1
3880,785,1
4227,5075,1
2623,5048,1
2288,1312,1
4736,2523,1
269,1312,1
3101,5209,1
5192,3487,1
1385,4573,1
1385,3191,1
1627,3793,1
3243,1312,1
1566,1089,1
1171,4218,1
387,1312,1
2212,1312,1
510,1144,1
1417,1312,1
3361,3833,1
4915,1312,1
1619,1312,1
4743,5243,1
2664,2947,1
2782,3309,1
3330,2499,1
2499,1962,1
1595,1962,1
5172,1962,1
2876,1962,1
654,1098,1
3309,451,1
1525,451,1
451,3685,1
1122,451,1
4656,1312,1
5172,451,1
5368,4704,1
4441,451,1
3309,1525,1
5053,3309,1
4812,3309,1
3131,1312,1
4846,2401,1
4905,3947,1
1525,1114,1
4441,1114,1
921,1114,1
654,1114,1
1972,2329,1
3907,1525,1
4795,1525,1
2499,1525,1
2947,1525,1
519,3805,1
1407,1595,1
2848,1595,1
827,3307,1
3969,3307,1
4812,5053,1
3967,2499,1
1407,2499,1
2947,2499,1
827,3969,1
4441,2947,1
1619,2427,1
5172,2947,1
3969,519,1
1701,3969,1
4162,1407,1
1966,3041,1
1966,1305,1
5445,811,1
4846,2293,1
2179,1844,1
355,2293,1
5221,1701,1
1374,4139,1
4309,4139,1
1407,5172,1
1619,272,1
2848,5172,1
950,1142,1
733,2448,1
2656,4355,1
2054,4355,1
4655,2835,1
2558,5430,1
787,250,1
5175,1649,1
3766,4924,1
3766,2325,1
3045,1595,1
3319,5073,1
3019,5073,1
1973,1735,1
709,2157,1
2098,3174,1
484,1609,1
2399,4114,1
3174,792,1
3202,3635,1
3202,85,1
5153,2520,1
2073,4031,1
2489,4467,1
1668,1651,1
2548,72,1
801,2068,1
3533,2751,1
1962,3520,1
2173,2141,1
2173,705,1
2173,2751,1
2173,227,1
2173,1784,1
900,36,1
1153,4300,1
4065,4154,1
1483,4154,1
832,1447,1
832,5452,1
3118,1236,1
1976,1236,1
4208,595,1
2718,2854,1
1751,1754,1
1340,533,1
4523,2065,1
4523,171,1
4523,1150,1
4523,361,1
3411,2213,1
1459,1450,1
4802,2751,1
2296,2725,1
3173,1450,1
4059,3031,1
4059,1178,1
4059,2828,1
2418,1450,1
3445,816,1
5135,1450,1
2802,2705,1
2802,2141,1
4252,2695,1
2802,1177,1
274,4471,1
2528,283,1
3459,2695,1
5479,4926,1
5430,1954,1
5394,3397,1
2376,1754,1
3943,721,1
3943,1356,1
2418,2695,1
3943,1978,1
1910,2695,1
4467,5219,1
5303,3886,1
780,5219,1
4077,467,1
3982,1939,1
121,1236,1
1572,2751,1
914,3069,1
914,4957,1
1582,3862,1
128,1266,1
4927,5079,1
4927,2033,1
4927,4097,1
4927,2814,1
2652,2476,1
267,4350,1
3109,5412,1
3605,2070,1
3969,2501,1
3969,1447,1
3459,3939,1
3969,2596,1
1680,1879,1
2377,1076,1
388,3581,1
5366,2723,1
2246,1010,1
4668,4784,1
669,3909,1
5406,1651,1
1814,1786,1
0,822,1
1190,1519,1
890,1804,1
236,1651,1
1637,1143,1
1227,4709,1
1062,4335,1
287,3104,1
3956,2385,1
321,952,1
321,5161,1
3613,1411,1
5086,358,1
1208,4574,1
1817,1150,1
741,1457,1
884,1457,1
213,210,1
217,997,1
580,2445,1
4252,3703,1
4542,2479,1
4720,1651,1
2607,4252,1
4032,4252,1
2307,2733,1
1146,3023,1
3659,4953,1
581,4789,1
2723,822,1
2195,4252,1
3782,4112,1
2015,434,1
1454,7,1
5404,224,1
745,3802,1
3399,4238,1
1680,3034,1
3655,3802,1
3091,1547,1
773,4676,1
4473,4205,1
4473,4335,1
2440,3772,1
2383,1193,1
1367,359,1
3257,1878,1
2751,4020,1
1613,1878,1
2751,4715,1
4649,1878,1
1037,1878,1
2512,1878,1
1444,1878,1
3528,294,1
707,623,1
769,2838,1
769,1795,1
35,623,1
2422,623,1
5256,623,1
2024,5231,1
2877,623,1
1037,623,1
1690,3405,1
144,3405,1
1932,4335,1
5243,3405,1
822,772,1
2430,1061,1
1008,3451,1
1133,2286,1
1008,725,1
4237,1840,1
294,4409,1
2187,5496,1
3739,5496,1
5290,4272,1
4759,1978,1
3581,5385,1
1302,4898,1
2248,4464,1
655,5171,1
1886,1651,1
1163,538,1
4970,4087,1
2194,3388,1
2598,4390,1
536,4137,1
536,1784,1
4135,103,1
481,3676,1
361,3535,1
1937,1236,1
4186,4982,1
3442,2681,1
4951,4097,1
1181,549,1
2259,468,1
4253,549,1
4097,434,1
4011,4272,1
2331,549,1
1143,758,1
638,4272,1
2107,2814,1
3456,4272,1
1715,5309,1
2099,1808,1
3858,1709,1
4722,1709,1
2656,4437,1
2054,4437,1
4281,2518,1
792,1249,1
3465,1167,1
1631,5465,1
1026,1029,1
2758,134,1
327,2573,1
3589,4415,1
4630,3626,1
2941,1736,1
4404,130,1
3680,3847,1
3589,1011,1
676,58,1
2506,2515,1
3022,4728,1
4229,2368,1
1294,1282,1
2368,1527,1
130,3042,1
4229,4728,1
1011,2127,1
2127,676,1
194,4603,1
4046,1213,1
1213,4614,1
1213,2494,1
126,1213,1
2738,1213,1
4654,4595,1
4603,1213,1
5264,1863,1
5264,3705,1
712,4185,1
5361,4753,1
2969,1401,1
2237,2205,1
3022,710,1
3022,4558,1
4099,3184,1
4099,4781,1
4521,4055,1
5264,3144,1
1557,1234,1
1557,1925,1
1465,1525,1
1465,2131,1
1465,1069,1
1465,2454,1
1465,533,1
115,1651,1
2718,1156,1
3587,4005,1
4042,1156,1
4870,5213,1
1962,2293,1
1962,1407,1
1962,5221,1
1962,979,1
5286,1156,1
2467,1156,1
651,1156,1
738,21,1
1676,3476,1
2372,1156,1
497,4603,1
497,710,1
891,4018,1
4333,2786,1
4333,405,1
1910,5390,1
451,1114,1
451,1098,1
451,1595,1
451,2499,1
451,419,1
4367,4330,1
451,2358,1
451,5248,1
451,2947,1
3309,1114,1
3309,1098,1
3309,1595,1
3309,4441,1
3309,654,1
3309,921,1
3309,2947,1
3309,4781,1
1114,1098,1
1114,5053,1
1114,1595,1
1114,2499,1
1114,2947,1
1525,1098,1
1525,5053,1
1525,654,1
1525,5221,1
1525,921,1
1525,5075,1
3101,5158,1
4983,2865,1
3101,2453,1
3101,213,1
342,2865,1
130,4027,1
2127,4005,1
2127,2494,1
2127,712,1
2127,4337,1
4803,1259,1
4273,5,1
4900,2865,1
4694,908,1
1098,5053,1
1098,2947,1
1098,4812,1
908,4522,1
1354,577,1
2320,4861,1
2320,577,1
2738,4055,1
4603,1531,1
4603,2371,1
4603,712,1
3727,107,1
2969,3144,1
2858,213,1
765,4854,1
4185,3856,1
2131,3144,1
2131,4077,1
2131,1259,1
4046,1776,1
4046,577,1
4046,5172,1
5028,2368,1
3857,3805,1
3857,3307,1
5268,2876,1
4523,3849,1
992,712,1
992,4055,1
1595,5000,1
1595,5221,1
1595,3354,1
1595,1092,1
1595,2947,1
4368,2875,1
5082,51,1
5115,51,1
4001,51,1
3650,1990,1
4164,2835,1
3144,2031,1
3144,3342,1
3144,2878,1
4466,1091,1
21,1274,1
171,51,1
4795,2937,1
4795,2499,1
5477,2934,1
5115,5082,1
4001,5082,1
3418,5082,1
2706,2501,1
2371,712,1
1113,1462,1
2494,2537,1
2494,3119,1
4861,577,1
171,5082,1
4001,5115,1
4576,3497,1
4077,2368,1
2242,2377,1
1649,2293,1
1699,3293,1
553,921,1
2757,921,1
1726,3969,1
4404,5075,1
4162,1308,1
298,5235,1
4595,2140,1
2377,2875,1
5270,4243,1
2501,3058,1
2501,2293,1
2501,2230,1
2501,5445,1
2501,811,1
2501,2875,1
2501,4120,1
2501,3218,1
471,1923,1
2453,1316,1
1374,4309,1
214,2487,1
2368,4925,1
344,213,1
4357,1118,1
870,1699,1
5016,1699,1
5,2018,1
3707,5221,1
3707,979,1
3707,4120,1
213,4463,1
5221,552,1
5221,4120,1
4795,1699,1
979,2848,1
3077,3119,1
2947,2228,1
3380,924,1
4062,45,1
1649,2702,1
1649,2735,1
1649,4401,1
1649,5360,1
1649,3767,1
1649,3985,1
1649,3769,1
1649,3020,1
1649,1005,1
1649,823,1
1649,4406,1
1649,3832,1
1649,5355,1
1649,4352,1
1649,640,1
1649,766,1
1649,982,1
1649,1221,1
1649,1941,1
1649,2076,1
1649,3976,1
1649,2332,1
1649,2229,1
1649,4791,1
2672,3454,1
2672,5309,1
5339,1699,1
2672,5227,1
2672,3410,1
2672,3976,1
2672,5404,1
2563,823,1
2563,5355,1
2563,3410,1
3854,1699,1
2934,4173,1
2934,5078,1
2934,462,1
2934,2735,1
2934,2844,1
2934,3985,1
2934,2834,1
2934,5414,1
2934,823,1
2934,1221,1
2934,3410,1
2934,3434,1
5334,142,1
4005,21,1
4803,2824,1
4787,1769,1
1345,2824,1
2702,219,1
578,2580,1
765,2824,1
68,4466,1
1869,2143,1
1312,3334,1
5430,2824,1
3158,1060,1
3855,2632,1
3789,593,1
3785,5264,1
3144,3669,1
820,373,1
2835,2824,1
3914,4384,1
3257,4920,1
1345,1522,1
4575,3302,1
1844,2112,1
3476,1202,1
3818,2824,1
3803,2824,1
1848,1274,1
360,4677,1
2338,1075,1
4989,661,1
258,4989,1
161,2081,1
3418,4989,1
4989,161,1
2074,2824,1
3418,2081,1
5110,4989,1
661,2081,1
258,2081,1
5110,2081,1
4989,2081,1
138,3423,1
2672,1649,1
2672,1167,1
2672,914,1
2681,2824,1
1472,2824,1
2672,143,1
4466,870,1
1992,4816,1
4476,870,1
4139,1269,1
5339,870,1
4879,4046,1
1323,1649,1
1724,142,1
2065,1651,1
5046,4719,1
4666,4719,1
4441,944,1
2177,4466,1
3476,5480,1
1144,2031,1
4795,3669,1
4328,1726,1
1291,2317,1
4093,1906,1
889,2487,1
1535,3732,1
1004,4046,1
2127,908,1
1125,2661,1
3387,4178,1
2955,2386,1
4493,100,1
3144,3056,1
4355,36,1
3987,3969,1
4470,3947,1
5223,3947,1
3687,3947,1
1279,3864,1
3454,2844,1
926,4274,1
926,1844,1
3947,765,1
488,3257,1
2033,558,1
3210,3311,1
3844,352,1
2804,3947,1
792,3947,1
4301,2672,1
2580,2940,1
744,2738,1
4805,3947,1
887,3376,1
887,866,1
1486,3947,1
942,1651,1
2368,2218,1
3302,2368,1
3154,2368,1
2848,3947,1
2368,3707,1
4325,2368,1
4851,2368,1
2368,572,1
4215,3947,1
765,2368,1
2131,2368,1
4795,3226,1
3154,4795,1
3174,1249,1
1803,4795,1
4795,2744,1
4795,4925,1
1210,2326,1
3037,2690,1
1249,5106,1
1249,4523,1
4881,1249,1
1249,148,1
2021,1249,1
4821,1249,1
4854,3174,1
3257,4470,1
792,4470,1
4854,4470,1
533,4470,1
3165,4470,1
907,4470,1
4087,4470,1
2658,2807,1
2239,2807,1
4523,2807,1
792,2807,1
419,2807,1
379,2807,1
1477,2807,1
3487,2807,1
1541,2807,1
4417,4414,1
792,4414,1
2980,4414,1
3144,3407,1
379,3407,1
1508,3407,1
5464,3407,1
4816,2207,1
1005,1487,1
3941,1277,1
1473,1408,1
3550,1533,1
2207,2111,1
1905,3185,1
3348,3117,1
3144,3853,1
39,380,1
441,3476,1
107,5,1
2650,2799,1
1129,3314,1
2392,3189,1
1866,3547,1
5108,3189,1
1678,4795,1
1288,3167,1
1288,86,1
2848,1962,1
5182,5380,1
5182,3596,1
2885,5380,1
1923,3084,1
1923,74,1
1923,3423,1
2210,2523,1
4523,2131,1
2650,3117,1
1470,3772,1
2317,4318,1
2296,3324,1
255,5303,1
1905,455,1
1905,3957,1
1856,2440,1
797,2180,1
2402,1385,1
1649,3465,1
581,2723,1
79,4623,1
79,2601,1
4623,1600,1
79,1600,1
1786,2959,1
1027,1555,1
1666,4882,1
4517,2140,1
533,4281,1
236,5026,1
5063,4255,1
1396,4042,1
1762,1793,1
875,3683,1
875,5402,1
4453,4318,1
1793,3395,1
875,5093,1
1793,5093,1
875,5297,1
875,164,1
875,3579,1
2954,4318,1
5148,5093,1
435,1151,1
875,1762,1
875,749,1
1793,749,1
1399,2760,1
2368,4523,1
3740,4318,1
5093,5352,1
3561,3117,1
5264,664,1
2293,3465,1
1541,3257,1
4374,4354,1
5046,4354,1
1373,5031,1
1962,5016,1
3309,5016,1
1525,5016,1
3086,5016,1
3400,5016,1
3124,5016,1
1345,5016,1
1566,5016,1
2966,5016,1
4523,5016,1
682,3326,1
4466,5016,1
4795,5016,1
1026,5016,1
1441,5016,1
1616,5016,1
60,5016,1
1031,5016,1
3109,5016,1
2172,5016,1
1814,5016,1
5182,5016,1
1259,5016,1
4778,5016,1
710,5016,1
3927,5016,1
181,5016,1
1200,4719,1
4925,5016,1
4307,5016,1
1546,5016,1
4183,5475,1
303,5273,1
2758,3345,1
1657,4216,1
1318,5297,1
1396,5297,1
1318,2197,1
875,2197,1
5044,2197,1
1396,2197,1
4699,1458,1
1793,3712,1
3502,3712,1
5044,3712,1
5002,5093,1
4302,5093,1
1725,5093,1
4046,749,1
5148,749,1
5002,749,1
3523,1271,1
2224,124,1
749,1725,1
5148,1921,1
875,1921,1
1653,1271,1
5234,2859,1
4934,1063,1
1315,1271,1
4326,2548,1
364,2548,1
3144,2548,1
4607,2548,1
4478,2548,1
5325,1271,1
5423,2548,1
65,4253,1
2451,801,1
5353,4748,1
1381,3370,1
3351,4323,1
4478,1271,1
2934,2756,1
5409,2013,1
5155,1271,1
706,2013,1
1841,2396,1
401,2396,1
712,4230,1
2966,3635,1
3814,3635,1
1897,1841,1
3022,1841,1
835,1841,1
2320,1841,1
384,1841,1
4614,1841,1
712,1841,1
2934,1841,1
2288,1271,1
1342,4914,1
3101,4914,1
499,4914,1
2031,4914,1
3967,4914,1
5182,4914,1
2368,4914,1
448,4914,1
2530,4870,1
1364,4870,1
497,4870,1
3261,4870,1
2266,4870,1
4046,4870,1
2494,4870,1
1983,4870,1
4246,4870,1
577,4870,1
1280,4870,1
316,4870,1
4818,1271,1
3555,2349,1
1866,2379,1
5479,2379,1
4915,1271,1
5000,2379,1
2982,2379,1
5087,3337,1
1758,3337,1
3329,3337,1
573,1271,1
933,3337,1
2352,3337,1
16,3337,1
1642,3337,1
3322,3337,1
408,3337,1
5052,1853,1
336,1853,1
933,1853,1
4656,1271,1
5329,1853,1
16,1853,1
1956,2417,1
1704,4569,1
421,4569,1
1704,1051,1
1871,1051,1
4818,5332,1
326,1051,1
4767,3533,1
1176,3533,1
336,3533,1
933,3533,1
5329,3533,1
3769,2620,1
4136,3533,1
3555,3533,1
3322,3533,1
4818,2620,1
1176,4856,1
862,4856,1
1758,4856,1
3329,4856,1
336,4856,1
3413,2620,1
2352,4856,1
5329,4856,1
4876,4856,1
4358,4856,1
3322,4856,1
5035,3828,1
2369,3828,1
729,3828,1
4343,3828,1
3630,3828,1
2292,3828,1
4220,3828,1
2150,493,1
4317,582,1
4738,4317,1
3144,4119,1
3915,4119,1
3099,4119,1
4847,1772,1
2339,200,1
200,2907,1
929,200,1
929,5121,1
2339,2907,1
166,3417,1
3332,564,1
1345,4909,1
3202,3814,1
3635,2824,1
4716,1962,1
1099,3104,1
3101,1962,1
2125,1962,1
1484,1962,1
1775,1962,1
993,1962,1
4523,1962,1
3144,1962,1
1198,1962,1
2442,1962,1
2007,3104,1
4820,1144,1
3330,1962,1
1123,1962,1
4820,3732,1
2091,1962,1
3306,1962,1
181,1962,1
2758,1962,1
2251,3335,1
512,1962,1
3795,1962,1
1723,1962,1
2737,1962,1
62,1962,1
3542,1962,1
4218,2150,1
5336,4794,1
4466,4794,1
5400,4794,1
4577,4794,1
2758,4794,1
671,5336,1
5373,1849,1
863,5416,1
2530,2738,1
5103,2530,1
2530,1016,1
2530,2008,1
2850,2530,1
4246,2530,1
5200,2530,1
3868,2530,1
543,3095,1
2948,180,1
5477,3163,1
1863,3725,1
4795,2421,1
2368,2421,1
3361,5343,1
3705,5343,1
2617,1713,1
1318,1713,1
196,5409,1
4570,5409,1
2350,5409,1
1672,5409,1
2418,5409,1
4377,5409,1
1590,5409,1
5435,4224,1
4177,3101,1
3228,4521,1
3228,4632,1
3228,1028,1
5378,5038,1
2767,5251,1
2881,4708,1
1162,5251,1
5457,2241,1
2061,2241,1
3076,2241,1
4664,2241,1
619,2241,1
455,2263,1
1905,2263,1
5457,3931,1
4664,3931,1
1707,3931,1
5457,4967,1
4252,5251,1
4664,4967,1
4978,4967,1
5293,4967,1
4967,4511,1
2392,5251,1
2294,3228,1
5457,983,1
4664,983,1
1707,983,1
1543,747,1
900,4991,1
900,3239,1
900,195,1
5406,3319,1
4795,1901,1
3239,3657,1
4535,5251,1
830,2457,1
708,1028,1
1945,5251,1
4466,3894,1
1335,947,1
4634,5036,1
3717,5036,1
2252,5036,1
3355,5036,1
1491,5036,1
2131,1364,1
4523,1364,1
3934,1028,1
4795,1364,1
1252,1364,1
3147,1364,1
2246,1364,1
3647,1364,1
725,1364,1
4953,1364,1
1823,1364,1
2562,1364,1
3148,1364,1
413,1364,1
731,1364,1
3463,1364,1
2618,1364,1
2482,1364,1
4664,1915,1
2738,2563,1
452,2563,1
993,2563,1
5188,2563,1
3915,2563,1
792,2563,1
977,2563,1
2746,2563,1
4274,2563,1
5456,2563,1
4957,2563,1
1598,2563,1
396,2563,1
2735,2563,1
1348,2563,1
2374,2563,1
3755,4843,1
149,3765,1
2122,2103,1
1230,2103,1
3101,3761,1
869,1534,1
234,1534,1
4229,1534,1
712,1534,1
2961,1534,1
1527,1534,1
248,4549,1
290,1254,1
2637,1254,1
2478,1254,1
248,5435,1
248,1989,1
2754,1989,1
5353,1989,1
2637,1989,1
1657,1989,1
248,694,1
3060,551,1
2954,3812,1
4005,551,1
21,551,1
3574,641,1
3574,4767,1
869,3312,1
21,1500,1
3008,1500,1
5328,1678,1
5223,1678,1
3449,1678,1
4839,1678,1
2566,1678,1
3557,1678,1
1113,1678,1
1162,4096,1
2328,1678,1
2059,4096,1
2368,1678,1
2071,1678,1
448,1678,1
1462,1678,1
3351,4096,1
3369,4096,1
5028,474,1
4545,474,1
960,474,1
100,474,1
3205,4096,1
5066,474,1
3085,2020,1
911,2294,1
4923,4096,1
911,337,1
1342,2631,1
2330,2631,1
2863,2631,1
2810,4096,1
4661,2631,1
5210,2631,1
5396,2631,1
2016,3198,1
4661,3198,1
616,3198,1
5396,3198,1
248,796,1
2765,796,1
4915,796,1
573,796,1
4656,796,1
1967,4295,1
2593,4295,1
2849,1766,1
1676,4558,1
4005,1676,1
384,1676,1
4124,1676,1
1649,1676,1
5146,1676,1
3481,1676,1
2672,1676,1
5323,1676,1
3556,1676,1
1798,56,1
425,248,1
2080,248,1
497,4558,1
869,4558,1
4005,4558,1
137,4620,1
384,4558,1
4124,4558,1
1291,4558,1
2835,4558,1
5172,4558,1
2523,4620,1
3050,4558,1
3465,4558,1
5323,4558,1
303,5253,1
2909,4695,1
995,4620,1
4527,4695,1
1657,4560,1
3328,1876,1
4608,1876,1
2834,4365,1
3184,1960,1
3022,5160,1
4229,404,1
5444,404,1
4229,479,1
443,479,1
448,479,1
1525,1884,1
448,1884,1
5291,1884,1
1265,1884,1
4523,2648,1
3429,2405,1
814,2405,1
4620,5028,1
497,4005,1
1103,497,1
384,497,1
497,4614,1
4124,497,1
1291,497,1
497,3767,1
4608,4620,1
5146,497,1
3536,497,1
266,497,1
4055,497,1
4867,3338,1
1132,3338,1
4680,3646,1
1604,629,1
5047,2560,1
2219,1483,1
4680,5058,1
1696,5058,1
1404,1897,1
1958,4620,1
5387,4316,1
891,1660,1
1230,1660,1
869,891,1
4614,891,1
4940,4620,1
5047,891,1
1230,891,1
712,891,1
74,4620,1
2701,869,1
384,869,1
5103,869,1
3805,869,1
814,869,1
1527,869,1
3184,869,1
997,869,1
3022,130,1
4654,3022,1
908,3022,1
4005,3022,1
1980,4620,1
384,3022,1
4614,3022,1
4124,3022,1
3805,3022,1
3022,4229,1
712,3022,1
4861,3022,1
107,4620,1
3022,1527,1
2224,4620,1
3050,3022,1
4874,3022,1
3536,3022,1
316,3022,1
4645,4620,1
3022,266,1
1696,4680,1
1425,4680,1
1696,794,1
3636,2237,1
2303,2237,1
835,346,1
814,3429,1
1231,1357,1
3140,2510,1
159,4620,1
3140,530,1
4793,2747,1
204,4620,1
3362,2747,1
5430,2747,1
2934,4793,1
2533,4793,1
4662,4793,1
5006,4620,1
4089,196,1
2047,5001,1
2196,5001,1
4377,2636,1
2583,3013,1
765,3277,1
1803,3277,1
4357,3277,1
1158,3277,1
2794,3277,1
4772,3277,1
2539,3277,1
4042,2714,1
3728,2714,1
4357,2714,1
2266,5165,1
3682,5165,1
4100,3094,1
4803,4367,1
1345,4367,1
25,4367,1
436,4367,1
1348,4367,1
4621,4367,1
1388,5360,1
5103,1388,1
599,1388,1
130,1342,1
5264,29,1
2969,1342,1
4523,1342,1
1349,1342,1
3915,1342,1
2918,1342,1
1616,1342,1
1726,1342,1
298,1342,1
4957,1342,1
1741,1342,1
321,1342,1
129,1342,1
1480,1342,1
3056,1342,1
4472,1342,1
2923,1342,1
2694,1342,1
2412,1342,1
2949,1342,1
952,1342,1
5075,1342,1
739,1342,1
365,1342,1
4053,1342,1
5033,1342,1
2058,1342,1
2582,1602,1
3820,1602,1
2303,2331,1
5357,3785,1
3362,514,1
716,514,1
4638,4422,1
3351,4492,1
2490,4492,1
5129,3735,1
942,1952,1
3567,1029,1
827,699,1
3969,699,1
4162,699,1
1308,699,1
5098,699,1
4796,746,1
5028,746,1
2150,746,1
3849,746,1
1259,746,1
4029,746,1
2904,746,1
2142,746,1
4333,686,1
908,4333,1
2738,4333,1
4333,4005,1
1791,4333,1
4614,4333,1
4333,2012,1
4412,4333,1
476,137,1
1931,4333,1
21,4333,1
4333,1322,1
1793,4333,1
4927,4333,1
4333,5009,1
4246,4333,1
676,4333,1
5200,4333,1
966,4333,1
230,4333,1
5174,4333,1
4333,3774,1
3868,4333,1
1931,2884,1
280,896,1
3805,1892,1
4144,1892,1
3682,3060,1
1089,1839,1
2058,1839,1
4523,3603,1
3088,3603,1
5403,137,1
1769,4053,1
4556,5183,1
5421,4053,1
2500,4053,1
739,4053,1
3783,4053,1
917,4053,1
3594,4053,1
4466,5025,1
2230,5025,1
2476,5025,1
1540,5025,1
3399,5025,1
573,188,1
4656,188,1
4780,2192,1
3154,2192,1
3670,2192,1
301,2192,1
4077,2192,1
2780,2192,1
4243,2192,1
1621,2192,1
1259,2192,1
4836,2192,1
2782,2192,1
5370,2192,1
4538,137,1
1366,3195,1
1195,3195,1
437,1366,1
3569,5205,1
4110,1399,1
2189,1399,1
2189,959,1
25,1140,1
1099,1140,1
580,1140,1
4896,1140,1
4347,137,1
4347,3794,1
4451,4796,1
2650,4796,1
1100,4796,1
1248,4785,1
4401,137,1
4538,5106,1
712,137,1
107,5106,1
271,5106,1
736,5106,1
2725,5106,1
2934,5106,1
1649,5106,1
4336,5106,1
3313,5106,1
3257,4417,1
5430,4417,1
2725,4417,1
2934,4417,1
1649,4417,1
5220,4417,1
3069,4417,1
4122,4417,1
3524,4417,1
11,2109,1
5164,3703,1
4369,137,1
3534,3703,1
4174,2196,1
5064,2196,1
74,137,1
2125,4362,1
4208,4362,1
4046,4362,1
107,4362,1
833,997,1
765,5488,1
2805,5488,1
3342,5488,1
3958,5488,1
1972,137,1
3190,5488,1
3684,5488,1
2724,137,1
2969,1855,1
4571,137,1
1145,1855,1
1194,137,1
504,1855,1
391,137,1
2255,4641,1
5301,137,1
833,4656,1
833,529,1
3632,1020,1
5269,1648,1
28,137,1
4733,5360,1
2266,5360,1
4984,5360,1
1809,137,1
2467,5360,1
1159,5360,1
2672,5360,1
833,4341,1
384,3062,1
4614,3062,1
1345,5223,1
765,5223,1
4281,5223,1
539,137,1
4795,5223,1
2566,5223,1
3557,5223,1
4110,5223,1
1144,5223,1
2368,5223,1
448,5223,1
4324,5223,1
1462,5223,1
2937,3449,1
2751,3449,1
4324,3449,1
4345,3449,1
3921,137,1
833,5268,1
833,5366,1
1843,4053,1
2942,4053,1
3192,1044,1
369,1044,1
4988,1044,1
5386,1044,1
4305,2413,1
1345,444,1
1335,4288,1
3506,2869,1
2683,30,1
2529,2318,1
339,30,1
992,4203,1
2985,4203,1
249,4203,1
4181,2318,1
3969,4203,1
586,4203,1
2501,4203,1
3058,4203,1
693,4203,1
285,4203,1
4872,2318,1
2148,610,1
3055,2318,1
3086,500,1
1695,500,1
4532,4887,1
121,4887,1
2507,2318,1
3371,4887,1
535,4010,1
4233,4010,1
535,3446,1
535,2253,1
1333,1836,1
454,2483,1
4412,574,1
2924,574,1
1972,2967,1
2684,574,1
1300,4697,1
2315,1081,1
2371,3443,1
5301,2967,1
779,2699,1
991,2699,1
4658,4716,1
767,4716,1
4595,4197,1
5026,1919,1
3192,1919,1
875,1919,1
292,4166,1
2969,4538,1
1972,2298,1
4957,4538,1
4743,4538,1
765,4831,1
4571,2298,1
4523,4831,1
3144,4831,1
4466,4831,1
3335,4831,1
2150,4831,1
3219,4831,1
3943,4831,1
3124,582,1
2903,582,1
4778,4095,1
4738,582,1
610,4807,1
4275,4758,1
4523,451,1
3058,4051,1
1926,451,1
4603,4807,1
145,451,1
4781,451,1
3651,451,1
517,770,1
4136,770,1
3502,770,1
240,633,1
3907,3309,1
1566,3309,1
668,3309,1
5028,3309,1
1144,3309,1
836,3309,1
5182,3309,1
4125,3309,1
5172,3309,1
1706,3309,1
876,5361,1
4787,4341,1
2111,731,1
3005,1026,1
1407,1114,1
3005,2031,1
2858,4753,1
3400,1525,1
1775,1525,1
1574,1525,1
4281,1525,1
2131,1525,1
2966,1525,1
4386,1525,1
4466,1525,1
3335,1525,1
2031,1525,1
1144,1525,1
2328,1525,1
1443,1525,1
3698,1525,1
2368,1525,1
5172,1525,1
4441,1525,1
657,1525,1
3854,1525,1
2744,1525,1
134,1525,1
1100,1525,1
1843,1525,1
2690,1525,1
2823,1525,1
2585,1525,1
1631,1525,1
739,1525,1
4005,1791,1
4710,3316,1
3808,3316,1
3634,3316,1
4398,3316,1
5480,3086,1
4523,3086,1
1927,3086,1
5357,3086,1
3051,3086,1
818,5480,1
3428,2368,1
4281,3400,1
2131,3400,1
3144,3400,1
4466,3400,1
2031,3400,1
3959,3400,1
3692,3400,1
560,3400,1
4466,3124,1
3692,3124,1
1781,4568,1
3565,3073,1
2861,3098,1
3452,2127,1
5103,3452,1
5140,4879,1
1345,4879,1
3669,4879,1
2650,4879,1
3101,130,1
3101,3476,1
1574,3101,1
3260,3101,1
3101,993,1
3101,5188,1
3101,3144,1
3101,2499,1
3101,792,1
3101,2934,1
3101,1965,1
3864,3101,1
3101,3366,1
3101,2324,1
3101,2368,1
4487,3101,1
3101,4957,1
1809,3101,1
1598,3101,1
3528,3101,1
5075,3101,1
1383,3101,1
4014,4054,1
873,3101,1
3260,2346,1
1875,3319,1
4521,3310,1
2346,2499,1
213,2346,1
2486,2346,1
3625,5140,1
1247,5140,1
1693,130,1
3261,130,1
716,130,1
130,690,1
2969,130,1
1574,130,1
4733,130,1
2320,3310,1
765,130,1
2266,130,1
3154,130,1
4046,130,1
4284,130,1
2934,130,1
1649,130,1
2621,130,1
1616,130,1
5146,130,1
2372,130,1
2453,130,1
557,130,1
4421,130,1
5240,130,1
3465,130,1
2672,130,1
800,130,1
3024,130,1
4614,3310,1
4297,130,1
21,3310,1
3179,130,1
4850,130,1
2738,1011,1
4603,1011,1
712,1011,1
4408,1011,1
577,1011,1
1280,1011,1
4337,1011,1
4048,1011,1
2738,2127,1
3261,2127,1
3016,2127,1
4185,2127,1
5103,2127,1
1489,3269,1
2008,2127,1
2127,3798,1
2835,2127,1
806,2127,1
125,2127,1
2537,2127,1
58,2127,1
4531,2127,1
5170,2127,1
3211,2127,1
10,2127,1
3914,2127,1
3996,2127,1
4581,2127,1
3216,2127,1
5402,189,1
3082,189,1
4117,189,1
21,189,1
4109,189,1
2850,189,1
158,189,1
2907,189,1
3972,189,1
2738,2383,1
4005,2383,1
3050,2383,1
5302,2383,1
3005,1872,1
1026,1872,1
4077,1872,1
664,3269,1
3849,1872,1
100,1872,1
1259,1872,1
2487,1872,1
765,3476,1
5103,3476,1
4386,3476,1
3144,3476,1
4466,3476,1
1144,3476,1
1573,3476,1
3117,3476,1
2610,3476,1
2368,3476,1
5065,3476,1
1123,3476,1
2056,3476,1
3708,3476,1
448,3476,1
4776,3476,1
958,3476,1
1345,4803,1
3992,4803,1
2969,4803,1
2460,4803,1
342,4803,1
3531,4803,1
4386,4803,1
4466,4803,1
4023,4803,1
2031,4803,1
2652,4803,1
5182,4803,1
4421,4803,1
2317,3269,1
4051,415,1
3508,727,1
3301,727,1
1339,727,1
655,727,1
4307,727,1
5207,727,1
2645,727,1
2738,1863,1
384,1863,1
4046,1863,1
712,1863,1
389,1863,1
1863,5170,1
4333,3269,1
4005,2125,1
4603,2125,1
4046,2125,1
3361,2125,1
712,2125,1
3798,2125,1
4257,2125,1
3626,1878,1
3626,2512,1
5052,4219,1
2290,4706,1
1236,3168,1
1042,2780,1
5241,3358,1
5303,4519,1
2620,4656,1
688,1930,1
4721,2561,1
4721,3913,1
4721,2891,1
5264,850,1
5264,5461,1
3705,384,1
2800,4768,1
2102,3949,1
4307,134,1
2563,4791,1
1085,2496,1
1085,3686,1
3766,1633,1
3766,943,1
4468,233,1
2305,2588,1
2748,943,1
4468,4683,1
3766,2155,1
2748,1633,1
5445,3399,1
1550,788,1
2672,848,1
1516,2358,1
5445,1305,1
3218,1305,1
5334,4088,1
1486,1305,1
1268,2087,1
3218,3399,1
1486,3399,1
5445,2678,1
994,2652,1
5334,1127,1
2650,2568,1
1486,2678,1
5187,3638,1
5309,2203,1
1486,2652,1
5385,2572,1
3766,1821,1
3218,811,1
4035,481,1
2476,3399,1
1649,1094,1
4734,4970,1
3698,2003,1
5445,3358,1
4291,1633,1
5445,4744,1
3218,5445,1
5187,3957,1
979,1312,1
5445,2230,1
5385,1834,1
4527,4574,1
4093,5295,1
2814,414,1
3454,2155,1
2129,5121,1
3454,2281,1
4111,2231,1
3335,2150,1
5445,2476,1
1486,2230,1
3295,5414,1
5445,5025,1
2129,4190,1
284,1643,1
3218,2678,1
3454,731,1
1401,219,1
5385,5389,1
3218,4744,1
3218,2230,1
1486,4744,1
3698,4019,1
1486,3358,1
1649,5456,1
3218,5025,1
3218,3358,1
1736,3692,1
2934,1094,1
2748,2155,1
1401,1428,1
4734,2219,1
4111,1096,1
4093,2347,1
994,3358,1
2129,200,1
2476,1305,1
3192,3250,1
5364,5295,1
5445,2652,1
1973,219,1
308,1870,1
2603,3287,1
5352,2117,1
5352,4615,1
3528,2627,1
284,1614,1
994,815,1
308,4651,1
1623,1823,1
3925,391,1
1486,5025,1
1856,1288,1
994,1486,1
5309,4750,1
2563,1094,1
5334,3958,1
2672,640,1
5385,1086,1
4734,2347,1
3218,2652,1
4825,4819,1
3454,882,1
5445,815,1
3454,4860,1
2563,1005,1
5385,388,1
3080,140,1
1486,890,1
1674,1302,1
5187,455,1
2672,1323,1
1691,1168,1
2129,2339,1
3454,700,1
2129,929,1
4734,4963,1
3454,3411,1
4035,5262,1
979,2386,1
4093,4445,1
5364,4734,1
1174,4458,1
1973,1428,1
3454,1917,1
4111,4160,1
3766,3667,1
4734,4087,1
2934,5456,1
3766,2748,1
521,4860,1
5385,182,1
1579,473,1
3218,2069,1
1486,3218,1
5410,5183,1
2563,3985,1
4734,1427,1
4527,3287,1
4111,2119,1
994,2069,1
284,3462,1
922,3980,1
3218,815,1
4734,859,1
107,2055,1
5309,2932,1
2603,3520,1
2672,4809,1
2563,2834,1
1268,1684,1
2202,3303,1
2748,4924,1
3454,4924,1
1110,961,1
3454,4406,1
4231,2681,1
5445,2069,1
3607,2489,1
1973,274,1
3951,5478,1
1649,1205,1
595,155,1
1649,848,1
3454,581,1
5171,5454,1
2421,3885,1
5410,4556,1
3218,890,1
4111,1769,1
2202,1513,1
3864,4936,1
2476,2678,1
2129,1192,1
5216,1710,1
1486,811,1
5309,3521,1
2563,1323,1
2664,780,1
3454,2993,1
1401,1973,1
5385,2364,1
5445,89,1
3038,1260,1
4527,3585,1
1973,1753,1
1674,3439,1
2367,1694,1
1649,3069,1
2129,5045,1
3864,2087,1
5451,1122,1
3454,4631,1
2501,1122,1
2563,130,1
5309,5476,1
3454,69,1
2129,5077,1
3218,2476,1
994,5025,1
1579,4757,1
4825,2092,1
2476,2230,1
3218,5110,1
1486,89,1
5445,3418,1
27,2390,1
2563,3767,1
5445,890,1
2941,3205,1
1649,3583,1
3487,4483,1
3698,182,1
3864,4643,1
4527,5096,1
4138,1639,1
4468,3417,1
1623,1316,1
1401,3158,1
3505,3495,1
2563,3769,1
2934,219,1
1973,438,1
5445,258,1
3454,973,1
2934,5355,1
5364,4826,1
2563,3069,1
3766,989,1
2603,3155,1
1691,2489,1
308,5480,1
4527,2308,1
2656,1896,1
2934,3976,1
3218,2706,1
4536,1488,1
308,46,1
4111,825,1
3766,1859,1
3218,89,1
2912,1204,1
4138,4588,1
3038,3158,1
3864,4193,1
2664,664,1
3454,2911,1
2814,1068,1
1674,2110,1
3454,2213,1
2603,5308,1
5445,661,1
5385,2491,1
1649,3489,1
2563,2256,1
2934,1780,1
308,802,1
3505,945,1
3454,1731,1
2603,722,1
2934,2005,1
5445,2081,1
3864,171,1
5009,4005,1
737,2563,1
3309,2038,1
1114,1508,1
5221,4270,1
1973,252,1
107,2950,1
3154,1633,1
3154,2512,1
3154,5488,1
3154,4849,1
3154,3706,1
3154,1251,1
3154,1000,1
3154,4651,1
3154,2608,1
3154,2155,1
3154,4778,1
3154,2932,1
959,3306,1
3454,2702,1
2083,3442,1
5309,487,1
2523,4208,1
2307,3186,1
2307,1163,1
1864,1163,1
4858,1163,1
5249,1163,1
3186,1163,1
2307,1864,1
2307,4858,1
3927,3186,1
3727,2426,1
1659,2108,1
3626,2108,1
1659,4598,1
3626,4598,1
3626,1613,1
3626,4925,1
3591,2877,1
3626,4513,1
3626,2218,1
2159,206,1
3524,2702,1
1144,4217,1
218,1144,1
218,4217,1
657,4217,1
1518,4046,1
885,1857,1
4182,777,1
4517,4414,1
1388,295,1
2661,1659,1
4329,1659,1
2661,4329,1
1659,903,1
4328,4268,1
1726,4268,1
90,4328,1
4,3805,1
2307,4618,1
1659,371,1
3626,371,1
2334,3487,1
3626,603,1
3727,3511,1
2738,1791,1
3154,2969,1
3743,1493,1
3743,3637,1
1493,3637,1
3743,3188,1
1493,3188,1
3637,3188,1
5264,4208,1
3727,2702,1
3144,3445,1
3626,2989,1
914,5345,1
914,3746,1
914,1503,1
914,4062,1
914,2401,1
914,130,1
914,2023,1
914,93,1
903,2001,1
3743,4163,1
3637,4163,1
3188,4163,1
5158,3524,1
1444,1739,1
4523,914,1
5146,5103,1
4108,3743,1
3637,4108,1
1518,4108,1
4108,3188,1
3487,3188,1
3637,3979,1
4108,1961,1
3637,1961,1
1848,2738,1
4523,2098,1
1617,2499,1
1878,623,1
2512,623,1
5183,3515,1
3515,4556,1
1617,4938,1
3515,2474,1
3927,4046,1
2474,4466,1
4983,4466,1
2523,39,1
2474,1015,1
2474,4579,1
4983,4579,1
2474,4983,1
1617,1511,1
2897,130,1
1144,2477,1
697,1127,1
1445,1720,1
2634,2760,1
3490,3572,1
1720,3989,1
4149,2423,1
4149,4060,1
4149,106,1
4149,2919,1
4149,2817,1
4149,302,1
4149,3482,1
4149,603,1
4149,2753,1
4149,1277,1
4149,3941,1
4149,3021,1
4149,2441,1
4149,3072,1
4149,2778,1
4149,5010,1
4149,2611,1
4149,1865,1
4149,15,1
4149,4828,1
4149,2211,1
4149,2366,1
4149,3949,1
4149,2885,1
4149,2388,1
4149,5084,1
4149,2463,1
4149,3978,1
4149,5346,1
4149,2586,1
4828,2423,1
4828,603,1
4828,15,1
4828,2885,1
2211,4060,1
2211,106,1
2211,2463,1
2211,2817,1
2211,302,1
2211,3978,1
2211,3482,1
2211,5346,1
2211,603,1
2211,2753,1
2211,1277,1
2211,3941,1
2211,3021,1
2211,2441,1
2211,3072,1
2211,2778,1
2211,5010,1
2211,2611,1
2211,1865,1
2211,3949,1
2211,2885,1
2211,2586,1
2211,2388,1
2211,5084,1
3072,2423,1
3072,4060,1
3072,106,1
3072,2919,1
3072,2817,1
3072,302,1
3072,3978,1
3072,3482,1
3072,5346,1
3072,2753,1
3072,1277,1
3072,3941,1
3072,2441,1
3072,2778,1
3072,5010,1
3072,1865,1
3072,15,1
3072,2366,1
3072,3949,1
3072,2885,1
3072,2586,1
3072,2388,1
3072,2463,1
3949,4060,1
3949,106,1
3949,603,1
3949,2753,1
3949,3941,1
3949,3021,1
3949,2778,1
3949,15,1
3949,2885,1
3949,2586,1
3949,2463,1
2753,2423,1
2753,4060,1
2753,2463,1
2753,2919,1
2753,2817,1
2753,302,1
2753,3482,1
2753,5346,1
2753,603,1
2753,3021,1
2753,2441,1
2753,2778,1
2753,5010,1
2753,1865,1
2753,15,1
2753,2366,1
2753,2885,1
2753,2388,1
2753,5084,1
4149,2474,1
2211,5246,1
2211,3282,1
3072,5246,1
3072,2363,1
3072,2474,1
3072,3559,1
3072,4345,1
3072,4187,1
3072,3922,1
3072,3282,1
3072,4918,1
3072,4461,1
3072,2391,1
2753,5246,1
2753,2363,1
2753,2474,1
2753,3559,1
2753,4345,1
2753,4187,1
2753,3922,1
2753,3282,1
2753,4918,1
2753,4461,1
2753,2391,1
1310,3883,1
1310,5338,1
1310,1618,1
3883,5338,1
3883,5285,1
3936,3883,1
3936,5338,1
1988,3883,1
4751,3883,1
3134,427,1
2472,4757,1
3338,4241,1
3288,711,1
3288,1869,1
3288,2143,1
1969,2218,1
2969,3321,1
2266,3172,1
3865,4888,1
3865,4056,1
3865,4143,1
3865,4726,1
2778,3941,1
4914,4281,1
3852,3133,1
1793,80,1
1793,637,1
637,2617,1
798,3470,1
3873,5350,1
76,1907,1
1857,588,1
1095,5074,1
3145,2561,1
4139,4271,1
5449,4650,1
5346,2441,1
4906,2091,1
4271,4309,1
3969,4139,1
1761,2832,1
3056,167,1
1495,1739,1
2429,2632,1
2429,4548,1
2429,5233,1
2644,1916,1
4757,5349,1
773,5196,1
3337,4214,1
1026,2791,1
1026,4134,1
352,1811,1
2469,534,1
5290,2774,1
1464,2774,1
1424,41,1
4575,4513,1
4575,2218,1
5015,2319,1
5015,4577,1
3486,792,1
5227,1913,1
5227,1006,1
2807,2348,1
3154,2513,1
4891,134,1
3144,134,1
3144,1503,1
1029,1503,1
4063,2632,1
4063,4548,1
4063,5233,1
4063,913,1
3117,2568,1
3117,2799,1
1144,4463,1
4463,510,1
4463,657,1
1646,510,1
1646,344,1
2576,1393,1
2576,1112,1
5016,3967,1
1031,4778,1
1031,2757,1
1031,60,1
3614,3736,1
2058,1349,1
2934,1574,1
3857,519,1
1726,519,1
1726,5000,1
645,412,1
2562,3319,1
490,533,1
830,1872,1
798,580,1
2807,3257,1
1620,106,1
1620,5306,1
5306,4640,1
5306,60,1
2317,2832,1
1570,727,1
3791,1264,1
3283,1818,1
4525,3883,1
3380,3708,1
1923,2497,1
1424,1108,1
1108,875,1
389,262,1
389,4424,1
2487,2870,1
2487,2019,1
2019,1144,1
2019,657,1
2575,1144,1
2575,657,1
2870,657,1
352,2982,1
5109,5333,1
2007,580,1
1864,1991,1
1060,3133,1
4466,2482,1
4466,5376,1
4466,375,1
448,4243,1
448,2481,1
448,579,1
3154,448,1
3154,2474,1
3423,231,1
422,2300,1
1962,4794,1
1962,5123,1
4521,806,1
806,4046,1
555,4150,1
3577,2846,1
5016,3669,1
657,5412,1
657,510,1
657,395,1
657,3217,1
657,1041,1
657,940,1
3271,1512,1
4804,1131,1
3700,1131,1
1131,5369,1
1131,1057,1
1131,2736,1
4604,3423,1
5119,2608,1
5119,2375,1
1144,506,1
2368,1029,1
1180,510,1
1180,657,1
1026,4309,1
344,1336,1
3417,1336,1
1336,1144,1
1336,657,1
1503,1026,1
1144,4775,1
4062,1026,1
737,666,1
134,1263,1
100,5049,1
630,1264,1
630,231,1
4195,1421,1
1026,2487,1
2192,5270,1
3154,2072,1
2192,2072,1
2072,2681,1
2072,2083,1
2072,3768,1
3154,2083,1
4432,2378,1
4432,60,1
4778,2474,1
4778,2487,1
4778,657,1
2378,60,1
2378,2487,1
2378,1144,1
2378,657,1
2131,4778,1
657,765,1
4514,765,1
34,1144,1
599,1962,1
4794,5015,1
4794,1546,1
4432,3061,1
4432,4585,1
4778,2757,1
4432,2757,1
4432,4095,1
2378,4585,1
2378,2757,1
3407,792,1
4414,2941,1
4463,5412,1
948,4353,1
2887,5412,1
2887,4463,1
2239,1144,1
1144,5412,1
636,2487,1
1144,4366,1
783,4523,1
1144,4138,1
657,4138,1
657,1123,1
134,1123,1
2031,2487,1
3154,2681,1
2083,4243,1
1699,2368,1
4486,4515,1
4095,2757,1
4095,60,1
4095,3768,1
1503,1649,1
1475,609,1
2966,2378,1
1187,4281,1
5016,2463,1
1345,882,1
4795,2824,1
2477,2368,1
1699,4523,1
4046,2368,1
533,4046,1
5444,2368,1
2645,1570,1
645,3342,1
3508,2239,1
1629,3508,1
4398,1994,1
4795,4803,1
448,2474,1
1501,4500,1
1501,3852,1
4053,107,1
3501,2982,1
4499,2982,1
2044,4111,1
2044,4787,1
3154,1878,1
2366,2778,1
2366,2885,1
2366,2441,1
2586,5010,1
4227,182,1
4227,4787,1
4521,2747,1
3753,3852,1
1886,4289,1
1565,1859,1
1565,989,1
1624,4155,1
3947,3257,1
2300,487,1
2300,2037,1
371,2815,1
371,69,1
186,5325,1
5325,2038,1
1522,1973,1
4654,4005,1
3712,4537,1
3101,171,1
3101,5430,1
5121,5045,1
4365,3798,1
2677,1857,1
1883,4143,1
3559,4187,1
670,2474,1
670,3559,1
2391,3282,1
2479,5380,1
2994,4518,1
3994,5349,1
485,3917,1
90,5240,1
4017,2835,1
1372,1485,1
1408,1658,1
2735,4401,1
2746,2738,1
2127,3050,1
3647,1339,1
1339,645,1
4106,304,1
2303,3636,1
4538,3915,1
5176,3316,1
5176,1179,1
3410,2735,1
3410,143,1
4401,4425,1
2348,3687,1
4700,3798,1
130,1349,1
3465,4417,1
4022,3943,1
276,1809,1
3818,1809,1
4577,2758,1
5070,2758,1
5070,4577,1
792,4854,1
4603,4870,1
4046,2317,1
4436,2837,1
1084,1042,1
4839,3732,1
4762,4537,1
5146,4558,1
3988,2160,1
3988,4310,1
485,2149,1
579,5270,1
579,2777,1
4636,1444,1
4839,1113,1
4839,3650,1
4839,1914,1
4839,4718,1
4839,909,1
4839,2459,1
1678,909,1
4988,4472,1
4819,2092,1
1050,2092,1
2770,4639,1
2907,929,1
4573,2402,1
1466,2649,1
3470,3154,1
3444,1962,1
3465,4017,1
4781,419,1
3941,2817,1
3941,2919,1
1111,676,1
5238,4259,1
5015,3331,1
5045,1016,1
3451,2806,1
1673,4017,1
5075,4250,1
5082,5196,1
405,4005,1
1255,2355,1
4246,2127,1
4654,5103,1
2239,2941,1
4763,5015,1
1676,712,1
5380,1814,1
3823,1450,1
1844,3454,1
1844,768,1
2353,5248,1
5248,2764,1
5248,4254,1
2127,1936,1
1345,3513,1
2395,4328,1
2395,5240,1
1185,2926,1
1185,5350,1
1185,1639,1
5350,1639,1
4053,317,1
1864,4053,1
3410,4425,1
4620,3346,1
4793,2563,1
2125,1269,1
3893,3101,1
3440,3101,1
3156,4826,1
5188,107,1
4558,1791,1
5188,4437,1
3156,593,1
3440,593,1
3342,5188,1
3440,3315,1
3440,3893,1
201,3773,1
4199,4576,1
5034,2317,1
5034,2494,1
4240,441,1
4617,1243,1
2131,3309,1
527,3558,1
4642,1714,1
1714,402,1
4634,5487,1
4761,231,1
2939,4888,1
2870,4353,1
4431,4953,1
3306,5015,1
5173,4595,1
2885,2778,1
5158,2994,1
3408,1665,1
1360,4046,1
2244,844,1
3880,844,1
1185,944,1
4625,3818,1
1647,3968,1
580,166,1
1417,1315,1
2494,3798,1
5369,1057,1
484,2239,1
3660,5223,1
2310,2807,1
953,1888,1
1167,5345,1
1167,2735,1
3941,4060,1
3941,2463,1
3941,3978,1
3941,3482,1
3941,603,1
3941,5084,1
651,4028,1
5409,1153,1
1605,1881,1
4622,2592,1
4622,4950,1
3743,3979,1
3743,1961,1
3619,4622,1
3619,2716,1
2650,4017,1
3698,3734,1
3698,1263,1
3698,2065,1
3698,2517,1
3698,3741,1
3698,1351,1
3698,1239,1
3106,5389,1
3106,2572,1
3106,1834,1
3106,2276,1
2276,5389,1
2276,5075,1
2276,2572,1
2276,1834,1
2276,1086,1
2276,5385,1
2276,3581,1
3581,5389,1
3581,2572,1
3581,1834,1
3581,1086,1
3581,843,1
3581,2364,1
3581,3737,1
5075,1834,1
5075,2430,1
5075,1086,1
5075,192,1
5075,3114,1
5075,1061,1
5075,3734,1
5075,3590,1
5075,2517,1
5075,1263,1
5075,2065,1
5075,3741,1
5075,1239,1
5075,1606,1
5075,1592,1
5075,1351,1
5075,927,1
5389,2430,1
5389,3043,1
5389,1086,1
5389,2466,1
5389,192,1
5389,3114,1
5389,4766,1
5389,1061,1
5389,4482,1
843,5389,1
843,5075,1
843,2572,1
843,1834,1
843,1086,1
843,5385,1
843,2364,1
843,3737,1
5385,5075,1
5385,3043,1
5385,3590,1
5385,3106,1
5385,3737,1
388,5389,1
388,5075,1
388,2572,1
388,1834,1
388,3043,1
388,1086,1
388,2276,1
388,843,1
388,2364,1
388,1263,1
388,3737,1
2572,1834,1
2572,1086,1
2572,2364,1
2572,3734,1
2572,3590,1
2572,2517,1
2572,1263,1
2572,2065,1
2572,3737,1
2572,3741,1
2572,1239,1
2572,1351,1
1834,1086,1
1834,2364,1
1834,3734,1
1834,3590,1
1834,2517,1
1834,1263,1
1834,2065,1
1834,3737,1
1834,3741,1
1834,1239,1
1834,1351,1
1155,5075,1
1155,2572,1
1155,1834,1
1155,1086,1
1155,3581,1
1155,843,1
1155,3737,1
182,5389,1
182,2572,1
182,1086,1
182,1834,1
182,1263,1
182,3734,1
182,3741,1
182,2276,1
182,2517,1
182,2065,1
182,5159,1
182,1515,1
182,3590,1
182,1239,1
182,1351,1
182,927,1
182,2430,1
182,3106,1
251,1263,1
251,3734,1
251,5389,1
251,3741,1
251,2065,1
251,1239,1
251,1351,1
251,3590,1
251,2517,1
251,5075,1
251,3043,1
1592,3043,1
3698,3590,1
5159,1263,1
5159,3734,1
5159,2517,1
5159,1351,1
5159,2065,1
5159,3741,1
5159,1239,1
5159,3590,1
1263,3734,1
1263,2517,1
1263,1351,1
1263,3741,1
1263,3590,1
2995,2003,1
2995,465,1
2995,4019,1
4019,182,1
4019,1721,1
4466,4031,1
1419,4347,1
915,5274,1
915,702,1
3400,1864,1
1029,4795,1
4919,402,1
1558,1060,1
666,5243,1
2523,1497,1
2523,419,1
646,4852,1
411,1691,1
1315,1021,1
1312,2373,1
4595,1157,1
2402,1575,1
4523,805,1
3393,3860,1
3393,713,1
3393,4589,1
3393,674,1
3393,2496,1
3814,4795,1
212,2710,1
3476,1973,1
1471,3778,1
1471,2858,1
3798,4694,1
4531,1962,1
2770,3941,1
2770,2878,1
1187,1345,1
4466,672,1
1091,2131,1
5264,5343,1
3269,2125,1
2650,1503,1
2650,1187,1
690,4017,1
2969,4017,1
3996,5103,1
10,4521,1
189,200,1
4046,343,1
3014,1925,1
130,2605,1
5264,2355,1
3451,2738,1
1121,5112,1
1121,351,1
2288,3740,1
415,4023,1
1962,77,1
5430,3854,1
4571,2967,1
3269,4046,1
442,5458,1
5303,2686,1
2213,973,1
1668,2934,1
2213,1917,1
4564,1317,1
1401,3982,1
1401,1965,1
3425,2487,1
399,3117,1
1578,2852,1
4939,2790,1
4939,5151,1
4939,4484,1
386,3969,1
4603,4576,1
185,4712,1
1967,1436,1
2843,2358,1
3257,514,1
3043,182,1
2029,5120,1
5368,487,1
5368,2300,1
5368,2037,1
5368,3201,1
5368,1867,1
5368,2768,1
5368,563,1
5368,4804,1
5368,5369,1
5368,3700,1
487,2274,1
3626,5021,1
2473,5404,1
548,1385,1
548,2402,1
2926,1385,1
3711,2837,1
5425,2954,1
2508,910,1
2385,4057,1
4890,2110,1
2523,1585,1
2738,5461,1
352,3143,1
4342,4053,1
225,3922,1
4289,3319,1
5431,827,1
765,5189,1
765,842,1
1026,1620,1
2031,1620,1
4298,3506,1
555,2807,1
2463,3978,1
2474,342,1
2660,2474,1
2660,2878,1
2878,4523,1
4523,2758,1
3571,2758,1
3805,2758,1
495,2725,1
1740,3915,1
1740,2918,1
730,3605,1
3549,5334,1
3805,5000,1
3969,4017,1
3967,1620,1
1520,1736,1
1466,4177,1
1305,2652,1
2652,2230,1
2652,890,1
3493,3864,1
4017,1965,1
1465,106,1
1465,2919,1
1776,106,1
1776,2919,1
1776,2817,1
1776,3978,1
1776,3482,1
1776,603,1
3941,5010,1
3941,15,1
5492,4595,1
3485,4005,1
1616,5015,1
972,3173,1
4017,5172,1
2501,4566,1
3969,73,1
1465,216,1
2848,2878,1
3487,1129,1
2031,3548,1
448,166,1
2443,701,1
3897,487,1
3897,2300,1
3897,4704,1
3897,3700,1
3897,4804,1
3897,1731,1
3897,4631,1
3897,4518,1
3897,2768,1
3897,889,1
3897,4419,1
3897,5158,1
3897,1232,1
3897,481,1
3897,2758,1
3897,1579,1
3897,5349,1
3897,5104,1
3897,4047,1
3897,5262,1
3269,149,1
579,4243,1
579,4685,1
579,2481,1
579,2037,1
579,2946,1
579,4031,1
579,68,1
4031,5270,1
4031,2946,1
2940,5270,1
943,2155,1
2878,673,1
673,706,1
1439,1122,1
3258,3476,1
3814,564,1
2725,3849,1
2725,1259,1
574,4384,1
864,4598,1
217,137,1
217,4915,1
130,1866,1
3487,1961,1
3487,562,1
4418,3257,1
3933,3476,1
3389,569,1
569,1122,1
3389,1122,1
1745,2358,1
1745,2926,1
1745,5464,1
1745,5072,1
1745,3925,1
1745,548,1
1745,1185,1
1185,379,1
1639,548,1
2098,5030,1
1466,645,1
5127,1508,1
2401,1866,1
2501,4276,1
1401,3481,1
1401,4384,1
4384,946,1
4072,1794,1
2669,388,1
464,1261,1
3476,2409,1
2892,4927,1
415,4816,1
5372,3695,1
3695,4853,1
5221,3045,1
979,3045,1
1,3949,1
1,2366,1
3409,2095,1
4487,2747,1
1315,2954,1
2268,93,1
1114,3117,1
1595,2501,1
5350,1334,1
1560,2940,1
1560,1334,1
5350,1560,1
1962,4276,1
1962,3995,1
2465,1122,1
895,171,1
895,5015,1
895,1347,1
5296,4385,1
5007,5464,1
2131,3117,1
2876,5000,1
2876,1466,1
5040,2656,1
5040,1896,1
1033,5486,1
1644,3828,1
2292,2845,1
2292,4439,1
1750,3828,1
1750,2845,1
1750,1283,1
1750,4439,1
2369,4439,1
3144,4778,1
533,4925,1
5240,4384,1
3154,3007,1
1534,217,1
4607,3709,1
3875,3476,1
4926,5464,1
985,5220,1
985,4441,1
5152,1250,1
1595,4368,1
4307,3117,1
3705,4384,1
2102,2940,1
4790,1339,1
3754,379,1
3754,2310,1
853,3257,1
853,73,1
853,3256,1
853,3416,1
2758,2535,1
1943,3476,1
1943,4523,1
2738,4598,1
1086,2669,1
3481,4700,1
3518,3684,1
2843,4756,1
3862,5464,1
4002,4309,1
594,2973,1
4334,244,1
5295,4441,1
4075,1617,1
4075,4332,1
1383,4280,1
3281,4984,1
4336,4984,1
3855,2233,1
3855,5233,1
4194,5000,1
1166,43,1
1506,3762,1
3762,4243,1
3762,3643,1
3762,5270,1
3762,579,1
3762,2777,1
4082,3762,1
2098,2048,1
305,645,1
2358,1624,1
107,1259,1
2571,4963,1
1541,4195,1
3481,2474,1
93,73,1
3003,162,1
1737,47,1
1737,1144,1
3101,2102,1
379,2098,1
3255,3371,1
3255,5188,1
4841,5135,1
4405,1991,1
898,580,1
205,657,1
4958,2313,1
5317,3508,1
5317,3301,1
5317,3586,1
5317,3810,1
4405,5145,1
4405,3186,1
4405,1163,1
4405,2307,1
4405,3606,1
903,3416,1
1933,1496,1
5128,4515,1
5128,1144,1
4711,166,1
5128,2177,1
1144,2177,1
815,1486,1
815,3418,1
815,890,1
815,89,1
1470,974,1
5493,2262,1
5493,3417,1
2206,4480,1
2206,3247,1
2206,482,1
3247,4480,1
3247,482,1
2206,2474,1
2262,3417,1
1118,1413,1
2463,4060,1
2463,2778,1
2463,3482,1
2463,603,1
2463,15,1
2463,2441,1
2463,5010,1
2463,2366,1
2463,302,1
2463,1865,1
1865,4060,1
1865,106,1
1865,603,1
1865,2885,1
2463,2885,1
2463,3922,1
2366,106,1
4711,706,1
4711,2513,1
4711,3037,1
1144,4074,1
1991,2307,1
1991,3186,1
1163,1991,1
2199,2487,1
2199,1144,1
2199,344,1
2199,948,1
3874,4243,1
3874,4188,1
3874,547,1
3874,3048,1
3874,5245,1
3874,3480,1
3874,2083,1
3874,2681,1
3874,4237,1
3874,3244,1
3874,517,1
3874,3768,1
1631,1677,1
1631,4933,1
1631,3797,1
1631,3244,1
5245,4243,1
2070,4572,1
2070,4933,1
4999,1969,1
3720,1648,1
2262,2736,1
474,5128,1
5358,1122,1
1122,5152,1
1363,3416,1
4095,4585,1
134,1872,1
2864,1144,1
2864,3907,1
3780,4515,1
5245,456,1
3780,3301,1
3780,2192,1
2419,5317,1
3518,3958,1
4792,3623,1
4051,1817,1
4384,1817,1
5011,1817,1
2595,3927,1
2595,3009,1
2595,2307,1
2595,3186,1
2595,1163,1
936,3005,1
1509,2474,1
3343,3508,1
3343,5207,1
4074,657,1
2523,4243,1
1163,861,1
4345,4480,1
482,4480,1
482,438,1
4480,438,1
3247,438,1
3088,2262,1
4541,645,1
1969,555,1
1969,2805,1
3217,2161,1
3217,1144,1
1144,4563,1
3241,3217,1
3241,1284,1
1677,3244,1
2811,2696,1
1123,2402,1
914,3476,1
2266,968,1
3626,2097,1
1659,2097,1
2097,4329,1
4485,1212,1
4441,4576,1
5267,1194,1
4441,3727,1
788,1866,1
679,5239,1
4781,3679,1
1830,3437,1
1089,2580,1
3535,2580,1
3535,2310,1
2347,2702,1
2347,882,1
1089,1334,1
3535,1334,1
3779,4434,1
325,4434,1
1118,47,1
788,2521,1
4752,1347,1
2380,1347,1
978,1323,1
3816,3330,1
3132,3330,1
1323,5314,1
1276,1864,1
4441,2628,1
4781,2628,1
4441,1219,1
4781,1219,1
1276,5247,1
2347,2219,1
4963,2219,1
4926,1042,1
978,2856,1
978,3069,1
1118,3684,1
4418,1878,1
4151,2955,1
4151,2386,1
4781,4714,1
1089,1639,1
3535,1639,1
4707,2102,1
3041,4012,1
4441,2260,1
4781,2260,1
858,176,1
3228,5004,1
1118,432,1
1323,4326,1
3041,37,1
3041,2706,1
3041,3075,1
815,2230,1
3041,2230,1
1789,2230,1
815,5025,1
3041,5025,1
3041,3358,1
1789,3358,1
3041,2476,1
1789,2476,1
3041,2652,1
1789,2652,1
3041,890,1
1789,890,1
815,1305,1
3041,1305,1
1789,1305,1
3041,3399,1
1789,3399,1
815,4744,1
3041,4744,1
3041,89,1
1789,89,1
3041,1486,1
815,2678,1
3041,2678,1
1789,2678,1
815,811,1
3041,811,1
1789,811,1
3041,5445,1
1789,5445,1
5267,2429,1
679,3331,1
4329,3457,1
1089,379,1
3535,379,1
2285,3241,1
681,2572,1
631,4466,1
3535,2402,1
4781,2264,1
154,4523,1
788,4523,1
4418,645,1
4418,73,1
978,4992,1
858,403,1
4491,403,1
788,2480,1
3663,2842,1
3132,2842,1
3588,2842,1
1323,2997,1
1323,1167,1
681,2364,1
788,1118,1
1550,1118,1
4290,1118,1
145,4644,1
1118,2679,1
4626,5462,1
4290,788,1
858,2592,1
858,679,1
1089,1560,1
3535,1560,1
1089,5350,1
3535,5350,1
1089,5464,1
3535,5464,1
1089,2926,1
3535,2926,1
1089,2358,1
1276,333,1
4441,333,1
4781,333,1
1276,1183,1
4707,3192,1
2347,3156,1
4963,3156,1
2347,859,1
4963,859,1
2347,4963,1
4963,945,1
2347,1993,1
4963,1993,1
4707,5120,1
4926,4927,1
3667,3757,1
3686,3757,1
5267,2588,1
2917,2588,1
631,756,1
631,1184,1
631,923,1
3686,820,1
3041,1789,1
145,4752,1
858,4950,1
3667,3686,1
2480,1833,1
3686,1833,1
1323,1000,1
5267,231,1
3522,231,1
5267,4761,1
3522,4761,1
1118,2908,1
3663,5132,1
3132,5132,1
3041,2888,1
3663,4255,1
3686,2748,1
3686,1821,1
4707,3036,1
1089,370,1
3535,370,1
4609,1417,1
3228,1417,1
4926,751,1
2316,4604,1
4441,4926,1
3041,3218,1
1118,5076,1
679,5076,1
1323,4542,1
3535,4717,1
2532,2246,1
1276,1943,1
3041,815,1
1789,815,1
3686,1757,1
1118,1510,1
4707,1348,1
4781,1583,1
3686,2014,1
2347,1427,1
3663,472,1
190,1239,1
3686,943,1
325,1854,1
3588,1854,1
4441,984,1
4781,984,1
4080,1452,1
4441,3253,1
4781,3253,1
978,5267,1
3686,674,1
1085,674,1
2380,3632,1
145,3632,1
3779,3663,1
325,3663,1
3132,3663,1
3588,3663,1
1323,277,1
4491,3389,1
679,3389,1
3779,3132,1
325,3132,1
3588,3132,1
1089,3071,1
3535,3071,1
1420,4781,1
1323,4968,1
4707,2152,1
4080,1240,1
3132,2042,1
145,671,1
3686,4924,1
3535,2843,1
3686,3393,1
1085,3393,1
4781,407,1
681,2178,1
1276,4038,1
2316,2215,1
3686,2215,1
1085,2215,1
1089,141,1
4781,5295,1
4963,4087,1
3041,5069,1
681,1086,1
681,1834,1
3535,1124,1
3535,3760,1
2347,4970,1
3535,5030,1
2669,2364,1
4151,1601,1
3535,1442,1
2532,3724,1
1089,3289,1
4441,4127,1
4781,4127,1
3045,3986,1
1276,2040,1
4707,637,1
851,4418,1
1089,361,1
2709,1496,1
4491,2465,1
1550,3360,1
789,1349,0
588,906,0
51,2643,0
3887,4622,0
482,2257,0
3434,4900,0
650,3256,0
801,1575,0
4801,3705,0
3477,755,0
2984,4364,0
2247,2290,0
1003,3859,0
1379,1586,0
2913,1239,0
938,2330,0
3743,5111,0
5003,401,0
4888,1114,0
2302,4973,0
1475,1646,0
5271,1838,0
590,1065,0
623,3359,0
4730,3014,0
4754,3255,0
5449,2064,0
2492,2448,0
675,2044,0
5380,4175,0
4945,5248,0
1,179,0
2503,4947,0
3257,601,0
2159,3892,0
1339,2002,0
4284,3400,0
1426,4967,0
5232,4258,0
4129,1041,0
5453,1360,0
3304,1464,0
647,5252,0
1024,5485,0
2467,3443,0
5305,776,0
4343,4921,0
2313,880,0
2253,4763,0
5312,4007,0
983,5241,0
3678,896,0
3489,2013,0
461,3566,0
4603,1853,0
3692,4535,0
5487,578,0
2837,4297,0
4398,712,0
398,390,0
4452,4030,0
1158,5013,0
2484,2471,0
3526,419,0
1774,49,0
1083,1268,0
5344,3825,0
852,271,0
1005,460,0
2260,4072,0
2576,654,0
2693,579,0
872,860,0
82,2685,0
4915,819,0
297,5145,0
4021,5350,0
1969,1625,0
890,4910,0
1616,4165,0
2276,1242,0
1302,4525,0
366,4324,0
3603,1304,0
448,4474,0
3808,1899,0
2610,2804,0
1212,2629,0
3608,179,0
3529,1329,0
3376,4019,0
4528,4801,0
3428,3395,0
5400,2100,0
2239,1717,0
3732,2443,0
113,4306,0
3332,3139,0
3004,3308,0
4904,2560,0
410,966,0
4513,3040,0
5098,796,0
4844,1479,0
3606,1118,0
933,1364,0
4580,1209,0
5224,3829,0
1602,2580,0
4982,655,0
1397,1402,0
2455,3526,0
3169,2541,0
2800,160,0
2400,4166,0
1032,109,0
2671,1987,0
1098,3184,0
5359,4155,0
2377,3856,0
2541,2970,0
3389,250,0
3388,393,0
2641,377,0
2389,850,0
2812,4979,0
5495,239,0
3938,1396,0
1547,1546,0
4756,2437,0
4001,2909,0
4383,705,0
1208,240,0
4614,2408,0
1081,4460,0
2276,5475,0
2401,733,0
2735,4935,0
1417,275,0
231,1800,0
3268,4835,0
158,413,0
4628,3456,0
3619,1415,0
3521,4689,0
4705,3486,0
4189,5159,0
4995,3156,0
2559,2183,0
1794,4550,0
2325,2336,0
951,1349,0
472,5020,0
3277,2669,0
2580,4208,0
2688,206,0
1442,1878,0
3198,304,0
2303,3177,0
2171,1721,0
4712,3047,0
4819,1078,0
3896,4125,0
225,3533,0
4737,4488,0
4420,5132,0
1132,1968,0
1127,5464,0
1468,4996,0
4412,2949,0
3165,4078,0
3886,1368,0
638,943,0
2383,2344,0
4430,3666,0
2056,5227,0
66,4354,0
3495,732,0
664,4871,0
3665,2998,0
5213,2995,0
1901,1886,0
4603,2725,0
2615,1877,0
2720,2364,0
4500,979,0
1923,5346,0
3593,4103,0
2379,1570,0
1550,307,0
391,3826,0
2101,3601,0
4051,2331,0
6,5348,0
4899,5076,0
5426,1227,0
2239,666,0
3492,4708,0
1918,1446,0
5190,2071,0
3321,4876,0
3944,415,0
27,1569,0
4289,1802,0
1658,2715,0
5039,4234,0
5347,1615,0
5241,4996,0
1194,245,0
1164,112,0
16,1062,0
5375,893,0
2353,3242,0
3825,3404,0
1225,2652,0
1782,1812,0
4744,844,0
774,4755,0
2954,1021,0
2205,2912,0
669,311,0
4923,3698,0
3490,2851,0
5413,4060,0
2339,550,0
725,5442,0
123,4297,0
183,4083,0
4702,3291,0
1974,4117,0
844,4872,0
4357,2327,0
2318,2977,0
2216,3287,0
3243,1063,0
1825,1094,0
224,2673,0
4602,3675,0
2748,1544,0
1682,1070,0
2007,4361,0
1705,3736,0
1977,2141,0
1700,2503,0
4964,4190,0
4275,2634,0
4762,937,0
1523,4183,0
5212,1219,0
1404,682,0
762,317,0
114,4293,0
162,5437,0
906,4315,0
1545,2758,0
737,1362,0
3285,2271,0
2555,2630,0
122,5449,0
438,1929,0
3821,3410,0
2785,1948,0
3589,2001,0
1378,2506,0
10,1392,0
3118,253,0
4028,5032,0
3231,21,0
5211,2750,0
958,1918,0
2561,4729,0
4199,1426,0
3097,1531,0
334,383,0
4835,1180,0
802,4755,0
2602,292,0
328,2371,0
878,3126,0
1470,1812,0
2910,5217,0
2116,2936,0
4593,3484,0
2064,4977,0
2109,3515,0
3716,1311,0
338,5465,0
3172,4082,0
5368,4531,0
4920,565,0
3365,3074,0
5399,823,0
4030,697,0
84,4088,0
4201,883,0
3977,1351,0
2344,5171,0
2323,4623,0
2326,3087,0
4962,2557,0
5209,2494,0
3220,5411,0
4904,5040,0
819,1678,0
3217,5071,0
876,2188,0
4558,2058,0
851,4741,0
938,4914,0
1937,808,0
4175,3301,0
324,523,0
362,662,0
3224,4663,0
4231,839,0
2482,4980,0
4727,1458,0
1670,4265,0
277,61,0
2059,1573,0
635,1598,0
2392,4261,0
3724,4470,0
2591,350,0
1693,119,0
2502,1142,0
4600,1412,0
3001,3727,0
3914,4173,0
556,3358,0
631,4742,0
1261,4546,0
1272,564,0
2183,2816,0
3228,4816,0
1318,1063,0
4732,1449,0
1745,987,0
2724,1062,0
5294,2601,0
5099,611,0
4036,1079,0
1584,1858,0
1418,393,0
4735,4474,0
2988,3139,0
3868,5175,0
5050,602,0
5172,1945,0
1619,4424,0
128,1753,0
2884,2540,0
1480,5288,0
4294,4884,0
5273,1036,0
1026,2019,0
1479,5260,0
2017,3115,0
2991,1743,0
5404,1932,0
1210,401,0
4792,3472,0
1293,1955,0
4125,3214,0
1777,3707,0
4012,242,0
585,1063,0
5345,4744,0
2761,959,0
3556,3350,0
95,4565,0
2526,5440,0
4980,1225,0
4120,2129,0
4152,711,0
3193,2602,0
4214,3353,0
3940,1101,0
4915,1183,0
2482,331,0
1058,4252,0
2732,4647,0
3852,2558,0
1376,1647,0
3687,1344,0
4617,5012,0
4434,4378,0
3424,1169,0
4974,3252,0
5364,276,0
2167,2643,0
4736,3536,0
4158,1270,0
2314,2187,0
553,2658,0
1671,250,0
2794,2843,0
5096,3403,0
101,4024,0
4701,2112,0
3820,815,0
1099,3695,0
3521,1091,0
1512,3918,0
2616,1874,0
46,4453,0
3734,201,0
1185,3429,0
1521,5052,0
666,5327,0
4103,2242,0
5257,4999,0
1248,3924,0
2265,1095,0
5037,657,0
3644,403,0
3518,1608,0
5389,2698,0
2747,4817,0
1016,5061,0
3150,4155,0
2757,1080,0
1471,4317,0
5180,1625,0
3480,3241,0
1679,3701,0
1322,1206,0
5200,2921,0
5289,1845,0
2425,830,0
3970,4721,0
4439,3524,0
1952,2184,0
513,220,0
2698,2487,0
4318,2582,0
1533,1950,0
536,4226,0
4125,243,0
4226,522,0
1807,4191,0
85,3162,0
4693,2402,0
4140,1753,0
1992,3724,0
3028,2105,0
4269,4018,0
5071,2652,0
4621,3421,0
497,1186,0
5386,926,0
2059,1146,0
4483,1008,0
2475,4950,0
2471,3412,0
2398,2411,0
1401,4654,0
2878,2589,0
3861,3210,0
1031,4088,0
4416,4708,0
2804,2426,0
5232,1174,0
2898,1704,0
3662,911,0
549,5404,0
783,4770,0
2642,3484,0
4300,1873,0
1573,4722,0
4968,4085,0
2875,4645,0
3700,2702,0
327,779,0
3578,1579,0
3672,4270,0
1021,5442,0
4107,1697,0
3137,3899,0
98,1588,0
3027,3278,0
2819,2792,0
3150,2961,0
3785,3327,0
4199,304,0
1515,4266,0
2829,3102,0
2011,3857,0
919,351,0
375,1550,0
1179,3516,0
2674,2252,0
3467,2570,0
1184,596,0
1303,2865,0
4723,191,0
4844,4781,0
5185,72,0
4726,819,0
4060,3769,0
3497,277,0
4789,4267,0
4578,1066,0
2209,4262,0
2184,1883,0
829,4541,0
2174,2663,0
343,2598,0
3019,1594,0
2069,4356,0
2246,483,0
5433,1228,0
3451,4040,0
3077,1341,0
3626,3802,0
5291,4135,0
4234,5278,0
446,3730,0
1516,4874,0
1297,2856,0
2519,5109,0
2966,3440,0
2780,5194,0
4309,1336,0
17,380,0
1518,2129,0
2702,1233,0
445,5200,0
4632,1781,0
3941,5299,0
1886,4633,0
2581,4182,0
3503,3251,0
2664,819,0
4898,3802,0
1957,182,0
1447,1034,0
2660,221,0
4469,1271,0
3061,2961,0
2686,3257,0
4377,5104,0
3144,2423,0
1162,3585,0
4669,4418,0
1844,927,0
270,1719,0
3011,2379,0
967,2951,0
1382,561,0
2559,3572,0
3361,3498,0
16,3261,0
4495,2552,0
2938,4647,0
1526,2101,0
4733,4380,0
3700,2981,0
571,1835,0
3190,2521,0
4860,4731,0
249,172,0
1273,1760,0
3260,837,0
1990,3051,0
1266,5409,0
2035,970,0
5327,5054,0
579,4831,0
937,3663,0
3136,3467,0
5198,2766,0
3456,1306,0
3648,4762,0
5128,5351,0
3609,2718,0
2362,3746,0
680,3678,0
3481,5476,0
4667,2054,0
229,1214,0
2201,87,0
5161,4576,0
470,4627,0
2489,4176,0
397,5255,0
108,1397,0
3494,5062,0
4401,5447,0
2148,848,0
3240,2462,0
3707,3708,0
4128,3105,0
5090,448,0
5136,3503,0
1687,3662,0
3428,3501,0
4033,1040,0
5312,776,0
5043,3877,0
3055,1392,0
3373,3722,0
3012,220,0
884,190,0
416,1772,0
2658,1078,0
3042,1146,0
2473,2991,0
1692,3966,0
3491,93,0
2217,2248,0
93,901,0
2385,984,0
3483,4661,0
871,1985,0
2063,5457,0
2777,5314,0
5267,1377,0
5246,65,0
2792,3982,0
3444,14,0
2061,234,0
1405,1214,0
2417,4308,0
1623,2785,0
1356,733,0
4354,1120,0
1934,2798,0
932,4969,0
1795,1411,0
3810,914,0
5332,159,0
4777,5319,0
3713,43,0
3439,3157,0
2430,3821,0
3773,2218,0
4504,2241,0
5389,1978,0
4373,3648,0
4189,4632,0
976,4105,0
645,2237,0
3843,5260,0
254,4651,0
1650,740,0
2113,4315,0
1614,378,0
867,2277,0
3068,3467,0
680,2950,0
3368,651,0
1588,2834,0
413,2187,0
3497,3007,0
4086,1152,0
3852,2781,0
1711,4356,0
4777,3131,0
2748,19,0
4788,755,0
3354,941,0
484,200,0
3858,523,0
4861,878,0
4822,3381,0
1915,2815,0
1105,4503,0
4693,677,0
1649,2382,0
4023,4922,0
2568,1392,0
3892,2939,0
885,4282,0
4073,969,0
5420,3613,0
2774,2036,0
2319,3660,0
2202,1915,0
1286,3961,0
1454,2946,0
2885,2252,0
3562,2982,0
1770,3776,0
2197,381,0
4395,401,0
4899,3236,0
259,1806,0
2088,3908,0
1228,3767,0
3146,2775,0
3185,1521,0
1991,2322,0
892,5154,0
104,4793,0
3007,3837,0
5413,4907,0
2904,3570,0
88,4197,0
418,3546,0
2396,189,0
2892,606,0
5317,2004,0
3610,5084,0
5212,2579,0
1230,1698,0
1689,228,0
359,905,0
2955,2580,0
3012,1974,0
5170,4400,0
1995,1380,0
3393,2989,0
3206,2151,0
2820,4547,0
1855,4568,0
703,672,0
3516,1447,0
5389,5051,0
1586,255,0
1835,3446,0
3323,1829,0
2349,875,0
3893,1718,0
254,2511,0
3687,2695,0
158,5200,0
112,4810,0
3604,3159,0
964,3391,0
3922,429,0
1448,1472,0
4016,143,0
4014,2785,0
4311,1672,0
5057,1192,0
4197,5492,0
1033,4971,0
1010,2325,0
4951,1848,0
1666,3910,0
1092,5126,0
2351,1012,0
3932,3449,0
4679,3755,0
2312,4132,0
1505,5432,0
1520,3254,0
3125,2247,0
2983,1105,0
2614,4825,0
722,4986,0
4720,3732,0
5176,562,0
977,3574,0
3955,4856,0
54,357,0
5161,2413,0
994,4975,0
1023,5089,0
5310,4854,0
2281,4753,0
1841,1405,0
3958,1765,0
2069,2895,0
2442,3426,0
4905,1418,0
5143,4224,0
2552,2353,0
2597,172,0
4230,2070,0
2716,3830,0
182,1132,0
1541,5115,0
754,2996,0
3741,1113,0
1404,4656,0
299,4600,0
4280,2456,0
1346,1915,0
554,4134,0
3869,1817,0
3588,2489,0
186,2483,0
1216,3215,0
2989,4767,0
3267,1189,0
5086,3960,0
5435,4735,0
3220,940,0
3354,4889,0
3302,3083,0
491,3735,0
4471,2581,0
1671,1990,0
488,874,0
1140,5260,0
800,3997,0
4439,2677,0
1541,1687,0
4654,473,0
1377,1948,0
4445,5279,0
782,4570,0
3645,3685,0
3811,2173,0
79,2583,0
3144,193,0
2884,3946,0
909,935,0
730,5170,0
4103,3888,0
189,47,0
3975,1633,0
3757,948,0
2776,1499,0
3446,1127,0
2688,943,0
1298,1560,0
272,2834,0
4313,2721,0
4984,57,0
482,2953,0
2270,5177,0
4598,279,0
1979,4740,0
181,2778,0
3062,339,0
12,3583,0
4364,2,0
683,2539,0
4727,107,0
3109,48,0
3099,2639,0
4972,4622,0
3766,2523,0
5108,5357,0
4779,265,0
3491,1729,0
4609,3548,0
2785,1876,0
100,5211,0
3198,2369,0
3025,264,0
2343,5178,0
3539,830,0
5361,5413,0
2459,2737,0
2772,56,0
1630,987,0
4419,1515,0
4061,3687,0
5310,5231,0
3437,3438,0
5311,3796,0
2483,4896,0
4187,2678,0
2699,2660,0
3368,3044,0
5479,4012,0
3546,1847,0
3423,637,0
2563,4640,0
3834,3218,0
4966,657,0
1187,1115,0
1223,1288,0
4525,213,0
2523,4971,0
987,2508,0
417,443,0
1726,4646,0
2515,12,0
3769,853,0
2984,3839,0
3775,4518,0
1013,3097,0
175,4719,0
3140,3808,0
4210,2502,0
2672,4118,0
1884,4600,0
5194,3411,0
4600,3171,0
3001,2849,0
390,5391,0
3384,408,0
1292,87,0
2829,4025,0
4997,3457,0
3190,1297,0
3820,689,0
1785,1062,0
2572,1830,0
4171,1281,0
4233,3952,0
137,218,0
841,828,0
2805,5404,0
4585,2625,0
4503,3581,0
5123,3520,0
5224,4320,0
4443,430,0
229,3042,0
4371,5377,0
1219,4715,0
3368,135,0
3621,1919,0
1231,5231,0
3861,5486,0
4794,3046,0
5472,5050,0
3273,3056,0
1837,1145,0
5307,53,0
4590,1487,0
2368,5067,0
2797,3745,0
67,1687,0
2501,3306,0
2459,1790,0
1855,1217,0
3202,2920,0
3002,1295,0
1847,3472,0
4742,4018,0
2550,214,0
3764,4371,0
2602,2022,0
1266,1376,0
117,3191,0
3202,3843,0
2766,2098,0
31,1027,0
2834,4324,0
457,3476,0
4828,4079,0
852,1013,0
662,1324,0
207,5431,0
466,1127,0
4515,1084,0
3896,651,0
3713,3964,0
4168,2861,0
2097,1749,0
4018,2113,0
315,3105,0
5357,1054,0
2878,5306,0
4338,1968,0
3895,3760,0
623,2922,0
3340,4615,0
5090,2953,0
3241,4946,0
5306,1073,0
3983,2337,0
948,3317,0
3110,4508,0
4065,643,0
4839,3288,0
4308,1937,0
5453,1371,0
2404,2700,0
4435,3343,0
2735,5333,0
2533,3335,0
1973,4093,0
4266,3081,0
3128,3099,0
3756,3943,0
2352,3995,0
5219,249,0
3326,3041,0
4793,1919,0
1523,3334,0
2825,2013,0
3593,3421,0
3256,2340,0
4789,4815,0
2932,3946,0
679,1869,0
4968,4420,0
190,4798,0
3718,2380,0
1634,4552,0
5214,311,0
708,813,0
3752,407,0
2143,810,0
2581,934,0
1748,5468,0
3026,5394,0
1361,1586,0
4214,3860,0
1426,980,0
1191,557,0
3523,3928,0
4208,3993,0
3765,314,0
32,3189,0
2698,2450,0
1780,1280,0
4338,607,0
435,1367,0
2937,316,0
3053,1319,0
4136,3965,0
441,132,0
1922,3689,0
4739,5417,0
1412,1654,0
3945,1961,0
3574,4839,0
1736,2448,0
4298,5442,0
1655,2592,0
5009,803,0
3652,776,0
1872,4859,0
1602,1048,0
2938,4295,0
3515,1112,0
487,3868,0
3671,2059,0
2190,5295,0
4266,1447,0
702,3186,0
3434,1753,0
533,3532,0
2269,881,0
5074,5307,0
2904,3553,0
903,2468,0
2890,3183,0
4366,5046,0
3521,1766,0
4611,4092,0
1277,4109,0
4695,3364,0
4538,2179,0
484,348,0
5283,4539,0
698,5278,0
906,1186,0
1466,5281,0
563,1656,0
5231,2862,0
388,2273,0
4731,2469,0
3640,1471,0
3782,1277,0
1343,1223,0
5494,1838,0
2141,3886,0
207,4370,0
3957,441,0
1673,2134,0
1889,79,0
3358,4111,0
2633,4970,0
926,4281,0
3473,2924,0
1173,3759,0
1493,5270,0
2087,2708,0
4607,4612,0
1097,1280,0
4122,1362,0
1647,1871,0
2127,3268,0
5067,2153,0
578,5035,0
3430,4973,0
821,547,0
3175,3019,0
3783,2905,0
4373,2358,0
309,2309,0
3870,3855,0
4565,790,0
4422,3946,0
4975,1048,0
4826,2377,0
4172,4589,0
2898,913,0
1628,260,0
808,5241,0
1427,502,0
1790,2694,0
1803,3982,0
4094,5327,0
1884,5065,0
399,263,0
3840,785,0
4681,3547,0
2894,5164,0
3547,1115,0
1831,5384,0
3360,2503,0
1087,3226,0
5314,574,0
2153,1961,0
348,5166,0
3842,237,0
2465,4750,0
813,2531,0
158,2228,0
4035,1335,0
5408,764,0
44,4530,0
215,2560,0
4405,3509,0
1447,4522,0
3755,92,0
2954,533,0
5020,3390,0
2697,4643,0
4500,996,0
3914,921,0
3872,1671,0
5396,4012,0
4425,1038,0
2153,2373,0
4446,209,0
5442,1966,0
2583,4228,0
3857,4929,0
3079,1896,0
5290,1949,0
2597,894,0
5479,541,0
5420,2817,0
2141,343,0
1480,2134,0
3997,4517,0
3588,1725,0
633,304,0
2579,3109,0
4254,2713,0
3552,187,0
3292,2796,0
5184,350,0
1746,3343,0
2805,14,0
2309,3681,0
767,715,0
3070,2701,0
1013,209,0
4049,4905,0
1437,1021,0
2492,4089,0
3363,3938,0
1063,1845,0
2940,3153,0
5110,1254,0
815,4155,0
124,1989,0
3299,1813,0
1568,66,0
1195,274,0
513,2286,0
3634,2470,0
1728,748,0
2219,4351,0
1974,2223,0
4744,1986,0
5406,412,0
4225,218,0
669,257,0
1156,1192,0
4922,46,0
2685,3041,0
3046,3924,0
3681,2418,0
4857,3887,0
542,4201,0
2428,5303,0
35,3268,0
3138,5031,0
3057,3061,0
889,4269,0
5492,3078,0
1201,1286,0
3601,4661,0
3665,866,0
3136,1782,0
433,1380,0
1138,4880,0
5422,1007,0
3603,1818,0
2297,4762,0
5340,1732,0
3563,1892,0
3397,3182,0
5179,5000,0
4354,2931,0
1715,1115,0
4488,1623,0
1906,3276,0
5071,5207,0
2563,1422,0
3122,4250,0
3231,1003,0
2082,2854,0
526,4058,0
1996,3850,0
893,4,0
1044,3134,0
2869,5244,0
3173,2619,0
5259,1928,0
4153,3820,0
5141,2784,0
1822,3943,0
123,3259,0
4507,692,0
2073,128,0
3330,1861,0
5096,1392,0
3061,1117,0
4128,4682,0
2639,2542,0
1468,2371,0
1483,1482,0
1411,4606,0
4029,700,0
5303,726,0
3349,2094,0
2853,3329,0
4021,594,0
628,2133,0
1285,5114,0
858,2249,0
765,3386,0
4017,3362,0
2986,971,0
4354,337,0
3344,964,0
4589,4130,0
2824,3368,0
4380,4654,0
4696,859,0
1298,1392,0
2277,1525,0
4149,5476,0
2048,3173,0
780,2334,0
2885,4378,0
2331,839,0
5470,1522,0
4564,2662,0
5194,5473,0
4628,4866,0
3316,4536,0
4701,737,0
4814,5030,0
4059,3710,0
64,745,0
5073,2410,0
3075,1383,0
2201,5110,0
3193,477,0
2228,2917,0
2746,2584,0
5402,150,0
1517,1986,0
1938,2973,0
2296,5019,0
1148,1711,0
2811,2929,0
5416,2176,0
2083,1345,0
5131,2885,0
2154,1794,0
972,5386,0
4333,4831,0
5446,2164,0
5435,1870,0
4288,19,0
3478,1025,0
2314,4374,0
1378,5308,0
4437,1800,0
878,829,0
3216,1560,0
3849,2553,0
5302,872,0
4329,3127,0
2857,3916,0
4697,3538,0
2305,152,0
1175,4217,0
1124,817,0
4004,1157,0
1247,2991,0
1447,1493,0
1096,2798,0
3096,2099,0
1060,1390,0
1379,2461,0
4057,2143,0
1400,1837,0
2577,2872,0
4468,251,0
1571,2989,0
2079,3632,0
1354,4776,0
1770,805,0
264,4490,0
5117,4590,0
1824,5062,0
3616,453,0
2227,2074,0
1064,5293,0
2335,3021,0
87,1645,0
371,1009,0
4296,334,0
3626,1820,0
4654,2109,0
3973,3851,0
5240,3146,0
4599,2247,0
4942,159,0
4014,5467,0
4183,4673,0
5174,3349,0
4075,4058,0
3038,3737,0
312,2859,0
673,3588,0
3680,530,0
4500,2102,0
893,4757,0
521,2109,0
2604,3070,0
1775,94,0
5200,4680,0
121,4293,0
5129,2371,0
111,1334,0
3324,4465,0
3516,2316,0
4988,4954,0
5461,4134,0
1373,5169,0
4709,4273,0
3976,910,0
4641,473,0
2725,2779,0
3346,421,0
4498,1509,0
2310,5247,0
3564,3490,0
1905,4547,0
777,2012,0
2412,2270,0
5250,1463,0
4489,3115,0
4283,4644,0
3710,4769,0
334,2196,0
5274,68,0
5210,1879,0
3632,3359,0
3808,4123,0
4142,2174,0
2184,3090,0
3539,302,0
436,1451,0
4837,3382,0
3887,2397,0
252,4619,0
1785,4650,0
4446,3067,0
3943,3503,0
1206,3716,0
1878,504,0
4239,5448,0
764,3115,0
945,2053,0
751,795,0
233,311,0
4022,2722,0
2628,1408,0
1812,837,0
456,3229,0
3307,997,0
4396,1948,0
2589,2855,0
1643,3243,0
519,1159,0
4201,1846,0
4622,4416,0
3132,1216,0
5378,168,0
3666,4390,0
618,1417,0
4935,5177,0
472,111,0
4940,934,0
5446,4552,0
4295,2144,0
1337,4016,0
4397,901,0
4439,4457,0
2334,2292,0
2757,1982,0
3176,615,0
1000,4928,0
4647,1229,0
3308,1392,0
183,3015,0
974,4105,0
1083,3892,0
2388,5459,0
760,2905,0
805,4468,0
2158,1451,0
3660,4532,0
1094,2907,0
4581,1995,0
1820,5344,0
82,4611,0
2440,1256,0
5290,4925,0
3139,4243,0
2581,4591,0
3513,2418,0
1118,4943,0
2419,923,0
3860,5066,0
2225,2253,0
4603,1921,0
139,623,0
1970,10,0
1511,3054,0
2361,1291,0
3894,3250,0
5246,380,0
2736,4203,0
5252,3899,0
4742,1954,0
5495,1363,0
1545,1843,0
3822,5022,0
4190,1410,0
3930,2664,0
3034,5199,0
4265,2472,0
930,2437,0
3934,2685,0
4437,602,0
2854,2206,0
4812,1669,0
5053,1676,0
771,1051,0
3079,1604,0
25,4186,0
2239,1002,0
5086,3923,0
1863,1519,0
4454,4138,0
2569,3665,0
4379,1652,0
2580,5258,0
46,3839,0
4280,4325,0
556,3238,0
145,4355,0
5053,792,0
3340,3328,0
3628,4031,0
4205,4192,0
2873,3352,0
3176,476,0
905,3485,0
5378,982,0
328,1567,0
574,761,0
1267,3216,0
3748,3074,0
162,4510,0
618,3492,0
1335,3553,0
219,4452,0
4159,2491,0
2807,3286,0
4907,1327,0
2016,827,0
3546,2432,0
2303,792,0
633,5223,0
2016,937,0
178,726,0
4260,1145,0
607,4228,0
580,3759,0
4709,2126,0
3540,3762,0
1413,4396,0
2510,2306,0
1606,2241,0
5051,535,0
5094,724,0
1179,5387,0
2507,209,0
2186,2501,0
2438,3726,0
2311,1814,0
2320,2952,0
2715,1312,0
4960,2319,0
143,2034,0
4271,2628,0
5099,697,0
1985,4232,0
845,4227,0
1587,4741,0
4187,115,0
3751,542,0
1765,1006,0
2447,1035,0
3561,44,0
5490,287,0
3066,3843,0
5323,3458,0
3260,5372,0
5336,1411,0
4989,2970,0
5291,3611,0
5420,3103,0
3992,460,0
4253,3332,0
3921,3366,0
1837,3582,0
1105,3304,0
2768,4365,0
4447,2788,0
1724,4935,0
5047,3569,0
3036,1965,0
4182,1893,0
1484,1415,0
4538,5096,0
3134,4288,0
2017,4518,0
4129,5253,0
5339,1941,0
1749,5328,0
3341,1094,0
927,1496,0
1955,564,0
3498,734,0
5463,5432,0
3476,344,0
13,1026,0
3822,1305,0
1889,2404,0
2701,4576,0
1540,3833,0
2891,973,0
2831,900,0
1116,2808,0
3324,2107,0
1830,3943,0
3725,2556,0
991,1120,0
1534,949,0
898,294,0
281,2628,0
3670,5489,0
149,3565,0
2900,2134,0
1145,3558,0
4051,615,0
677,1201,0
2777,234,0
5317,5014,0
2364,4771,0
1850,2650,0
2518,2922,0
224,766,0
800,5250,0
2900,1075,0
1689,1454,0
1310,985,0
2893,1076,0
2602,2045,0
5148,1937,0
124,4297,0
5162,4451,0
3716,4908,0
2440,3942,0
4294,2261,0
4621,3593,0
2563,287,0
4648,3004,0
5336,1659,0
2955,3362,0
4685,3593,0
3643,3137,0
217,5322,0
1436,3151,0
4928,1639,0
5084,3593,0
68,89,0
436,54,0
753,591,0
621,3693,0
4554,3318,0
1132,4676,0
3230,5293,0
799,5226,0
4683,2356,0
5189,1280,0
1703,5351,0
357,4,0
2622,4685,0
3091,952,0
462,3541,0
5329,868,0
3378,2090,0
3260,363,0
858,3986,0
1012,2156,0
3065,4265,0
1148,3085,0
5016,433,0
1052,1233,0
2494,4372,0
3069,1694,0
3169,3242,0
4888,3928,0
3125,4603,0
213,1286,0
5368,2534,0
4913,2167,0
349,4445,0
2415,412,0
730,5316,0
2363,2211,0
3141,5434,0
2228,1318,0
3861,4314,0
3902,201,0
1070,4303,0
2877,2684,0
3443,679,0
942,170,0
2738,1452,0
4806,5383,0
1570,2208,0
940,108,0
1878,1671,0
22,1349,0
5425,2790,0
2498,4702,0
3687,33,0
5125,2300,0
3931,1240,0
1418,1058,0
1420,2524,0
5120,2275,0
4084,4879,0
4837,3664,0
3309,1959,0
2784,2264,0
1364,904,0
5275,3917,0
1084,1460,0
4552,2063,0
4875,2141,0
2145,3496,0
4534,3724,0
346,4330,0
3889,3739,0
3033,1640,0
3434,3373,0
1979,1849,0
3547,3830,0
455,1925,0
5328,3359,0
3378,2449,0
2777,1139,0
902,1604,0
1594,2330,0
2188,1355,0
4238,1216,0
3582,512,0
2629,4636,0
4763,3822,0
2193,5006,0
1412,1454,0
2472,4169,0
115,707,0
2695,2333,0
3737,1867,0
2465,1878,0
5106,4866,0
4615,935,0
323,2431,0
5174,4203,0
403,3665,0
54,4258,0
5015,2646,0
3154,2951,0
4206,3286,0
1764,4279,0
4610,4209,0
2523,750,0
1497,679,0
325,1814,0
947,2416,0
706,3321,0
4304,4100,0
2339,713,0
2346,4313,0
3087,4628,0
3650,68,0
4861,1341,0
542,2950,0
243,5494,0
4818,2864,0
2933,4468,0
4147,2185,0
4556,837,0
3136,5193,0
3039,4303,0
5177,1262,0
3690,568,0
1140,3257,0
3213,1812,0
3882,2232,0
2828,1712,0
4864,3085,0
3582,1935,0
897,2252,0
1772,4956,0
615,2117,0
4021,991,0
3201,4157,0
562,4090,0
1160,260,0
3948,911,0
1379,3671,0
3194,822,0
1949,700,0
2424,532,0
3923,2834,0
2034,1689,0
4233,55,0
5031,2482,0
2878,418,0
1947,442,0
1388,1382,0
4862,163,0
4763,4299,0
4108,1392,0
4918,3450,0
4860,5478,0
4514,2081,0
1437,2877,0
4740,121,0
5016,3473,0
5249,3709,0
2614,3700,0
2980,2606,0
1439,3524,0
1338,2309,0
50,2560,0
4250,4781,0
852,2911,0
5305,4162,0
4288,1727,0
5404,804,0
191,2711,0
2516,3983,0
4254,4293,0
1593,2312,0
536,3009,0
2073,4025,0
1188,1203,0
417,518,0
3405,4113,0
4793,3018,0
4908,3424,0
1937,1875,0
5267,2126,0
1004,3599,0
4148,1658,0
5382,1007,0
2728,3585,0
605,1810,0
3626,4919,0
2458,4193,0
4777,255,0
358,5043,0
5100,2535,0
4413,4841,0
5038,4529,0
2737,3414,0
2795,5281,0
3717,1025,0
1919,4295,0
44,4338,0
5193,2315,0
3655,3665,0
487,3022,0
5424,720,0
365,756,0
885,3248,0
2236,4273,0
4158,3276,0
2154,3168,0
3250,4971,0
2855,1627,0
2954,4236,0
1836,2463,0
2990,4994,0
1878,194,0
2511,2357,0
2780,3069,0
1600,3829,0
946,2565,0
4281,1489,0
4773,766,0
5197,3071,0
400,4741,0
4402,5412,0
5184,2415,0
1942,873,0
2571,1285,0
4647,4628,0
3409,3146,0
2459,1047,0
277,1105,0
258,782,0
5491,4196,0
4253,4215,0
4302,295,0
729,2861,0
4423,119,0
2806,2486,0
664,4940,0
4492,3459,0
1930,811,0
5243,4379,0
4542,4562,0
3977,1737,0
314,274,0
3137,3176,0
4406,5256,0
1299,5116,0
4671,3932,0
4530,591,0
4163,5046,0
3622,3061,0
475,1514,0
3285,5483,0
2661,892,0
2090,1389,0
1849,1476,0
4955,5095,0
645,1164,0
5438,4636,0
286,3333,0
3054,4737,0
2757,966,0
3731,1543,0
2262,5009,0
4532,3836,0
2513,1418,0
340,1062,0
5066,2663,0
5343,1586,0
4537,427,0
1241,2249,0
2211,872,0
5432,3801,0
133,599,0
2336,5019,0
5028,1847,0
4430,3266,0
2738,696,0
3191,2297,0
2343,677,0
1998,4070,0
3650,2927,0
2871,2455,0
179,3387,0
3870,3545,0
4804,4853,0
1450,1905,0
1960,3811,0
1191,855,0
297,4341,0
641,3450,0
5387,4737,0
2439,677,0
1629,5434,0
2309,1489,0
5323,617,0
4239,2034,0
1223,2056,0
5095,3645,0
716,3232,0
4149,5110,0
265,971,0
1518,1143,0
156,3896,0
2547,1004,0
2614,3102,0
5014,4932,0
489,590,0
1034,1729,0
2802,444,0
4715,639,0
2704,526,0
1935,1186,0
1614,2624,0
681,1334,0
1468,4398,0
3087,3993,0
3445,1568,0
3030,3564,0
1382,1813,0
179,2232,0
5084,811,0
3298,4929,0
3141,3045,0
4365,4211,0
2382,1507,0
308,2672,0
2491,1396,0
2900,5009,0
432,4940,0
4263,1724,0
784,4897,0
1695,2657,0
3172,3271,0
1574,5399,0
2336,5245,0
475,1004,0
956,2972,0
3692,2664,0
445,3972,0
4727,2670,0
3172,2617,0
3416,4405,0
4092,5129,0
2530,3592,0
4425,4086,0
4942,864,0
4079,2483,0
1804,2457,0
3959,5038,0
4457,4211,0
513,152,0
4698,4682,0
3298,2397,0
3276,3289,0
914,260,0
5331,2440,0
3076,187,0
4052,164,0
526,5192,0
3291,5191,0
2825,4641,0
903,4449,0
2628,3680,0
948,3689,0
869,2767,0
2380,2308,0
3090,2550,0
1553,735,0
4447,4727,0
5245,4660,0
1178,796,0
131,5181,0
1097,3639,0
3880,2155,0
4310,5380,0
3748,2447,0
5314,3789,0
4932,2952,0
3513,3092,0
3425,244,0
1462,493,0
4628,528,0
4713,3542,0
4426,1151,0
2586,2346,0
5108,5365,0
3557,1754,0
1585,3722,0
2080,2,0
4884,647,0
3076,2493,0
2209,1814,0
2778,2328,0
3782,4647,0
1288,3619,0
2886,1470,0
4718,2122,0
4875,2746,0
4087,2785,0
2739,2476,0
1012,882,0
2643,589,0
4124,2847,0
3523,4414,0
1710,4579,0
4095,5352,0
5354,2057,0
678,3493,0
460,3352,0
5306,4099,0
3616,2984,0
3689,3153,0
1471,4296,0
1753,27,0
4500,530,0
2379,1455,0
2005,2888,0
412,5323,0
5005,2773,0
5183,2758,0
3250,4334,0
4802,163,0
2295,5368,0
1847,3406,0
2950,4278,0
4959,1809,0
2193,1292,0
1191,865,0
4328,3402,0
3838,4948,0
678,2779,0
1260,959,0
3627,4024,0
4365,553,0
1399,2852,0
3772,5490,0
1853,2023,0
897,942,0
2247,2535,0
2912,1247,0
5189,3705,0
3072,2170,0
4340,2692,0
3950,5496,0
215,2073,0
1244,850,0
2030,3065,0
991,2688,0
4999,599,0
645,2662,0
3998,4568,0
4991,4516,0
1351,1677,0
3138,1611,0
3219,213,0
4502,5376,0
520,5283,0
5291,1599,0
4018,2543,0
5455,4219,0
2669,78,0
5446,4584,0
1330,423,0
3715,1736,0
1109,4341,0
197,244,0
2774,3083,0
4117,1682,0
3851,3956,0
5158,1638,0
4367,596,0
354,4893,0
283,3890,0
1698,5289,0
2505,5487,0
4788,2213,0
3665,1630,0
4011,2154,0
257,4925,0
978,5344,0
5088,4116,0
2803,945,0
3561,2644,0
4938,1120,0
541,5014,0
3250,5169,0
2997,2547,0
559,4098,0
4571,1705,0
1129,3904,0
4343,2660,0
1251,908,0
5413,115,0
3872,5258,0
4815,2699,0
553,4777,0
3385,4346,0
5351,1069,0
12,1373,0
2252,4897,0
4321,4901,0
1079,1311,0
2374,4043,0
2069,3181,0
67,897,0
5112,1980,0
2241,868,0
3714,1534,0
1232,3954,0
2290,590,0
1110,3063,0
4289,5402,0
1875,3986,0
2822,3115,0
2755,2186,0
4933,858,0
4144,3433,0
4566,1902,0
2121,1173,0
1035,4609,0
5132,668,0
1594,1934,0
53,3015,0
2470,395,0
2609,2065,0
3836,5,0
3543,4989,0
3856,4747,0
3135,945,0
3310,3381,0
1115,448,0
1637,4108,0
3699,1926,0
543,1017,0
2008,851,0
1632,3986,0
1750,2920,0
978,4705,0
5262,2227,0
1050,699,0
4026,4070,0
3342,1223,0
1116,4621,0
768,816,0
754,1262,0
1649,4481,0
3877,1605,0
1540,970,0
4353,2454,0
595,1886,0
976,2945,0
2708,826,0
3350,3192,0
2338,5200,0
3284,3621,0
1561,1504,0
971,4377,0
1970,1966,0
1638,2518,0
5211,47,0
3068,367,0
4966,4472,0
5104,5256,0
1755,588,0
2983,4003,0
3599,3238,0
4480,2946,0
1447,108,0
2178,3476,0
2592,1865,0
562,2272,0
259,2517,0
2738,2478,0
2672,2730,0
3156,320,0
1822,4922,0
596,3066,0
1621,377,0
3621,162,0
1465,4550,0
2123,1745,0
4354,2219,0
3199,5298,0
4111,819,0
751,4094,0
5015,5193,0
4037,4054,0
2016,4256,0
3036,841,0
5254,5427,0
4993,2440,0
1206,4397,0
4723,423,0
5173,755,0
4335,1724,0
2564,3236,0
2717,3774,0
3658,5160,0
1664,1519,0
4731,347,0
5241,4002,0
879,2435,0
578,3827,0
393,5310,0
2259,4214,0
5190,5040,0
2309,5432,0
3017,5146,0
2779,860,0
493,188,0
5262,4469,0
4906,4048,0
974,4593,0
1927,1428,0
606,3100,0
2678,2943,0
1398,3911,0
4700,1438,0
885,3681,0
5430,779,0
461,5330,0
998,4392,0
1123,4219,0
1,1104,0
461,1762,0
3495,2652,0
2013,3565,0
4117,2027,0
4927,1405,0
2398,4451,0
2547,1248,0
671,293,0
3668,1055,0
2298,502,0
210,1073,0
959,4791,0
5213,5005,0
2446,672,0
4391,999,0
4167,147,0
4207,4739,0
2221,4913,0
2500,3657,0
2091,4902,0
2156,294,0
3667,4552,0
626,5316,0
5389,1376,0
262,4103,0
4317,5014,0
1842,3457,0
3829,63,0
4740,131,0
4383,3796,0
2535,4506,0
5262,1332,0
3420,791,0
4709,1905,0
4005,501,0
2800,3958,0
970,4852,0
917,5213,0
5254,21,0
5240,5235,0
2052,2322,0
2704,1550,0
4907,2985,0
4264,670,0
2407,2031,0
468,6,0
5215,3456,0
1425,733,0
903,3761,0
4984,1815,0
3786,4824,0
3463,2575,0
3183,1711,0
427,4653,0
1644,4147,0
3520,4307,0
5458,4326,0
2377,2269,0
3058,5429,0
4026,1884,0
3358,470,0
5304,151,0
3588,1480,0
1135,2751,0
5477,594,0
2424,5344,0
4590,4961,0
4829,2274,0
3492,1846,0
5063,232,0
4230,149,0
5202,4777,0
5035,5089,0
1452,3321,0
4938,3886,0
701,4114,0
1389,2914,0
2860,2598,0
1524,3986,0
1567,2526,0
2354,3789,0
5399,2227,0
4233,4107,0
5054,157,0
4330,4847,0
1067,2127,0
5400,128,0
1665,3878,0
569,3219,0
5409,855,0
1228,4750,0
4800,2572,0
1482,225,0
815,295,0
1480,2812,0
1137,1059,0
3300,2223,0
308,1291,0
735,4918,0
1297,2008,0
273,3686,0
2999,4324,0
4606,4813,0
294,571,0
59,1134,0
5400,2208,0
2685,4577,0
2867,1343,0
5063,1210,0
2761,5345,0
4451,1624,0
347,793,0
888,4581,0
960,3056,0
5051,5359,0
926,4010,0
1498,501,0
5042,3011,0
2070,4691,0
4042,4351,0
358,4362,0
159,2954,0
3851,2894,0
4019,4205,0
4291,3574,0
5260,4840,0
3592,478,0
294,3245,0
4890,818,0
4923,318,0
3603,269,0
5113,2072,0
4885,462,0
399,5026,0
4728,5302,0
4441,266,0
1492,4619,0
35,2198,0
743,2878,0
3477,559,0
2169,2687,0
1591,1713,0
1003,832,0
1170,3227,0
86,4453,0
5197,1315,0
1514,4058,0
3746,1487,0
4767,4315,0
4630,1389,0
954,3177,0
4790,3759,0
2282,5288,0
4845,5253,0
1901,4554,0
3906,4026,0
1022,4906,0
3773,3486,0
4103,381,0
1957,5297,0
1168,1280,0
3771,3481,0
4865,82,0
2336,4384,0
2216,555,0
1360,4542,0
4522,4023,0
921,3359,0
3397,2183,0
1117,4031,0
2981,3011,0
1188,2730,0
3468,2513,0
974,4537,0
2755,1129,0
365,3267,0
5034,5371,0
3201,3864,0
2525,3234,0
4366,5271,0
4437,984,0
773,4577,0
1460,2761,0
4582,2020,0
3156,3866,0
3682,3320,0
5228,249,0
4950,1950,0
2757,4135,0
3789,898,0
5072,3729,0
2950,1067,0
4311,4994,0
5483,4806,0
4622,64,0
1858,3627,0
2093,407,0
1299,5115,0
3343,4585,0
4060,1662,0
1448,446,0
1763,5361,0
622,163,0
167,3660,0
4550,4829,0
4900,2350,0
2825,1036,0
4024,4549,0
4072,2286,0
3932,2943,0
4077,966,0
4072,2159,0
15,5151,0
1820,5225,0
3467,860,0
4352,3967,0
5213,3136,0
3041,1355,0
1504,2488,0
4519,1825,0
3144,1083,0
4640,4901,0
2311,2716,0
2307,3829,0
1521,3834,0
2277,2653,0
2116,4710,0
5262,1558,0
910,1302,0
3807,4216,0
4275,4304,0
1908,5380,0
92,5338,0
1841,4677,0
2635,3378,0
850,4507,0
227,1159,0
2041,3416,0
3456,1486,0
1681,4910,0
3529,236,0
390,314,0
2597,553,0
4745,4720,0
1829,2510,0
1016,3272,0
3924,3478,0
2106,3881,0
57,4119,0
2891,563,0
3015,111,0
3528,1912,0
113,1570,0
2338,5374,0
1703,613,0
2428,2127,0
2201,3970,0
3485,2158,0
4354,1303,0
2605,2770,0
4395,5379,0
3335,2474,0
2022,180,0
859,5441,0
5253,4759,0
1623,2548,0
3929,1931,0
1640,2224,0
1248,2973,0
2831,3911,0
1712,1033,0
5008,2369,0
319,274,0
614,3265,0
901,4836,0
744,3545,0
4224,233,0
1543,2418,0
3117,3499,0
4690,1915,0
3378,537,0
3754,804,0
3923,5232,0
2845,815,0
1569,2101,0
3376,3646,0
4333,4797,0
4321,1746,0
2453,2284,0
2421,4190,0
2910,5073,0
4424,1337,0
2077,1066,0
1604,5334,0
4388,4077,0
4440,1029,0
3123,573,0
3943,3039,0
3775,2969,0
5280,3304,0
3409,4513,0
165,5392,0
5264,366,0
2659,1895,0
1439,4110,0
552,4496,0
4271,450,0
659,44,0
4394,1421,0
155,3803,0
3358,1819,0
705,4737,0
2880,4657,0
2361,2697,0
482,780,0
1761,5396,0
1943,3588,0
404,3288,0
2293,2702,0
3011,5212,0
4419,16,0
2641,3001,0
5350,1741,0
853,807,0
1719,1924,0
3443,578,0
4832,1157,0
1511,4612,0
4625,3113,0
3532,1026,0
452,4550,0
2678,553,0
3203,3357,0
2461,3766,0
2264,4017,0
2239,5336,0
5154,811,0
2190,2550,0
1065,1565,0
762,618,0
2836,3961,0
373,1675,0
3326,4134,0
627,2122,0
2170,5178,0
3743,1173,0
3863,3444,0
4793,957,0
698,4806,0
3595,4299,0
1071,4230,0
3768,1923,0
41,7,0
5325,537,0
4559,4628,0
11,2955,0
4254,5101,0
3730,1516,0
1544,2323,0
4996,2128,0
1177,4494,0
5313,4203,0
1038,2822,0
2222,5449,0
1403,446,0
4680,971,0
2356,1532,0
4186,2355,0
1833,4046,0
153,884,0
4790,855,0
4343,953,0
1246,2218,0
3198,5368,0
1221,3936,0
899,89,0
1537,1291,0
4997,1973,0
1392,3537,0
3130,4389,0
4708,3578,0
179,325,0
3848,4081,0
1490,4938,0
406,4389,0
1376,3845,0
319,743,0
3405,53,0
2102,644,0
1542,1687,0
2985,175,0
3903,2353,0
4246,5427,0
2722,1974,0
5488,314,0
1665,2531,0
1183,523,0
3520,899,0
3642,1261,0
4507,1604,0
2589,2156,0
2290,193,0
1446,3102,0
3296,4462,0
183,570,0
667,2139,0
3497,1818,0
2944,3742,0
2003,1771,0
3219,3881,0
4653,3411,0
1034,5065,0
797,1827,0
1219,4174,0
4387,4720,0
2044,1868,0
1788,2977,0
1182,3003,0
4311,1985,0
3928,1636,0
4988,2938,0
547,1170,0
3306,4561,0
5156,4368,0
2515,745,0
4998,1334,0
2994,1578,0
1758,1261,0
4504,1947,0
4824,2530,0
254,2206,0
5256,182,0
2305,3620,0
3609,467,0
1087,2108,0
4416,902,0
1692,4376,0
5375,2641,0
1680,1612,0
3428,1593,0
1898,1257,0
4873,1444,0
4643,3428,0
1730,951,0
3705,597,0
1351,2098,0
746,5297,0
42,3602,0
3813,1740,0
4985,564,0
4896,1325,0
753,2777,0
1582,4566,0
2940,2964,0
3445,678,0
5491,3069,0
4521,4454,0
5326,3937,0
4697,3306,0
3239,3837,0
5103,3663,0
4177,2597,0
2004,1525,0
4046,4897,0
5114,3043,0
186,3943,0
4815,735,0
222,3892,0
2011,2226,0
1887,1977,0
2915,384,0
2622,2194,0
3310,1348,0
286,266,0
394,4692,0
2095,2836,0
5035,5413,0
4110,1369,0
661,4613,0
2317,1921,0
464,2379,0
3865,809,0
2294,4980,0
3723,4549,0
1513,3965,0
3197,1387,0
997,4629,0
3616,3610,0
712,4412,0
4557,5033,0
2872,1842,0
3613,4842,0
5098,3107,0
2816,3881,0
2910,2091,0
1541,4811,0
3517,3761,0
523,4227,0
1315,4584,0
2417,443,0
4448,2793,0
783,2340,0
1854,4408,0
2135,5145,0
4642,4532,0
2616,3110,0
5446,4481,0
3909,649,0
3302,4615,0
1711,5033,0
392,348,0
1645,2115,0
5304,1999,0
5086,3207,0
2922,140,0
1058,3070,0
4735,2444,0
3564,259,0
5230,169,0
3014,750,0
4417,1922,0
4992,2102,0
4113,3687,0
1130,2351,0
3027,1501,0
3220,2200,0
777,4478,0
4292,496,0
1637,4279,0
982,1687,0
4798,5188,0
4960,4663,0
3424,3889,0
2547,1504,0
933,4528,0
3235,2417,0
1205,1360,0
4641,1940,0
5114,767,0
2251,484,0
418,4288,0
340,4532,0
1944,3483,0
3548,3957,0
585,4963,0
3899,1812,0
3184,67,0
4042,2121,0
4200,787,0
1959,2617,0
1877,5038,0
1397,1258,0
1527,4962,0
4233,368,0
8,1561,0
5440,1262,0
614,1104,0
3612,1386,0
3836,1673,0
2545,845,0
3320,4448,0
4090,1287,0
255,2073,0
3392,4459,0
111,5303,0
4722,2001,0
3160,2268,0
4285,4464,0
255,3176,0
104,895,0
4465,2912,0
5352,4939,0
4731,641,0
3626,244,0
2773,2694,0
4064,3751,0
3148,3535,0
4157,3236,0
2473,1893,0
1875,70,0
5494,3441,0
967,1894,0
5014,3948,0
4719,240,0
2717,3723,0
4701,2972,0
712,2795,0
4114,4149,0
3889,1014,0
30,3421,0
3867,1600,0
4515,4780,0
2962,1577,0
2199,3038,0
2311,3995,0
5436,870,0
1422,359,0
3042,3047,0
3491,4173,0
2016,1917,0
880,839,0
623,3949,0
2021,5397,0
5233,3839,0
4368,5153,0
2178,1958,0
4988,375,0
538,430,0
3012,1718,0
2833,2031,0
5453,642,0
2,2112,0
5312,4958,0
4505,2367,0
2783,82,0
5309,309,0
141,2459,0
5463,1702,0
4137,1135,0
2729,366,0
1132,954,0
1344,2693,0
2255,4165,0
4422,3601,0
58,3688,0
4663,4524,0
1450,1113,0
991,650,0
1911,3855,0
816,1814,0
1907,540,0
5302,1375,0
4125,4155,0
4474,1971,0
1125,2515,0
3134,40,0
5375,4126,0
3271,3873,0
4892,658,0
1269,1920,0
3868,2528,0
0,2076,0
204,3035,0
3395,4939,0
2586,3159,0
298,418,0
242,1324,0
2753,4082,0
4766,4236,0
51,1366,0
914,1868,0
3353,1875,0
3174,2256,0
5048,3701,0
3234,3789,0
4281,1203,0
4676,2395,0
292,1482,0
918,3067,0
766,4472,0
640,5050,0
2757,2384,0
3500,4116,0
360,4321,0
3916,5358,0
4079,130,0
579,5464,0
3715,483,0
1171,1237,0
3484,3810,0
1002,3792,0
1845,4128,0
1109,5302,0
5223,2125,0
3692,2696,0
3026,542,0
718,3248,0
4493,2448,0
3021,1882,0
5427,4301,0
4212,1386,0
5076,4216,0
1634,3472,0
4996,3965,0
3903,4901,0
4261,4023,0
4291,4271,0
4187,5455,0
1979,3815,0
3653,4565,0
3486,5340,0
3510,1789,0
3522,1782,0
2805,2776,0
1865,4352,0
413,3600,0
2985,3165,0
4691,4836,0
61,1204,0
5470,849,0
1586,4799,0
4271,3307,0
2462,2578,0
1099,1150,0
5129,2519,0
2302,4436,0
780,2175,0
2973,2751,0
4428,4277,0
2219,4594,0
5224,1579,0
1542,4537,0
2166,563,0
3382,4525,0
180,1029,0
3875,5170,0
4066,2466,0
1023,2706,0
137,303,0
1831,5424,0
722,4861,0
437,1538,0
1041,821,0
1498,4120,0
144,3455,0
3709,5103,0
3600,2705,0
254,5486,0
2438,2662,0
671,4691,0
3368,902,0
3687,5496,0
3711,3871,0
2365,4836,0
4055,2223,0
2543,1713,0
4677,4119,0
1186,2509,0
664,4237,0
2627,3752,0
1621,1786,0
5495,4293,0
1688,2941,0
2074,1745,0
5281,3053,0
1073,1499,0
3636,2321,0
1674,3282,0
4180,2124,0
474,4643,0
2243,4332,0
3956,4943,0
3190,2167,0
1706,2582,0
3773,1735,0
276,5205,0
1131,4524,0
4240,2632,0
2433,2384,0
4488,4342,0
119,4266,0
733,2542,0
3844,1317,0
4994,1742,0
4331,5178,0
4389,4778,0
3660,4815,0
1197,1762,0
1908,4905,0
2246,1044,0
4600,1753,0
4578,3632,0
1246,3787,0
1232,786,0
4353,1068,0
1569,2881,0
5147,1619,0
725,4511,0
3176,1053,0
2372,654,0
4468,3958,0
825,4571,0
5257,2676,0
1803,37,0
2152,4748,0
15,5235,0
5462,781,0
4485,2182,0
1175,4243,0
3886,405,0
1811,1703,0
4492,2739,0
4751,3803,0
3012,1546,0
341,3356,0
1074,1244,0
721,1220,0
2999,1697,0
313,859,0
3459,3288,0
1607,5490,0
3685,3147,0
1205,5338,0
413,2938,0
4737,1554,0
4164,843,0
1066,4349,0
2822,1069,0
1927,3515,0
2325,4635,0
45,775,0
1039,871,0
700,3484,0
1495,5319,0
4332,5284,0
4173,1974,0
272,4189,0
5406,3956,0
437,3809,0
4626,2734,0
4324,1629,0
2664,3410,0
2302,1435,0
164,3167,0
1844,2432,0
1145,1409,0
321,1964,0
2629,1697,0
3875,85,0
280,1381,0
37,21,0
1504,1354,0
1169,5220,0
4442,3284,0
5349,3860,0
4507,1805,0
2415,4120,0
4001,1470,0
4891,1963,0
5007,3518,0
2236,2013,0
3483,1122,0
3507,976,0
1175,3355,0
4621,2875,0
53,3976,0
402,4512,0
3496,4398,0
3675,5410,0
4774,3335,0
437,728,0
910,3894,0
4284,2118,0
4188,4608,0
953,5102,0
1891,1020,0
770,3971,0
3705,5211,0
2002,3095,0
327,950,0
3614,5495,0
2194,1121,0
2151,4053,0
5262,2098,0
734,835,0
5120,5493,0
3050,2643,0
4873,4533,0
199,1707,0
3502,1989,0
1962,2941,0
4189,471,0
4427,944,0
5091,214,0
3261,2176,0
5154,1785,0
3642,1759,0
1216,3178,0
5373,3435,0
677,1226,0
18,278,0
124,3117,0
1467,2773,0
7,599,0
5062,4113,0
2010,5343,0
2219,336,0
634,5098,0
5234,4743,0
2979,3847,0
4758,480,0
3593,3694,0
1492,2775,0
4359,5258,0
1392,1535,0
1540,1428,0
3825,4495,0
2436,3181,0
2220,4190,0
2978,828,0
2435,3177,0
5131,4348,0
3694,1957,0
2385,1271,0
3,3846,0
757,1933,0
4142,4806,0
500,5318,0
502,2141,0
244,39,0
1037,5174,0
2657,1938,0
4222,837,0
2980,3136,0
3594,5002,0
3996,2594,0
3198,2358,0
4620,2718,0
2321,814,0
1632,1793,0
5047,2707,0
4783,2740,0
1128,1582,0
1307,1193,0
3313,2146,0
3707,1609,0
2257,1531,0
2381,3271,0
1002,5480,0
5477,3857,0
2878,4928,0
1811,850,0
4128,3572,0
5320,445,0
5248,2783,0
3229,1863,0
2226,2257,0
923,1937,0
2790,2943,0
3131,5455,0
511,2374,0
4199,96,0
1429,1315,0
2060,2941,0
1539,1874,0
1143,1458,0
2978,677,0
1412,655,0
4142,2166,0
1024,5425,0
382,3464,0
1190,5346,0
3256,2606,0
4465,4396,0
1183,4305,0
1944,3817,0
4943,2547,0
429,2638,0
3722,850,0
3897,1536,0
5459,4379,0
2290,577,0
5153,2191,0
1532,4873,0
5027,106,0
5416,3033,0
3558,2504,0
1334,3769,0
1104,5170,0
2771,4741,0
4013,3337,0
654,1784,0
3748,3441,0
2646,4107,0
3376,4193,0
2065,5271,0
3516,3834,0
1088,2667,0
4330,4694,0
4421,2291,0
539,2281,0
3368,3782,0
3921,3702,0
4494,1526,0
3983,3742,0
793,4242,0
1589,2212,0
3216,5128,0
3020,3530,0
2492,2611,0
2293,4307,0
1590,4630,0
3144,4394,0
5388,5377,0
3555,1368,0
2687,3946,0
2520,3753,0
3197,4933,0
1490,4002,0
2245,2745,0
2830,3143,0
800,1465,0
2360,506,0
3419,3680,0
3201,1008,0
595,4904,0
3485,1015,0
1310,1704,0
1045,3090,0
3626,3860,0
5405,4314,0
2545,4912,0
4527,248,0
3270,1159,0
3286,3933,0
61,4825,0
3767,1867,0
3561,2756,0
2483,619,0
2329,4985,0
422,3996,0
2646,4603,0
5244,3129,0
2358,3456,0
3919,3347,0
4806,1673,0
159,622,0
3871,5425,0
2285,634,0
3655,234,0
3108,198,0
138,4305,0
1794,3011,0
5010,3667,0
2539,1937,0
3888,3813,0
4963,757,0
5435,1206,0
5325,2286,0
737,1527,0
3955,4393,0
2696,3628,0
5421,4165,0
2425,4951,0
576,3505,0
552,4994,0
3213,2397,0
2308,3461,0
3320,482,0
933,3010,0
3267,866,0
3853,1374,0
4453,526,0
4342,753,0
686,2522,0
1213,844,0
1276,1142,0
3355,4006,0
1957,5122,0
811,5284,0
2318,3883,0
2629,1610,0
3258,3598,0
3247,1773,0
2935,3184,0
4741,3133,0
4280,3751,0
3386,59,0
1824,2067,0
5078,3544,0
2333,3235,0
4016,2100,0
4914,2016,0
436,4057,0
4029,3775,0
2646,1270,0
5030,5179,0
1362,93,0
2385,1275,0
3072,346,0
4152,495,0
2883,1579,0
3213,2095,0
1872,4418,0
526,605,0
2516,4124,0
3016,3103,0
3826,1038,0
2292,2798,0
192,3422,0
2290,1256,0
3298,3013,0
4260,2205,0
5271,2923,0
4226,2330,0
4719,744,0
1375,2660,0
4884,2632,0
752,5010,0
1331,4990,0
4493,1073,0
3548,226,0
3217,5119,0
3020,428,0
1267,3066,0
5289,4807,0
4201,1615,0
5141,2398,0
5310,5152,0
3240,5102,0
2541,336,0
2893,785,0
5306,316,0
1608,2439,0
940,4613,0
4455,3521,0
4527,4542,0
4139,3250,0
3612,2606,0
2523,2241,0
4697,5301,0
3806,5298,0
347,5206,0
769,3794,0
5414,2026,0
2233,5009,0
793,3853,0
2411,2885,0
5403,1920,0
4789,4597,0
2773,2054,0
2368,3442,0
2558,4827,0
4593,730,0
704,4731,0
4553,2237,0
2868,5198,0
823,1087,0
2243,5406,0
1264,628,0
521,5105,0
1221,5329,0
1314,995,0
1798,1206,0
704,4968,0
4066,5284,0
2343,2557,0
4040,417,0
5167,578,0
451,3532,0
1459,1794,0
2637,3575,0
2432,2085,0
4336,2025,0
2800,4143,0
5462,3106,0
4572,4165,0
3155,4848,0
2586,3830,0
261,2687,0
1714,1062,0
267,344,0
98,1373,0
4331,2251,0
1829,2966,0
832,2130,0
2030,4252,0
4519,5452,0
3047,3353,0
1357,132,0
2679,1546,0
3683,1400,0
4310,4390,0
2151,837,0
3844,4702,0
1979,360,0
1759,2877,0
3571,1801,0
2615,5352,0
4571,1485,0
4855,810,0
1917,1085,0
1830,4839,0
2978,3843,0
1824,2527,0
2985,1879,0
3403,742,0
1983,3485,0
2891,504,0
2312,1428,0
682,3332,0
278,5251,0
2367,866,0
5240,4868,0
1376,2830,0
4215,3097,0
271,5265,0
967,1014,0
1567,703,0
5183,5397,0
1633,2307,0
5236,3859,0
4598,3774,0
556,1135,0
5197,4633,0
809,3662,0
184,1987,0
3229,3887,0
2980,4650,0
2509,4071,0
4785,3678,0
4062,1294,0
2651,3246,0
2146,1332,0
4144,1586,0
1129,3338,0
2219,373,0
1431,3663,0
1866,5124,0
2056,5200,0
3810,4831,0
4291,244,0
1798,188,0
2967,4673,0
464,1308,0
4399,3196,0
729,3041,0
3307,5447,0
2542,2047,0
2675,5208,0
457,1475,0
4235,2347,0
733,4619,0
641,1979,0
4163,1151,0
768,1614,0
1390,4679,0
756,4511,0
20,2896,0
3809,1762,0
313,3606,0
4788,1750,0
5231,3201,0
4015,4544,0
1883,5310,0
2078,4596,0
923,3488,0
3565,944,0
7,5258,0
2987,4261,0
4782,1005,0
1360,144,0
5130,3121,0
3330,1623,0
1919,1726,0
1014,2853,0
3741,1629,0
1146,1719,0
3256,1936,0
2585,378,0
129,1188,0
2832,4581,0
4296,701,0
3442,2357,0
590,3536,0
4006,4570,0
4781,2281,0
1463,4510,0
3890,1444,0
203,309,0
3870,2511,0
1636,2668,0
4830,2113,0
2201,2947,0
2306,2129,0
1251,3898,0
475,3749,0
1688,1784,0
3070,4992,0
3167,1061,0
2776,4789,0
2277,1302,0
2830,4315,0
2739,2982,0
290,811,0
4489,2555,0
4041,1352,0
4630,1487,0
1263,639,0
5271,3404,0
945,1907,0
575,270,0
486,4602,0
2321,2458,0
2424,2927,0
3511,1717,0
4063,2040,0
2276,909,0
3878,5126,0
4643,4047,0
1983,3650,0
2761,4828,0
2069,721,0
1626,4388,0
5372,355,0
4115,871,0
5231,2770,0
1414,5343,0
4344,1539,0
4184,649,0
3280,1198,0
197,5252,0
2181,2023,0
5489,3593,0
3568,5379,0
4419,2732,0
4212,4777,0
917,5442,0
3228,3594,0
1082,1168,0
4636,1021,0
1177,4011,0
4598,3978,0
640,799,0
4290,1114,0
225,2097,0
3493,3051,0
906,267,0
2438,2806,0
3310,883,0
1116,1982,0
364,2352,0
4051,3798,0
3816,4146,0
4810,1520,0
3704,1021,0
2038,2703,0
4077,2884,0
1407,2674,0
5359,238,0
2133,4433,0
145,2462,0
5395,3088,0
4611,1916,0
4314,3178,0
5278,1615,0
2195,3922,0
3651,4056,0
877,1891,0
5457,2653,0
2517,2790,0
4270,4483,0
5216,2334,0
1204,5082,0
834,299,0
3581,521,0
4480,5072,0
2724,2225,0
2658,3899,0
128,2820,0
1798,5023,0
1406,5397,0
580,227,0
4210,3895,0
3145,2036,0
3116,316,0
1810,2344,0
1215,185,0
3659,220,0
1053,2840,0
805,627,0
3933,2594,0
2511,1809,0
1147,1251,0
3463,2728,0
2421,2196,0
940,979,0
2842,65,0
30,1930,0
2886,3544,0
258,2184,0
1558,1256,0
3096,4497,0
1740,340,0
2183,3752,0
652,4267,0
3266,4065,0
5414,789,0
3880,3786,0
5129,2122,0
2794,1313,0
897,3581,0
3647,4481,0
2430,3201,0
161,832,0
673,1961,0
3242,1649,0
3458,2467,0
2477,2903,0
5209,2544,0
1072,5157,0
1022,4313,0
2927,5447,0
464,3585,0
2036,2840,0
4731,966,0
3851,1717,0
2275,4338,0
281,334,0
1608,3739,0
5203,3103,0
2752,3488,0
3665,3123,0
4684,4614,0
2063,914,0
1555,3464,0
3082,3710,0
5325,1233,0
2055,3750,0
4321,468,0
2851,3713,0
4179,1181,0
3337,5343,0
2611,4853,0
4635,1035,0
1241,2743,0
641,4481,0
155,4344,0
4137,1970,0
4064,4855,0
2720,5340,0
3706,5377,0
1353,1102,0
645,4935,0
440,5184,0
3702,3377,0
4381,3014,0
3970,4697,0
5207,3685,0
720,1619,0
752,4703,0
543,4428,0
1321,4333,0
4159,3097,0
1344,2802,0
1709,1900,0
3525,3097,0
4086,2921,0
1529,914,0
2265,4760,0
1579,5234,0
582,4992,0
5388,1871,0
2304,2287,0
2064,179,0
33,2912,0
4445,2376,0
1093,4517,0
538,208,0
4153,4879,0
1990,807,0
1817,5279,0
2661,70,0
3677,3537,0
3164,3268,0
1949,1381,0
579,1285,0
411,2538,0
3572,4425,0
915,1717,0
2851,3054,0
4336,921,0
160,3589,0
482,673,0
380,5069,0
3298,5138,0
3850,765,0
2709,2317,0
5059,4228,0
630,715,0
4407,5285,0
5424,1761,0
1430,4426,0
675,5256,0
487,3317,0
3674,1991,0
2471,3737,0
4795,4034,0
3247,5087,0
1197,1386,0
2650,4952,0
2670,3909,0
741,3654,0
5328,1386,0
3240,3630,0
2628,324,0
1426,4679,0
446,2434,0
3874,3747,0
2083,5228,0
1571,4320,0
127,1440,0
2428,1284,0
3264,699,0
337,2528,0
989,4437,0
1805,633,0
587,126,0
323,343,0
1863,2516,0
4194,3100,0
3379,2257,0
5018,2417,0
4000,3386,0
3811,2030,0
2538,5304,0
118,324,0
4946,4355,0
2827,3302,0
2767,5292,0
2225,4976,0
793,2190,0
4157,492,0
2483,4832,0
3785,1521,0
4997,1797,0
252,2639,0
2561,4352,0
5124,3998,0
352,540,0
5457,561,0
2016,1584,0
1378,436,0
387,2254,0
876,4789,0
5431,2398,0
1984,1877,0
3707,2849,0
2652,3410,0
2561,3025,0
1608,3396,0
1590,4076,0
438,3767,0
3280,2028,0
3889,2697,0
4741,3093,0
4134,5492,0
2247,4732,0
4125,250,0
1991,4585,0
3778,4261,0
2020,2041,0
3674,3406,0
3189,4960,0
2003,3053,0
2843,630,0
4215,4603,0
5020,559,0
4283,562,0
664,1923,0
4352,2654,0
3743,4493,0
5093,3251,0
439,2678,0
5147,2684,0
2560,1813,0
4357,4707,0
4187,4301,0
3768,3656,0
1081,4497,0
4883,4963,0
2668,3295,0
868,1891,0
717,2853,0
1976,1861,0
3561,5384,0
3666,64,0
5285,2525,0
1129,2461,0
4246,1753,0
5123,912,0
1382,2115,0
3259,1180,0
3183,4202,0
2473,26,0
2983,5412,0
4245,3051,0
3889,512,0
4524,2118,0
2916,4870,0
668,4845,0
1774,2071,0
5216,2917,0
1045,4214,0
4669,3345,0
5068,3169,0
658,4952,0
283,489,0
1438,1708,0
2602,726,0
4195,1062,0
1470,1597,0
1454,2286,0
2167,1260,0
2513,3802,0
2636,2251,0
306,4906,0
4018,2041,0
4109,131,0
58,4027,0
5372,4634,0
2742,3532,0
1744,625,0
4716,4392,0
5369,2284,0
2834,310,0
4337,870,0
4517,1348,0
5372,1159,0
5491,5372,0
2646,3244,0
1408,5121,0
1643,4562,0
81,2812,0
5426,3149,0
2000,4517,0
1081,3575,0
1836,2806,0
4700,3882,0
4150,3548,0
4258,4996,0
161,337,0
585,389,0
2745,2566,0
1192,1059,0
3255,4364,0
1829,4404,0
1644,848,0
1751,2866,0
2789,3474,0
2775,3789,0
1269,2252,0
2876,1663,0
3566,644,0
2498,3790,0
393,4724,0
212,5275,0
3717,3618,0
4550,4660,0
853,168,0
867,845,0
2029,1869,0
1746,2354,0
2390,3243,0
1550,1127,0
664,2076,0
4412,1578,0
4138,126,0
1408,4241,0
2004,4687,0
2299,5243,0
4690,4684,0
3387,241,0
2102,2355,0
1492,1053,0
4390,779,0
1766,4024,0
1657,5030,0
2237,3760,0
2486,1735,0
3697,4813,0
4171,5434,0
2825,3286,0
5158,1265,0
176,4680,0
1385,5357,0
2451,4001,0
2739,620,0
3168,674,0
4066,440,0
4426,3665,0
4354,4379,0
981,4958,0
1173,468,0
4852,342,0
1767,933,0
1235,1897,0
1771,870,0
1538,4175,0
4550,56,0
3109,302,0
5014,1913,0
2924,2520,0
5108,663,0
5476,4153,0
2,4431,0
2782,2678,0
4533,2566,0
2559,581,0
2704,3905,0
942,3867,0
610,4257,0
4370,1060,0
2117,4291,0
1940,3109,0
2165,72,0
4975,4624,0
1630,3845,0
763,5129,0
124,1177,0
4897,4086,0
3689,4044,0
619,4971,0
4044,5229,0
2133,5243,0
1687,2322,0
3926,4473,0
4171,511,0
3873,214,0
3630,2704,0
1888,1146,0
122,5329,0
5447,4735,0
4317,4471,0
1832,175,0
612,5139,0
67,204,0
3377,1816,0
1930,2340,0
3247,2148,0
1921,1743,0
2280,1117,0
1073,692,0
1469,3177,0
2647,659,0
2031,2729,0
496,4237,0
4941,1005,0
98,1911,0
2894,4851,0
3556,2096,0
2600,2590,0
4569,3597,0
4963,745,0
492,4535,0
4885,408,0
5239,2842,0
1795,2502,0
4432,1339,0
345,5118,0
4476,2303,0
3554,3860,0
2877,737,0
3263,1486,0
4049,4398,0
991,3287,0
3619,3982,0
4588,1460,0
2117,1594,0
2769,4425,0
1294,2473,0
4402,2789,0
3196,2362,0
2035,1352,0
1935,3971,0
324,95,0
175,1733,0
4351,1197,0
392,1205,0
1416,1957,0
2294,1405,0
2893,3804,0
3216,3640,0
2265,2675,0
3467,3618,0
3362,3407,0
4723,973,0
1324,1173,0
875,4756,0
2755,3568,0
490,913,0
4804,4865,0
5405,3254,0
3203,4792,0
2078,2593,0
1130,3366,0
2321,3380,0
4628,2145,0
3340,4159,0
2503,3206,0
1840,1688,0
2084,5131,0
4946,431,0
4720,584,0
3636,3195,0
674,115,0
3548,211,0
3950,4612,0
4206,3301,0
2629,3396,0
5121,1975,0
3998,4219,0
2833,74,0
1629,48,0
1944,232,0
2826,5144,0
4881,3364,0
3685,97,0
336,1263,0
1617,2870,0
2733,3659,0
49,4685,0
1052,1574,0
4283,1809,0
5025,4997,0
3395,3474,0
3330,567,0
371,1101,0
2253,5343,0
1224,5064,0
607,1728,0
1466,1447,0
5491,1961,0
34,435,0
2263,4908,0
187,175,0
1400,4917,0
4134,172,0
3264,2811,0
1926,1000,0
4893,204,0
931,5100,0
5209,902,0
3200,4786,0
2497,40,0
73,1964,0
4303,3647,0
244,5025,0
434,5087,0
5272,714,0
1878,5441,0
1667,2189,0
2647,4796,0
4128,5180,0
2391,677,0
2452,5401,0
819,3476,0
4781,2835,0
1862,2772,0
3003,3272,0
625,2151,0
2745,2942,0
3574,3836,0
888,5209,0
156,2650,0
1695,5409,0
4661,4837,0
4926,703,0
3010,3611,0
4331,4882,0
4367,5264,0
2346,976,0
3048,245,0
4152,3265,0
910,4772,0
3392,3800,0
1218,3334,0
4280,4377,0
3202,271,0
1705,984,0
4230,2060,0
589,460,0
2622,608,0
1754,124,0
4637,3364,0
3976,4981,0
5184,1910,0
524,2022,0
3202,3981,0
1535,545,0
3819,3486,0
3235,185,0
622,363,0
2908,5422,0
4824,454,0
4054,3279,0
3078,1914,0
211,5489,0
4435,2666,0
4358,4468,0
1685,2008,0
1714,3843,0
803,3918,0
797,70,0
4607,1330,0
991,501,0
5354,3288,0
4718,4388,0
1670,3824,0
318,51,0
2135,1052,0
5120,2276,0
3406,3701,0
3946,4121,0
1786,2024,0
13,4559,0
505,3072,0
2608,1949,0
4031,1710,0
2908,2503,0
2269,4625,0
3589,2179,0
4649,3012,0
3708,1548,0
3465,2451,0
1072,3405,0
1221,1210,0
3243,2062,0
5001,2373,0
4330,835,0
2411,3813,0
1271,2471,0
1597,4236,0
1135,4382,0
2147,4082,0
304,5311,0
1304,2038,0
5180,3897,0
5002,4182,0
2319,2226,0
4716,5133,0
3419,3075,0
790,5486,0
5338,1730,0
1965,3587,0
4557,1586,0
2936,4595,0
2229,499,0
643,3466,0
218,1173,0
2188,5324,0
939,2691,0
2993,2358,0
4053,2610,0
3136,291,0
1995,2114,0
965,687,0
2641,3400,0
1491,4261,0
2952,2585,0
1675,1879,0
5069,1749,0
410,865,0
710,4044,0
5333,623,0
5076,4485,0
4402,4517,0
682,5286,0
3593,5442,0
2512,3389,0
1294,918,0
2392,228,0
893,1424,0
3221,2007,0
1920,2399,0
5475,1117,0
1700,4632,0
2384,3226,0
4389,3806,0
4388,4295,0
3317,55,0
347,2592,0
5252,2604,0
956,1402,0
5149,3488,0
5485,549,0
3849,2562,0
2244,3372,0
1607,859,0
1745,3273,0
2658,2231,0
3839,2194,0
2991,2726,0
3865,3275,0
1217,2158,0
3346,2648,0
391,4063,0
2677,4277,0
5455,1056,0
4212,3213,0
1177,3875,0
4050,3451,0
250,4597,0
1128,3662,0
2453,4223,0
1850,1473,0
842,3664,0
1757,450,0
2741,3618,0
3370,1300,0
3021,3196,0
5470,1392,0
1372,5031,0
4303,1941,0
3730,1427,0
2515,2121,0
1509,1637,0
2453,5291,0
4309,4626,0
675,3324,0
2386,982,0
452,5165,0
3644,4231,0
5187,1948,0
4563,4378,0
3113,454,0
1501,1889,0
3842,4271,0
4850,2888,0
3970,3433,0
86,2710,0
744,1340,0
4055,1264,0
2325,1920,0
2282,2647,0
1919,4626,0
756,4279,0
2111,4443,0
3853,5423,0
1931,3910,0
4261,3339,0
3557,174,0
193,4199,0
3691,4486,0
3477,4060,0
2728,3975,0
676,4815,0
1288,1961,0
3673,1032,0
2880,4530,0
1988,788,0
244,3349,0
1980,957,0
3793,4275,0
2252,1523,0
1030,5325,0
3227,3576,0
508,2142,0
4319,2577,0
2039,4578,0
5096,3803,0
2913,2695,0
5405,2011,0
1427,5306,0
1714,1000,0
672,3899,0
1020,3756,0
4013,3088,0
5306,3887,0
5224,2488,0
148,4203,0
4290,1720,0
1820,1274,0
3540,365,0
1070,1636,0
4595,1227,0
4125,5,0
629,2529,0
2129,1620,0
45,1628,0
4512,2699,0
3265,2394,0
1158,745,0
3380,1878,0
1589,1736,0
2332,202,0
4704,4390,0
2075,2235,0
5085,5307,0
5093,408,0
3045,2248,0
3253,1049,0
3266,2179,0
1996,3395,0
4994,1418,0
247,917,0
2774,444,0
4456,31,0
1894,3849,0
3781,4529,0
668,1931,0
2549,4483,0
3018,2772,0
713,3576,0
1950,491,0
4890,4505,0
3571,3208,0
495,3667,0
1965,2560,0
4745,1061,0
626,5074,0
3296,2537,0
2153,899,0
4865,4471,0
5294,2549,0
3839,2100,0
2342,4652,0
2026,331,0
3967,4045,0
2850,747,0
5041,641,0
3624,4629,0
4403,2290,0
3815,2828,0
1222,2525,0
3837,4060,0
1200,4407,0
1822,322,0
3328,33,0
674,1447,0
1182,3294,0
2541,508,0
2217,4908,0
1951,5221,0
4156,3218,0
692,1487,0
2011,5480,0
2543,2203,0
1484,3320,0
5480,2613,0
4171,3024,0
811,3359,0
571,940,0
5396,2296,0
818,1415,0
3880,5334,0
2087,4405,0
2279,3917,0
4312,3559,0
5467,3970,0
1927,557,0
4982,666,0
4010,696,0
1686,3942,0
394,4285,0
3847,904,0
2256,480,0
846,4994,0
5403,4666,0
1190,5462,0
5292,4947,0
4559,2795,0
4720,2079,0
2671,3049,0
2054,4677,0
1901,311,0
2560,5459,0
4035,3975,0
1458,616,0
1855,5029,0
1351,3374,0
1967,3554,0
1135,1788,0
4065,3490,0
40,3785,0
178,1208,0
4199,3646,0
1608,2052,0
3658,5357,0
1481,935,0
2258,3343,0
3793,1601,0
1244,2545,0
3911,1078,0
3992,1008,0
2426,609,0
1018,2429,0
2202,3255,0
1193,5119,0
908,5023,0
5249,5233,0
2426,8,0
2341,201,0
32,3676,0
4748,2623,0
4524,1095,0
543,1876,0
4169,990,0
2777,3404,0
2333,2753,0
4833,446,0
5168,1311,0
105,5262,0
4070,2163,0
2252,4258,0
2820,3738,0
1601,3145,0
4333,2178,0
3866,3131,0
4589,136,0
5282,2032,0
1269,3992,0
3153,2024,0
3340,4112,0
3262,4271,0
5384,1371,0
1066,3165,0
2610,1884,0
5149,1673,0
4568,4401,0
4899,3442,0
962,2765,0
2567,1720,0
1107,1827,0
911,812,0
541,5295,0
1097,3830,0
1655,1878,0
341,3063,0
875,3656,0
4113,2424,0
1146,406,0
4079,4141,0
4614,949,0
2003,1719,0
1058,947,0
2278,404,0
1032,3853,0
3611,3550,0
917,873,0
4399,2375,0
2225,4739,0
3779,2462,0
5396,5133,0
1671,2997,0
3951,5021,0
4250,4146,0
2650,3352,0
2319,1322,0
4444,716,0
879,690,0
2707,4072,0
4679,559,0
4053,363,0
535,3072,0
4748,2676,0
5165,4159,0
3334,1245,0
2083,2944,0
2630,5344,0
3419,4542,0
552,2351,0
2700,2910,0
3330,120,0
1848,3129,0
868,1695,0
3015,4042,0
3915,708,0
4884,752,0
3197,187,0
5206,3192,0
4446,420,0
3716,3894,0
4123,4350,0
4556,4311,0
1539,4357,0
4971,3482,0
1329,4781,0
818,4203,0
5070,1122,0
5366,3645,0
2332,1156,0
3434,4846,0
5356,2215,0
4438,2900,0
3060,3343,0
2556,1293,0
2422,215,0
2857,1527,0
3729,2563,0
5197,5008,0
4743,2638,0
3430,3409,0
3863,2265,0
1981,458,0
350,3579,0
1990,4063,0
2739,923,0
3944,5071,0
4100,853,0
3838,5496,0
2587,2035,0
2990,4502,0
5399,4595,0
1633,5224,0
2134,140,0
65,4793,0
1443,3810,0
5467,1260,0
3170,799,0
1147,3261,0
1007,645,0
5412,2152,0
1677,1365,0
2204,1201,0
2621,1604,0
2795,5030,0
4292,1788,0
1327,3235,0
15,642,0
4134,4183,0
185,4454,0
3697,3476,0
3124,2889,0
3251,2791,0
2585,4276,0
4636,5070,0
2429,4853,0
341,2562,0
3303,3083,0
867,5401,0
4032,4204,0
2295,2099,0
641,866,0
5198,1499,0
2036,1297,0
5110,4768,0
3299,2233,0
3704,3053,0
769,2834,0
4258,1392,0
1746,1301,0
2506,1312,0
3624,1048,0
5286,597,0
5313,3438,0
2395,2734,0
1719,1098,0
4957,895,0
688,1451,0
4462,5168,0
5030,3808,0
2643,422,0
2064,1773,0
4646,4522,0
2107,1292,0
603,3396,0
2771,5403,0
3457,1356,0
29,5222,0
5128,1502,0
3729,3753,0
2374,3285,0
782,789,0
4246,672,0
1759,3898,0
4992,3677,0
2132,3069,0
3822,5008,0
1080,3897,0
3779,2797,0
3849,1497,0
3772,1846,0
2224,2888,0
312,5119,0
2500,2875,0
4964,4526,0
3918,3021,0
1185,2851,0
3091,5306,0
2029,3038,0
843,872,0
4847,4684,0
456,1578,0
4679,4239,0
3421,3658,0
862,2241,0
4602,5359,0
727,2771,0
3689,2588,0
2563,3343,0
91,2253,0
904,659,0
3833,5246,0
2456,3478,0
4302,2334,0
2240,349,0
4884,2093,0
2920,3726,0
206,4168,0
4115,4646,0
1377,1480,0
2698,3489,0
5127,1097,0
439,5154,0
3478,2263,0
3533,4458,0
4791,1272,0
1942,336,0
2287,300,0
1118,667,0
1105,4698,0
5405,531,0
4794,2404,0
1514,4621,0
2019,62,0
1320,1414,0
4075,903,0
3384,2416,0
3447,3057,0
2324,5320,0
668,4522,0
1531,3685,0
3188,3881,0
1742,3171,0
687,4727,0
2779,1909,0
3776,2982,0
3068,1693,0
2761,370,0
1123,1356,0
2475,4592,0
1028,2720,0
418,3004,0
4582,479,0
4863,3923,0
5460,3853,0
2381,1122,0
967,3801,0
432,5161,0
2141,2446,0
1727,5015,0
2006,1671,0
4931,5368,0
874,830,0
3533,4805,0
11,3363,0
2759,2429,0
4104,284,0
1013,1280,0
4092,2303,0
2444,2136,0
3778,4690,0
272,504,0
3616,4408,0
5429,1828,0
2905,1062,0
5284,268,0
4126,183,0
883,2313,0
2524,2564,0
1774,4471,0
1719,4968,0
2957,482,0
916,1701,0
967,721,0
244,5456,0
1339,3923,0
4569,853,0
1493,2281,0
1367,3908,0
3851,4457,0
5406,5261,0
4756,5100,0
211,345,0
2547,1299,0
2703,5226,0
5134,1722,0
204,4701,0
631,4231,0
3454,4085,0
3796,1746,0
3044,4633,0
1028,694,0
3805,446,0
2113,4214,0
4467,4643,0
5453,1141,0
1637,4087,0
4284,1948,0
2489,4763,0
4053,5094,0
4615,308,0
249,3291,0
2577,27,0
4496,3884,0
40,4705,0
684,4357,0
5210,4335,0
5187,2626,0
902,4218,0
181,1128,0
5077,1815,0
3034,4601,0
3488,4448,0
3735,1793,0
1569,5015,0
4970,3398,0
1960,4942,0
3617,816,0
889,3900,0
2103,4552,0
2347,3670,0
2201,1289,0
3291,1192,0
685,1390,0
5273,4195,0
3204,135,0
3064,779,0
1917,770,0
1212,752,0
326,546,0
667,3068,0
4978,5464,0
3286,4736,0
3241,2834,0
4128,2903,0
2125,3923,0
1222,3486,0
676,2013,0
5464,2354,0
5495,360,0
2913,1095,0
1859,258,0
4450,4097,0
1819,3052,0
4977,5412,0
4982,1071,0
4283,1930,0
3419,3511,0
977,3225,0
112,1677,0
111,1397,0
4855,4294,0
3525,3487,0
2584,1043,0
1248,823,0
5462,5375,0
1238,2018,0
1427,2280,0
2603,3266,0
1577,1886,0
1289,757,0
5039,3714,0
4538,247,0
3052,5333,0
3463,5156,0
2721,109,0
984,2030,0
397,233,0
1847,1397,0
2835,1709,0
431,1006,0
3056,3146,0
3479,3347,0
3824,4631,0
1896,926,0
2221,173,0
3939,2530,0
1916,4450,0
4738,4786,0
437,855,0
2951,991,0
2541,496,0
5233,3081,0
1015,3671,0
3996,780,0
5011,3960,0
1768,5022,0
305,3773,0
3505,603,0
483,983,0
1744,1966,0
1394,4040,0
2204,2668,0
4417,3379,0
3759,1699,0
597,2467,0
325,2946,0
2919,1059,0
4385,4730,0
4838,4859,0
3366,1612,0
513,2372,0
2742,3493,0
57,734,0
4618,3865,0
1950,4396,0
1842,2299,0
5231,625,0
2374,1096,0
5135,3580,0
2779,2358,0
4617,5457,0
4430,149,0
2466,4353,0
2224,3690,0
1715,5034,0
3295,4040,0
4544,743,0
3762,4955,0
1066,870,0
4587,4552,0
481,2489,0
4530,1342,0
1375,2032,0
3873,634,0
1556,3940,0
849,1266,0
3346,2261,0
5434,4809,0
3645,441,0
1038,118,0
4292,2319,0
1344,1555,0
1139,1490,0
1500,2474,0
3338,3886,0
2035,2933,0
3993,2563,0
3761,3979,0
5203,3500,0
1255,705,0
3094,114,0
1137,944,0
4054,844,0
235,1067,0
3380,4644,0
901,4876,0
140,4057,0
3857,3916,0
1234,1809,0
842,1552,0
1418,1669,0
4036,3583,0
3877,3946,0
3370,2221,0
1985,3671,0
3220,1425,0
649,4673,0
3870,5153,0
1061,1810,0
3791,2276,0
322,5391,0
4904,1139,0
4982,457,0
1424,1418,0
1171,515,0
772,4238,0
1330,3274,0
2878,5327,0
2730,5483,0
752,1544,0
1225,2396,0
3352,3058,0
3947,3106,0
5008,5282,0
1929,4815,0
238,4799,0
4560,962,0
2674,4638,0
4960,4234,0
5103,1341,0
1004,3438,0
887,2539,0
4184,1964,0
4631,3931,0
3169,608,0
4955,4860,0
3112,4718,0
3455,3142,0
3309,549,0
1717,3773,0
4646,1232,0
3371,252,0
5377,4700,0
4437,2203,0
5399,3605,0
5047,586,0
608,765,0
1244,4687,0
3136,2056,0
4496,487,0
3118,1015,0
3693,277,0
2710,3861,0
3130,142,0
4396,2799,0
1955,697,0
1231,5181,0
3428,25,0
1758,2869,0
3386,2290,0
2902,867,0
451,5183,0
958,2186,0
4637,5495,0
384,3075,0
2515,3197,0
5249,895,0
2084,1473,0
2286,43,0
798,3817,0
4174,4386,0
4954,5464,0
345,804,0
4409,4202,0
2821,3408,0
5137,3624,0
2073,4622,0
1304,2178,0
1778,4912,0
4730,5327,0
244,1728,0
1903,4879,0
4221,2048,0
415,2537,0
3599,657,0
2169,4209,0
5455,1895,0
2190,3121,0
2858,1074,0
1135,919,0
5020,1898,0
480,248,0
927,3299,0
310,2365,0
1679,1703,0
928,106,0
391,707,0
3796,1260,0
147,321,0
4110,2782,0
5456,4902,0
1116,2894,0
563,1072,0
5164,5470,0
1697,1566,0
2387,239,0
4027,1979,0
3515,3521,0
4415,238,0
3749,5245,0
2371,2862,0
4434,3198,0
215,2870,0
380,5084,0
156,4499,0
4607,1532,0
3064,78,0
633,550,0
5269,125,0
4929,4748,0
4262,3488,0
1402,1507,0
1548,2392,0
3638,4004,0
4859,4156,0
1411,389,0
2102,1731,0
3095,2404,0
5078,3782,0
21,810,0
3156,3293,0
867,433,0
3954,1514,0
4090,2418,0
2769,3138,0
1033,3349,0
3451,4902,0
556,3957,0
4958,2917,0
4040,2456,0
5488,1238,0
1457,4443,0
566,998,0
4349,2666,0
555,3236,0
1380,3309,0
3151,3362,0
4097,3108,0
1343,1053,0
5109,1576,0
2185,147,0
3978,4816,0
3876,2395,0
3010,3043,0
4941,4865,0
3835,4959,0
2565,834,0
5491,3988,0
366,280,0
1695,1410,0
4375,1623,0
3752,3686,0
2115,886,0
5351,2289,0
2484,382,0
3568,2390,0
4555,1741,0
5374,2415,0
983,2754,0
1547,1380,0
172,3476,0
4781,6,0
367,4447,0
464,3875,0
4090,1600,0
2764,2592,0
5161,3736,0
2646,3797,0
2908,3862,0
5182,3057,0
4010,21,0
4191,3263,0
2659,3876,0
2693,1121,0
1437,2935,0
3949,284,0
3897,3147,0
1662,4575,0
1306,2528,0
1784,3574,0
1793,213,0
5375,442,0
5439,4039,0
5288,780,0
4847,4466,0
3902,4890,0
347,5239,0
5289,1669,0
595,4029,0
5421,2475,0
1878,1647,0
5333,1316,0
3586,1303,0
3476,4789,0
4244,1273,0
3870,3516,0
900,4682,0
1989,2197,0
4704,4023,0
2619,4471,0
2225,4576,0
2567,1150,0
4231,197,0
623,2297,0
1804,4866,0
5400,126,0
4364,4547,0
4191,666,0
2763,4683,0
1455,4930,0
2322,2465,0
246,1070,0
3376,4076,0
755,302,0
5014,3081,0
3319,2949,0
2903,4366,0
1584,4400,0
2141,4777,0
5187,5438,0
1309,190,0
568,1478,0
5278,2361,0
2366,460,0
2826,2703,0
5005,2480,0
5476,2372,0
2636,1521,0
3850,1631,0
3489,302,0
335,1414,0
2924,2299,0
3249,4445,0
5083,517,0
4465,5272,0
2042,2091,0
330,4634,0
2714,1867,0
5324,3479,0
3197,4173,0
1893,4307,0
4504,4125,0
1552,2439,0
3807,4369,0
1628,1905,0
4044,4608,0
2062,3720,0
5159,4585,0
472,5231,0
2445,1086,0
2586,5189,0
1783,3528,0
34,3396,0
2415,850,0
5181,4409,0
2787,4103,0
225,2131,0
5089,2638,0
4905,5338,0
1482,3946,0
871,1924,0
2311,2999,0
4511,1756,0
477,474,0
4186,2473,0
2955,5158,0
2746,728,0
562,2059,0
3569,4821,0
3534,2667,0
1940,1189,0
5155,803,0
1302,2124,0
447,1678,0
1576,2120,0
2377,1762,0
3118,4654,0
588,5273,0
5341,952,0
1109,1958,0
643,3562,0
1561,3336,0
26,1857,0
2354,146,0
2745,435,0
5177,2727,0
4209,5277,0
5238,2006,0
582,5089,0
5484,4931,0
2589,2327,0
457,3758,0
293,1961,0
3448,2446,0
1497,601,0
4685,3096,0
5434,5413,0
2619,1894,0
3985,63,0
4061,3505,0
1252,1690,0
4051,1160,0
1417,2733,0
3778,5185,0
1532,5017,0
4585,1807,0
5329,4852,0
3978,4550,0
69,5034,0
1954,2449,0
3436,1448,0
5417,5038,0
2079,3776,0
3347,1790,0
3202,3500,0
3369,571,0
3367,1837,0
3894,4582,0
4532,4560,0
2487,4075,0
3592,5207,0
568,531,0
2038,2321,0
1630,981,0
4276,3611,0
2001,1738,0
5441,2557,0
1143,2200,0
5391,4486,0
830,2721,0
3419,2764,0
3394,3846,0
4375,5217,0
1091,1330,0
3435,4745,0
2083,574,0
3850,2220,0
3713,4915,0
425,430,0
4830,2012,0
3615,1122,0
3110,4356,0
1430,3025,0
2191,955,0
4884,1319,0
4158,2369,0
5251,1764,0
131,4735,0
380,5286,0
3850,4458,0
4101,2866,0
4015,235,0
1128,674,0
4214,1797,0
2978,1761,0
1472,3238,0
3823,4331,0
4889,4143,0
1682,254,0
5349,4622,0
3666,4410,0
985,3123,0
3102,1042,0
3643,4824,0
2303,2820,0
3701,3605,0
3738,1274,0
824,5232,0
5000,1279,0
3360,2920,0
2326,2217,0
292,3665,0
4484,3747,0
2747,1179,0
1733,2546,0
2680,88,0
4464,4297,0
3893,3706,0
3192,3875,0
927,1662,0
4819,2742,0
2683,945,0
1968,2671,0
3722,2276,0
2042,983,0
2146,2083,0
282,1735,0
3348,1037,0
2154,3374,0
1642,2523,0
2964,5040,0
3628,4293,0
4504,972,0
379,850,0
4382,1932,0
1626,644,0
3951,1399,0
982,667,0
1656,430,0
2326,813,0
3357,1351,0
142,3392,0
3044,3172,0
357,4150,0
809,3617,0
4245,1335,0
1276,3207,0
3830,1153,0
169,3949,0
4933,1859,0
2483,5441,0
4398,5113,0
4021,189,0
4297,3172,0
4381,3063,0
909,626,0
5221,5017,0
20,3697,0
1808,4203,0
2032,2771,0
4787,846,0
3791,211,0
377,1275,0
634,2741,0
568,808,0
5391,3509,0
1765,1553,0
1773,2350,0
1669,228,0
1693,1359,0
5370,2564,0
2931,4514,0
571,4640,0
5203,2552,0
389,1365,0
488,741,0
928,2108,0
4700,5213,0
2268,4598,0
1974,1933,0
4006,896,0
4071,4213,0
4359,5447,0
1236,948,0
1517,5423,0
5220,3671,0
1975,1901,0
2274,2243,0
4396,1213,0
1253,687,0
3514,4762,0
4033,3809,0
1098,894,0
528,575,0
5473,428,0
4472,1908,0
3855,800,0
1284,5271,0
2200,5190,0
280,4948,0
1614,4397,0
4052,3214,0
4970,1769,0
189,50,0
2974,5451,0
3170,1460,0
1669,5089,0
1425,2338,0
3666,3991,0
961,4624,0
4736,808,0
194,3902,0
4761,5190,0
4566,4922,0
1894,965,0
2790,3273,0
4814,3876,0
1051,776,0
2364,3967,0
5163,1489,0
3568,1121,0
583,960,0
4362,4806,0
4645,2909,0
3187,3597,0
210,4514,0
3943,581,0
4405,329,0
3858,58,0
4255,1992,0
4237,4902,0
4710,5127,0
707,4235,0
1690,2543,0
2600,412,0
1314,4128,0
2063,1050,0
1044,2237,0
579,596,0
1065,2819,0
2998,4840,0
3276,2564,0
3353,1688,0
2387,3290,0
945,157,0
4583,4007,0
293,2928,0
4054,1950,0
134,4744,0
1287,4589,0
2183,2423,0
1284,193,0
2926,3203,0
3884,2917,0
1220,2129,0
1455,134,0
1493,428,0
5006,4524,0
1775,5041,0
168,2760,0
3553,2759,0
512,3134,0
2130,4347,0
465,2307,0
1111,347,0
1263,2069,0
5039,3110,0
1710,4133,0
2987,2519,0
4277,2386,0
4312,5062,0
671,1669,0
474,3731,0
1580,3278,0
3183,5342,0
1012,2182,0
5386,2490,0
2850,3983,0
1180,2233,0
2471,5080,0
2503,1212,0
2280,576,0
2084,3386,0
4083,2007,0
4404,2751,0
1146,2306,0
2759,1353,0
3641,3661,0
2105,3363,0
1659,1968,0
1340,4247,0
1473,3983,0
1366,1131,0
1407,610,0
1820,2754,0
2959,2175,0
2656,3873,0
2238,4420,0
4237,3576,0
316,4202,0
5214,324,0
874,3100,0
4122,5391,0
3132,3169,0
1595,2575,0
2099,4222,0
5245,4387,0
1108,1587,0
4967,3478,0
3887,3061,0
5023,2137,0
4673,282,0
3881,817,0
538,1953,0
5018,3094,0
5383,4620,0
746,3217,0
1916,3862,0
2049,2179,0
1507,1397,0
3146,4227,0
3048,3429,0
3929,817,0
1428,1058,0
227,968,0
2855,2231,0
2986,5379,0
1465,1994,0
1914,2811,0
4594,2399,0
2,5167,0
2761,801,0
477,4476,0
231,4073,0
3326,351,0
4738,149,0
2555,3026,0
1030,2994,0
4819,1818,0
2495,3211,0
4869,3304,0
3245,2123,0
506,1196,0
2093,5286,0
2533,4027,0
4967,136,0
4518,2547,0
2209,3026,0
4336,92,0
4230,4780,0
84,5353,0
4162,1250,0
538,3860,0
1138,5220,0
1636,292,0
2354,662,0
859,4202,0
245,4847,0
1624,4590,0
3092,1309,0
3167,2910,0
3488,2139,0
3225,1943,0
93,1485,0
79,3184,0
374,1643,0
200,4606,0
4218,5241,0
590,4982,0
710,3332,0
1922,2032,0
2708,2629,0
3862,4040,0
5291,2557,0
1983,2449,0
3388,992,0
85,2201,0
4116,2054,0
2219,215,0
755,3941,0
3855,1603,0
3169,3751,0
1631,403,0
2830,1112,0
668,2376,0
1486,5413,0
4046,3251,0
4253,3123,0
5138,4605,0
4165,1900,0
3436,4832,0
4873,3227,0
1724,2402,0
758,3349,0
3128,3669,0
5090,4272,0
639,1578,0
4039,531,0
112,5393,0
2426,3713,0
4877,5175,0
2486,5378,0
2111,4006,0
544,3215,0
3453,4707,0
5412,1461,0
5351,3981,0
5047,906,0
2155,4872,0
3086,572,0
1056,4358,0
2630,1333,0
2593,2596,0
521,1294,0
4712,3589,0
3168,4070,0
412,4906,0
2020,4367,0
3197,2551,0
879,1958,0
4893,858,0
3561,5344,0
1422,605,0
416,761,0
4110,3380,0
3835,3115,0
4834,3588,0
255,2232,0
2731,3347,0
2570,2049,0
78,4551,0
2360,4218,0
3155,3423,0
2768,972,0
4580,1618,0
771,4720,0
2316,2859,0
878,2717,0
4921,4596,0
5472,777,0
3511,2218,0
1195,2826,0
4854,2708,0
390,555,0
2583,4287,0
2115,1918,0
890,2024,0
4578,3576,0
2180,3075,0
4240,4015,0
996,2900,0
441,5289,0
2562,2935,0
10,4606,0
4859,3421,0
1348,2761,0
3057,2897,0
2850,276,0
2387,111,0
4663,811,0
2144,873,0
555,1489,0
4060,900,0
1858,2244,0
969,677,0
4943,1165,0
288,4813,0
1338,4737,0
2063,1309,0
3578,5029,0
2938,386,0
3383,1682,0
520,2237,0
4272,2700,0
2178,5478,0
1748,3661,0
1398,2088,0
2107,628,0
3480,1337,0
1015,3365,0
4162,3435,0
3919,2803,0
1015,1760,0
4260,4008,0
3184,1390,0
5180,2383,0
4738,747,0
1561,3116,0
2749,610,0
1637,423,0
90,3033,0
4542,3843,0
4578,2226,0
3716,1552,0
723,3228,0
1946,2755,0
525,3802,0
3033,1664,0
2041,738,0
2092,3842,0
3878,1110,0
3591,5099,0
4222,1949,0
621,3202,0
2644,294,0
2054,2748,0
5495,4014,0
2654,4125,0
1219,749,0
303,2479,0
170,4202,0
1621,2512,0
168,1987,0
3870,5444,0
2680,4566,0
3188,3998,0
4508,4770,0
3566,4244,0
4888,3705,0
261,808,0
1128,3217,0
607,1486,0
552,5227,0
299,1179,0
735,728,0
4635,2056,0
1192,1454,0
119,5230,0
1576,2996,0
707,4049,0
3648,2173,0
2336,3437,0
2324,2763,0
2379,1114,0
1377,2386,0
2329,4853,0
1519,118,0
1515,1535,0
3107,56,0
1281,3518,0
1944,1990,0
4124,3417,0
1631,1161,0
149,5339,0
1842,1929,0
4943,4076,0
2265,1085,0
359,2510,0
1296,1460,0
2921,2537,0
903,1452,0
3385,2419,0
5298,1641,0
1363,1944,0
4703,423,0
4313,1249,0
1135,3405,0
3500,4135,0
2896,1607,0
1442,3126,0
4684,3165,0
275,560,0
1826,1152,0
356,2655,0
4712,4044,0
1694,2493,0
1340,188,0
2770,2784,0
5447,1648,0
4514,1761,0
1058,271,0
3479,74,0
736,1510,0
739,3936,0
5407,2415,0
4398,3626,0
5057,4253,0
1805,972,0
481,1392,0
1307,250,0
3922,3784,0
1623,3174,0
3583,493,0
2974,128,0
2980,1771,0
4603,3143,0
2142,2676,0
414,1938,0
3721,427,0
3385,4815,0
4930,2031,0
4119,3108,0
3852,301,0
338,4018,0
3610,2471,0
904,2997,0
2095,3188,0
5135,4494,0
5411,2913,0
4962,2845,0
1904,4481,0
3832,3607,0
2060,4743,0
1725,5200,0
3343,926,0
3890,4424,0
1860,2445,0
5205,2953,0
3535,1808,0
5356,2656,0
3725,732,0
5347,2090,0
2428,374,0
1588,4222,0
3636,96,0
4325,4080,0
3766,2113,0
183,2561,0
4329,3787,0
44,977,0
2800,989,0
2440,1515,0
3874,5141,0
3940,102,0
1111,503,0
1065,2963,0
4736,1029,0
2517,703,0
2384,1184,0
3128,5116,0
4068,3282,0
4237,846,0
3153,5285,0
507,5358,0
2211,4435,0
1883,3537,0
3937,3897,0
378,5318,0
4013,1367,0
679,3079,0
478,2660,0
3151,4871,0
1157,1589,0
484,2164,0
4015,2095,0
2822,1130,0
4965,2482,0
3273,3593,0
2887,3566,0
1727,288,0
3092,2139,0
360,144,0
370,1094,0
4945,1539,0
2522,4525,0
3410,1481,0
3730,5443,0
2524,5390,0
2214,3500,0
1553,1069,0
1255,164,0
1998,2744,0
4452,111,0
5099,2228,0
1087,186,0
814,1679,0
2535,2252,0
133,5409,0
5178,3355,0
3279,5438,0
2492,412,0
1506,1580,0
577,2074,0
3792,3758,0
4414,930,0
4693,4355,0
1342,903,0
5077,4461,0
4843,2843,0
3518,2780,0
4067,871,0
4885,5042,0
1898,4878,0
4763,4333,0
3733,2564,0
4519,703,0
1888,2990,0
5153,4243,0
4089,4074,0
4476,3159,0
2841,3856,0
4153,981,0
397,2838,0
2258,3270,0
1147,734,0
3558,653,0
3332,2181,0
3663,4942,0
4951,2866,0
466,5356,0
1111,2406,0
2421,1924,0
3177,3210,0
5264,2349,0
4118,5365,0
1742,3855,0
1646,3504,0
796,3480,0
2938,5226,0
268,2060,0
3155,4960,0
5270,4596,0
371,2710,0
2634,350,0
1952,2600,0
1137,4113,0
181,1430,0
3237,3639,0
4425,4856,0
4017,1514,0
520,3773,0
810,4603,0
77,647,0
5008,882,0
1613,1191,0
152,2633,0
3035,1209,0
3553,4360,0
389,4266,0
1,4156,0
1188,2468,0
1374,1531,0
5183,5030,0
3163,3208,0
1329,3090,0
3592,387,0
1543,59,0
1943,3720,0
2694,1450,0
3217,2041,0
4297,3079,0
5245,500,0
3637,1700,0
3011,2828,0
2647,978,0
3279,338,0
4748,5313,0
3041,3010,0
5349,4015,0
1253,492,0
3242,4982,0
123,1788,0
1951,1314,0
612,1549,0
4840,2013,0
4787,1183,0
1292,2447,0
5091,4866,0
3641,4238,0
921,1013,0
1857,3820,0
227,421,0
3881,579,0
2322,970,0
1150,3339,0
3252,4138,0
3278,2678,0
692,4504,0
295,1156,0
4708,3899,0
1246,1037,0
3373,1249,0
53,4617,0
34,1488,0
2414,137,0
4709,2496,0
1593,2489,0
831,5155,0
5224,87,0
3183,458,0
3712,5024,0
1361,1311,0
971,2501,0
2778,1853,0
1320,1687,0
4128,2691,0
5385,2337,0
4355,1631,0
3992,2340,0
2248,5302,0
1701,5245,0
291,932,0
2503,1507,0
5172,2532,0
4370,1086,0
1719,5326,0
2808,3589,0
4204,1933,0
5186,3930,0
1820,3080,0
2317,1317,0
2669,3077,0
3092,3790,0
2396,3555,0
3006,3220,0
5409,2945,0
566,3282,0
2517,55,0
1864,2675,0
250,39,0
1516,3820,0
2967,2956,0
870,1687,0
3136,1245,0
3439,1304,0
948,5281,0
586,3704,0
3329,5302,0
734,4708,0
3492,946,0
2151,3845,0
419,3115,0
2889,2923,0
2422,5211,0
2478,2621,0
697,3156,0
4456,273,0
5098,4012,0
652,4290,0
1579,4460,0
2452,4461,0
5290,57,0
4946,1399,0
869,4395,0
5280,4484,0
1946,3641,0
2663,1732,0
3182,3270,0
2118,930,0
1063,4636,0
1817,1898,0
4597,2492,0
5476,4260,0
3513,3231,0
3462,2134,0
868,3691,0
1385,1322,0
4749,2980,0
492,1887,0
5193,3437,0
2248,581,0
1526,2899,0
860,2015,0
5255,2699,0
1420,3337,0
869,2056,0
3163,3001,0
2733,4337,0
1750,4543,0
5342,1553,0
1859,3347,0
4053,3341,0
1054,3442,0
588,4584,0
4207,336,0
4378,597,0
2726,4203,0
2551,2834,0
4913,4340,0
1572,1086,0
4264,3907,0
5491,4248,0
2690,3522,0
699,4125,0
5190,5350,0
4399,1101,0
3908,102,0
5094,3326,0
3591,3292,0
5114,2954,0
97,328,0
4186,828,0
4021,4100,0
295,3221,0
2178,1724,0
4528,4010,0
3562,4917,0
3984,3563,0
5216,1578,0
5262,682,0
523,1964,0
4413,4194,0
3852,3076,0
29,2106,0
3834,2309,0
2431,2854,0
3578,245,0
4453,2788,0
492,3649,0
1149,164,0
121,4002,0
5045,3524,0
4361,5492,0
4369,2647,0
2706,948,0
2878,579,0
3802,603,0
2533,140,0
2529,3862,0
694,2294,0
360,514,0
5196,4045,0
4676,4394,0
3131,2306,0
3183,2434,0
2492,172,0
517,1022,0
4011,2415,0
1854,1703,0
5395,80,0
3383,138,0
3673,1690,0
308,3000,0
3175,845,0
363,4041,0
2083,4492,0
1178,5460,0
5074,3075,0
4186,1917,0
1038,4697,0
953,4617,0
2152,2794,0
2246,1778,0
252,5090,0
4910,1095,0
3846,1715,0
2898,4258,0
4821,2220,0
1834,3628,0
3221,5143,0
1339,1363,0
5164,360,0
4629,2448,0
3000,2457,0
1305,3154,0
3581,5284,0
1849,1417,0
3619,5192,0
1092,4300,0
1834,1100,0
3891,2772,0
1709,4549,0
4404,2213,0
511,3102,0
2909,2009,0
3782,4629,0
1649,5170,0
4760,5037,0
4608,140,0
4844,2060,0
195,4760,0
5361,3979,0
2088,1710,0
3650,2602,0
5433,3991,0
187,2300,0
2096,851,0
5176,3119,0
4068,1108,0
5066,695,0
1455,51,0
388,2495,0
3694,5195,0
3372,1593,0
1706,1086,0
5029,3576,0
4983,4792,0
2381,1908,0
1030,341,0
788,4271,0
3206,2034,0
5279,4823,0
5459,4562,0
1753,5030,0
3564,371,0
4207,1056,0
2582,1685,0
5439,4799,0
718,2333,0
3802,2619,0
1068,4336,0
4387,1111,0
4103,2548,0
2191,549,0
5078,4279,0
2296,3080,0
249,3992,0
5113,1518,0
2794,2814,0
955,3263,0
200,3187,0
4722,4548,0
99,4671,0
1870,4369,0
69,2058,0
5137,3803,0
4315,754,0
4972,3847,0
2471,5301,0
4178,4290,0
3255,32,0
2461,268,0
2467,4933,0
3247,3144,0
2406,901,0
5227,3924,0
1553,4323,0
2735,4861,0
5429,885,0
3944,1684,0
3425,1554,0
1009,1466,0
4022,4251,0
5224,1171,0
2618,457,0
2943,1368,0
2202,4422,0
3463,14,0
2730,4124,0
993,4807,0
350,740,0
797,4386,0
3112,4593,0
4177,2414,0
1325,3778,0
2994,5346,0
2228,714,0
2769,1900,0
4252,3936,0
2630,1653,0
8,5278,0
4935,3811,0
213,633,0
2304,3002,0
1144,632,0
5046,1093,0
285,2769,0
1436,420,0
1277,3400,0
558,3848,0
2479,2290,0
450,4513,0
339,88,0
3571,5367,0
3207,3634,0
3352,5084,0
3668,3338,0
3278,134,0
3500,5432,0
2854,418,0
4681,519,0
326,3222,0
3703,4688,0
3925,1216,0
2492,3252,0
3208,3106,0
450,5324,0
3866,3668,0
3023,3655,0
2543,237,0
1832,4200,0
155,3692,0
1120,4063,0
1928,1818,0
1126,1132,0
2317,3488,0
3376,3895,0
3320,2547,0
2371,4259,0
5397,642,0
3211,128,0
5209,3011,0
3772,1273,0
870,178,0
29,2613,0
2110,3482,0
2793,2450,0
2218,3591,0
2211,819,0
4920,1262,0
1538,1207,0
392,4020,0
220,1706,0
1031,2773,0
388,1686,0
4821,354,0
444,5176,0
4060,551,0
2030,3008,0
286,4382,0
343,3255,0
4639,622,0
4162,2792,0
616,492,0
1396,1672,0
2476,3959,0
1566,2010,0
1664,1795,0
917,2184,0
464,2368,0
4970,1644,0
3263,3124,0
581,4131,0
4438,5229,0
2432,257,0
2033,2762,0
2328,3041,0
1382,5377,0
2014,2955,0
3269,2786,0
2432,3693,0
1506,5357,0
1457,1352,0
3530,154,0
3852,2367,0
2511,3392,0
1804,3034,0
500,1222,0
3113,5446,0
2491,2785,0
1061,4317,0
2443,430,0
4819,2134,0
3487,45,0
4344,3949,0
4430,2311,0
4517,334,0
1071,5489,0
551,1802,0
352,110,0
1106,2567,0
1556,42,0
3878,557,0
2252,4618,0
2448,438,0
5308,5310,0
962,2876,0
5068,4642,0
1392,4964,0
861,5066,0
1510,2317,0
3823,4307,0
4247,3745,0
3536,4992,0
3534,3721,0
1484,4096,0
1027,1232,0
221,3983,0
70,282,0
2895,5286,0
795,2338,0
4302,3687,0
2892,1031,0
2845,1829,0
144,412,0
4259,4271,0
3658,4152,0
5041,4721,0
5413,1911,0
3979,1129,0
602,4669,0
4562,1921,0
1000,2883,0
2737,5177,0
3351,4967,0
3012,1692,0
4366,1801,0
4723,5142,0
5300,2908,0
5321,3057,0
3602,2555,0
3209,4133,0
5178,4123,0
116,714,0
1519,5423,0
3614,286,0
2588,4270,0
1230,3332,0
2997,2888,0
2924,3597,0
1922,1492,0
787,5032,0
4348,3441,0
1050,4321,0
2863,2903,0
5305,4253,0
4353,5266,0
2884,5130,0
2142,275,0
2776,2639,0
2352,1406,0
1827,4110,0
3383,2440,0
3110,1328,0
4229,1840,0
1884,709,0
1087,1999,0
2609,1988,0
902,5463,0
4244,799,0
1652,867,0
5367,3083,0
3218,2383,0
1502,3363,0
145,3621,0
328,2387,0
4679,3474,0
3297,226,0
1737,1798,0
2328,4194,0
382,1459,0
2971,2841,0
2529,3550,0
891,3940,0
2080,4359,0
690,441,0
5044,1697,0
1682,3852,0
3651,1332,0
1814,5398,0
1747,819,0
4726,1316,0
1829,27,0
4503,2756,0
460,1442,0
3871,14,0
337,5180,0
4096,2977,0
707,2388,0
1722,1985,0
3449,4320,0
5060,2046,0
809,4894,0
5268,552,0
3913,4730,0
2244,5262,0
4691,2090,0
2626,3491,0
5164,4894,0
3458,1578,0
3941,4513,0
1059,321,0
1255,1637,0
3820,1075,0
4416,2496,0
2559,2267,0
5042,2327,0
4169,4519,0
5453,5134,0
4583,4216,0
1861,978,0
991,3895,0
683,1906,0
5017,2623,0
4957,4210,0
326,4089,0
2128,1792,0
4534,3580,0
2041,1393,0
771,5486,0
644,3731,0
4007,2477,0
3134,1582,0
4470,3245,0
5334,4653,0
61,1912,0
5413,5291,0
2036,193,0
2119,1754,0
5409,1156,0
2597,3792,0
4454,735,0
3805,2216,0
5188,305,0
2632,739,0
663,2449,0
1726,577,0
5002,4960,0
3275,4097,0
290,2911,0
3232,5459,0
974,1086,0
2424,2612,0
3074,1301,0
4586,60,0
2647,1368,0
3637,1884,0
5249,4611,0
161,3272,0
3430,4518,0
3521,10,0
2251,390,0
5268,712,0
5330,5054,0
79,2338,0
845,1054,0
4942,3994,0
3020,1078,0
5120,614,0
4572,5099,0
1556,3672,0
2696,2301,0
2846,2775,0
4475,4206,0
3593,5459,0
3601,1145,0
4831,3876,0
76,1539,0
342,2634,0
3425,1788,0
5410,4553,0
3885,4789,0
1650,2807,0
4717,4720,0
2045,4172,0
1928,2201,0
1382,935,0
1968,5173,0
301,826,0
3068,2147,0
2219,3571,0
567,1341,0
4917,5315,0
4651,5415,0
4397,4433,0
3320,570,0
214,102,0
3328,2663,0
746,2606,0
1389,3751,0
1155,3818,0
1819,582,0
489,2744,0
2917,131,0
3470,1697,0
972,5437,0
1572,3177,0
5049,2449,0
3761,2723,0
1886,5380,0
3043,352,0
813,5232,0
3320,4782,0
2891,4030,0
2835,1100,0
2507,5095,0
3154,3517,0
4747,1936,0
749,1573,0
2314,4083,0
420,3496,0
736,1689,0
2870,5275,0
4731,3731,0
1071,4091,0
3374,1836,0
678,5482,0
4516,3051,0
3358,2081,0
4390,2816,0
3782,1127,0
1614,2332,0
2706,346,0
4783,5446,0
5078,2100,0
3934,2360,0
17,2134,0
679,3074,0
2217,1150,0
1777,756,0
1176,2476,0
570,5202,0
562,4303,0
4636,2525,0
1802,2892,0
118,1835,0
1722,1496,0
3594,4250,0
493,1925,0
3302,609,0
2543,1628,0
1652,1945,0
3444,4501,0
559,5141,0
1948,100,0
1214,871,0
2676,304,0
1836,911,0
4108,672,0
499,1408,0
3514,1384,0
1902,6,0
2270,1423,0
1692,887,0
84,726,0
2346,4985,0
1129,4344,0
1860,176,0
1619,1741,0
1560,3975,0
4911,5151,0
2718,3272,0
3722,362,0
2446,4958,0
5431,1514,0
123,1399,0
2120,543,0
1502,625,0
96,1548,0
5215,4813,0
2076,2334,0
1535,2754,0
4964,3365,0
571,1347,0
3315,2057,0
451,3117,0
3134,3835,0
5007,205,0
350,3310,0
509,1019,0
1665,95,0
862,3195,0
465,5382,0
441,4621,0
5429,4589,0
236,3049,0
1036,2935,0
3740,1910,0
3808,4804,0
1492,1849,0
481,600,0
1418,3908,0
2017,2959,0
3011,417,0
3992,3721,0
5384,2081,0
1733,2983,0
1293,558,0
4090,2088,0
3847,3941,0
2804,3142,0
4678,1274,0
4061,1541,0
4429,3849,0
2971,3563,0
549,3334,0
3121,4636,0
3944,2320,0
4812,1286,0
345,2658,0
3713,1951,0
2788,3985,0
3344,518,0
4182,1690,0
3299,840,0
1421,5463,0
4303,3152,0
919,5220,0
4505,907,0
278,4144,0
2660,591,0
4592,3294,0
5036,970,0
4420,4262,0
4885,851,0
1159,3185,0
1762,12,0
5078,1583,0
2435,1809,0
3297,4374,0
210,3537,0
5393,2082,0
35,5093,0
2615,12,0
1128,1591,0
371,2506,0
5438,3364,0
3886,4720,0
1030,2651,0
1068,2629,0
2390,3084,0
4366,2105,0
1005,3121,0
2228,1956,0
351,184,0
2247,3473,0
3146,2487,0
4821,774,0
2795,1800,0
5026,4762,0
783,25,0
341,75,0
621,2829,0
786,3357,0
3812,541,0
3621,1652,0
2574,145,0
2663,1364,0
2755,5211,0
728,5434,0
3497,4957,0
2364,5214,0
5041,4629,0
1488,5236,0
5028,115,0
1648,5374,0
3336,3853,0
3366,2914,0
3792,3902,0
5016,3025,0
1155,4374,0
551,5289,0
2777,4161,0
480,2651,0
5064,211,0
1589,4869,0
4005,4191,0
4219,4815,0
209,2131,0
5042,5170,0
2613,2717,0
3159,1911,0
3828,2495,0
3111,1107,0
722,174,0
3390,1574,0
2206,5413,0
4292,3474,0
5255,2728,0
841,706,0
2049,1953,0
2371,841,0
2452,2355,0
2228,1319,0
1641,3367,0
1780,3602,0
2913,3826,0
1636,4121,0
762,201,0
2855,3794,0
1254,250,0
1110,4219,0
2017,1281,0
1407,4060,0
937,275,0
3066,3926,0
638,1136,0
5256,1587,0
4630,1534,0
3405,3890,0
4988,2947,0
3609,1571,0
5430,4059,0
163,490,0
5257,2490,0
4823,3921,0
4431,3195,0
5475,735,0
3421,1641,0
1162,89,0
1996,2599,0
4163,2902,0
2656,2235,0
2251,1143,0
5448,318,0
4661,3455,0
3719,2648,0
1652,1264,0
270,4325,0
4327,1190,0
4525,2523,0
2455,3322,0
733,1493,0
3176,2285,0
3469,5043,0
3343,3784,0
3642,3032,0
3780,2744,0
555,4119,0
2992,1372,0
3997,3835,0
1410,4437,0
4327,2919,0
1486,2877,0
3977,1895,0
5263,3611,0
955,4331,0
2410,3245,0
4039,5188,0
4349,2974,0
2854,3357,0
976,742,0
3234,728,0
1233,2958,0
1317,471,0
1465,2397,0
3090,4856,0
3571,3675,0
3052,5239,0
3191,247,0
1300,2818,0
4533,5420,0
806,4525,0
1862,408,0
4311,1413,0
4418,1815,0
2978,2140,0
1957,1872,0
1235,1711,0
2503,1929,0
3166,3368,0
3970,2429,0
3204,1790,0
720,5228,0
3570,4761,0
5103,4160,0
4709,2633,0
4271,5277,0
4212,4296,0
4995,1345,0
4469,659,0
3366,1765,0
2948,2235,0
1600,3208,0
1992,3568,0
2506,1443,0
4830,3531,0
3251,5194,0
2441,3053,0
3532,1128,0
4049,2725,0
5047,3899,0
33,5333,0
5086,2547,0
3626,3294,0
5051,3188,0
3293,2856,0
1577,3271,0
4423,2028,0
1331,3709,0
2801,3556,0
889,4211,0
4061,5246,0
4469,1823,0
1976,2965,0
143,45,0
4320,1777,0
2747,2070,0
1150,636,0
3369,5088,0
2896,5023,0
2543,2296,0
4567,2838,0
2433,142,0
2826,5191,0
5319,3963,0
3853,2341,0
2780,2901,0
2268,3489,0
2237,678,0
2162,2104,0
3731,2925,0
1352,2343,0
2876,2167,0
819,3797,0
2110,4303,0
1202,4621,0
3817,1521,0
1475,4289,0
493,1716,0
3744,2051,0
2325,4172,0
3979,2287,0
682,3566,0
1846,5322,0
2504,1154,0
410,3887,0
512,4923,0
5324,1548,0
3411,2912,0
4047,3114,0
3798,5361,0
4668,3048,0
1838,3502,0
1674,223,0
411,781,0
3833,2191,0
4860,623,0
3888,3102,0
3137,3354,0
3213,2228,0
1892,2956,0
1023,2577,0
2004,3413,0
1852,1063,0
4021,125,0
3516,2065,0
5209,4452,0
3900,4630,0
3466,1049,0
2756,2187,0
1216,4754,0
5420,3775,0
4489,4159,0
1614,3251,0
2929,185,0
2563,4055,0
3644,137,0
1355,5043,0
4211,2602,0
1217,5457,0
3368,4106,0
1484,4298,0
59,3772,0
4831,5058,0
3480,507,0
787,2983,0
1750,4505,0
3530,1192,0
820,633,0
1540,1331,0
3334,555,0
5473,1205,0
4031,4153,0
5348,1357,0
3102,5356,0
2524,3674,0
3140,3526,0
1653,660,0
467,2104,0
1396,468,0
2123,88,0
451,2164,0
5462,3895,0
1047,1783,0
1674,5173,0
1971,4571,0
5237,5362,0
4878,686,0
4646,4910,0
4231,4223,0
4454,1791,0
5474,2593,0
843,150,0
1457,2021,0
4926,3494,0
3166,2,0
1687,3916,0
4029,4016,0
742,3514,0
2374,3715,0
5290,2749,0
779,2177,0
3993,3412,0
1120,4378,0
373,2693,0
752,2692,0
368,67,0
3013,2483,0
2815,3894,0
1186,4752,0
9,3396,0
630,3853,0
1103,1222,0
248,2179,0
3248,5398,0
644,3673,0
5006,3953,0
4981,1018,0
4308,2236,0
87,3689,0
1582,5210,0
5246,2734,0
504,955,0
3876,479,0
1016,4659,0
525,4883,0
2599,1737,0
1714,1958,0
870,3706,0
220,5070,0
889,2196,0
1464,1808,0
4267,259,0
4912,622,0
5333,4629,0
4187,5048,0
425,3122,0
71,3583,0
898,1358,0
4087,4140,0
4606,2251,0
5072,5477,0
3473,5117,0
1487,877,0
2109,4432,0
3558,5177,0
229,908,0
388,4304,0
3067,4187,0
4687,2082,0
4749,517,0
3170,119,0
3568,3751,0
3635,5127,0
883,2346,0
2057,4739,0
1065,3383,0
752,4748,0
451,1402,0
4549,3798,0
1355,2090,0
1424,488,0
1567,4807,0
5307,2682,0
2683,1361,0
2329,1632,0
3433,4126,0
741,4556,0
962,1094,0
3663,2287,0
4056,1603,0
3643,130,0
3839,1541,0
617,235,0
5145,2754,0
4940,2602,0
2827,1349,0
2486,4684,0
526,2133,0
4951,2884,0
5156,2267,0
2739,4152,0
4447,3637,0
5474,3258,0
2089,5134,0
4782,3900,0
4779,2347,0
1457,424,0
3506,2341,0
2402,5048,0
2580,2939,0
5130,2692,0
2565,4071,0
1188,1961,0
2750,4436,0
4612,2123,0
5084,14,0
3905,4250,0
4649,1274,0
1770,4179,0
4188,962,0
3865,902,0
4965,2393,0
2388,4336,0
2285,3248,0
3428,4373,0
2994,1275,0
3461,1524,0
1178,545,0
5419,5282,0
3058,119,0
4501,2472,0
2495,627,0
234,1366,0
3960,2097,0
5482,1089,0
4606,5089,0
1343,177,0
4257,5149,0
4137,4212,0
1225,3789,0
1267,3306,0
4952,4796,0
4988,3438,0
4748,1583,0
4170,2133,0
3976,3780,0
644,105,0
4499,1475,0
396,694,0
3220,4839,0
2642,1558,0
940,2976,0
1746,3229,0
231,1292,0
289,4159,0
343,2507,0
2793,3065,0
978,3831,0
3149,1620,0
4636,43,0
1898,3712,0
1102,3200,0
3923,3561,0
5494,3922,0
2096,989,0
1617,4502,0
3049,2827,0
2312,4784,0
3087,4420,0
2740,2525,0
4302,3180,0
4081,4723,0
2857,2541,0
4612,4719,0
3893,1143,0
55,3235,0
2150,831,0
261,159,0
752,1858,0
3663,1741,0
4459,4096,0
4018,1837,0
2619,1237,0
5113,229,0
3177,3058,0
1716,1158,0
4712,1898,0
1267,4937,0
4710,1752,0
3003,590,0
3886,3084,0
1415,2944,0
5285,103,0
2410,3295,0
3922,1428,0
2859,2916,0
2596,1347,0
5112,2356,0
4179,3655,0
2685,307,0
5413,3606,0
1921,111,0
4481,1175,0
2461,2480,0
144,470,0
3496,248,0
2191,4276,0
3906,2520,0
1044,5408,0
3179,3126,0
2578,2147,0
4064,1084,0
2882,462,0
5177,2100,0
670,3192,0
4439,273,0
809,1219,0
1807,4757,0
3205,1009,0
801,1143,0
2772,2969,0
1212,3619,0
4721,760,0
465,28,0
3518,3519,0
4371,4609,0
1251,2740,0
2311,1755,0
4049,814,0
1716,4448,0
2084,2862,0
2357,5007,0
4452,2415,0
4568,1413,0
4886,738,0
3385,1858,0
5309,4960,0
3255,697,0
1026,1009,0
353,5332,0
3065,2870,0
4760,1999,0
5252,2316,0
3553,5450,0
1393,1882,0
4866,58,0
3870,2867,0
5343,1039,0
4705,3399,0
2080,3631,0
5044,2774,0
3681,815,0
3624,2723,0
122,5264,0
5443,3018,0
33,2901,0
2725,5288,0
5422,2519,0
1574,3091,0
1165,486,0
2099,1963,0
3266,3965,0
1424,1737,0
3530,3622,0
3803,3848,0
3246,272,0
221,2865,0
3960,3101,0
1155,4498,0
2935,1381,0
242,4767,0
5065,2119,0
472,4148,0
388,1180,0
3050,2544,0
2515,2631,0
5219,1050,0
1381,1542,0
795,4025,0
4419,467,0
3986,3394,0
4109,2318,0
2076,3784,0
5089,4593,0
1527,4123,0
2289,3702,0
4305,2437,0
4336,4953,0
2644,739,0
2704,5001,0
1629,437,0
5039,3281,0
4905,5234,0
2869,4960,0
3322,660,0
2504,2417,0
3171,3874,0
107,5128,0
5490,522,0
4452,2631,0
2387,3763,0
2037,5135,0
2870,1733,0
4324,2567,0
969,165,0
5108,2895,0
1697,179,0
3242,864,0
3527,3416,0
1246,2886,0
4276,4361,0
304,5278,0
187,763,0
2670,3444,0
4639,5052,0
4875,157,0
504,3480,0
2497,1786,0
3391,3105,0
162,4822,0
1955,3856,0
360,1184,0
325,558,0
3863,1182,0
2564,2977,0
4415,4345,0
2561,2434,0
1512,4355,0
2344,44,0
5152,3138,0
3756,505,0
554,3171,0
4993,3512,0
3858,4191,0
359,3805,0
1798,3429,0
1349,915,0
2570,1435,0
840,3640,0
173,3596,0
28,774,0
1487,5244,0
1161,100,0
2063,478,0
1946,1108,0
3400,655,0
3147,4644,0
4421,5473,0
3500,1036,0
4874,4421,0
1713,324,0
3984,1948,0
686,3137,0
295,3755,0
2271,3841,0
1661,83,0
869,1918,0
5287,5485,0
1106,3303,0
3665,3855,0
4147,4359,0
309,5489,0
3239,4641,0
3397,3699,0
2293,307,0
4607,2512,0
1064,640,0
1120,3539,0
1433,3742,0
3538,3652,0
898,2977,0
3641,3221,0
316,5494,0
205,2192,0
4265,2849,0
4691,1695,0
4713,593,0
642,1889,0
2765,1237,0
4470,2041,0
2017,4412,0
4917,1354,0
257,1500,0
4523,4849,0
2732,5416,0
3651,4073,0
3974,243,0
1230,4846,0
2570,2324,0
2841,5252,0
4915,1438,0
1886,4262,0
3782,4158,0
3820,2233,0
4361,5075,0
664,2882,0
3522,1966,0
4483,4648,0
1580,3283,0
3362,3674,0
5090,4883,0
2892,5333,0
490,5228,0
5460,3150,0
4771,3603,0
3263,757,0
2550,560,0
4011,4958,0
3680,775,0
77,2172,0
679,4041,0
3714,1307,0
541,4414,0
2463,4637,0
2422,61,0
4550,5281,0
1544,4236,0
2245,1720,0
1490,2240,0
1584,3508,0
417,2451,0
2975,2200,0
124,4395,0
1819,2935,0
5292,961,0
4448,1027,0
240,4477,0
3380,5332,0
2134,2114,0
2167,879,0
942,3127,0
459,171,0
1959,5250,0
4723,3932,0
4623,309,0
5421,167,0
871,4788,0
253,3582,0
1773,5068,0
441,4725,0
2885,4222,0
3564,1498,0
2720,976,0
1469,4380,0
4870,4115,0
2419,3987,0
4719,2212,0
2706,2061,0
3316,4893,0
2815,19,0
3637,447,0
1815,3177,0
5342,1993,0
1597,3627,0
3824,3658,0
4401,3963,0
3215,4036,0
403,3519,0
2424,1727,0
1448,3078,0
1319,723,0
3459,3537,0
2851,3071,0
618,1702,0
3089,4427,0
3955,3442,0
2437,3687,0
2573,2679,0
211,3261,0
1818,3934,0
3753,1680,0
3078,3692,0
4643,2270,0
4686,2137,0
5457,5408,0
4917,550,0
4384,2661,0
2826,1068,0
5184,477,0
1108,602,0
3068,547,0
1580,2490,0
992,4242,0
5124,2116,0
4987,3753,0
4065,4806,0
3940,529,0
2698,654,0
351,2711,0
2211,716,0
914,3623,0
4938,2702,0
5416,4625,0
3777,4089,0
319,2299,0
1475,3841,0
254,1245,0
1681,1478,0
3837,1760,0
3243,2114,0
384,2094,0
806,3653,0
477,5160,0
4457,2185,0
5262,2491,0
1531,4169,0
3002,533,0
2161,1373,0
1102,2516,0
2535,2532,0
3213,905,0
4675,3015,0
1661,1088,0
1467,3864,0
926,5239,0
509,1853,0
1978,5314,0
5346,5248,0
3370,1802,0
654,4749,0
3198,2718,0
4518,3744,0
3165,55,0
2519,2682,0
203,3102,0
5085,1153,0
2032,5295,0
2665,1245,0
400,2702,0
117,1973,0
779,2476,0
4195,146,0
2504,1726,0
5464,5127,0
4850,3692,0
4174,1199,0
317,4676,0
1140,4683,0
4624,4549,0
761,300,0
4732,5322,0
4623,3589,0
4554,1231,0
4546,4496,0
2364,4618,0
2421,4345,0
772,1592,0
378,355,0
4545,740,0
4205,935,0
1073,92,0
1403,2172,0
4703,62,0
768,3648,0
1789,962,0
5170,448,0
2547,406,0
4035,4644,0
1635,5209,0
4320,1602,0
1257,3195,0
2715,119,0
4631,4598,0
4155,5069,0
4215,3402,0
953,3038,0
2774,5394,0
720,1173,0
2977,4911,0
1186,4532,0
2277,4383,0
5085,5105,0
744,3286,0
54,2494,0
1019,1928,0
4257,2415,0
3774,4490,0
2724,2223,0
4143,2768,0
630,2745,0
4959,4812,0
4838,1387,0
2331,5130,0
2594,382,0
4360,3524,0
1008,3979,0
4850,1006,0
4943,5121,0
3459,1666,0
2625,484,0
1874,1750,0
438,1500,0
2732,2408,0
3946,2592,0
840,564,0
2391,4070,0
4171,810,0
235,697,0
2296,2594,0
3320,2531,0
4838,4455,0
2610,2127,0
1132,3710,0
933,5396,0
4354,4690,0
5226,2390,0
4355,923,0
2582,2868,0
553,879,0
929,1189,0
750,1769,0
2268,2562,0
2466,2430,0
5258,1997,0
1717,2669,0
4665,4372,0
925,201,0
2416,3583,0
2926,4476,0
2326,6,0
4076,674,0
3358,4623,0
4274,2894,0
1894,967,0
831,116,0
2162,2517,0
5482,2963,0
1554,5204,0
1513,1287,0
5085,645,0
3929,3149,0
2437,2237,0
3539,1510,0
4499,1230,0
672,584,0
1142,2140,0
4515,443,0
405,412,0
5470,5268,0
3739,1114,0
3037,766,0
2022,3183,0
5161,5346,0
451,1812,0
35,311,0
4162,3733,0
1896,1975,0
2899,3015,0
2531,2968,0
2533,643,0
3123,4531,0
4505,1846,0
883,2410,0
674,2895,0
3459,5351,0
154,4535,0
3958,3451,0
2240,49,0
2333,4250,0
278,3224,0
2239,4190,0
5157,1191,0
3060,4787,0
2288,773,0
3971,1037,0
650,2784,0
4923,1663,0
883,1744,0
4482,1466,0
3094,545,0
4871,3329,0
3201,1756,0
3882,2178,0
2376,4443,0
3793,3387,0
4052,3578,0
2085,658,0
4287,1015,0
1545,5015,0
3835,1283,0
359,4449,0
1455,1346,0
4747,3850,0
3696,2400,0
3328,3280,0
3456,1485,0
3073,3211,0
3718,1811,0
1600,1697,0
2580,3279,0
4228,2562,0
4005,4032,0
5003,2037,0
1642,2835,0
2949,2966,0
2978,4058,0
591,5242,0
1654,5332,0
5213,1664,0
3949,3599,0
904,4081,0
2935,3394,0
1205,3124,0
2862,1715,0
5489,1714,0
3641,800,0
2059,999,0
4551,2574,0
1594,1300,0
2939,994,0
4576,3385,0
2119,3172,0
3450,2434,0
3251,4089,0
3298,44,0
4336,4961,0
4054,3317,0
2493,590,0
1284,1730,0
4161,3062,0
2963,3865,0
319,4107,0
2824,4929,0
5279,2636,0
4439,4446,0
215,4238,0
4261,749,0
2954,1869,0
2682,2857,0
452,4656,0
3966,556,0
2482,3242,0
55,3821,0
1470,2218,0
4267,1860,0
1619,630,0
2830,3597,0
2098,2699,0
2551,37,0
5422,48,0
3067,1689,0
3166,4355,0
2247,3017,0
3416,2722,0
2503,3879,0
4448,2859,0
2674,4747,0
887,2787,0
3234,1694,0
4475,1758,0
47,3006,0
5437,2905,0
5103,2727,0
3109,1082,0
4513,4032,0
4629,4132,0
3748,4605,0
4358,3827,0
5032,1322,0
2968,1578,0
1527,4511,0
1473,2049,0
3607,3438,0
269,2132,0
2558,1815,0
4181,4029,0
3981,2004,0
3453,3313,0
5204,210,0
3675,2483,0
3608,1626,0
4509,5161,0
2327,2502,0
322,1688,0
371,213,0
1091,2718,0
775,738,0
1788,2627,0
351,3432,0
1712,3471,0
1773,3007,0
856,4289,0
3843,1552,0
3886,4588,0
4168,4543,0
1664,299,0
516,4089,0
4516,1288,0
5041,2105,0
3999,5409,0
3424,946,0
1559,2914,0
4217,3211,0
983,4218,0
1488,4834,0
2080,3487,0
5366,5354,0
3318,1688,0
1670,1557,0
3500,703,0
745,3417,0
4094,4453,0
5277,796,0
1015,3968,0
5251,2862,0
4634,3011,0
3976,2736,0
317,2797,0
1779,4164,0
1526,1160,0
5162,4258,0
1755,937,0
5032,752,0
846,3055,0
1463,2889,0
1417,3165,0
2039,3571,0
2458,3998,0
4912,2969,0
3894,4051,0
1404,2571,0
3737,1678,0
2276,3126,0
2658,2071,0
2277,1763,0
2226,4995,0
3623,857,0
202,5451,0
4663,2039,0
1649,814,0
767,729,0
5320,4180,0
3319,3286,0
2844,4869,0
710,5479,0
3933,3792,0
96,4931,0
464,3317,0
2531,2008,0
1172,3139,0
3893,1542,0
196,3879,0
579,1302,0
2776,4533,0
1478,2928,0
0,1327,0
3406,2972,0
4706,3468,0
1198,4300,0
2775,3122,0
1871,3565,0
5365,2823,0
3930,4748,0
468,1415,0
3124,832,0
5488,908,0
3527,536,0
2333,917,0
4943,3692,0
2713,1171,0
5078,4558,0
1119,5300,0
1484,3114,0
198,4621,0
3642,962,0
1914,410,0
3936,1247,0
5364,2436,0
3871,4663,0
3047,3885,0
802,959,0
1678,2770,0
2094,1109,0
2119,3654,0
3023,5430,0
557,4288,0
1758,3687,0
5390,3992,0
884,409,0
934,4655,0
3751,3909,0
4314,5365,0
1475,3314,0
631,2278,0
98,2315,0
2558,2536,0
2910,3833,0
1227,1015,0
3927,2855,0
4194,1761,0
2792,4912,0
2084,3961,0
109,433,0
3303,3300,0
3222,2355,0
3086,4728,0
43,4242,0
2244,1830,0
309,2140,0
2765,5370,0
3603,1464,0
42,476,0
272,954,0
1060,3727,0
3537,1032,0
776,2717,0
1140,3234,0
4563,3712,0
4748,1657,0
469,432,0
980,2457,0
885,2354,0
1830,3820,0
3982,4217,0
4694,766,0
4961,3768,0
1150,3681,0
1905,5329,0
90,4192,0
3671,1822,0
3605,458,0
969,4427,0
357,1000,0
3155,3886,0
4270,3878,0
2195,1463,0
2086,90,0
4740,477,0
2467,4858,0
2547,3820,0
3759,1217,0
2368,227,0
174,3649,0
5317,10,0
739,1007,0
1892,5437,0
2546,3318,0
1440,1652,0
5431,4025,0
497,975,0
3191,1757,0
5334,5079,0
3596,975,0
2410,2509,0
951,6,0
5398,2122,0
4085,2593,0
2619,4059,0
1227,4432,0
629,4452,0
4269,192,0
5042,4354,0
3531,3068,0
5056,1110,0
5367,4361,0
4318,740,0
5069,3449,0
151,5433,0
2528,3397,0
2660,2849,0
5257,3597,0
5294,3783,0
4075,4958,0
824,209,0
5158,1228,0
4259,3906,0
2183,2241,0
3282,5364,0
2593,1447,0
2625,5252,0
897,3361,0
4582,3343,0
1716,2467,0
267,2610,0
899,4353,0
3688,2661,0
3344,5166,0
2257,4599,0
4399,5359,0
4091,2870,0
2248,509,0
770,2592,0
2250,4664,0
461,912,0
2555,3572,0
2126,895,0
4664,4737,0
1130,721,0
1406,4352,0
1372,1067,0
1017,5249,0
5395,610,0
2385,3173,0
3441,1401,0
3034,676,0
859,3505,0
1385,4593,0
1581,967,0
388,4580,0
1902,3431,0
1536,3948,0
1906,734,0
405,2944,0
4910,434,0
935,3286,0
663,2058,0
4583,1591,0
3878,2230,0
1816,4295,0
3811,529,0
1786,5377,0
3425,3116,0
769,3282,0
3450,5069,0
2652,4756,0
868,1293,0
3836,2140,0
4014,4084,0
1797,2352,0
271,4230,0
4220,542,0
2230,1451,0
1414,2176,0
2640,4977,0
1487,3087,0
2723,1833,0
2999,2272,0
4617,5067,0
3650,4955,0
3877,1918,0
3323,4832,0
1541,5013,0
4456,5234,0
910,4489,0
4982,2015,0
4093,869,0
5033,1915,0
5132,4501,0
3474,2742,0
4022,543,0
3721,4605,0
3710,764,0
3755,3968,0
2691,5370,0
3553,4566,0
1481,5208,0
3341,1422,0
525,4893,0
5090,111,0
3256,1333,0
4612,153,0
1347,2939,0
1871,4181,0
2980,3599,0
2597,3842,0
2239,5193,0
2850,4283,0
3306,5292,0
3464,202,0
3481,3300,0
5423,1479,0
4698,800,0
2114,1644,0
985,974,0
2002,5346,0
3791,3464,0
2616,276,0
2299,2085,0
575,3595,0
1791,4945,0
4788,2352,0
3243,519,0
824,3952,0
4351,685,0
4317,1454,0
659,537,0
1488,1143,0
4286,449,0
3636,1757,0
1478,122,0
1680,5064,0
4246,4653,0
4384,4578,0
129,4003,0
1883,4719,0
4759,3314,0
3186,2074,0
4594,4191,0
2076,4849,0
3559,3005,0
501,3171,0
3818,3568,0
3921,4831,0
2910,5019,0
3581,729,0
3118,3654,0
698,1796,0
2379,2605,0
2840,4566,0
3862,3095,0
3407,3277,0
5124,392,0
4805,344,0
4438,4803,0
694,2992,0
3947,1600,0
791,5017,0
5482,5382,0
55,3525,0
2493,458,0
198,4580,0
3805,2744,0
1789,3646,0
2169,2735,0
3832,4856,0
5002,1540,0
1601,4807,0
2073,72,0
68,4063,0
4063,3329,0
3674,167,0
4909,4040,0
2310,4686,0
1607,2228,0
5057,2478,0
1940,3272,0
2953,1438,0
3300,1042,0
2142,2610,0
3164,2563,0
1877,4258,0
165,2211,0
1651,2515,0
4926,2413,0
1679,4944,0
4397,4216,0
3424,1320,0
268,234,0
3935,4294,0
631,3378,0
1085,4904,0
4397,87,0
1891,3639,0
4024,2363,0
3233,1643,0
2520,1432,0
1581,4597,0
5397,1128,0
2291,5249,0
2820,2741,0
382,125,0
5029,5143,0
5407,4785,0
482,4576,0
4061,2851,0
3597,3422,0
1793,3803,0
3935,2679,0
4481,2568,0
3855,4662,0
783,4849,0
3862,4421,0
4920,2818,0
3152,4781,0
1918,1512,0
4573,3342,0
4522,3943,0
2388,3959,0
4194,2247,0
2231,4751,0
4419,3943,0
2037,4404,0
1901,1808,0
734,4861,0
2692,595,0
911,5330,0
2629,1334,0
4585,2662,0
4289,2148,0
4537,2959,0
5198,937,0
1962,18,0
4678,1721,0
5207,520,0
829,4573,0
4073,2535,0
4158,2765,0
1022,492,0
1488,3933,0
4466,3467,0
4970,1666,0
4686,5224,0
777,2859,0
5144,3395,0
4453,1453,0
2429,2433,0
565,2141,0
4854,3912,0
561,3897,0
3957,252,0
4091,2194,0
4715,3061,0
4604,2817,0
2831,3049,0
1157,5049,0
1511,3511,0
4744,3774,0
2862,1783,0
3324,3900,0
1912,3538,0
5096,4353,0
1023,566,0
4085,3265,0
1562,208,0
4575,3109,0
1232,3387,0
2312,3063,0
1266,1111,0
3586,4835,0
101,2726,0
2022,603,0
1947,2852,0
31,373,0
1466,3577,0
3394,2072,0
3459,1052,0
4828,3990,0
4933,1249,0
4517,1442,0
9,2058,0
2392,2581,0
2573,1409,0
1535,4039,0
968,1442,0
881,1489,0
449,4818,0
1205,1646,0
2155,4331,0
3450,5448,0
469,3978,0
4557,3505,0
3717,4692,0
3214,3927,0
2317,3462,0
4475,5417,0
775,1954,0
2223,4458,0
1021,2355,0
2655,1777,0
3764,1683,0
831,5477,0
190,5333,0
1303,3579,0
2756,2443,0
5093,5394,0
780,1139,0
2675,5433,0
623,1080,0
3705,3409,0
603,3547,0
1620,4940,0
4854,3633,0
3667,2787,0
3969,809,0
1179,4073,0
4973,3562,0
793,2347,0
593,4889,0
3156,4714,0
458,5436,0
1548,2322,0
3681,4975,0
71,3680,0
3728,5358,0
1605,2902,0
994,2639,0
1640,2281,0
3641,5402,0
4375,2069,0
2639,4213,0
4985,656,0
3047,3009,0
1530,1830,0
525,2460,0
2005,204,0
1308,5032,0
2880,3269,0
3610,1232,0
3884,5428,0
5452,2704,0
4239,2682,0
4464,2655,0
2223,2204,0
691,4636,0
3357,5375,0
3071,1963,0
3437,4624,0
835,55,0
1668,5487,0
1422,1365,0
568,2262,0
4321,2065,0
5255,3355,0
4495,3425,0
324,4741,0
4378,4891,0
1100,5291,0
1398,4013,0
2354,5068,0
79,980,0
474,4214,0
1732,433,0
657,3268,0
493,1913,0
188,1279,0
2386,3641,0
4101,3137,0
4604,708,0
2876,3566,0
471,3570,0
4931,3531,0
2624,1169,0
4320,3942,0
3059,2240,0
1876,1599,0
4727,2966,0
2405,637,0
324,1712,0
4998,2676,0
1651,1869,0
1142,4625,0
1460,2302,0
1235,2949,0
4420,2863,0
261,3687,0
1250,4668,0
3972,5195,0
1553,586,0
481,233,0
5049,3888,0
2969,4421,0
1027,1385,0
1095,1436,0
5350,1981,0
4512,1739,0
3993,3353,0
2440,5294,0
985,817,0
3482,5340,0
1899,2668,0
1761,620,0
4002,1222,0
1455,4902,0
4325,3320,0
5256,4277,0
2516,50,0
4708,503,0
2788,3066,0
4541,2321,0
3031,1279,0
3384,4975,0
277,3530,0
1938,3550,0
5269,3226,0
3148,1000,0
4248,4118,0
1017,3484,0
1071,958,0
1717,4068,0
3953,3941,0
2855,5481,0
3211,2984,0
22,5235,0
4867,1831,0
3728,2792,0
4808,4350,0
1397,4214,0
5156,622,0
4938,3345,0
890,5475,0
3362,5114,0
5092,4200,0
2197,4644,0
3883,424,0
3983,2203,0
12,3127,0
3056,1835,0
3839,632,0
4803,2403,0
361,101,0
4036,1852,0
2750,1144,0
732,3768,0
3489,5303,0
4301,2387,0
5066,3715,0
1105,3231,0
1473,2130,0
3806,4270,0
2672,4558,0
859,3204,0
106,2899,0
4273,1667,0
2380,3836,0
2073,1736,0
2010,2203,0
4910,3906,0
5465,1525,0
158,4504,0
2893,26,0
2800,2537,0
5207,4863,0
92,324,0
1916,3168,0
1372,3608,0
5436,5382,0
3677,3070,0
3248,1050,0
4700,815,0
2578,4863,0
3356,4032,0
3057,5311,0
5201,4510,0
4041,4227,0
458,1993,0
124,1405,0
363,1293,0
2362,993,0
1095,977,0
820,4634,0
4640,3191,0
3615,4057,0
2469,43,0
2678,3628,0
4932,2417,0
4495,1301,0
4488,2236,0
2058,620,0
4017,699,0
1451,5341,0
5297,5479,0
2239,3734,0
3020,5285,0
2682,376,0
4081,5169,0
4378,2933,0
2266,527,0
2897,5388,0
4043,1153,0
1768,1260,0
162,3254,0
4168,1754,0
1006,780,0
2080,4002,0
2409,3077,0
1939,2926,0
1642,896,0
2618,2456,0
3158,2984,0
2262,4894,0
525,2224,0
4902,820,0
4937,4591,0
2813,4624,0
3735,5378,0
3322,84,0
1397,2446,0
2757,1022,0
4815,3243,0
4235,4904,0
5,4017,0
2585,109,0
2856,4886,0
2326,20,0
3917,3328,0
2522,2478,0
516,3655,0
3926,729,0
2706,5255,0
1391,3949,0
590,1102,0
3798,2852,0
3089,4021,0
3025,571,0
3624,945,0
3127,4540,0
62,3225,0
4439,5007,0
5081,950,0
3529,4560,0
3598,3895,0
1929,1823,0
2661,4342,0
398,3453,0
1795,4555,0
4197,994,0
4779,5432,0
4478,2785,0
4019,3282,0
1111,5132,0
4433,5492,0
3298,274,0
4349,2008,0
238,5238,0
3339,3675,0
167,3276,0
3409,4083,0
814,1735,0
2829,742,0
240,3623,0
5439,2206,0
2780,4289,0
608,3755,0
5464,2533,0
3935,54,0
3341,2597,0
1838,1195,0
2273,4574,0
2370,4267,0
4240,2700,0
3417,3620,0
3371,2607,0
876,1383,0
4515,5443,0
4524,3209,0
3839,111,0
2943,3078,0
5234,5267,0
3456,4067,0
568,3745,0
1117,1713,0
4772,2487,0
2201,302,0
4842,4273,0
3857,4707,0
5126,693,0
188,1967,0
5013,2227,0
781,2728,0
4249,4603,0
3937,157,0
4855,1998,0
5314,4239,0
5208,1933,0
3956,3300,0
4215,4039,0
4614,3959,0
5020,2950,0
1999,1807,0
4612,1853,0
3442,2549,0
2855,4808,0
1548,718,0
2504,410,0
744,2128,0
4147,3009,0
1944,4421,0
2800,1557,0
929,5006,0
263,5262,0
365,1634,0
2284,3472,0
1465,2009,0
5307,3070,0
4432,1936,0
2355,2427,0
5252,4539,0
1481,4589,0
4234,3524,0
4603,12,0
1308,2949,0
4564,1142,0
3390,1115,0
900,5327,0
406,502,0
1046,3578,0
1370,3089,0
366,3349,0
449,4866,0
2668,3895,0
775,4402,0
2277,2367,0
1420,3344,0
344,93,0
2001,2489,0
3882,1447,0
3637,4884,0
2586,4776,0
2381,45,0
4566,5405,0
3457,2983,0
3570,494,0
1596,3090,0
1328,3182,0
1960,2269,0
146,2712,0
1629,790,0
588,4156,0
4433,4595,0
1077,5067,0
742,5424,0
4223,3977,0
1272,2366,0
763,180,0
4053,3882,0
308,1703,0
2814,4014,0
4821,1741,0
2650,918,0
4163,2210,0
4872,1385,0
5248,2960,0
919,2624,0
1622,3055,0
3871,293,0
4105,1162,0
951,956,0
4097,2840,0
2480,1854,0
894,2526,0
571,193,0
2763,1379,0
136,4725,0
4603,748,0
4915,3162,0
4219,4986,0
1727,4981,0
4781,151,0
368,2120,0
1855,4012,0
861,5487,0
3359,1308,0
3571,3535,0
220,3491,0
2420,4935,0
4173,900,0
4097,5439,0
3210,5254,0
4037,3767,0
2673,2306,0
5285,1713,0
4108,3618,0
5330,4921,0
1860,4416,0
5035,4301,0
4039,5290,0
2921,4632,0
2492,1420,0
1111,2160,0
2729,909,0
1219,4660,0
2217,4769,0
1237,5409,0
4396,4099,0
447,583,0
2104,4282,0
3136,2437,0
3910,4180,0
4926,1947,0
1675,3525,0
4282,5007,0
536,2493,0
845,5037,0
715,1508,0
4329,1294,0
2818,1944,0
2488,2963,0
2900,1592,0
2645,1429,0
4967,3179,0
2529,3157,0
1258,4004,0
1009,2092,0
2238,1613,0
2532,5024,0
3432,1275,0
1674,3662,0
3365,602,0
1978,3388,0
4116,3974,0
1218,3626,0
4928,1106,0
874,4265,0
3047,5158,0
4299,904,0
4473,4986,0
442,2653,0
273,3573,0
2400,28,0
844,2405,0
1370,4445,0
95,4776,0
4546,4467,0
4357,539,0
1454,4328,0
1313,388,0
4630,3629,0
152,172,0
4828,3054,0
1951,4782,0
3729,1935,0
2993,3075,0
3695,2730,0
1875,3073,0
2481,1573,0
1353,2250,0
4263,405,0
3211,965,0
4238,1602,0
5439,5182,0
3876,3810,0
322,1112,0
533,5263,0
4148,3035,0
4724,4905,0
332,4458,0
3999,5484,0
5484,5439,0
3741,4964,0
2725,4662,0
920,5334,0
2786,2107,0
2429,2879,0
2054,2370,0
3899,1852,0
3370,2522,0
5234,1316,0
1557,3574,0
4055,3059,0
3932,568,0
5228,1462,0
296,3489,0
4774,1650,0
3529,1201,0
1357,4600,0
4593,623,0
5211,1557,0
3887,3478,0
1657,49,0
3981,5382,0
3779,2066,0
1787,3804,0
4824,3675,0
2447,3654,0
1195,1004,0
3290,4077,0
2983,1267,0
4138,3485,0
2242,2621,0
5218,5044,0
1506,1747,0
927,2290,0
1633,2182,0
4811,244,0
978,1874,0
3847,4471,0
48,780,0
1318,3033,0
685,5197,0
2269,356,0
2050,119,0
696,4736,0
4676,2624,0
3995,4928,0
3753,1811,0
109,851,0
2335,2655,0
4645,3450,0
4136,1869,0
4942,3493,0
3132,3565,0
2400,2063,0
1155,4244,0
2317,4841,0
3008,2752,0
627,495,0
3381,5459,0
3014,4526,0
3386,4292,0
3310,4355,0
3198,5461,0
1071,2482,0
2800,5455,0
2123,5263,0
3945,3736,0
1673,1725,0
1193,875,0
5170,1103,0
5117,1303,0
257,1913,0
2670,2190,0
2314,5227,0
1070,4210,0
3712,2498,0
2865,4784,0
2535,4898,0
2372,4710,0
4460,2200,0
2298,2107,0
2471,1528,0
448,477,0
4101,4521,0
1218,2153,0
3690,4357,0
2113,963,0
3287,3655,0
3517,2391,0
3094,3496,0
4287,921,0
4126,4110,0
4578,2204,0
4914,5491,0
367,1711,0
4912,385,0
1975,5269,0
3166,317,0
3115,1033,0
908,4823,0
4197,2672,0
315,1983,0
1707,3545,0
2304,3551,0
782,2672,0
3075,753,0
1958,5055,0
4159,1948,0
2248,3390,0
4571,3029,0
2074,2489,0
4942,5232,0
345,144,0
4954,1034,0
1772,1420,0
2371,114,0
4399,4606,0
5289,3274,0
4649,704,0
123,2674,0
3633,3590,0
719,4837,0
3219,3493,0
3565,2375,0
3786,5320,0
4887,2564,0
4375,4639,0
39,4531,0
4228,4920,0
3039,4805,0
4276,5398,0
1063,4484,0
2694,4137,0
108,4382,0
1961,3848,0
2490,4031,0
4613,3739,0
4450,1876,0
1871,3092,0
4563,3745,0
2613,1265,0
2941,1975,0
1503,4629,0
2348,3509,0
3288,1205,0
434,3139,0
4785,19,0
1139,2959,0
435,2583,0
1624,5083,0
3729,1419,0
2441,394,0
172,2705,0
733,2878,0
4141,4386,0
44,1300,0
423,3117,0
63,2860,0
1084,3273,0
3596,4024,0
532,4637,0
560,5023,0
4009,3501,0
3839,1471,0
2011,526,0
5304,3747,0
519,781,0
5196,5265,0
518,4970,0
3997,4024,0
1145,1893,0
1237,126,0
3099,2011,0
2049,117,0
4302,121,0
5040,3667,0
477,2792,0
3308,4478,0
1295,2334,0
2481,3716,0
32,1802,0
1699,2001,0
260,3370,0
4062,262,0
2351,3628,0
2247,898,0
3279,4713,0
532,2269,0
4358,2229,0
5058,2701,0
755,2932,0
625,1254,0
3708,3099,0
5169,5331,0
4647,5275,0
1378,4204,0
4956,2128,0
1997,855,0
3897,2028,0
3271,2796,0
3836,5307,0
1697,1137,0
5024,2174,0
5157,4855,0
5084,1949,0
5182,838,0
114,402,0
5000,3352,0
5218,2627,0
3343,4823,0
597,3366,0
1705,3607,0
2969,334,0
3936,5202,0
2073,841,0
709,3703,0
4372,3883,0
4302,1873,0
1166,1374,0
439,941,0
1467,1676,0
3370,4318,0
2617,883,0
5479,4520,0
2427,4988,0
906,3667,0
4310,854,0
5333,482,0
470,232,0
5035,4120,0
4530,2299,0
1011,3440,0
713,2729,0
1594,802,0
1609,5299,0
4919,3314,0
3426,5138,0
963,3417,0
190,2310,0
3058,5259,0
2389,3813,0
1211,207,0
1134,3002,0
2142,142,0
659,2429,0
1657,3566,0
1099,2523,0
1076,1585,0
2871,3207,0
3039,1296,0
1492,1776,0
1917,2645,0
1810,3953,0
4467,4549,0
1342,3472,0
2722,5075,0
2891,5158,0
1784,5262,0
4665,2614,0
1708,630,0
2279,3376,0
494,937,0
3030,2400,0
2422,1485,0
2600,1077,0
5346,4903,0
2225,1659,0
2704,845,0
2327,157,0
4399,1592,0
924,2920,0
2372,1073,0
302,3128,0
5272,4160,0
4552,2373,0
3060,4587,0
822,5234,0
4399,791,0
4799,1985,0
4214,533,0
3989,656,0
1599,2716,0
27,517,0
2677,3343,0
5346,1025,0
1144,3954,0
1510,1859,0
4052,24,0
2285,309,0
4454,3491,0
4679,2407,0
5250,691,0
4726,2755,0
936,1438,0
1299,647,0
195,2323,0
1491,2682,0
666,752,0
5210,43,0
1283,4348,0
2320,1045,0
72,5103,0
2986,1928,0
4071,4340,0
299,1905,0
934,1147,0
2507,4998,0
4005,5096,0
4410,4258,0
1040,4643,0
1657,4400,0
1454,3659,0
188,2520,0
5113,1145,0
3964,2773,0
4677,5496,0
1507,382,0
4207,2676,0
4600,2304,0
2550,1717,0
389,4121,0
1163,2029,0
4450,2015,0
2900,2503,0
3428,3195,0
1236,3238,0
875,3017,0
901,3383,0
817,387,0
3329,39,0
4539,997,0
578,5108,0
4835,4967,0
178,135,0
67,5096,0
5180,4471,0
1824,1855,0
3786,1074,0
851,3270,0
3071,1051,0
4125,3636,0
5033,2384,0
4199,1188,0
3137,1293,0
1484,3488,0
4201,725,0
853,4793,0
38,3516,0
1901,3704,0
3352,5138,0
2976,5397,0
2744,276,0
2970,1865,0
3264,1212,0
2349,2727,0
2494,1796,0
2971,4734,0
1635,5494,0
547,4046,0
1690,292,0
2135,473,0
3368,4909,0
2601,2071,0
4204,2882,0
3660,917,0
2356,1297,0
334,2789,0
5127,1649,0
3085,995,0
3197,1315,0
3922,3575,0
1712,5038,0
2645,5087,0
2656,151,0
2820,1476,0
514,2315,0
4249,2863,0
2645,4340,0
569,1386,0
1089,1366,0
1993,1206,0
1727,1202,0
114,3096,0
4000,1434,0
2426,2109,0
1391,465,0
4485,3262,0
3034,5367,0
3371,4918,0
137,538,0
4404,1658,0
2047,4792,0
4485,4098,0
3131,4279,0
517,111,0
4567,2240,0
4695,2247,0
2649,4372,0
4774,222,0
1589,3100,0
1509,2707,0
1413,4851,0
