node1,node2
O75914,Q9NVU0
P31150,Q9Y2D1
P07225,P49768
P36542,O00273
Q9Y345,P18615
P04075,Q9NZU7
Q92854,Q14011
P05412,Q9NX08
O14497,Q8NFJ9
Q8WXX7,Q99598
Q96B02,P03973
Q96JM3,Q96MH2
Q53T94,P10301
Q9UI08,Q08AG7
Q13573,Q8WUF5
O75340,Q9UHD9
P31751,Q9Y6D9
Q96QB1,O60264
Q86UQ8,Q9Y535
Q9Y574,P50914
Q9Y6X3,Q9UL63
P63151,P52701
Q9BYG4,Q9UBI6
Q9Y6R0,Q9UK97
Q01844,Q9NW08
Q96J84,Q16548
P51813,O15392
O95429,Q08043
Q6IQ32,P30499
P54727,P19404
Q9UPT6,Q09028
P53355,P61204
P08574,Q8WVM8
O14818,Q8WW38
Q9Y333,O14662
Q99569,Q9UJV9
P16471,Q6GPH4
Q9NPY3,Q5U5X0
Q99469,Q9H5I1
O75367,Q9HB90
Q86U86,Q96DX5
P48145,Q7Z5K2
Q7Z417,P31314
Q9Y6W3,P15918
Q13595,Q9H4E5
Q13283,Q00534
Q3KNV8,P31483
Q5VVQ6,Q86Y01
P47224,P98160
Q6ZW49,P17152
Q9BYV2,O95475
P61328,P07814
P55316,Q96M61
Q00577,O75334
P32302,Q9NVX0
P05120,Q96NY7
Q9UBQ0,P15813
P01127,O60716
Q96JH7,Q8WVM7
P07814,P24278
O75147,P31321
Q6EEV6,P01023
Q92956,Q13277
Q2M1K9,P20827
Q9NY33,P49450
Q05193,P20936
Q99958,P09622
P07101,P78371
P18583,O95278
Q9Y5P8,P00533
Q02750,Q96A56
Q86XR7,Q9UQE7
Q13651,P04085
P61604,Q9Y2Y9
O14818,Q9NQC1
P60880,Q16832
Q9BT25,Q86V97
O60486,Q00536
Q13319,Q86Y82
Q99569,Q15208
Q5SW96,O95249
Q14738,O15304
Q08379,P27658
O76003,Q13563
Q9UJT2,Q8WVY7
Q8IYD8,Q13887
Q9BU64,P04150
Q06418,Q05682
P0C0L4,Q14681
Q12789,Q6ZRV2
Q9UKT5,Q86U06
Q03519,Q9H6Z4
Q9NW08,Q96QC0
Q8N729,P25787
O75969,P06396
P61254,Q8IXQ6
Q92886,P16284
P26006,Q96AH0
Q9P2W9,P25789
Q9H2X0,P98177
O75081,Q9HBI0
Q15750,Q96SN8
P49207,Q8TD08
P14770,Q01844
P20138,O60488
Q16288,Q15831
P43220,P18510
O14618,Q9BWU0
Q93052,Q8TAA9
P02766,O95400
Q9C0C7,Q09470
Q9Y210,O43815
Q15723,Q86WT1
Q92800,Q969T4
Q86SQ0,O75934
O94973,Q9H9A7
Q15653,P32239
P55789,Q96KN7
Q9NRF9,Q9UQE7
P53367,P19387
P31150,P02745
P22087,P53567
O60566,P08047
Q96RR4,O43482
P35611,P05771
P08238,Q6P2E9
P53680,Q9UER7
Q14160,Q9Y2Q5
Q9BQF6,Q969G3
Q8NHL6,P23142
Q969T9,Q9Y5K5
Q15834,Q93063
Q04756,P40937
Q96SN8,P40939
P43489,P48167
Q9UK53,O94985
Q9NPJ8,Q15596
P10145,P32971
P60520,P21980
Q96LR5,Q7Z412
O95677,Q14192
Q9UI10,Q9P086
P08571,Q7Z417
P52298,P62244
P62995,P30989
Q9H0E3,O00567
P22695,Q9Y2Y9
O15068,P23945
Q5JSH3,P60842
Q8NB46,Q99615
Q03188,Q7Z4S6
Q8NC51,Q5JVS0
Q14160,Q9Y3M2
Q15287,Q96F07
Q14011,P41227
Q14674,Q86X29
Q9GZR2,Q9UBC2
Q9UHW5,Q9UL63
O43927,Q8N5M1
P30679,Q9UKY1
P11441,Q13474
Q13428,P62508
Q9H633,O15520
P12544,Q96BR1
Q9GZQ4,Q07890
Q8N3Y1,P01023
P31629,Q9UNF0
Q14686,Q02297
Q9UGM3,Q13351
O95696,P02788
P19474,P10827
O60884,Q96B67
Q99816,Q08881
P57087,P07998
Q12947,P09622
Q16595,P15880
Q13470,O95402
Q13416,O75369
Q9BW27,P10124
Q13098,P61619
Q9BT67,P29460
Q6P1J9,O94817
P51957,Q9UBN4
Q9H467,O14654
P35052,Q6ZNE5
Q15334,Q9P2K3
P22570,Q96IT1
O43307,Q9H2G4
O15078,P55039
Q92887,Q02388
Q9NWV8,Q9NVK5
Q9UIU6,P05556
P02792,P55199
Q99700,Q15120
Q9UHF0,Q9Y2K6
P26045,P17706
Q9H269,Q7Z406
P49137,Q14566
Q8WUI4,P51790
Q14865,Q8TEB1
O60664,Q969H4
P50150,Q96QB1
P30622,Q00526
Q13287,Q9UPN3
P02760,Q9UJU6
Q9UHV8,Q9H147
P46060,Q96EP0
Q9NRG4,P17535
Q9BQA1,P04628
P20719,Q96KR1
Q9Y2W1,P51684
P02743,Q16478
Q86YV9,Q8IZD9
P22314,Q9NT62
Q9P246,Q8IWY9
O75864,P41743
Q08379,Q8WX92
P60228,P78364
P15822,P42772
Q9BXM7,Q86TM6
P43626,Q96JC9
Q8WYK2,Q9H8V3
Q9NQ29,P10827
P02747,Q12802
Q9Y345,Q9UBT6
P08253,P05108
P01042,P16035
Q9ULZ3,Q96E14
Q9UJX4,Q92574
P16591,Q8IZP0
P49682,O75695
P29597,O95475
O75940,P36897
O43542,P15018
P04070,Q9NW38
P62191,Q9NVR7
O43752,Q9NW38
Q9Y2W1,P62491
Q9UNL4,P50616
P23511,Q9P2G9
Q9GZQ4,P33993
P98082,Q53EL6
Q9BTW9,Q9BU64
Q93052,P46821
Q92574,Q15562
Q9UBP6,O43432
Q9C0C7,P30281
Q9BQQ3,Q16288
P46934,P52434
Q99570,P43686
O43379,P68032
P63151,Q15349
Q13769,Q13901
P49137,Q15428
P78356,P46379
Q02790,P42336
Q15650,O15553
Q9NQ25,Q8TF42
O60256,Q9UMZ2
O15126,Q92918
Q15633,Q6ZU15
Q9UBF1,O75717
P35611,Q5JY77
P60228,Q00534
Q71F23,Q15562
P23771,Q9BQ67
Q01844,Q9UBP0
Q9BUB5,Q29RF7
Q9NRF2,P13569
Q09019,O43683
P05362,Q9Y2V0
P49767,Q9UKT4
Q99496,Q13542
Q8NFH3,Q9H1D0
Q96CW1,P21453
Q9Y4E8,Q19AV6
Q8NBZ0,Q96RT8
O75144,P62195
O43583,P07315
P16152,P25787
P50750,Q3KNV8
Q68CZ2,Q9Y2Y0
Q9BWT7,Q9NR77
Q96II8,Q96P70
Q13387,Q13416
O75439,P23945
O14599,Q13563
Q05066,P43026
Q9BW83,Q15366
Q86YS3,P55199
Q99467,P00488
P22674,Q06546
Q9H0A8,P61163
O00241,Q12769
O75947,O75695
O00186,O75525
Q8IZJ1,Q86U42
Q14691,O00311
P08246,Q99714
Q14004,P62633
P01130,P35916
P20336,Q9UPS6
O75179,O14492
Q9HAF1,P52298
P62714,Q9NYB0
Q9UJF2,Q71SY5
O60516,P15172
Q8WUF5,P51532
P21127,P54098
Q8N5Z5,O15511
P24588,Q9UL03
Q5T2W1,Q06455
P23771,Q7Z6B0
P04626,Q5JY77
O43586,O14920
Q9BXL5,Q99471
P51948,Q9Y2X3
P16471,Q15365
P16152,Q6VAB6
Q02543,Q13163
Q8N5H7,Q71F23
Q86U06,Q7Z4S6
Q00536,Q92730
Q99967,Q96KJ9
Q00872,Q99062
P01034,O75663
O43734,Q5TD97
Q9HBI1,Q9UBY9
Q99569,Q9BXK1
Q9UKI2,Q13351
Q9BQA1,Q9BUL8
P14543,Q8WVM0
P42229,Q14011
P19022,O43390
O15360,Q9UNY4
Q9Y265,Q96BD8
Q9UQK1,P20810
P24941,P06734
P62166,P05023
P24539,P34932
Q8NHY5,Q14197
Q9P000,Q96AX1
Q16611,Q8IX90
Q7Z589,P43146
Q6ZNE5,Q9Y6J9
Q8N2W9,Q00722
Q7Z6A9,P11308
P51116,P36542
Q7L2E3,Q9HCS4
Q9Y333,Q5T5X7
P51668,Q96EP0
Q9BW83,P52815
P11802,O15344
Q8IY92,Q13151
Q99967,P05783
Q96G25,Q99567
Q8IZH2,P42166
O43395,Q9UKL3
Q13444,P30281
Q16630,Q96FV9
Q9Y2Y1,Q86YR5
P27037,Q9NPC6
Q49AN0,P30086
Q96D46,P05230
Q9UBE0,Q33E94
O94763,P47874
O43172,Q15562
O43572,P00488
Q99973,P20337
Q86U70,Q9Y6W6
Q8IYJ3,Q99661
Q7Z6M1,P61978
P02452,Q96BH1
P13861,P08047
Q9UL33,P62906
Q9Y294,P67809
P04049,Q9BVP2
Q8TAP6,Q9HCJ0
Q07021,Q8NC51
O43353,Q8N5I2
P60604,Q96SW2
O43927,Q2TAY7
P60891,Q9NNW7
O43187,P14784
Q7L5Y6,Q9NW08
O95376,O75915
Q15120,Q96PM5
Q5T2W1,Q8IYD1
O75145,Q13485
Q13474,Q8WXH0
Q96DB2,Q14114
P55089,P48378
P01889,Q96HR8
Q9BQ67,Q96NY9
Q8IZJ1,P49910
P53803,Q9GZZ9
P31350,P11166
O43927,Q92781
P33032,Q8WTR2
O14640,Q9NPD8
P49589,Q9Y3U8
P02686,Q9UK41
P54136,P35269
O75529,P19793
Q14141,O75817
Q9UKA4,Q96D46
Q15388,Q5T1R4
Q99684,P57678
P38159,Q96JM3
P39086,O94829
P68543,Q15038
O60239,P12235
P28799,Q9UBU8
P19838,Q99952
Q9NPG3,P15036
Q15131,Q00975
Q9H2X0,P63146
P35227,O14958
Q9UMX0,O60683
Q16543,P09326
Q13241,Q9Y6B2
P22695,Q08345
O60741,Q04756
Q8IU60,Q9H0U4
Q9Y345,O95863
P45985,P19532
Q13332,Q02548
P15374,Q9UM73
Q9BY77,Q2QGD7
Q7Z3Z4,Q15366
Q9Y6Q9,O43427
O15553,Q12802
Q15008,P23945
Q14686,Q13557
Q71F56,Q7L2J0
P02743,Q9Y279
P41146,O43439
O95460,Q13127
Q96FZ7,P18564
Q9UPT6,Q14106
Q5JY77,Q14676
O43196,Q13061
Q9H3Z4,Q14919
P02686,P62841
Q13635,P61204
Q96AJ9,P36897
Q9GZQ3,Q13619
Q15532,P27824
Q9BUZ4,Q8WXA9
Q6P2Q9,Q08AG7
Q9UGJ0,P52435
Q15349,Q9UIF7
O43488,P29320
A5D8V6,P23582
Q92889,O60840
P52565,Q9Y5B8
Q12962,Q9NPD8
Q9UM54,Q12802
P00749,Q13216
Q99819,Q9UJW0
P54577,Q07866
O15457,Q8IZT6
Q9NRW4,Q14974
O60921,P23297
P78371,P10515
P49591,Q9HD26
Q9Y2S7,P63272
O15392,P35269
Q9H0N5,P84103
Q9H4I2,Q9NZU7
P62633,O95863
Q9UHD9,Q9NVF7
P14210,Q9HAP6
Q9H204,P29474
Q9NVC6,O43847
Q00577,O15457
Q8NCM8,P30460
Q9P246,Q8TEU7
P22413,O75330
P00374,P36404
P11047,Q99698
Q33E94,P18510
Q9Y6B2,P78371
Q7Z465,P05156
Q15762,Q8NC69
Q9UKF6,P36954
Q969T4,Q8TEP8
Q96RR4,P04198
Q8N5M4,P13760
Q9UBC3,Q04724
Q8NHY5,P30305
Q9H2X6,Q9H4B6
P08235,Q06413
P43146,O00628
P10109,Q969G2
P61328,P57775
Q96B26,Q9NPC8
Q9UHQ1,Q15118
Q13443,O75494
Q16633,O43663
Q96CA5,P24278
Q9H2S9,Q9H270
Q13127,Q19AV6
Q15435,Q9HAQ2
Q14202,Q9UBU7
P57678,Q9P2N7
P54132,Q9BU64
P33240,P02748
P42773,Q15154
Q13501,Q5T1R4
P78347,P10515
Q9H2S9,P33032
Q9Y219,P26371
Q9BPZ7,Q92781
Q9NQC3,Q99523
Q9H5V7,Q96T60
Q13239,Q5D1E8
P37173,Q99519
Q9Y4Z0,P06756
P38398,Q86UE8
P56645,Q9Y6W5
O43186,Q7Z4I7
Q9BUL8,Q9Y508
P30626,Q9UM54
Q96DB2,P25024
Q9H074,Q9Y297
Q969T9,O43513
O15264,P81408
Q6P4R8,P35900
Q99626,Q9HCN6
P52594,P20807
P04275,Q8IXJ9
P54578,P10515
Q9UBE0,P62873
Q9Y383,P25800
Q9NR55,P52657
P05161,Q99972
Q9H0W5,Q9Y2I1
Q9HAW4,Q92851
Q05086,O14770
P13611,Q00536
Q06587,Q9Y2A7
Q99814,P07237
Q9UKT7,P25189
Q13402,Q8IYI6
Q92574,Q9BSV6
Q9NP98,O00151
Q9HCH5,P37173
Q9BWN1,P84103
Q92813,P40227
Q96A47,Q9H0E9
Q02224,P05109
Q68EM7,Q9NP64
Q9H0N5,Q9BWU0
Q9UGP5,Q96S44
O43745,Q9BZK7
Q9NZW5,Q05682
Q7LBR1,Q8WXF1
Q15370,Q9NP64
Q8WWN9,Q9BPZ3
Q9BXL5,P36578
O43924,O14867
Q13200,Q2QGD7
P50749,P08684
Q96QH2,Q9H0B6
Q13362,P04637
P00167,Q9Y230
Q9NQ25,Q9Y6X3
Q14241,P23297
Q13216,P14921
Q9H9A7,P61006
Q9BS18,P49450
P26373,P42224
P26022,Q13352
P35244,P29350
Q02413,P01584
Q08117,Q8NB12
O15061,Q8TF42
P52655,Q9H074
Q99469,P23396
Q9Y2J0,Q9H251
Q8IZD4,Q12906
O14746,Q9Y6I7
Q13045,P63241
P23511,Q13131
O43592,P01106
Q9UBC2,P51790
Q14739,P16871
Q9H9Y6,Q9H9Q4
P17655,O94927
P08047,Q9UBX5
O00472,Q9C029
Q96MF7,O95297
P31483,P16104
O95210,P49591
Q99075,P60510
P11308,Q9UNH7
Q9NQ55,P62913
P07900,Q8IU60
P10644,Q8N5F7
Q96BH1,P41273
Q99081,Q9NXR8
Q8NEM0,Q9NV31
Q6WKZ4,O00541
Q9UNE2,O95405
O60494,Q9NQT8
Q8N201,Q07866
Q8NHM5,O43264
Q9Y4D1,Q8TEP8
P46019,Q92925
Q8NBZ0,Q9Y2D1
P57678,Q13451
Q6UWE0,Q15013
O00221,Q01094
P12931,Q9HC52
P19320,Q9BY84
Q9UBU9,Q86YV9
Q6FIF0,O14893
P32245,Q9NZN5
P22695,O14745
Q8N729,Q9Y2Y4
P51531,P0C1Z6
Q9H081,P07951
P54727,P61586
Q15485,Q9UK58
O75899,Q12948
Q9C005,P26374
Q9UBU8,Q9UHC6
P40123,Q9H2C0
Q15542,Q9P2D0
P15813,O43597
P36954,Q8NI36
Q14643,Q12874
O15553,P62508
P40926,P25800
O60486,P30556
Q8WTS1,P50539
Q04917,Q5VVQ6
P42261,Q96PF2
Q96KR1,P10515
P48378,Q6ZUJ8
Q9NQC7,Q9Y508
Q96GM5,P34130
Q86X29,O15516
Q9NRA8,P06493
O75525,P18433
P22695,Q9UH77
Q8IZJ1,Q9UKJ3
P13224,Q9P2D0
P49711,Q9H469
P01135,P18887
P33032,O00308
Q8N6M0,P21675
O43488,Q6IBW4
O95544,Q8IYD8
Q14957,P61077
P09467,Q7L9L4
Q8IX07,Q13424
Q15008,P57740
P48061,P36941
Q96IY4,Q6X4U4
P51003,Q9H2X3
P0DPH7,P35346
O95273,Q01860
P21941,Q92530
O43307,P30260
O60232,Q96BR1
Q9UGJ1,Q8N3Y1
P26583,O75312
P19022,Q99075
P06870,P49591
O14618,Q8NEM0
Q15120,Q9UMZ2
P51003,Q99972
Q9BPZ7,Q8IUH3
Q5VST9,Q9Y2Z9
P53355,Q9UHQ1
P61586,P56645
Q01130,O75843
O15297,Q9UBI1
Q13705,Q8TDX7
O43196,P61952
O15155,Q9NPF5
Q8IY92,P60484
O60610,Q9H0Y0
P29374,Q9UNM6
O43502,O00429
O14795,Q99661
P29474,Q8NB12
Q7Z5K2,Q05469
P52735,Q15008
P48443,P45983
P23560,Q8NFD5
Q14118,Q9HB21
Q9H2X3,O60231
O76070,Q9UH77
P62873,O95251
Q8TDB6,Q7Z406
Q5VST9,P15502
Q13153,Q9UIV1
P48551,Q8TBK2
Q96S52,P61764
O15212,Q9H5I1
Q96QV1,Q7Z6Z7
Q9UPT5,Q9HAZ1
P22674,Q96F07
P49916,Q9NPC6
P78413,P37173
P62277,Q9Y6F1
P49916,P40939
P14770,Q9H1D0
Q15406,P16278
Q9P0R6,P35269
P05362,Q9H1R3
Q16526,O95071
Q9BPW8,Q8N3Y1
Q9BXW4,Q9UKA4
P50895,P01584
P01563,Q9Y5T5
Q15418,P52630
P00747,P19438
Q13322,Q86TM6
Q96FW1,Q15788
O94842,O60934
P18621,P23469
Q9Y2Y9,Q13094
Q9NWT6,Q9HAT0
Q9NV92,Q8WUA4
P62324,Q13643
P33076,P50553
Q5JQC9,Q13936
O75807,Q00534
Q96FZ7,P48730
Q9H410,Q9H5V8
Q92966,Q8NHG7
Q70EL2,Q9BZK7
Q9H2D6,Q96IV0
P25116,P06881
Q99828,P25789
Q96B26,Q9UIG0
O00623,P29320
P61587,Q9NVP1
P39086,P01160
Q92889,Q9BWF2
O95295,Q9Y2W2
P08833,P35998
Q13586,P49810
Q96L91,Q16667
P59780,O43924
Q9H2K2,P84103
Q8TAM2,P13010
Q99075,Q9HB21
P07858,P61244
Q9BYE7,Q9H0M0
Q9HAV0,P01019
Q9Y2W1,Q9UPT9
P15336,Q96NA2
O60683,Q9HAP2
O95243,Q3V5L5
P25705,P43626
Q13190,P04229
Q14258,Q8IYW5
Q5TCZ1,Q86US8
P78504,Q99575
Q92614,P50591
P54132,P05230
Q13574,Q9UK41
Q5T6S3,P42226
P31323,Q96IF1
O14770,Q16828
P09132,Q15046
Q9NYG5,Q8WYJ6
Q15562,Q9BX63
Q01344,Q8N5R6
Q9BVP2,P09429
Q9Y5X4,O14933
Q15436,Q9BWF2
P60033,Q92777
Q86YT6,Q8NFJ9
Q00577,Q9GZU2
Q92882,Q86XK2
Q9NPQ8,P14635
Q9Y678,Q9Y6D6
Q9Y265,Q96E14
P34932,Q92993
Q13233,Q13643
P62072,P62070
Q9UNE7,O14662
Q6VMQ6,P98160
Q9H816,P49815
Q76L83,O95600
P48357,P21796
Q14185,Q8WVC0
Q9UL62,P28065
P02748,Q9C029
Q9UGK8,P98160
Q9NWT6,P16070
P57078,Q13009
Q9HCI7,Q9NQ29
Q6P1M3,Q9H334
P06746,Q9H6Z9
Q96SB3,Q53HL2
Q93096,P55347
Q9Y4D1,Q15327
Q96QK1,Q15744
O95155,Q9NP84
O75604,Q13057
Q16288,Q9UL54
P53803,Q96KR7
P53567,O14933
P60660,Q6PJG6
Q99814,A5YKK6
P11532,O43913
Q9NPI8,P10144
P54257,P30048
O75628,Q8WXA9
Q86XR7,Q14573
Q6IE81,Q01664
Q9H211,Q5VTR2
Q5TKA1,Q5VTL8
P54829,P15090
Q9HBE1,Q16851
P25786,Q96PN7
Q9NQU5,P98164
Q96EK5,P08631
O43741,P61978
Q6P4Q7,Q86SX6
P13232,P13987
P49792,P41002
Q13451,P37173
P63316,Q969H4
P51572,O95863
Q9Y5P8,P48167
Q13469,P35557
P10109,Q0VG06
O43502,P46736
Q8TDR0,Q9P287
Q9UBB5,P51948
Q6N021,Q9Y2V7
Q29983,Q15468
Q12770,P49910
Q96J84,Q04756
Q14512,Q99958
O43187,Q9GZU2
P50990,Q86WV1
Q12851,Q15303
P63104,Q969H4
P01374,O95573
Q5TGY3,Q9BW11
Q96RK4,Q7Z6J0
Q2NKJ3,Q96JC9
P24928,P49959
Q14498,Q9HAQ2
Q6IA86,P49959
Q14194,Q8IUD2
O00244,P00742
Q08117,Q5T6S3
Q13474,Q9Y508
P48506,P62328
Q99684,Q8TAP6
Q02750,O15297
Q16629,Q96JB2
Q674X7,P51965
Q14814,Q13009
O75145,Q01638
Q92540,Q99618
Q86X55,O15116
Q58A45,P40938
O75689,Q99615
O14974,Q7KZF4
Q9BUG6,P53350
Q99590,Q9H147
Q9BYG3,Q15723
Q86YP4,P27701
Q15717,P08575
P01011,O14948
Q9UKX7,O43557
P19532,Q9NVF7
Q9UI08,Q9NQZ3
Q14106,P38646
Q96CS4,O43663
P02746,Q9UPY8
Q12815,O95602
P23468,A9UHW6
Q9UJT2,O75509
Q92800,Q9Y264
P39019,P22415
Q9Y698,Q9H469
P53567,Q9UBI6
O95602,P09211
Q16613,Q86U86
Q8TBZ3,P62136
P19022,P48509
Q96P71,Q9H251
Q9BZE4,Q9ULC4
P67809,Q5S007
Q9P0L2,O75530
Q6PIJ6,Q9Y5B9
P22695,P61962
Q9H422,P55055
P43146,Q9HD26
P62736,Q9P2G9
Q9UBU8,Q13838
P54578,P30989
Q9NYG5,O60238
Q9BY43,Q15389
O00213,Q9H081
P08572,Q13332
Q9Y2J0,P05181
Q9UK41,Q99418
O95721,Q5T7V8
Q9C005,P30988
P52655,P19022
Q9UHQ4,P32245
P20333,Q13619
P05787,Q99640
Q05193,Q8TAF3
Q9HAV5,P29320
P06307,O14544
Q6VVB1,Q92796
Q9H0A8,O75448
O95229,Q9H816
Q14161,P21675
Q9UJW0,Q9H3S7
Q96QB1,P33151
Q9Y6N8,O15297
P21953,O95630
Q5JQC9,O14879
Q9UBE8,Q13617
P20042,Q9H467
Q9ULV8,Q13094
Q96PN7,Q8IY57
Q96L91,O00762
P42025,Q15361
O75884,Q9BQG0
Q06481,P30279
Q96CD0,Q16644
Q02156,O60739
Q8WXF8,P49591
P20290,Q15700
O95198,Q9HBM1
P27037,Q9BTE3
Q14242,Q92904
Q8N8A2,P17706
Q8NI27,P63000
P35613,Q9UBD5
P78347,Q16890
O75943,P29376
Q9BVI4,Q12769
Q9UGM3,P61247
P09683,O95817
Q92834,P14653
Q9XRX5,Q9BXC9
Q01664,Q15599
O14618,P35900
Q9H1J1,P55055
Q9Y5V3,P10071
Q9UNA4,Q9NZC7
Q03405,Q8IUC6
P25391,Q92830
P20333,Q9NP64
Q9GZS3,Q9NY12
Q01105,O60762
P10644,Q92570
Q14807,O60885
Q8TEP8,Q15596
Q93009,Q9BXB1
P0DI81,Q7Z406
Q99590,Q6ZSG1
P61457,O75506
Q9NZ94,Q03431
Q13614,P09211
O75676,Q96EZ8
P17844,O14497
P35250,Q13884
P12277,Q9NQZ3
P15170,P62273
P15170,P36405
O75528,Q9UQ35
P35368,Q3ZCQ8
P55789,O60678
Q86T82,Q14974
Q01453,O00186
Q9H0C5,Q8IY31
Q08209,P60953
Q9H0K1,P36873
Q9UBT2,Q9UM54
O95297,P50990
Q9BPW8,P78362
Q14194,Q99661
P42263,Q9NXV2
Q15650,P49682
Q9BQ67,P49795
Q14181,Q9BY67
P26641,Q13277
Q96MT8,P61925
Q8WWL7,Q9NVX0
P46734,P61626
P30049,P35613
Q9Y6B2,Q13838
P55198,Q9C0J8
Q9UHV8,Q03111
P40238,Q8TD08
Q9NSA3,Q53GS9
Q96CW1,O95613
O15155,Q9P104
P63167,P49763
Q9BTW9,Q15363
Q15382,Q9Y2K6
P15884,P68402
P09486,Q9UPZ3
Q99741,P21810
P24928,Q96KQ4
Q8TAG9,Q92747
O14798,Q96Q27
Q15051,P30622
Q15404,P62736
P29622,Q9NWV8
Q9H7C4,Q15796
P49336,P15813
Q99759,P56645
P07711,P13598
Q15834,Q9HAW0
O14836,Q8IWI9
O60826,O95336
Q9UBQ5,Q3LFD5
Q86UT5,Q14011
Q9BPZ7,P35398
Q13625,Q9BVC4
Q01344,Q9Y2D8
Q6P2Q9,O15457
Q06455,Q92830
Q9NPB6,Q05397
Q9H9L4,P24864
Q9ULM6,Q8TAM1
P24941,O15524
Q96E14,P52735
Q8WVY7,Q96BR1
Q2QGD7,Q9BY11
Q9GZU2,Q2NKJ3
Q15672,Q12967
Q53HV7,P05556
Q9Y345,O75843
O43189,P21953
P20042,P42226
P05160,Q7Z6A9
Q9Y678,Q86VP6
Q9NVF7,O94941
Q5TKA1,P32942
Q7Z6J0,O75323
P21741,Q6ZRS2
Q7L5D6,Q9NX24
O43150,Q9H9E1
Q14004,Q13287
O60675,Q8NI35
Q93052,Q9ULV3
O95967,O43353
Q96CW5,O96019
P35221,P53567
O14640,Q7L9L4
P36402,Q92838
P01034,Q15406
Q9UGI8,P30989
P07101,Q9UMF0
Q969R2,Q8N3I7
Q75N03,P61964
P02686,P53365
P27815,P13611
Q13472,Q14681
Q01826,O75448
P28702,Q8WYQ5
Q7Z406,Q13469
Q9UBB5,Q8IXW5
O95278,Q9NQC1
Q8N729,Q12888
P61289,Q5VWQ8
Q14831,O75817
Q86VN1,P49257
P22626,P08754
P32856,O75962
Q8NBT2,P60510
P49789,O95602
Q9GZV5,O14544
Q96EY7,O43896
Q9UBN4,O75326
Q58A45,Q13588
P61024,P35568
Q16526,O14745
Q96S52,P07858
P08069,P23588
P54920,P21675
P11474,P51948
O95229,O15400
Q9HAW0,P62633
Q8TEU7,Q13480
Q9UBW7,P11474
Q99497,P02462
O75179,P51148
P11912,P49639
Q9P2M7,Q13427
P08700,P51843
P36954,Q9UHC6
Q7L576,P55327
O43313,Q8NEM2
Q4G0J3,P09493
P10721,P22307
P19532,Q9UK73
Q12816,O75832
O75190,Q99598
P54368,O95944
O75914,P14921
Q63ZY3,Q9P209
Q8WVJ9,O43264
P35613,O43318
Q8NHY5,P54253
P31350,Q2NKJ3
P15056,Q96B67
Q9Y2H1,P45379
Q9UP52,P00533
Q9UHD8,Q99459
Q9H0C5,P02765
P26441,Q96I34
O43502,Q14938
Q9BPW8,P60604
Q7RTN6,P18075
Q15306,P60484
Q9H2B2,P02741
O95785,P15924
Q9H9E1,Q9Y4J8
P68104,Q8N5V2
O00167,O43896
O60927,Q13409
Q9UQB3,Q9UPN3
P05787,Q15744
Q53HV7,O43313
Q9Y4Y9,Q9H2G4
Q9UBF2,Q13432
Q96SZ6,Q13163
P17661,P42679
Q9H9F9,Q9Y6J9
Q9NPY3,P41273
P48357,Q9BQ52
Q8NBW4,Q9H0N5
Q9HBM6,P13569
Q7Z628,P09086
Q9NRF2,P57740
Q7Z465,P55884
P08235,P26641
Q13153,P42701
O95571,O43516
O15527,Q8NB46
P09769,P25391
P15173,P01023
Q16849,O75554
Q8NB16,Q13490
Q8TF40,P49795
O95218,Q96IF1
P54252,Q9H270
O15055,P30622
P62304,Q92966
O75771,O15020
P48729,Q9Y5R8
Q9BXL8,Q9Y2J2
Q9H7D7,Q8IWI9
Q9BU64,Q9Y2I1
Q9HCU9,Q96JC9
Q8NHY5,P52435
Q13428,Q9BX63
Q8N9N5,Q9H0U4
Q92625,Q9NPY3
Q7L5N1,Q96FJ0
Q9NV58,Q13884
P07333,Q6GQQ9
P21953,Q92783
Q99612,Q8N5V2
P55039,Q01658
Q86X83,O14497
O75147,Q92783
Q9UL33,P51684
O60486,Q9UNF0
Q13637,P52630
P42081,Q9Y2K6
Q15306,O14802
Q9Y5R8,Q9Y6M7
O00463,Q9HB89
Q16665,P62273
P25054,Q8TDW5
P62306,O43156
P40424,Q9NQP4
P08047,P42685
Q14653,Q8IUC6
Q92777,P35556
P12004,Q9NVI1
O75448,Q07866
P61006,Q9NXR1
Q14990,Q03933
O95155,Q9NXV2
P30260,O76021
O15020,O15085
P78556,Q8TDN4
Q15131,P41743
Q9BSV6,P20807
O75592,Q96JM7
Q9BPW8,Q9NTI5
P31273,Q8IXH7
Q86U06,Q8IUD2
Q08397,P13726
P42772,Q8NC51
P67775,Q00722
O75446,Q9NP98
P62166,P50616
O14787,O60739
O60216,Q969T4
P62280,O14544
P46940,Q7L5D6
P61764,Q9UBF6
P35900,Q08050
Q9BU61,P61981
Q6IA86,Q9NR77
P35869,Q53EV4
P16885,O00213
Q13435,Q9H9E3
P08100,Q06187
P50616,P36405
Q86X55,P62834
O75663,O95249
Q14691,P51911
Q96MW5,Q9NPD3
Q9UIF9,Q04721
P10244,Q9UM73
P68400,O00512
P22303,Q6FI81
Q9UJA5,Q14565
P61769,P21453
Q969H0,Q9BY84
Q9H9F9,Q13087
P28072,Q8N5F7
Q92747,Q15025
P17947,P10909
Q13829,P15880
P08637,P49750
O95571,O95819
Q06609,Q96CS4
Q96LC9,P05386
Q02487,Q9NUG6
Q13873,Q9HAV0
Q96Q42,Q9P104
P01040,Q9UHB4
O94874,P06734
P02671,Q3LFD5
P01579,Q9C029
P34130,O95613
P63215,O14649
Q9UHP3,P43626
P31942,Q9Y376
Q9Y4A5,Q01860
P33076,Q7Z7L7
P20042,Q5MJ70
Q9UI09,Q96A44
O15297,O14594
Q6UWE0,O14920
P24941,Q8TEW0
Q8IW35,Q9H6D7
Q92870,O75334
O15018,Q9UL33
Q9Y2X3,Q7KZF4
Q8TDR0,Q13490
P23458,P12980
P60903,O94941
P23396,P49336
Q16531,P13987
Q8WYL5,O15259
P02792,P53992
Q9GZS3,Q8TD31
Q8N196,Q9P246
P19174,Q9Y6J9
Q86UT5,Q9UL54
Q9UNE2,O75676
P51948,Q8N5Y2
Q96S44,Q8IZP0
P15151,P50591
Q9NVP1,Q8IUQ4
P30533,Q14112
Q14318,O75525
O15018,Q15596
Q9H9Y6,Q6NYC1
O00625,P18054
P49207,P20023
Q9Y5J9,Q5TCZ1
Q3SYG4,Q6NZY7
Q9UI08,Q9NQT8
P61158,Q92917
P14784,P15924
P15151,P68363
Q99570,Q92793
Q76L83,P20336
Q6IA86,O95319
Q8IZD4,Q8TDD1
Q6PIL6,Q9H4B6
Q702N8,Q09019
P12004,P22460
Q6UB99,Q9HCS4
Q15080,P62314
Q9Y6R0,O00626
P14784,P14921
P56537,P01023
Q9H2L5,P51451
Q15306,Q02930
Q96AP0,Q9H8S9
Q9H939,P54132
Q2MKA7,Q16478
Q9UKW4,Q9UGK8
O60264,P05783
Q9H7Z6,Q92888
Q13884,Q9NVK5
Q16288,Q13829
Q08999,Q9BYE7
P35227,P11177
Q9HBI0,Q9H7L9
Q9BUH8,P11940
Q9BWT7,Q9BUL8
O75293,Q9UL54
Q93096,Q05209
Q9Y239,O75478
P37173,O75030
Q68CZ2,P05121
Q969T4,Q9Y2Y9
Q9BYG3,P45984
Q9BTC8,P07947
P05388,Q16082
Q9UI10,P08047
Q8NCE0,O14777
P62487,Q8NCQ7
P16591,Q9H9Q4
Q15746,O00189
Q13387,Q12873
Q13387,Q96DX5
P05120,P49336
Q86XL3,P24468
Q03135,Q15468
P23467,P41240
Q96BD5,P31930
Q14691,O75525
P09681,Q14919
P55789,P12931
Q6KC79,P01019
P35613,P35638
O75146,Q14197
Q9UK58,P48167
Q8IXI2,P16070
Q96EP0,P25789
P02679,P06746
Q9H0E7,O95573
Q969Z4,Q86Y82
Q9NP84,O95997
P62875,O60216
Q15118,Q6NZ67
P08246,P30291
Q9UKJ1,Q9Y2X0
P61916,O75694
P61764,Q9H9Q4
Q71F56,Q9NZU7
Q9UN37,Q12905
O75915,P18054
P18850,Q96EZ8
Q9NWV8,Q8N4P2
Q08397,Q6P1J9
P11473,Q9NPE3
Q9Y6Q9,Q8TD31
P51398,Q8N4P2
Q13418,Q9HCS7
Q15555,P35670
P22392,O00763
Q13546,Q96IY4
Q9NPQ8,Q9NRG0
P83916,P38117
Q9UBT2,Q96AX1
Q9H2S9,P22455
P36957,P07196
P52948,O43402
Q86X83,P63272
P10916,P17544
P63165,P51957
O15126,Q13614
P49642,Q99471
P40123,P56693
O75112,P31751
Q66K74,Q9NWT8
Q9BUQ8,Q9BX63
Q7L804,O75840
P46379,Q8N201
P04899,P02675
Q9P2M7,P17342
Q16543,Q9NZM3
Q16623,P35658
Q9HBW0,P08908
Q92529,Q92917
Q68CP9,Q96JN8
Q09019,P61925
O60271,Q70CQ1
Q8WYK2,P49257
Q9H307,P09493
Q7Z3Z4,O14979
P51571,Q9Y5K5
P21817,P08476
Q7L9L4,Q9NY12
Q99996,Q8IU81
Q9BUE0,P02788
Q9NPG3,P13804
P52907,Q9BUL9
Q96EF6,Q05682
P16220,Q9P246
Q8TAD8,O95271
O75052,P22303
P21860,Q12905
Q9H0W5,Q09470
Q9Y3E7,P49459
Q7L2E3,O95433
P17535,P35269
P54136,P37840
Q8IYJ3,Q9Y6X3
Q96RK0,P11474
O60271,Q96AH0
Q8WV24,P46019
Q99750,Q8WVM7
O60880,Q9BXL5
P31994,Q13541
O95863,P61968
Q9H267,P51809
Q9NZN5,Q96T37
P35555,Q9NQZ3
Q8IZT6,O60678
Q8WUA2,Q12873
P22301,P16949
Q9NUU7,P51148
O75293,Q01892
P01857,P10828
Q00688,P46934
P13224,Q96T60
Q9H6Z4,P68363
Q9H0W8,P15976
Q93009,Q969R5
P22059,P49815
P28074,Q9NSE2
P43629,Q96LD8
P51170,Q6VAB6
Q9NPD3,P12544
Q9H9G7,P29374
Q9P1U1,Q9BX59
Q8NBT2,P52952
Q8TDU9,Q96E14
Q9UPZ3,P04198
Q9H6Y7,Q6ZU15
Q86UQ8,O95571
Q9UHI6,Q5JY77
Q96GM5,P06881
P06746,Q92781
Q96EU7,Q99836
Q96AJ1,O15061
Q07866,O15123
O95816,Q15427
Q9UM47,Q99814
Q99081,P42226
P31749,O00401
P01023,P05546
Q9NZL6,P55001
Q92558,Q96RR4
Q13387,Q96SB3
Q53GS7,Q14938
Q9UJX4,Q12834
Q14739,P23469
P03956,Q9UMZ2
Q96IT1,Q9BW61
P01225,Q9HAZ1
Q13233,P34998
Q6IE81,P09668
Q9Y375,P49848
Q9NP71,Q99748
Q9Y5N6,Q9P0K7
Q6WKZ4,P08684
Q3SYG4,Q13347
P78413,P14653
Q13362,O75334
P09874,Q5JVS0
P62995,P03951
Q9Y345,Q12948
Q9UHV8,P05108
Q9UBQ0,Q99819
Q96LR5,Q8WYJ6
Q9P287,P78318
Q9GZY6,P11308
Q9BT25,Q9NRG4
P15813,O43683
O95677,P05106
Q9NPY3,P10606
P51451,P02749
P06730,Q9ULW0
P31323,P62318
P42025,Q96EB1
P15382,Q9BW11
O60481,P48729
Q9H165,O95218
Q14155,Q14397
O43665,Q9UL46
O75529,Q96RR4
O95714,O43592
A5D8V6,Q9UBU8
Q8N1F7,P22692
Q9P287,Q8NB12
Q6ZW49,Q96FJ2
Q01201,Q15262
P84022,P41279
Q9Y228,Q9UNM6
O00198,P22692
P49207,P07998
P00749,P30533
Q9H446,P10589
O75363,Q92599
Q96KQ4,P67775
O15457,Q9NSK0
P46108,Q2QGD7
Q15717,Q9Y5B0
Q13614,Q14526
P49450,Q9GZM8
O14796,Q9NQC7
Q16394,Q4VX76
Q14831,P15880
Q9BYM8,P16070
P15863,Q86V97
Q9Y271,P20701
Q99436,Q99418
P61081,P29350
Q02080,O75962
P49682,Q9HBM1
O15143,O15511
Q9BXL5,P41134
O60840,P08962
Q15834,Q07960
O94782,Q8TAG9
O95931,P51790
O43307,Q9Y6F1
P35555,Q9Y4G8
Q9H078,Q9BTP7
P14625,O95425
Q13557,P18615
O95197,P01040
P52298,P30989
Q8N3U4,P10124
Q9P000,Q15078
Q16288,Q9UBQ5
Q9Y343,Q7Z6E9
Q5VTB9,O75969
O60568,O60237
P62995,Q04912
P09086,O95758
Q15080,Q6SZW1
Q8TAM1,Q9Y6X3
Q14151,Q92925
Q15393,Q86UL8
P20701,Q9NXK8
P15863,Q8IWZ8
Q9NQX3,Q13057
O43396,Q96AH0
O43808,Q9H270
O75676,P49959
P54577,Q9UHX1
Q9NRA8,P17661
Q9Y2U8,Q15528
P28907,P07951
P78347,P01160
Q15843,P53567
Q96II8,Q12834
Q13107,Q8WYJ6
P49721,Q7Z460
Q9H446,Q8N1I0
P29992,O15055
Q96S52,O14662
P50150,Q9NZJ0
Q96D46,Q92830
Q8TAC2,O60264
Q9UPT5,Q86Y01
P78406,Q01518
Q12972,P32239
P49759,Q8N4P2
Q9Y265,Q9Y2H1
Q99962,Q15468
Q13740,Q96CA5
P05388,Q9NXK8
O60494,Q9ULZ2
O75478,Q9NVF7
Q9NQ55,O15066
P22695,Q9Y5X1
Q5SW96,Q9Y3T9
Q9NYY3,Q12996
P08195,P49069
P60903,Q9H4P4
Q9NUX5,Q9UBP0
Q9C0C7,P50914
P18206,Q9UHX1
Q12959,Q15532
Q9NP77,P02749
Q9NYB9,O43896
Q5TGY3,Q9Y5B0
P09496,P54253
Q13547,Q9P2W9
P52790,O75330
Q14957,Q13616
Q15382,P57796
P20749,Q9Y6F1
Q8WV24,Q9Y3E2
P09914,O15304
Q96B26,A9UHW6
Q9BVW5,P06734
Q12913,P05452
Q12947,Q9H2G9
P18465,P05121
P39019,P23467
Q9UJW9,P30291
Q96RU3,Q9NQZ3
O15503,Q9NX47
O43402,Q15759
Q09470,P56817
Q92797,O95696
P61158,P09958
Q9UFF9,Q66PJ3
Q9H270,Q99598
Q13503,P32780
Q9H6Z9,Q9Y2V7
O75899,Q9UJV3
P49356,Q9UHC6
Q9P0U3,Q9NPA8
P30086,Q9Y2W2
Q9Y5W3,Q86XL3
Q9Y692,P10515
Q5VT25,O15357
Q9Y275,O75962
P35638,Q13507
Q9UJX4,Q71F23
Q9BXK1,Q86UN6
Q9NZL6,Q9NW38
P47755,O60869
P42684,P50990
P49918,Q30201
O15357,Q8IYB3
Q9HBM1,Q9HAP6
Q9UH92,P05181
P09681,Q16082
Q5T124,Q15427
O75676,P16152
Q9Y3I1,Q8TDY2
Q86Y82,P42680
Q9Y6B2,P57775
Q8IW19,P21860
P14625,O14939
Q96LR5,Q8TEW0
Q99700,Q9UQR0
O43353,Q9P2D0
P35606,Q8N2W9
Q96A65,Q9P246
P11473,Q16613
O43566,P61218
P63027,Q96SN8
O75586,P55055
O14980,P02774
Q9HB19,Q01167
Q12879,Q92797
P47755,Q6ZW49
Q7Z589,Q96DX5
Q7Z6A9,P60763
O15078,P16591
Q9BV73,Q8NHL6
O00472,Q92569
Q14315,Q9BUN8
Q15233,Q9GZU2
P83916,Q6NUQ1
Q8NC69,O14744
Q96BH3,Q9Y2W2
P49915,Q7L523
Q9BZE9,Q9C0J8
Q5T5C0,Q9Y4Y9
Q96EK5,P09619
Q7L014,Q96DE5
Q9H7D7,Q15428
Q12788,Q14152
Q9BQB6,Q9HCE7
Q9H4E5,Q8NF50
P54284,Q13153
Q53T94,Q8TDD1
Q93074,Q14657
O15111,P13726
Q9UQK1,Q9BTE3
P34130,P17861
Q14194,Q05639
Q9H939,Q16633
Q14160,Q9H257
P33681,Q14152
Q9BV73,Q9UK58
O96017,Q14582
Q9Y6Q5,Q8IXQ6
Q13144,P18564
Q99467,P13612
Q9P0R6,Q5VWG9
P56279,Q6IBW4
P52597,P35637
Q15762,P23469
Q86Y91,P61587
P22830,Q9H0W8
Q6QNY1,Q14203
Q92629,P43686
P07996,Q14582
Q02535,Q9UBF6
Q16513,Q86SQ9
P15880,Q8IY18
Q14722,P61587
P10144,Q9NNW7
Q7Z6J0,O60264
Q86XL3,Q8IY31
Q14289,P19387
P04070,O15524
Q9H4M9,Q13114
P25786,Q9HA65
Q8TAF3,P51965
O43680,Q9UQE7
Q9P2J3,Q8IVH8
P21817,Q9NXV2
Q9BVA0,P26367
P38936,Q9UBI6
Q13884,O15144
Q9UBT2,P28347
Q9UJY5,O43482
Q06828,Q14677
O43745,Q9Y3C4
P09769,Q13474
P05230,Q9NVP2
P56589,P84085
Q8N6P7,P61081
Q9H204,Q01860
Q6PCD5,Q9BXK1
Q8IW19,P01275
Q13428,Q8TF05
Q9Y5Q8,P50895
O14979,P31350
P50542,O14893
Q09013,Q13087
Q13519,O60583
Q9Y4Z0,P62993
Q15054,Q9H6U6
Q9NYY3,Q15648
Q8WV41,Q7Z6E9
Q9BVW5,P05813
O75144,P61247
P09429,Q9Y3M2
P67936,P61086
P16278,Q99835
Q8WYH8,O00165
O14925,P05181
P16152,Q03431
Q99759,Q92800
Q15208,Q5T1R4
Q9H2L5,Q9NRD0
O60239,P52306
Q8WVD3,Q8NHL6
P13611,Q5U5X0
P03951,Q9Y5P8
P34897,P68032
Q99570,Q7Z6A9
Q9BY77,Q13085
P63279,Q52LR7
Q9Y483,P54646
P12830,Q99618
P23582,P10515
P62942,Q9UK41
Q9H2D6,P26367
Q96RU7,P09693
O75832,P63241
Q14749,Q99972
Q9GZS1,Q9UQB3
P49069,Q9H257
Q13464,Q8N6P7
O60356,Q15424
O95149,Q15427
Q14739,P62487
P18054,P05388
Q9UJX4,Q53ET0
Q86YT6,P13726
Q8NFH4,Q9P253
P61962,Q9P275
P26641,P50616
Q13315,P23327
Q13554,Q99689
P49643,P55347
Q7Z4H7,P84103
Q9H1J1,Q86US8
Q9Y2H1,P08637
Q29983,Q92530
P08588,P01241
O14796,Q9Y6A5
P31314,P52630
P08922,O15264
O95819,Q9UHC6
Q9NP97,Q13029
Q8TD46,Q14204
Q14686,P21675
P48509,Q9GZR2
P78413,Q00534
O00499,P33991
Q13464,Q13588
P51587,P61981
O60675,Q6P1N0
Q16531,P62913
P31152,Q14686
Q9UGM3,Q96SU4
Q9NP85,P08709
P61019,O00622
Q96E09,O15061
Q8N1F8,Q16548
O96013,P53992
Q9P246,P11166
Q8TDB6,Q02241
P56159,Q9NZN9
Q13422,Q969R2
P78423,Q9BX63
Q8IY57,Q9H6U6
P09693,Q86Y91
O00189,P13987
P01834,P00742
P18848,O14511
Q9H4X1,O15020
Q99471,P40937
P49715,P09913
Q9Y345,Q8IWU2
Q99828,O14544
O95243,Q8NHG7
O95376,Q9UPT6
Q14449,Q9UBU8
P17600,O43513
O95297,P78362
Q14289,Q9BWC9
O60232,Q9H553
Q7Z7L7,P51884
P26371,Q6S5L8
P16333,P35625
P54259,O43264
Q9NV56,P20936
P69905,Q09019
Q16586,P61218
Q8N3Y1,Q16890
Q14008,Q9H221
Q96KR1,Q13011
Q14573,Q9HB90
O14980,P04080
Q12788,Q15404
Q12851,Q15762
P48431,P18510
Q9NUX5,Q8WXH0
Q9Y333,O43513
P12956,P22736
P17693,Q9BVW5
Q8WYL5,Q9UKT9
Q99594,Q16394
P00167,Q13642
Q9UPM8,Q9UQN3
P17693,P09496
Q9H7C4,P15498
Q92997,Q14149
Q99698,Q9UKB1
Q7Z6M1,Q9ULV8
P02765,Q6P4R8
P09086,P62136
P35858,O75326
P18846,Q71U36
Q9GZY6,P61604
Q96EK5,O14511
Q8N1I0,Q9BX63
P09668,Q16851
P00747,Q15700
O14599,P53350
Q06124,O75439
P51825,Q9P2G9
Q9NRP7,P43357
Q9BSB4,Q8N7R7
Q9Y4K3,Q9Y2J0
Q9Y239,O15519
P04141,Q03181
O14733,P15863
Q8IZQ8,Q9HAU4
O43236,Q9UBP6
Q13151,P29474
Q9HCU9,P15976
Q9H8T0,P13693
Q7L9L4,Q96JC9
P78352,O75330
P14635,Q9HB90
P09496,P50542
Q9NRW7,Q30201
P62244,P16410
Q92973,P33552
Q9Y620,P62244
P07900,P16035
Q13352,Q15835
Q8TBN0,P49721
Q13233,P40937
Q9BXM7,Q96F44
O00623,P42224
Q8NI35,P42773
Q8IU60,Q9NQP4
O95793,P54136
Q16740,Q9NRZ9
P51532,P17706
Q9NXR8,P68402
Q12962,Q9UBY9
P11532,P17275
Q99460,Q8WV41
Q9H0W8,Q9H4L4
O15230,O95257
P60660,Q9UKA2
P48061,Q9NYA1
Q8NFD5,P00519
Q01844,P61218
P20719,P10747
Q6FI81,Q53EL6
Q14938,Q9UIG0
Q99933,Q9H0K1
P12755,Q14565
Q96Q27,Q13287
P30048,Q76N89
Q9NVP2,Q9NQC1
P68106,Q99567
Q96CS3,Q8TDN4
Q02930,Q96P70
P10619,Q96NE9
Q92887,Q9BWN1
Q8WV24,O00451
Q8WYR1,Q9NRZ9
Q92843,Q49AN0
P52594,Q9NZN3
P12270,Q16236
P10114,P30531
P01189,Q9UK97
O95967,Q7Z6M1
P40938,Q9UKY1
Q8WYQ5,Q96SD1
Q01844,O60741
Q99684,Q99748
Q14790,O14593
Q96M94,P38484
Q96S59,P63010
P35250,P54253
Q13217,P00748
P08631,O75461
Q96EK4,P35556
Q14160,Q12929
Q8IVT5,P01308
Q9BRD0,O14867
Q7LG56,Q9UQM7
P13611,P47804
P31749,Q9NS75
Q9NQ66,Q13541
Q13888,P05156
A8K0Z3,P54098
Q9UQ84,P43146
Q9NYB9,O75161
Q68CZ2,O60437
Q8ND04,Q9HAU4
P62633,Q9H161
P05388,Q9NRD0
Q8IZP0,P20618
P20138,P35658
P20290,Q13185
Q9UPT5,Q9P0L0
Q8N1I0,P42680
Q9HB21,Q9UBI1
P61952,Q15691
Q08722,O95573
O14649,Q9UBY9
Q5JY77,Q9P253
Q71F23,Q03111
P28799,P54252
Q9NPJ6,Q9HCS4
Q6N021,P43034
Q16611,P16234
O14974,P01275
Q01543,Q9Y6R4
P14866,Q14919
Q14168,Q9H9H4
Q16739,P19387
Q96Q27,O75717
O95433,P21796
P02675,Q13009
Q15008,Q9UDY2
Q7Z6M2,Q6S5L8
O95402,Q9P2G9
Q9NP85,Q92730
Q86W92,Q6UXN9
Q8IUQ4,Q9UHX1
Q9BY77,Q9Y297
Q92564,O95405
O43236,P16389
Q6Y2X3,P24278
Q15796,O75030
O95390,Q8WVC0
Q13438,O60716
P55957,Q14498
Q9UBS8,Q03111
Q9Y6N9,P43628
Q9UHW5,Q9UGM3
Q8N3L3,Q9NPF4
P49916,P62380
O95218,Q99714
P62312,O14497
Q13347,P13612
Q16777,Q8WYR1
P98161,P35659
Q99466,Q9NZU7
P68104,O75884
Q9HAV0,Q9Y243
O75144,P15692
P02786,Q01167
P10912,P62328
P05771,Q8IZT6
Q8N1F8,Q9GZU2
P35625,P55060
P29459,P09651
Q9H6Z9,P55786
O43913,P20849
Q02543,Q12840
O75312,O76064
Q8IYD8,Q86WV1
Q13635,Q9Y5R8
Q8WVM8,Q9NQ94
Q96EF6,O43395
P61371,P26371
O75323,O60756
Q96RK4,Q9H1D0
O75179,Q15208
P22626,Q14112
P63261,P06401
Q14781,P21926
P27487,Q9Y2Y1
Q92956,O75461
Q14694,P17542
Q13387,Q7Z406
Q8N531,Q15119
Q9NS61,Q9C029
Q9HCU9,P51148
Q96DB2,O14867
P49642,Q12874
P10144,Q9NQC1
P01106,P40227
P15880,P05549
P62191,Q9NP97
P19256,O14920
O15533,Q15078
Q86X29,Q13402
Q9Y2D8,Q9UKJ3
Q96IZ0,P30050
Q14192,Q14814
P43246,Q99638
P50281,O75326
Q15648,P12980
Q96PN7,O00716
P49841,Q9BXK1
Q9UBY9,Q96QT6
P13498,P41217
Q9UL25,P05108
Q13586,Q14289
P01160,P50914
P17535,Q9H467
Q969R5,O43933
Q9H221,O00291
O43293,P16144
Q96L92,Q16543
P51003,P10071
O43593,Q96RU3
P48431,Q9UGK8
O95704,P62318
P40939,P32246
Q99743,P29474
Q9Y6M7,Q9NP64
P14784,P51808
P17844,P11047
Q99684,P41002
Q8N1F8,P02686
Q96BH1,Q01081
P17096,P06730
Q16478,Q9P2F5
O14544,Q96FJ0
Q9BXC9,Q02880
Q9Y3Q8,O00541
Q9UBP6,P62820
Q01974,Q99683
Q15542,Q13901
Q70CQ1,Q96PK6
P63000,Q8IUC6
P09132,O14641
Q86YS3,Q15691
Q8NCQ7,Q9H6U6
Q96S44,P51636
P03973,Q6S5L8
Q15080,P50895
P11940,Q13492
P14543,Q86VQ0
Q9C086,Q03933
Q9H9F9,P55773
Q58A45,Q969P5
Q9NZ94,Q15406
O60494,P57682
O14795,P67775
P15531,Q9Y6W6
Q9UJX2,Q13113
Q8WUH2,Q92800
Q9NZ94,Q86UL8
O75317,Q96A44
Q9NPG3,Q14582
P41238,P23582
Q14990,Q16531
Q92599,Q9UGI9
O95544,Q9H2G4
P16860,Q8NI35
P41229,P10244
Q12929,P30533
P49760,P01857
P23588,P07998
P61158,Q8TEW0
Q58A45,Q96B67
P08908,O75477
Q8N2Q7,P23025
P16860,Q16204
O75436,P07384
P13805,Q5T5C0
Q13133,P21453
Q03014,P62328
Q9NZL6,O94905
P30305,Q14974
Q92800,Q9UNH7
P52799,P30281
Q5T2W1,Q9BV36
Q9BPX3,O75934
Q9GZT8,P00742
O60675,Q9BUG6
Q15029,P61201
P17096,O94776
Q96SW2,Q96T37
Q9C0C7,Q15759
Q9BVP2,Q8ND25
Q8IYD1,P24723
Q9UI09,P06734
P78352,O43734
O00623,Q9UI14
Q96AE4,O75817
P24863,Q9H765
P51787,P11166
Q9H251,P42773
P23469,Q96L34
Q8NHW3,Q13829
P19256,Q8TF40
Q9H9S0,Q96RU3
Q9UFG5,P43358
Q15672,Q9NXR1
P78346,P20290
Q96A65,P09326
O60568,P00750
Q9C0K7,P07858
P51531,Q96QV1
Q9ULK4,Q14653
O15503,O95544
Q8WW01,Q86VQ0
P62258,O95336
Q9NZ94,Q15118
O15372,P07998
Q8IYD1,Q9UHW5
Q9UJF2,Q99814
Q9Y5Q3,O15533
Q5T2W1,Q9UIV1
P63000,Q96DE5
P26010,Q13153
P61956,Q9UNF0
Q9UGI8,O95831
O95835,Q9UMZ2
Q14749,Q8N5H7
Q9HCG8,Q9NRY2
P33681,Q14781
Q13952,Q9Y4J8
P51809,P19404
P42025,P84103
Q13347,P17706
P02748,Q969P5
P46087,Q6ZSG1
P29322,P02746
P27658,Q8TEU7
P21583,Q9GZN8
P10144,P27361
Q8TAM2,Q9UPN3
Q13322,O15344
P42345,Q9H0M0
O60739,P19387
Q9Y6R0,Q13094
P55085,Q9UJY5
Q14BN4,Q14318
O75293,Q9HBI1
Q5SW96,Q9NSE2
Q9H8S9,Q8NC69
Q96CW5,P19256
Q5TGY3,Q96HR8
P49642,Q5VTR2
P61247,O15344
Q14643,Q2NKX8
Q04656,Q6PIJ6
Q96JN8,Q8N5M1
A0JLT2,Q02363
P20042,P22455
Q13347,Q969J5
O60759,Q96F07
O95793,Q08752
A2RRP1,O95243
P51825,P35916
Q9UQ88,P61925
P00747,Q9H4B6
P0C0L4,Q8NC51
Q6ZN18,Q7Z412
Q969P0,Q13705
Q12929,Q8WVM7
Q7Z3B3,O15066
P61619,Q9UHI6
Q16890,Q7Z6Z7
O60880,P08069
P08238,Q9BYW2
O00273,O15123
P35612,P16109
O94817,O00592
P04141,Q9UPS6
P20719,Q9UBI6
Q2QGD7,O96020
Q8IZP0,Q9H6Z4
P53803,Q06828
Q14494,P51948
Q15436,Q9NRD0
O60500,Q5XUX1
P02795,P11802
Q96RJ3,Q8N6Y0
P35548,P05108
Q96QK1,P41252
Q16533,Q96JN8
Q92918,P54368
P26641,Q9NR55
Q53TQ3,P18827
P49207,P04198
Q96PU5,Q9Y5J7
P19022,Q96AP0
P14784,P32246
Q5VVQ6,O15123
Q13315,Q15811
Q9NSA3,Q9NP85
Q9Y383,P40424
P51965,Q9H2D6
Q8N1F8,Q9BTP7
P55773,Q9UPZ3
Q9P0N9,P09619
O95628,Q9Y3F4
Q8NCQ7,Q9UNN8
Q08043,Q14197
Q96QV1,Q86WT1
O43313,Q14114
Q9NR33,P17252
P50402,Q8ND25
O60516,O75928
P31751,P20700
P01375,Q9UL54
Q8N3I7,Q9UNP9
Q16656,P29375
Q96B01,Q99584
P55789,Q9NQ29
P24593,P81133
Q8IZT6,Q9UJX3
P08700,P62841
Q16587,Q9P104
O75928,Q15334
P23297,P29466
Q5T4F4,Q5VZM2
Q6NZ67,Q86US8
P50750,P11802
Q12788,O75494
Q0VDD7,P55786
P20585,Q9NVR7
Q02750,Q99873
Q8IX90,P45880
Q01130,Q9BYM8
P63316,P01019
Q09472,Q9NZU7
Q8NHG8,O95785
Q9BWW4,O94906
P50613,Q9UGM3
Q9NPD3,Q96RR4
Q8IWL3,Q8TDX7
Q92889,P15976
Q99962,P11362
O14746,P13688
P61244,Q96NE9
Q9H553,Q4VX76
P05787,P00736
P31751,P42081
Q9Y4K3,O95163
O60481,P10147
Q8WYH8,O95997
O75448,Q06643
P05107,Q16539
Q01831,P02748
Q15834,Q7KZ85
Q14315,P01241
Q9NTI5,P25789
O14979,Q14393
Q9BVA0,O95487
O76003,P21817
Q92802,Q92570
O43719,Q13287
O00287,O43513
Q9UQR0,P31152
O60603,P46695
O94817,P63241
Q96LC9,Q92985
P09486,P08754
Q96F44,Q8TDX7
P36956,P01374
P51531,Q6PJG6
P63211,Q16611
Q02447,Q6GQQ9
P46940,P28161
Q14192,Q9NWT8
P17302,Q96T60
P31689,P38936
O95235,Q9UQ26
O14737,P29622
O00192,P05231
Q99519,P08709
P02774,Q99952
Q96B97,Q6W2J9
P62979,O43390
Q5VVQ6,Q13114
P46934,Q96RU3
Q06481,O75558
P01042,P30626
Q9Y3E2,P41743
P09622,Q9HAJ7
O14625,P68106
Q9NYG5,P60604
P68106,Q9BRK5
P09496,Q8NFJ9
Q96D46,P06746
Q71DI3,Q96NY9
Q01201,Q99698
Q9NZN3,P84085
Q96BH3,P84243
Q14498,P15924
Q8WUD4,P30460
Q15366,P61225
Q15649,O15550
P54920,Q9H553
Q86UT5,P05783
Q9BU64,Q03519
Q969H6,O60296
Q96LI5,P07942
O14745,Q5U5X0
O14519,Q7Z412
Q9ULX6,Q9UI12
P42081,Q14118
P19838,Q53EV4
P11441,P50213
Q96PN7,Q99466
P26373,O95319
P41091,P67936
Q14919,A8K8P3
P68543,Q5T7V8
Q9H211,P07900
Q14457,O43670
Q5T4F4,P15407
Q9BXL5,P23511
O15259,O75494
Q8NB16,P26885
O75496,O95863
Q53GS7,P02786
Q14512,Q96PB7
Q8TBZ3,P25705
Q7L591,P78356
P68106,P18077
Q70EL2,Q9UK41
Q9C0C4,P63279
Q14161,P36896
P25791,O60583
Q9NS75,Q13889
P42336,Q8NA54
Q86XL3,P18433
Q14566,Q15506
Q8TDY2,Q86Y91
Q9UJW3,Q99598
Q969P0,Q5SW79
Q96BD8,O15211
P18848,Q9Y2M5
Q14103,Q8TDN4
P04406,Q16667
P49720,Q05519
Q13263,P25789
P16860,Q7L523
Q9BUX1,P11802
O95573,P30050
P42229,Q96L92
P27824,Q8WXH0
Q99471,Q9H2X3
Q9P0L2,O00273
P31930,P30626
Q9NPQ8,Q7LG56
O00763,Q8N5C8
Q9Y4C1,P63220
P39023,Q9HB21
Q5T1C6,P31949
Q96PB7,P16144
Q9H2C0,O00151
P14780,Q8TD46
Q9H9T3,Q15942
O43927,Q96IY4
O75460,O00451
Q9NZL6,P24386
P26045,Q9UKA2
O00148,Q9NRY2
P43026,Q13576
Q96B97,Q9H221
P53567,Q96HR8
P05067,Q9H4E7
O96013,P20337
P61457,P39905
Q9H257,Q06455
P36894,Q8NC69
Q9Y3E2,Q9Y4B4
Q14318,Q9BQA1
O94992,O60437
Q9H211,Q9BRQ0
P25786,Q16613
Q13951,P49959
O00186,Q15717
Q96Q15,Q09013
Q9Y271,Q13438
P35579,P16152
Q92673,Q9BWW4
Q99661,Q9H9Q4
Q96I34,P31949
P49792,Q7L273
Q9BXL8,P57796
P30273,P10147
P51957,P83436
P48552,Q15046
O14737,O15211
Q15532,P11277
P41002,Q14974
P68400,O15297
P43356,Q8IZP0
P43686,P31321
P61981,P13598
P27701,Q86YC2
Q9H0F6,O00255
P38646,O00165
Q14112,P48546
O15287,Q8TAF3
P00488,O95503
P14770,P18859
Q14494,Q68EM7
Q9UMW8,Q9UL63
O75293,Q9BY77
O00221,Q9Y6N7
P05181,Q7Z6Z7
Q9H410,P54253
Q8IZP0,P10589
P19338,Q04756
P62714,Q9C0C9
P49006,P11166
Q86WB0,Q9UKA2
Q9Y2V7,Q96IV0
Q9UGI8,Q68CZ2
P21941,P30405
Q96RK0,P01730
Q9UQN3,Q5TCZ1
P61020,P28907
Q14289,P43250
P47874,Q71F23
Q9Y6N8,P25685
O95983,P11802
Q9UMZ2,P17812
O14757,P30305
Q9UL03,Q5T7B8
P57105,Q16623
P00451,O15516
O15553,O75531
Q13057,P11684
Q96EV8,Q8IU60
P01730,O43920
P00488,P28482
P46782,P21802
P50990,O75150
Q5VTB9,Q15642
Q16659,P51957
P54259,Q9Y2Y1
Q15633,Q9BXH1
O75531,P59768
Q7Z6M2,Q86Y01
O15524,Q92834
O14649,Q07325
P49591,P13688
Q76L83,Q9NP64
P23510,Q96SW2
O60884,Q9BZJ0
P53396,Q15404
Q9P2W3,Q9H147
Q9HC77,P43627
O75529,P11166
P31751,P19438
Q14008,Q9H6Z4
P61956,P31314
Q16665,P28069
Q12947,P18031
O60285,O43566
Q9Y271,Q9ULM6
Q6P0N0,Q86US8
P00751,P04628
Q7L804,P51587
O14777,P09874
P08922,Q9Y375
Q96B02,O14576
Q7Z406,Q15365
O75460,Q9UBP0
P69905,P30989
O96020,P68363
Q70EL2,P48553
Q15475,P78406
Q53TQ3,Q9H553
Q13057,Q16595
Q9UMW8,P49257
P15924,Q9H015
Q96T76,Q8IXW5
Q9Y6I3,Q9Y6Q9
O60739,Q8N1F7
Q13546,Q8TF40
P51911,Q96FJ2
Q7Z589,Q13402
O60759,Q92529
P41091,P54136
P03952,Q99567
Q8TDR0,Q6ZSG1
Q13554,O14925
P20749,O43913
Q14807,Q96I34
Q96L91,Q6R327
P61619,Q99576
Q9UJU2,Q9UJW3
P17936,Q9H6T3
Q93063,Q3ZCQ8
P51693,P52907
Q9BUL9,Q9HD67
Q96A47,Q9H6U6
P51693,Q6NZY4
P47755,P0C0S5
Q9Y5Q8,Q9H816
P17676,P15382
Q9Y2W1,P23763
P56192,Q07864
Q9UH73,Q8WVM7
Q8N2Z9,Q9UHN1
P49207,Q96JH7
Q15834,Q9Y2V0
Q9UBT2,Q92854
Q15543,O75056
P11362,Q8WYJ6
O00194,P62328
O00541,Q9BW61
P35555,Q53ET0
Q9NRF2,P05121
O96011,Q92542
Q96PM5,Q9H469
P26842,P09486
O95373,P06881
O00167,P12980
P62312,P46379
Q71F56,Q6IA86
O14979,P18564
P29992,O00141
Q9NUG6,Q14289
Q9H3M7,Q76N89
Q8NCM8,Q70EL2
P40616,P19532
Q9NWV8,P01889
O75161,Q8NHL6
Q6UWE0,Q6N043
O14625,P16615
Q6IPU0,Q13287
P30279,P20618
Q8TDU9,P36404
Q9HD36,P61326
P51959,Q7Z628
P58753,Q4G0J3
Q01094,P53567
Q9NRF2,Q13002
Q9NYF8,P17096
Q14657,P27658
Q9H832,P21333
Q13043,P48023
Q9UBE0,O60664
P30279,P60903
Q8N3Y1,P10275
Q8WVM7,Q92556
Q9H3P2,Q8TB52
Q99583,P51114
O00548,O75489
P23511,O00141
P62266,Q9UKK6
Q9GZQ3,Q9UL62
Q14831,Q9NZU7
P36957,Q8TAM2
Q9H0N5,P98160
Q7Z589,O94985
Q9Y5U5,P49759
P39060,O43597
Q9UKV3,Q9UBI1
Q9NX08,P24278
Q7Z6Z7,Q92608
Q99575,Q13464
P31152,O60756
Q9Y6W6,O00443
P06702,Q9NRD0
Q01968,O75509
Q9Y6W3,Q96S96
P25391,P23945
P05161,Q14186
P36896,Q86XL3
Q14494,Q96SU4
P24468,Q13155
P11387,O43236
Q66K74,O00165
Q99471,P20916
Q03135,Q15910
Q96LD8,Q9BZJ0
Q9Y3C5,P00167
P11047,O43491
O43521,P21453
Q9Y215,P20849
Q9H0R8,P49675
P35354,O75970
Q6PIL6,P31942
P51681,P61081
Q13472,O00626
O60238,Q99418
P02786,P51668
P51948,P02741
Q6NWY9,Q9H7L9
Q07912,P04628
Q86YT6,P27701
P18545,Q8TD46
Q15008,P30203
Q702N8,Q9BYG3
O43255,P49450
Q15080,Q9UKS6
Q15746,Q9UNM6
Q13131,Q8IWS0
Q9BS18,Q9NQ55
P61457,P43320
Q9BUL8,Q9NT62
O95714,Q15835
Q9Y333,P24855
Q99593,P49750
Q9BSV6,Q8IUQ4
Q7L590,Q9UIU6
P35612,P51911
Q9H211,Q8N201
P04275,Q15365
P09211,P55795
P01130,Q92636
P09326,Q9H6R0
O60884,P14555
P14859,Q9P253
Q9H9F9,Q4VCS5
P01303,Q8N556
Q08999,O75335
P47928,P54829
Q9H7L9,Q02548
O94973,Q8IWS0
Q00610,P52630
P48729,O60885
Q14BN4,Q08334
P29322,O15519
P23560,P20849
Q9BXL7,O95433
Q86SE9,Q13094
Q14004,P56645
Q96II8,O43719
P41146,Q8TBB1
Q7L804,P18077
Q6WKZ4,Q8NHL6
Q13523,Q8IWS0
Q09028,O43242
Q15691,P22692
Q3KNV8,Q96PK6
P07954,Q13541
P59998,P08574
P62306,Q15642
Q9H0E9,Q7L0Q8
P05362,P51170
Q9UNE0,P04066
P25205,O14925
P26010,Q9NW08
O14787,Q8NC69
Q96MW5,Q99719
P46782,P04085
O15126,P36578
Q16611,Q9GZV8
P02545,Q00534
P49792,Q96IY4
Q7Z4H7,Q96AX1
Q9NUX5,O15392
P04141,Q16082
P20226,Q96S55
Q9BVC4,P45984
Q9UHQ1,Q6NZY7
Q13418,Q96BR1
Q13868,Q9NVP1
O75144,Q7Z628
Q2M2I8,Q12873
Q14957,Q9Y4Z0
Q05193,O60583
O43516,P01100
P00749,Q9Y6Q5
Q96CS3,Q9UKT4
O00244,P49763
O60291,O75934
Q96HR8,P07992
Q96T37,P08709
P62995,P50995
O95714,Q6FI81
Q9Y3I1,P35638
Q9HB19,P05156
O00300,P13612
O60488,Q9NPA8
O75689,Q7Z406
Q9H078,Q8IXQ6
Q6ZRV2,Q92889
Q99973,P61247
P02778,Q92558
P84996,Q8N3F8
Q9Y275,Q5T7B8
P61978,Q9Y279
Q9H410,P36542
P21731,O00762
P61952,O43681
Q9Y5J7,O00291
O00241,Q6PH81
P29992,P11387
Q99700,P17096
Q86X83,Q9H6Z9
Q9H668,Q7Z6M1
Q14457,Q9NPJ8
Q15554,Q13057
Q13561,Q58A45
Q9C0C7,O15400
Q9HAW0,O15018
P63096,Q99871
Q0VG06,P02462
Q99471,P10644
O95817,P08151
Q96PU5,P24001
Q49AN0,O75947
Q13595,P54577
Q5T4W7,Q12874
Q96KP1,Q96GG9
O95155,O75800
Q96AY2,Q7Z7L7
Q14192,Q8IWI9
Q92887,Q13094
Q9NZN4,P55089
Q9NP84,O60869
O43264,Q92570
Q07002,P40818
Q13503,P16234
Q09472,Q7Z6M1
Q7L014,Q7RTV0
Q5VT25,P41217
Q14106,Q96I25
P0C2W1,Q13588
Q16548,P32780
Q9H8Y8,P17275
Q9UHW5,Q9BW27
Q9GZY0,Q01105
Q03001,O15155
Q01831,P48167
P43356,P32246
Q86T82,P60709
P12757,Q53HL2
P18621,P23467
Q5JSH3,Q15811
P38606,Q8TEB1
Q13888,Q92844
P18428,Q96RU3
Q9ULZ3,Q8WVJ9
Q8WVY7,Q96D31
Q08379,Q9UL63
O14925,P28065
O94888,Q8NG41
P52655,P48556
P15170,Q9Y2Q5
Q8IY92,Q9NTI5
Q9Y2R2,Q9Y279
Q6VMQ6,Q96AX1
Q9P2M1,P26367
P62753,Q86UN6
Q07352,Q8IX07
Q9H160,Q7Z406
Q96JM2,P50453
P26842,P23297
P33897,P78413
O43181,O75717
Q86WX3,Q9UH77
O76003,P18433
P09211,P32239
P43358,P62633
Q9NX08,P02749
O96020,Q8TCX1
Q6P1J9,P23025
Q6PIL6,Q15025
P62829,Q01638
Q03431,Q13285
Q96BH1,P61247
O60759,P17096
Q8WYH8,P27448
Q9HCG8,Q9UPY8
Q9NPY3,P04899
Q14240,P07992
P18621,O43765
O95235,Q99570
Q3KNV8,P09038
P63316,P07858
Q9NY99,Q5JY77
P27695,P23327
Q16611,P28340
Q9Y5K6,Q9BXC9
P61204,O43318
P39687,Q8IUQ4
Q13332,P08887
Q8N4C6,Q13163
P04070,Q96EZ8
Q14764,P84085
Q9BUQ8,Q9Y383
Q13156,P26927
O75363,P15090
Q99590,Q719I0
Q03188,Q7L5Y6
Q05066,P36404
P23467,Q9HCE7
Q9NZV8,Q15942
P52735,Q19AV6
P47874,Q9Y2Y1
Q8N1L9,Q9HB21
Q9BVP2,Q13887
P32780,Q9Y264
Q9BWT7,P14653
O00186,P33032
P98170,Q15389
Q7LG56,Q14118
Q99594,Q13155
P78314,P02745
Q7L3B6,Q9BXH1
Q02750,Q9Y678
Q8NFH4,P02788
O95721,Q15361
O96019,P51825
Q9H2K2,P16112
Q8WYH8,Q99075
Q9Y6B2,P61619
O43143,A7MCY6
Q9UQN3,O15511
Q9BTC8,Q14814
Q9H4I2,P01584
O95229,P26640
Q93062,Q14524
P20138,P25705
Q02224,P20226
P28336,Q96F24
Q9H0W5,Q9H270
P51398,Q9Y5B8
P09914,Q06587
Q9Y2V3,Q96T58
O95155,O75330
Q01094,P14625
O00472,Q15831
Q86X29,Q9HC77
P36896,P50750
P56279,O75489
Q96II8,Q9Y5R8
O00622,Q86X29
Q99497,A0AVT1
Q9Y345,P21926
Q9GZV8,Q13619
P55197,P54725
Q8IWI9,P61006
P35250,O95251
Q16825,Q99952
Q13291,Q9H4B6
O15530,Q13705
Q9ULZ3,Q9NSC2
P62277,Q8TAG9
Q96DU3,P27348
P62081,P51911
Q9BVP2,Q8IYI6
Q6P2C8,P17600
P20585,Q92608
Q9GZX9,P31949
Q9GZY6,Q9UBU8
P78352,Q99996
P08151,Q9NVP1
Q13769,Q14397
Q12905,P62913
Q9NPG3,Q9Y6E0
Q7L591,Q15811
P02743,Q5XPI4
Q8TAQ2,P55199
P59780,Q7KZ85
O75351,O43427
O60296,P50591
P54274,P25116
O14576,Q9H270
P61244,Q9UM07
Q13501,O95249
Q96M61,P17813
O15264,Q92564
Q16548,P51532
Q8IVT5,Q9HAW4
Q9BQ15,Q7L2J0
Q93063,P10124
P08887,O15297
P04075,O00451
Q96Q42,Q92854
Q9BT67,P63000
Q9Y2X3,Q07955
Q12967,P25705
Q16595,P19419
P07315,Q14011
Q9UM47,Q8N1F7
Q9UBE0,Q71F23
Q96L14,Q4VCS5
Q96RR4,O96019
Q66GS9,Q15643
Q9Y6N7,Q6NZY7
P46782,P25800
P57105,P30622
P01225,Q13351
O14543,Q8TD31
P30520,Q9UHV2
Q9H204,P53350
Q9NY33,Q03431
Q8WXH0,P42263
Q16825,Q99719
Q96AE4,Q13232
Q9NSA3,Q13595
Q9NWT6,P04637
Q9UPT5,O60237
P11712,O14836
Q9H461,P21953
P25490,Q7Z7L7
Q14807,Q99683
P49918,Q9UHF0
Q04724,Q9UPM8
Q9UFG5,O43164
P98177,O75817
Q9Y265,P78318
Q9NYG5,Q92667
O43752,Q7L3B6
O95819,P08519
Q9H7D7,Q9HD47
P10147,P11474
Q3KNV8,Q99523
Q6P1J9,Q68DK7
P17676,P57740
P35354,P02708
Q6NUQ1,P05121
Q15746,Q92851
O95376,P47874
O60238,Q9BU61
P25208,Q96AX1
Q12929,Q6NZ67
P02730,Q70EL2
Q86SQ9,P15880
P53611,Q71SY5
P62736,Q9BW27
Q9BQ15,Q8NB12
Q99471,Q9Y698
P18846,P41208
P12931,Q9P2K3
Q96EK4,O43765
Q13057,Q9UHF0
Q12851,P01834
Q12888,Q9GZX6
P07996,P22001
Q99933,P10644
Q02156,P30556
P08922,P06756
Q9BYE7,Q9Y2D1
P48506,Q5T5X7
Q05066,O95967
Q5TGY3,Q92542
P35900,P21580
P63167,P63220
P57087,O43597
P20273,O75496
Q96S59,Q9NRY2
Q01518,O43156
Q9UKV3,P61968
P29320,O95758
P17535,P16949
Q14005,Q9H1K1
Q9H175,P27701
P61020,O95999
O75348,Q9H257
Q29RF7,Q8IVH8
Q9Y2X8,O15164
O95967,P63165
Q7Z4G1,O15205
P02760,Q9ULV0
P20336,Q7Z7L7
O75529,O43670
P07814,O14511
P50990,P22455
O14965,Q8TDN4
P30531,Q93063
Q13011,P40938
Q8N3U4,O76021
Q9BX59,P15090
Q9BPW8,Q8NFH8
Q86X55,P85037
O60271,Q13507
P06746,Q9H015
P06756,Q9BW11
Q9H2L5,O43586
O43150,Q92834
P26006,P83436
Q96M94,Q13761
P40692,Q9NPY3
Q9UBD5,Q1KMD3
O43593,P06730
P17544,P02788
Q14765,P52907
O60741,Q12778
Q99962,P45880
P22681,Q9UBT6
Q9UBF8,Q13884
O43665,Q92793
O43745,Q9UHX1
Q9UL03,Q00722
Q93074,P11216
P39060,P60953
O14832,Q53EV4
Q9UBD9,Q8IU81
P18465,Q9HB21
Q93062,Q01844
P23510,Q7Z4I7
Q9NZC7,Q02548
O00622,P04275
P39060,Q8IWI9
O94829,O60609
Q8IWZ8,Q96B02
P50052,P36578
Q9H845,P48378
Q5VTB9,Q9BUN8
Q9BQG0,Q86US8
P05160,P35609
Q8IYW5,Q92781
Q9NY27,O60231
Q14626,O95487
Q08999,Q14669
Q9Y508,P05121
Q96A72,P55735
Q9NPY3,P49750
O00716,O75558
Q9BUH8,O75369
P48506,P15531
O75970,P08247
O60683,Q8N7R7
P23258,Q14565
Q14524,P00918
P17661,P35658
O43187,Q8WVB6
Q92781,O76041
Q9HCS4,P49257
P53396,Q9BXM7
Q9NYB9,Q9UNH7
Q9NPF5,Q96AJ9
P05386,P45984
O60486,Q6QNY1
O95433,Q8TEB1
Q6EEV6,Q7Z569
Q14181,Q7Z494
Q76N89,Q99418
P31150,Q9NY12
Q9NR50,P54725
Q96RK4,Q08117
Q9Y3Q8,P08709
P01563,P78356
Q9UKC9,P62140
Q13642,Q9HC77
Q6VVB1,P14921
O75112,P29376
Q15833,Q92564
Q96L14,Q8IWZ6
O95628,P18848
Q63ZY3,Q8WZA2
P01023,Q4VX76
Q86VS8,P01308
Q5XPI4,Q8IXH7
Q92844,P35398
P55085,Q13322
Q04724,P42081
P50750,Q96FV9
Q12841,P05556
P0CG47,P98172
P49454,Q15915
Q9UHV9,Q13107
Q13888,P62191
P09234,P43320
Q9BUL9,Q9UNS2
O76003,P49711
Q6ZW49,Q9H2C0
O60759,Q9NVX0
Q9H4H8,Q8NB16
Q9BUL9,P62380
Q9UKK6,O15055
Q9UKT9,Q9BXH1
Q8TCG1,P04080
O43390,Q15038
Q8WXH0,O60231
Q16586,Q14194
Q13332,Q9BXS5
Q9C004,Q8N531
P29371,P50995
Q9UJW3,O43683
O60880,Q13432
P62136,Q8N3X1
P08195,P50748
O60884,Q7Z460
O43592,Q9NQH7
Q9BYG4,Q99075
Q02447,P35225
Q9NZ94,Q13951
Q9NPI6,Q14197
P05230,A0AVT1
Q9Y620,A9UHW6
O14901,Q9UHC6
P62508,P62913
Q96CS2,P42166
Q01453,Q9UPZ3
Q12815,Q9H2D6
Q9H0E3,Q8N8S7
P51809,P51825
Q99698,Q9BQ95
P78352,O43292
Q92783,Q8IXH7
Q9Y4K3,P13726
P26641,Q5JVS0
Q9H9C1,Q9Y2W1
Q14790,Q9H4L5
Q8NBZ0,Q13425
Q9NZV8,P02675
P49642,Q9BY11
Q6PIL6,Q14669
P84077,P49354
Q8WVY7,Q9UBN4
Q14240,Q96IT1
Q9Y2Y0,Q13163
Q7Z6J0,O43432
P50613,Q09666
Q9H8S9,P39060
Q5VTR2,Q7Z406
O75928,Q9NNX6
Q13319,Q92667
Q5PRF9,P49761
Q9UBC0,P35900
P52952,Q14186
Q9HB19,P78314
O95639,P51170
Q01826,P62140
O14757,P55001
Q7L2E3,O15020
P27037,Q9UK58
P53396,Q13561
P32121,P41273
O94927,P18428
Q9HCU8,Q96MW5
Q96AJ1,P42336
P09651,O75489
P37108,Q9Y5Q8
Q99569,Q96T58
Q86UQ8,Q9Y3T9
P13501,P51114
P06870,Q9P275
P60880,Q8WWW8
O75410,P41161
O14901,Q71U36
Q9Y3T9,P53805
Q9UBZ4,Q6NZ67
Q9NQY0,O60437
P26022,Q7L9L4
P27348,P53611
O14796,Q9Y3C7
P17936,Q9UPW8
P55072,Q86U86
Q12972,Q6PD62
Q96N96,P17152
Q9NQL2,Q92956
P09234,P09382
O75884,Q9UNN5
Q9BXL5,Q8TDN4
Q99836,Q9BZK7
O75323,P22455
Q9H3P2,O75330
Q01970,Q9NPF4
Q9ULG1,O95931
Q6PIL6,P23193
P62191,Q5T6S3
Q5TKA1,Q9BWW4
Q9NPI8,P46019
Q9H3U1,O14745
P53985,Q05397
Q06124,Q13769
P22570,P09619
Q06787,P07766
P35611,P23921
Q12851,P10144
Q5JSH3,P61006
P61371,Q8WVB6
Q8ND04,P61587
Q92673,Q9H9E3
P20908,P24588
Q9Y468,Q8IU81
Q93052,P50616
Q96SB8,P23142
P04637,Q9NVX0
P07998,P10515
Q5T4W7,O15020
P09234,P33993
P23467,Q6P1J9
O43572,Q15046
Q9Y613,Q16740
Q9Y5K5,O95257
Q8N5H7,Q9Y6E0
P36957,Q9UN37
P19105,P17096
P20645,Q96DE5
Q12770,P78552
O14974,O60603
P17931,Q9BXK1
Q14781,O43164
O75800,P18084
Q6IBW4,Q9Y262
P19793,Q9Y2Z4
O15530,P55347
O00241,Q9UQQ2
Q7RTV0,Q8N488
P61604,P13945
Q9H4M9,P52948
P43686,O75190
Q07890,P42679
P59998,Q9C086
Q96S52,Q9H1D9
P50748,Q9NQ29
Q5VV67,Q08043
Q14573,P29374
P49916,Q14681
Q9UQN3,Q96T60
Q96GD4,P23511
Q9UL25,P50148
Q9GZQ8,P01241
Q8N196,P63000
Q99471,Q9UHL9
Q9P0U3,P05023
P78357,Q9GZT9
P52597,Q8TAM2
Q9H0K1,Q05639
O95460,Q29RF7
P16220,Q86U86
Q12816,P51172
O60716,Q9H6Q3
P22681,O43313
P29084,Q9HBZ2
Q9BVI4,Q13087
Q9NP84,P49736
Q9Y2D1,P26885
P22307,Q9P2W9
P16035,P33552
P32302,Q8WXA9
Q9Y3Q8,Q14186
Q14161,Q9UHW5
P21980,Q8TAF3
Q14512,P09496
Q9NZN8,Q9NRD1
P78346,P05556
O15530,Q5T7B8
P61201,Q6SZW1
Q719I0,O43264
Q9Y2Y1,P18031
Q9BY67,Q8TD31
P25490,O15360
O75376,Q14114
O14746,P41236
Q96PN7,Q9HB90
O43896,Q15327
Q9NSK0,P09326
P31949,P55196
Q9H7D7,Q9UHA4
P61247,Q9Y6Q9
Q9UMF0,P12980
Q96JB5,O15155
O14746,Q6UXN9
P18846,Q9NQP4
P04234,Q14865
Q13671,P20336
Q93063,Q9Y6I7
P24928,P01130
P19474,P42680
P56545,P32302
Q9H4M3,Q8IY57
P41208,Q14C86
Q15554,Q86SX6
Q13347,Q8NC51
P25054,Q9HB21
Q96RN5,Q15485
P26045,P14778
P62993,Q9UGK8
P28715,P48556
Q71SY5,Q9H4B6
P19447,O00522
Q9UI10,O15455
Q9BVC4,P26006
Q9UBL3,P61081
P18433,Q6FI81
Q9HCU9,Q96RT8
P17693,Q9Y6W3
P08235,Q9GZX5
O15525,Q9BTV7
O14796,O43837
Q93052,P11234
P62750,Q9BPZ7
Q13200,Q13061
Q9Y5Q3,Q16613
Q66LE6,O95166
Q15645,Q71U36
Q16695,Q71SY5
P06307,Q9P0N9
P54368,Q96BH3
Q13868,P59998
Q08397,Q8TBZ2
Q93063,Q16828
Q8N5R6,P51608
P61956,Q9H469
Q99627,Q6QNY0
Q15008,P0CG47
Q14258,P28072
Q8TBA6,Q9Y2W2
P49796,Q13057
P50281,Q7Z6G3
O95644,Q01105
O75446,Q13642
Q15843,P46060
Q15653,P63010
Q5TKA1,Q53ET0
Q9BQ15,Q9BY77
P02792,Q9HC52
P61019,Q9UMX1
P23511,O96019
P32121,Q9UQR0
Q702N8,Q92833
Q00987,P15884
Q96QB1,Q2T9J0
O43402,Q9NS75
Q7Z589,P51668
P20273,P00505
O14795,P02747
P02730,O15357
Q15051,Q16630
P42858,Q9UBQ0
Q7L273,Q9H832
Q8N6M0,Q8WVC0
P10415,P43626
Q8N729,O94979
Q9BYV2,Q92499
Q99719,Q16851
Q01826,P30679
Q5VTR2,O14777
P30203,O43513
Q14524,P51572
Q9Y5U5,O43852
Q96CD0,Q8TD16
O60232,Q9NW38
Q8TAM1,Q15700
P56279,Q9Y2A7
Q14994,P35611
P55316,Q06455
Q12841,P35670
P98161,Q15038
Q00653,Q5T5C0
Q8N5H7,Q8NI35
P57105,P51884
Q13233,P02675
P02747,Q14562
P01130,P05813
Q01831,Q9UBQ0
Q96EK5,O75884
P51817,Q14562
Q9ULV0,Q9UBZ4
Q6PCD5,Q8N1L9
Q9NZN4,P32971
O00220,P78406
Q12860,Q8WVM0
Q9UJV3,O95696
Q13470,Q14134
Q99459,Q9P0K7
P22674,P49643
P52948,Q5T2W1
P16234,Q9UHN1
Q9BTC8,Q14686
Q9BXW9,O00189
P43246,Q96L92
P09769,O43293
Q01658,Q16595
Q9Y5X1,Q02297
Q01518,P35568
Q96NE9,P32246
Q9BT25,Q8IVH8
O00623,P35228
P13805,Q12841
P84022,Q96DE5
Q969R2,P78362
P61962,Q6ZRS2
Q9NQT5,P01730
P52565,P80098
Q9Y3Y4,P11308
Q99594,Q9UGL1
O43865,P37023
Q9UPV9,Q6P0N0
P11362,P61925
Q9NPF7,Q96NY9
Q99767,Q9H7D7
Q15562,O60762
Q13362,Q8TCG1
Q8N1L9,Q15327
P61457,Q9BQE4
Q9NQB0,Q06830
O14508,Q93063
P31689,P19438
Q86YC2,Q15811
Q08334,P08588
Q13362,Q14134
Q01658,Q86U86
Q9H410,O15123
Q15834,Q9UIB8
Q9Y271,P49810
Q02156,Q9H9Q4
P24863,Q9HCG8
Q00839,Q9Y3M2
Q70IA6,Q9BQ95
P08949,Q96PU5
Q13439,P17931
P02671,Q70EL2
Q9NPF5,Q9H2G9
Q02156,Q14790
P08581,Q96B97
O15446,Q15365
Q14865,P07942
Q7L2E3,Q9UBB5
Q92886,Q9Y6B2
Q08334,P24539
O14599,Q9P2R6
Q9HD26,P55735
Q9UNE7,Q8TAA9
Q13464,Q9Y5P4
O43745,O43513
P00374,Q13505
Q9BVM2,Q9UBF1
Q8TES7,P08581
Q7LG56,Q8IY18
Q9HBI0,Q96M61
Q14681,P41236
Q9NRD1,O43189
P01275,Q9Y2K6
Q16656,Q96QC0
Q99933,Q06455
O75334,P35998
Q8NBZ0,Q9BQG0
Q01974,O15455
Q9H410,P33552
Q9BY77,P12814
P50895,Q13227
P53567,Q96AX1
Q8IXI2,P61218
P17661,Q8IYB3
Q9H7D7,Q99962
O00548,Q9UN37
Q5VTR2,Q9BRQ0
P30990,Q9HAU4
P09668,O14662
O43765,Q16478
P37840,P34998
Q9H6T3,P42025
P16860,Q9H3S7
P0CG13,Q9BW27
P19086,Q16890
Q15468,P18850
Q9H5V8,P61968
O15020,P51965
P49675,P67936
Q96B02,Q9UQC2
P30049,Q15744
Q86U06,P78348
P48643,P17600
P04075,Q92888
Q92974,Q9P209
Q15762,O60264
P63279,Q13637
P24390,Q00613
P55209,P05813
Q8TBZ2,Q86TM6
Q9UM54,P16389
P0DI81,Q86U70
P39019,Q14114
Q9BPW8,P40938
Q9BSB4,P24941
Q13554,Q9UK73
Q15054,P56537
Q99828,P06307
P43026,P05106
Q9NVR0,P50995
Q15648,P16112
Q7L8J4,Q13509
Q9Y228,O75056
O95817,Q96T60
Q99612,Q9NT62
Q99436,Q96HS1
Q66K74,Q8WVY7
O95721,P10275
Q9H5V7,Q96A56
Q9UBE0,O75884
Q96L91,P50750
Q14999,P53992
Q8NG41,P49917
O75161,Q9NPF4
P00488,Q6VY07
P20248,Q96CS2
Q9H3U1,Q92828
Q9NQL2,P57682
P06746,Q9H5V8
Q9UGJ1,Q9UBN6
P62508,P05108
Q13474,Q9NZN4
P56192,Q15599
P46777,Q14114
Q15435,Q04721
O75312,Q8WUA4
Q13535,P61201
P02795,P39060
O75144,O00628
Q96BD5,P46821
Q9BWN1,Q13501
Q7RTV0,P40939
Q9HCU9,P78423
Q9UJX2,P10071
Q9H2F5,Q9Y3T9
P61158,P98160
P51787,Q02880
Q9Y678,Q86WX3
P14316,Q8N6Y0
O15372,Q9NS00
P14784,Q96J84
Q9UKV8,Q9UHX1
P49711,P84085
Q16739,Q07157
Q9H939,Q9H161
Q9H2F5,P22460
P35250,P21728
Q93034,P60660
Q16533,Q8IZP0
P18545,Q9H469
Q99961,Q9Y2K6
Q99653,Q9UFG5
Q8WVM8,P41273
Q9NRW1,Q6PJG6
Q9UHW5,Q8IWI9
Q15054,Q9HCJ0
Q5VTR2,Q9NPC6
Q9Y3C7,Q9NZN3
Q06418,Q07021
P18827,P51172
P49716,Q9H5I1
P41146,P49848
O43752,Q5SW96
P17947,P53618
O75575,Q9Y2Y1
Q8WX93,Q96AH0
Q14106,P33552
Q9BZW8,Q86US8
Q96RR4,P62318
Q9H204,Q9H6R0
Q6TFL4,P54136
O14746,Q9Y2Q5
P51955,Q9UK41
P01374,Q9NRI5
Q9UKV8,Q86UE8
P09914,Q14BN4
Q9NPB6,Q13523
Q96RN5,Q9NQX3
Q9BX59,Q8N3U4
P02768,O75694
P08235,Q86WV1
Q13588,O95163
P61371,Q8IZD4
Q13547,P17152
P13804,P28827
P20336,Q8WYJ6
P29622,Q8TBK2
Q8WZ42,Q6ZYL4
P38936,Q96JN8
Q9ULG1,Q96LD8
P21926,P52435
Q13503,Q8NC69
P46734,Q8IWZ8
Q09472,P31942
Q15759,P06702
P07996,Q9H553
Q9H9E1,Q8NHM5
P11047,P62277
P00749,Q8NHG7
P23769,P57105
Q8TDU9,O15533
Q9H1K1,Q9NVX0
Q15131,Q12841
P26640,O00124
Q9UI14,P51817
Q13492,Q8N3X1
Q9UHP3,Q15311
Q9BQ95,P01892
Q96GM5,Q9H5I1
O14796,Q86U06
O95983,Q8IWT3
Q14566,Q07864
Q8WYP5,P28827
P50895,Q09019
O60826,Q16613
Q99626,Q9NPI8
Q9UL54,Q86US8
Q09472,Q9P2R6
O43913,P01730
Q7Z4G1,P10588
P41220,O43572
P04049,P21675
O14733,O75448
P29376,Q13619
P28161,Q13619
O75348,P09382
Q99583,Q96JN8
O43719,P35658
Q07352,P12757
O95352,Q9UJW0
Q92800,Q05469
Q16623,Q15466
O14862,Q9Y6J9
Q14739,P55735
O75436,O15457
Q9BXM7,Q9H147
Q08117,O14893
P01042,Q92888
O95460,Q9Y570
Q9Y6I7,Q8N1I0
Q6GTX8,Q9UPW8
Q8TBZ3,Q96IV0
P61019,Q15019
P17661,P0CG47
P31948,Q9Y4A5
Q92854,Q96B36
P60866,Q96EZ8
P26010,Q5H9F3
Q8N5H7,Q9H816
P60484,Q9Y2Y0
P19320,P81408
P23921,Q14681
P48556,Q99519
Q9H221,P24390
P19883,Q9H270
Q9UQB3,O75840
Q8IWI9,P30499
P57740,P14923
P68431,Q8NI27
Q5D1E8,Q16890
Q12923,Q9Y6Q9
P16403,P21781
P41134,Q8N5H7
O15372,P62140
Q9P2M1,Q6NYC8
O95835,P30405
Q9Y2Y9,Q9Y5S2
Q9NTI5,Q8TDY2
Q7L804,Q9UP52
Q14494,P28161
Q96EB6,Q96RR4
Q14203,Q9NP64
Q93009,Q9NP97
Q7L523,Q13404
Q9NRY2,Q9NZC9
Q6P2Q9,P24390
P62508,Q15404
P43489,Q76FK4
O60516,P35227
Q9Y5R8,Q13478
Q8N1F8,P18848
P78371,P43628
P07093,Q92956
Q9UQ35,O95977
P28074,Q99593
Q9P2R6,P17600
P35658,Q13761
O43745,P09668
P12314,O43390
Q6IA86,O60609
P27701,O00541
P63096,Q2M2I8
O15516,Q9UK97
Q8WYH8,O75461
Q15785,P38432
P04075,P19404
Q9H9Q2,O14867
P55039,Q13351
Q9BPX3,Q13554
O95835,P23396
O94889,P98160
O14544,Q9UM73
P50150,P40939
O95571,Q13224
P10114,Q92599
P26927,Q9P0U4
Q03014,P61968
Q96HN2,Q12851
Q92973,Q9Y3R0
Q08881,Q16539
Q9UJX5,Q71DI3
Q9NTJ3,P43320
P02751,Q13315
Q9UJX4,Q00526
P33897,Q9NZ94
P26640,P62913
P02647,O75592
Q5T5X7,O14727
Q96SB3,P50616
Q5PRF9,Q8TD31
P36894,O60232
O43752,Q7L523
Q6R327,Q13087
P28324,Q03111
Q9Y2Q5,O00303
Q9NUX5,Q9UNE2
P50213,Q9HCS7
Q9H221,Q9NZN4
Q92747,P55010
Q5MJ70,O00541
P11831,Q8TDN4
P60880,O43521
Q13287,O43683
P27482,Q86U86
P04637,Q6PH81
O75367,Q9H4L5
P42685,Q9BUL8
O60296,P40227
Q96EV8,Q13285
Q9BZL4,Q5VVQ6
Q99574,Q70CQ1
Q08345,Q9ULZ2
Q9H444,P53367
Q53T94,A5YKK6
O43745,Q92643
P49840,Q96H20
Q99741,Q5S007
P61254,Q14183
Q6IA86,Q9UQ35
Q15019,P83916
P55957,Q14192
P01106,P30622
O14746,Q99719
Q6KC79,P26374
Q9Y2H1,P11171
Q5PRF9,Q9H0M0
O96013,Q9BU64
Q13115,Q15361
Q9BPZ7,P61952
Q969T9,Q6PI26
Q96B01,Q8WV41
Q9UPT5,P06239
P00813,Q9H4X1
Q06187,P42701
Q96LK0,P84095
O00241,P22736
Q15543,P62328
Q99661,O60756
P11441,O95163
O14744,O75791
Q14657,Q9NVF7
O43307,Q8IVI9
Q9Y2W1,Q8IYB3
Q86U86,P62736
Q9NR46,Q5XUX1
Q12816,P19419
P31942,Q96EP0
O94966,P42701
O60927,Q86UL8
P10109,Q9Y4A8
P31321,P04083
P12755,Q01844
P26599,Q96I34
Q9UPT6,P61020
Q8IXI2,Q4LE39
P19256,Q8IU81
Q5SW79,Q92934
Q9NQG5,P08833
P28324,Q9HCS4
P04234,Q92813
O75529,P07992
Q9UI47,Q9BVG8
Q96AE4,P0CG47
O60880,Q9UBP5
P49910,Q9UM54
P23771,Q16478
O75461,O14594
Q01968,P09382
P49454,O15455
Q9BVP2,P05813
P06753,P00374
Q9NSE2,Q969T4
P21506,P02747
Q9UPM8,P61587
Q9HB19,P57678
Q99081,P36542
Q99973,Q9NQB0
Q9UBF8,Q8NC69
Q6PCD5,Q9UK41
Q86U06,P12814
P01303,O75800
P21953,P16104
Q6AHZ1,Q16595
Q92747,P51617
Q99683,Q9GZR2
P12314,P09622
P11441,Q13153
Q93074,Q9Y2K2
P02749,P0CG47
P62995,P21796
Q9UDY2,P35998
Q8IZP0,Q9BW61
Q9P246,P21731
Q08117,Q96QC0
P28907,O95071
Q15542,Q96EK4
O14649,Q8WX92
Q99683,Q9BUL9
Q9H9F9,Q15386
Q96G25,P23582
Q8WWN9,Q9HCN4
Q8TEP8,P51668
Q9H9Y6,Q8TF40
O00232,O75884
Q14194,Q13838
Q13310,Q00975
Q8NCQ7,P51948
Q92974,Q9NY12
Q96II8,Q96FJ0
P41145,Q9UKJ3
P11912,P09326
P98177,Q8NF50
Q9Y2Q5,P28065
Q16513,P49354
P22455,P40926
P47928,Q96M61
P09914,Q92917
P31273,Q15691
Q9NRF2,P07315
Q9NQL2,O75969
P18031,Q8IXW5
Q13224,Q9Y2D8
Q8IVP5,Q96JC9
Q9UHL9,Q9H9Q4
Q9NPD3,O94906
O60674,Q9NZN3
Q8WWL7,Q9BW27
P61970,Q96T37
Q9Y6W8,P42262
Q9UKI2,Q9UQ35
Q8NBZ0,P61244
Q9BWU0,P49763
P35637,P51884
P98177,Q8N5Y2
Q6PIL6,P20336
Q03001,Q8TAP6
Q92845,Q9BUN8
P61326,Q96AY2
P05107,Q9H9E1
O60840,P01583
P35368,P10912
P26371,Q9UNN5
Q92736,O43264
Q9NYB0,Q13901
P53985,Q13185
Q13387,Q15363
Q8IVP5,O75326
P62263,P06702
Q9BZE9,Q8NDV7
O96028,A0AVT1
Q9Y4Z0,Q96SD1
Q9UBY9,P21453
Q13347,Q9P287
Q969T9,Q06323
P04626,P52735
P43146,Q15562
Q9UQ26,P45985
Q9H9A7,P05156
Q9NRG0,Q8WW01
Q86TM6,P46019
P63151,Q9NVK5
P13760,Q06830
P61764,P56817
Q75N03,O75914
Q9H446,Q8TEK3
P81133,O96020
Q9BU64,P50591
Q9UKA4,Q9BSL1
P00750,P42262
Q8NEM0,P54725
Q53G59,Q13163
Q13285,Q9H0M0
O95816,Q12888
Q5QJE6,Q12934
Q02080,Q96F07
Q4G0J3,P51571
Q13115,O15066
P09769,P15813
O43264,P50151
P07996,P24588
O75145,P29320
P52799,Q99075
P43630,Q9Y2W2
P55085,P15408
P50570,Q86SX6
O43439,P36405
Q9H2L5,Q96JB2
Q00577,P06734
P51679,Q9H0E2
P51572,P78406
Q13503,Q9ULV8
P51553,Q9Y2W7
P11473,Q96A56
P17861,Q9NV56
Q15287,Q9H1D9
Q6ZNE5,Q15173
Q9BXS5,Q96FJ0
Q6QNY1,Q9H9S0
Q99575,Q12769
Q92754,O75334
O75439,P57678
Q9H3U1,Q3LFD5
Q9H1A4,P07947
Q2M1K9,P01275
Q9NS91,Q15915
O14646,O43924
Q9BV73,P36894
Q13283,Q8N5R6
Q8WUF5,O00716
P62304,P05156
Q9NWF9,Q71U36
P54578,Q9NQ29
P10275,P08247
P22681,Q9Y3C7
Q9HAW0,O60678
P26842,Q8IY18
Q9UKT9,P30154
O43172,Q9H0U4
Q15633,Q9Y2Y4
Q9HAT0,Q8TB52
Q13422,P16220
Q14BN4,Q8TDY2
P52594,P35638
Q01970,P13671
P15976,P01889
P63316,Q9H4B6
Q96PU5,Q9UJF2
P51808,Q93008
Q6GPH4,Q02297
P51693,Q15262
O75925,Q86U42
O75143,P17706
Q13485,P21810
Q13347,Q8N122
Q5T5X7,P22307
Q9H9F9,P00488
Q9H0F6,Q16548
O94782,Q15836
P21802,Q13115
Q16832,Q05516
Q9NPJ8,Q9P2Y5
Q8WZA2,Q9UBN4
Q02763,Q06481
Q9BVC4,P02792
P02730,O75334
O43665,Q99683
Q9HCE7,Q9P2K3
Q9Y2V7,Q96T60
Q9GZL7,P21333
P52565,Q9NZN9
P27986,P08962
P08238,Q92754
Q14691,P05108
Q9NSE2,P28360
P43403,P41236
Q07325,P84103
P42701,Q9H0M0
P28062,P0C1Z6
P17480,P43320
P31273,O95503
O60285,O43251
Q9BPX3,Q7Z417
Q9H9S0,Q13404
O94966,Q9UM07
Q15369,Q9H334
Q9Y3E5,P19387
Q9H0E7,Q8IY57
Q99653,Q8TEW0
P12757,Q16740
Q9H422,P05813
Q9C086,Q01105
Q9UQQ2,P11166
P10155,P15924
P02743,P52597
Q8IY57,P13688
Q09013,Q9Y6B2
P02654,P14923
Q6NZY7,P08637
P19544,Q9BUZ4
Q05193,O60830
P83916,P49795
Q15796,Q9BWC9
Q7L590,Q96F07
Q99665,P85298
P29376,P22455
Q96A72,O14867
Q8N4P2,Q9BWW4
Q9NPD3,P00751
P38646,O15533
P01241,Q99618
P50748,Q8N1L9
P50750,O94888
P36894,P13598
Q9NVU0,P52952
Q99638,P07737
O15078,Q13163
O95400,P43250
O95628,P62834
Q9NZV8,P20936
Q12770,Q9BQ67
Q9Y215,Q86SZ2
P17096,Q9NP71
Q9HB19,Q02487
Q9BZE9,P08246
P62333,Q08722
Q9Y2A7,Q96AY2
Q99759,O43236
Q99466,Q6VMQ6
P05231,Q2NKJ3
Q9H4P4,P08833
Q15349,Q9NPC8
Q02224,P29460
Q9Y3E2,Q15746
Q9ULI3,P07900
P42345,P40227
Q8NCE0,Q9Y6Q5
P49796,Q15334
Q13464,O43913
Q16666,Q16650
P38646,Q9NWT8
O95677,Q86T82
P41146,O75717
P09619,Q00872
Q8TDR0,P01563
P46934,O75800
Q9Y2V3,Q4VCS5
Q92851,P40939
P04141,Q16478
Q8WWN9,P10646
O43741,Q8IWI9
Q5T2W1,Q8N5R6
P45983,Q7L9L4
P06307,O95600
O75164,P05546
P49069,P20273
Q8NDX5,Q9Y3E7
Q9UDY2,Q13643
Q9UBT2,P54725
P07954,Q8WVY7
Q9BXM7,Q12778
Q8ND04,Q9NQ25
Q9UIF9,P11308
P54098,Q86U86
Q16555,P00167
P27695,Q8TEL6
P47224,Q9UHB7
O60437,Q14183
Q9Y5B8,Q6R327
P61371,Q96C03
P09486,Q9H081
Q8WV24,Q12959
Q9ULZ2,Q8N1I0
P08908,Q9BZE4
P13760,P19532
P18433,Q2TAY7
Q9BQG0,Q5JVS0
Q99575,Q96T37
Q9H0E3,Q9HBZ2
P12272,P32239
Q9UKC9,P02452
P33897,O60683
P10914,P19532
Q9UJV9,Q9NR33
P61201,Q9NWS0
P23634,Q8NA54
Q06828,P60033
P49407,Q6NYC8
P49810,P41273
O95997,P48378
Q8TAF3,Q9UL54
P35250,Q14240
Q9UPU9,P30988
Q14168,Q15562
O14983,P15382
P36957,P49918
Q9BTV7,Q9NRL2
P49759,Q07011
Q9UMX0,Q9NRD0
Q15008,O95704
Q8TBA6,Q5XUX1
O00213,Q9H9H4
Q13625,O00329
Q96NE9,P12757
P30511,Q6VY07
P50542,P81408
P56270,Q9P287
Q9NX47,P02647
O75460,P28069
Q9UJC3,Q8WW38
Q9Y2X8,Q00722
Q05397,O15519
O60684,Q8N5C8
O43665,Q16526
P31350,P68363
Q02223,Q92966
Q5PRF9,Q15404
Q16629,Q8IY92
Q96Q42,P08195
Q05086,Q76N89
P51617,P21453
O60716,P15260
P22455,O95319
P20290,P63010
Q13952,P15813
Q13705,P11474
Q9UNA4,P11277
Q12947,Q99567
O94842,Q13200
Q99459,Q9HC52
Q99638,P17812
Q15287,P39748
Q9NQ25,O60291
P20333,P39748
P29373,P37840
Q68CP9,Q8N488
O14948,P38484
P11912,Q6GPH4
P21506,P20337
P12757,Q9H0M0
O00148,Q9BUN8
O95793,O00567
Q9Y2W1,Q9NPI6
Q99626,P60604
P02671,Q15459
P07858,Q9NZ43
Q13310,P51679
Q9H4B4,O75509
P05023,P38606
Q15424,Q9H6R0
Q6PCD5,Q13507
P15941,Q15506
Q9P275,Q9UNN5
P06239,Q9H147
Q9H845,Q8IVH8
Q9UNY4,O14879
Q9H5V7,Q5U5X0
Q13829,O75030
Q9BUJ2,O75940
Q9UPW8,O43597
P18206,P35625
Q8NHG8,P17861
Q01970,Q96RT8
Q9BZL4,P17544
Q9UHP3,Q8N7R7
Q5TKA1,P41279
Q08881,Q969P5
O60504,Q9Y3E2
P32971,Q9H1D0
Q8TF74,Q9BW27
Q9H9H4,Q13571
Q14161,P35236
P55039,O75369
Q16825,Q13588
Q92887,P25815
Q99612,P07237
Q9UNY4,O60683
Q8NB91,P21453
Q9C026,Q9BSV6
Q9Y566,P61158
Q9UPY6,Q9UPN7
O00192,O15068
Q96MF7,P08519
Q9Y215,Q9H6D7
P51812,P50591
Q15003,Q9UQM7
Q14657,Q8WXH0
Q7Z6M2,Q9UJY4
O15259,Q5T6S3
Q96P70,O75791
Q9Y2Y4,Q99519
Q9NY33,Q13287
P49639,O95319
Q13144,O95243
O60762,Q9NT62
Q99081,P04150
P61204,P51825
Q9Y620,Q6EEV6
Q9UK80,Q9Y262
Q15369,P08519
Q9UKW4,P42262
Q96CS2,P01584
P28074,P02748
P08700,Q9NQC7
P49760,P51617
P35052,P06734
P32302,Q00534
O15550,Q15025
O60739,P10145
Q15485,P35548
Q12906,O60232
P07711,P08922
P46060,P20807
Q9C0C4,Q9HBE1
Q00688,Q9UHC6
Q9NRW1,Q8N5C8
Q9NZN5,Q9NVK5
P08700,Q13642
P18621,Q12774
Q96C03,P15172
P43686,P25024
P08235,P38936
O94874,Q14565
Q13283,O75478
Q9HD42,P49754
P41091,P85037
P27037,Q9UGI8
Q14790,P61968
Q99700,Q9UBP6
Q13153,O14579
P31321,Q6PIJ6
P28799,Q9Y570
Q86UP2,Q9UNK0
Q9P246,O00124
P01375,Q86US8
P30876,P31150
P08684,P56178
Q9Y2U8,P50151
P15531,Q16478
Q9NSC5,Q93063
Q9BYW2,P01019
Q96GM5,Q03111
O75629,P04085
P62873,P14921
Q8IY92,Q969G3
Q8N1E6,Q6NZ67
Q9Y4G8,P39905
Q14004,P61978
P15151,P09651
Q12962,P16234
A8K0Z3,P36404
O75586,P35241
P17812,Q9NPP4
Q9BXW9,Q15386
Q13200,P10909
Q7L014,Q9C0C4
Q02750,Q6FI81
Q16543,P41279
P49682,Q6IAA8
Q9Y6Q9,Q86TM6
P41238,Q9BV36
Q9BXL8,O00287
Q99653,Q9BZD4
Q9NR55,Q86TM6
Q9H6Z9,Q9NVI1
Q15672,Q9GZT8
Q14739,P35625
P63211,Q9NRR4
P21506,Q13224
P85298,Q15744
O75815,Q9UL62
O75396,Q15361
P07998,P14210
P48059,Q16613
Q12996,Q15046
P24001,P10909
P28907,Q14676
P78356,Q9Y6D6
Q9UQB9,Q9UIF9
P18077,P26371
Q16650,Q86XK2
P49763,P35236
P37023,P34130
P26641,Q9NRY2
Q9H4M3,Q7L8J4
P52306,O95400
P78543,O00167
Q9Y574,O15297
Q86VN1,Q96AX1
P53985,Q15468
Q01453,O75934
Q92917,O60678
Q9Y6R4,P28161
P28069,Q96JB2
Q12923,P26717
Q8N1F8,O60927
Q86XR7,P31930
P01042,Q15465
P53611,Q96SW2
P21583,Q8TEW0
P50150,Q9H7Z6
Q9UL18,Q9BXH1
P29466,P49757
P83876,P29320
Q9ULX6,P49840
O75317,P08684
Q15013,Q7Z412
Q15628,Q8N3Y1
P33897,Q13542
Q9HAP2,Q8NF91
P60891,O60739
Q9UBU9,O14713
Q92886,P05386
Q99574,Q9BRT9
P31751,P10828
P35637,P01275
O75943,Q9H0D6
P42345,Q8NB16
Q5VV67,Q93063
O95198,P49257
P63261,Q9UIV1
Q9BUB5,P02748
Q86YP4,Q15836
Q02763,O95229
P38159,P48546
P08581,Q13351
O15527,Q86T24
Q15834,Q9UIF9
Q13523,Q9UPN7
Q9NPJ8,Q96NY9
O95140,Q9NY93
Q99471,Q12967
Q9BQ15,Q86TM6
Q13485,Q8TBB1
Q9BSL1,Q9BZK7
P55085,Q4LE39
Q8IWZ8,O43293
Q13217,Q9GZT9
P19022,Q9Y5V3
O43184,O95714
P68106,Q7KZ85
P01189,O43913
Q13503,Q6NZY7
P30203,Q13541
O00566,Q9BZD4
Q8IVT5,P62834
Q9Y2Y1,Q7L5Y6
Q92696,Q9BQ52
Q96BH3,Q15459
P07948,P62753
Q99081,P07998
O75865,P0C0L4
Q5T4F4,P78314
Q9Y6N9,P09211
P01106,Q9UHB4
Q02080,P09622
Q99743,Q9NPC8
P54577,Q13277
Q9H0C5,Q9UM73
P29460,Q9BZJ0
Q9H2G9,P26367
O15371,Q15915
P20290,Q96AX1
Q13042,O94817
O43143,Q9GZT9
P61254,O60678
Q08881,P07951
Q8TEL6,Q13509
P20719,P17947
P49682,Q9HB90
P63165,Q8IWI9
Q9UPW8,Q9HAZ1
Q8NI35,P01583
Q9NZN5,P21817
Q9Y6R0,Q70EL2
O94888,Q15427
Q9Y2U8,Q7Z628
P16860,Q16595
Q13137,Q13239
O60296,Q9Y6X3
Q86VN1,Q99640
P51911,P19404
P50613,P45880
P16070,O43242
P54257,Q07890
Q9GZZ9,Q9NSC2
Q16665,Q96BH3
P48509,P08519
O95639,Q12967
P49916,Q86XR7
P28336,Q9P1A6
Q13188,P51636
P49642,Q16695
Q8NC51,O15265
P23025,Q8TAA9
Q9Y6W5,Q15386
P61326,P50461
Q5TKA1,P54764
Q99590,Q5VTR2
Q01892,Q9H0K1
Q9H2G4,O75326
P49716,Q92540
P19338,Q9NRD0
Q7Z4H7,P41180
Q9H9Q2,P48730
O95433,Q9H9E3
Q9UNE7,Q14814
P50991,Q15349
Q7L804,O95071
P09874,Q9NP64
O15061,Q9Y6F1
Q9UL25,Q9UQ35
O00241,Q9Y2X8
Q6NYC8,Q9NQ66
Q9UGJ0,Q9HD67
Q9Y679,P61086
Q92973,O43683
Q93009,P07288
Q8WUH2,P08709
P18827,Q13113
Q92834,Q92613
Q92889,P49715
Q8NBZ0,Q5VTB9
Q13492,P29376
P35637,Q96D31
P26374,P61619
P24522,Q14183
P51677,P32004
P78362,Q9NZC9
Q9BWU0,O14579
O14832,Q96A44
Q9BRT9,P61081
Q00403,P13224
Q6GQQ9,Q13501
P15407,P54646
P51553,O43257
Q99590,Q8NFZ5
Q14566,Q6N043
Q6PI26,Q6PH81
P20151,P11362
Q6IE81,Q9H6Z9
P07332,Q9UK53
Q99873,Q9H765
Q9BSL1,Q99466
Q9NPF5,Q9HC52
P41235,Q03135
Q9Y215,Q13156
Q8NHY5,O60240
Q9UQ84,P49768
P36404,O95190
Q14749,Q9NZJ0
Q7Z3Z4,Q8NCE0
Q7Z4I7,Q8IUH3
P60880,Q9UQK1
P13232,Q9H2X3
Q06323,Q9NPA8
P21675,P05549
Q9H2G9,P31150
O75899,Q9Y3L3
P16109,P11166
P05362,Q03933
Q9NV58,P25705
Q6P1M3,Q9H7Z6
P36956,Q6VMQ6
Q53T94,P43403
O15078,Q15466
P00492,Q6UXN9
Q8NBT2,Q02880
P21941,P28072
Q9UBT2,Q9BRQ0
Q9NZL4,O95944
P46695,P32239
P62324,P16284
Q8TDY2,O00303
P30989,P19404
O00622,P67870
O75909,O14867
P23467,Q96SU4
Q12959,O43665
P55273,Q92570
P50150,P04066
P40938,Q15361
Q8WYH8,P36941
P12268,P21796
O75604,Q14C86
Q14004,Q9H2X0
P22455,P50749
P36954,O43513
P02765,Q9BQ67
P50613,P15374
Q9Y3Y4,P42684
Q14118,Q9H254
Q9NS23,P46019
Q9Y4A5,Q86UL8
P43686,Q15075
O60496,Q0VG06
Q04864,Q9H0U4
P29322,Q9BXM7
P52756,P42773
Q63ZY3,Q96NA2
P17936,Q9UMW8
Q9BQA1,P08887
Q03431,P11177
Q92466,P10515
P35606,Q9BWT7
Q9H4H8,P51398
Q9UBD9,Q99471
P17252,P19419
O75955,P55060
P16070,Q6PI26
P10109,P16070
Q9BUL8,P56693
Q08397,P13671
P52565,P49755
Q9Y275,Q16082
Q9P0R6,P16860
P31942,Q92667
P61158,Q8WVC0
O75478,O14879
Q13144,Q96FJ0
Q16555,O75791
Q12874,P36954
Q9Y2Z9,Q8NG41
Q68DK7,P01023
Q9NP97,Q99584
Q12959,Q13470
Q9NQX5,P13726
Q9Y6N7,O43663
Q8NFH4,Q9NY33
Q9Y2X8,Q13114
Q13190,O43427
P07359,Q9NP64
Q8IVI9,Q9H469
P60510,P15018
P35568,Q9H765
Q04771,Q14565
Q7Z417,P62736
P55895,P00451
O00418,Q9UPS6
P33681,O00401
Q6AHZ1,O95503
P78423,Q8TBK2
Q9Y2T3,Q13501
Q9UER7,O15511
P42261,Q15025
P51693,P01730
Q99519,P02788
Q96N96,Q8TEW0
P05386,P15498
Q96RR4,P78527
Q9UHQ4,Q9HBM1
Q9Y6M7,P02545
O43184,P01106
P22459,Q8ND25
P12956,P31314
Q14116,O00198
Q96QC0,Q8WWW8
O60481,Q2M1K9
Q86XE0,Q15311
P61020,P67870
P98177,P61981
P38398,P37173
P35244,O95999
P08588,P35228
Q99627,Q13951
Q9UBV8,O75179
Q8N2W9,Q8WVB6
P53396,Q13838
Q14790,P25103
P06241,Q13285
O43189,P35638
Q96NA2,Q9HD67
O15230,P22695
O43353,P11277
Q13535,P21980
Q9UK22,O75461
O75446,Q9UNH7
P20963,Q9H9S0
O95630,Q01860
P40616,Q92636
Q14957,P62487
Q9UH73,P10809
O43294,Q86US8
Q13011,P46695
Q13045,P08962
P08575,P56817
P12314,A9UHW6
Q8N5H7,P67775
Q9H211,P15151
Q96H20,Q8TAA9
P16070,Q58A45
O00329,P02749
Q9H6T3,Q92837
O95477,Q92599
O15126,Q5VVQ6
Q9NYG5,P49795
Q03001,Q01130
Q9Y535,P08575
P46940,O43264
P00488,Q9UQ88
Q8NBW4,Q9GZR2
P19883,O60504
Q5T7V8,Q9Y263
Q9BQQ3,Q2M2I8
P35228,Q13061
P48556,O60437
Q16656,O75150
O76070,Q01638
Q9UBT2,P31948
O14936,P30305
P08621,P06756
Q9NUX5,Q9NWA0
Q9H1A4,Q12774
Q86YV9,Q9H9Q2
O43852,Q96EY7
P29323,Q13107
P43005,Q15599
P24941,Q8TAM1
P08922,P13010
O15055,O15066
O75367,P11308
Q9Y283,Q13029
P22460,Q15208
P61457,Q14643
O00548,O75582
Q01094,Q15672
Q9BPW8,Q86US8
Q86XL3,P49917
P12956,P19474
O95477,P40424
Q8WUD4,P21810
Q13464,Q6SZW1
Q15038,O75817
P24864,Q9NSC2
Q9Y2W2,Q5T1R4
P17600,P41273
Q9UI09,Q9NPY3
Q9NYF0,P20618
P07225,P42772
P55085,O60296
O43752,P10809
O75112,Q5T9L3
P78413,Q9GZL7
P10914,P08908
P51817,Q7Z3B3
P14780,O15400
Q6UN15,Q86WV1
P26885,Q9BWW4
P35250,Q9UKS6
Q9NWB7,P17480
Q86UT5,P01584
Q14994,O00585
P19388,O14958
P33076,P02730
Q15021,Q9NWT8
O15169,Q15835
O14796,P41091
Q9BXS5,Q13761
Q9UH77,Q96D31
Q9NS00,Q4VCS5
P61289,Q9P0K7
P00374,Q6FI81
O43307,Q7Z7L7
P62140,Q9P287
Q9UM07,Q9NWT8
Q6NZY7,P28065
P12004,P15880
Q9BXK1,Q9UL63
P13569,Q9BUN8
Q9NRP7,Q9UHV2
P13232,P01730
Q9UI14,Q96JC9
Q8TB45,Q12996
P35241,Q9HAJ7
P19022,Q9Y2S7
P16278,Q15386
Q674X7,Q9UJF2
P47224,P04637
P62979,Q04756
Q8TEC5,Q92889
O14713,Q6PJG6
Q13608,Q13618
Q9H078,P51149
Q9BT67,Q8WYL5
P25063,P30101
P78364,Q9UBS0
Q12778,O00712
Q96CG3,Q13546
Q15762,Q9BSJ2
P19532,P16389
O43557,Q7Z5K2
Q13332,P35354
Q6P2Q9,P11309
Q9Y5J9,O75477
P45379,P41743
P02794,P01112
P28799,Q8N7R7
O60506,Q96B97
P60880,P49459
P02452,P07737
Q8NF50,P01160
P38646,P30305
P08833,P01584
P28907,Q86SQ0
Q9BXL5,P23771
Q92519,Q13889
O95278,P14373
P19883,Q13867
Q14241,P69905
Q6ZRV2,Q96AP0
P54132,Q12874
Q99569,P62834
P54920,P61587
P83876,Q6S5L8
P06576,Q92673
Q99418,Q9UPN3
P61020,Q15404
Q96KJ9,P31150
P11047,Q13478
O00622,Q7Z7C8
Q7Z419,Q14151
Q13257,P08922
P20908,Q13523
P21731,Q9H1K1
Q9NZC7,Q969H6
Q7Z406,Q15744
Q9UHV2,Q9NY12
P12081,Q9UBP5
Q13884,Q6N043
P49069,P16284
Q96DB2,Q96SN8
Q9GZV8,P15018
O95571,Q96B67
Q9NQL2,P05108
O60880,P07942
Q9NYY3,P20936
Q9UHQ1,Q07889
Q13107,Q05209
Q49AN0,P01588
Q9UBU7,P18846
P20265,Q9HAJ7
Q13554,P17542
P48551,O75717
Q9UPY6,Q9GZT8
P55197,O43390
P16860,P21583
Q8TEY7,Q15650
P20138,Q2NKX8
P68543,Q96RT8
Q08752,P36405
P37088,Q9HAP6
Q6FIF0,Q9UPY3
Q8TDW5,P55327
Q9UHL9,Q15334
P26992,Q15831
Q9NVR7,Q9UPZ3
P05412,P41227
Q15633,P29992
P35398,P62913
P27815,Q969G2
Q8IWZ8,Q15811
O00585,Q14197
Q8WZA2,Q15744
O43156,P00519
P15927,Q86YR5
O95997,Q99576
Q76L83,O15516
Q9BXF6,O60762
Q16621,Q9UIF9
Q9Y613,Q96JC9
O60486,Q8TBZ2
P50570,Q9H3U1
Q13233,Q9C0J8
P51170,Q9UHC6
O60880,Q9Y3M2
Q86SE9,Q99418
P09493,Q02548
O14979,Q15389
Q9HBI1,P51809
Q7Z6M1,P22001
Q9BZE4,P01023
Q9BVA0,P68871
P20138,P46776
Q7L273,O14862
O94952,Q96A47
P35611,P84085
Q9Y2T3,Q13011
O15350,Q9ULC4
Q9Y275,Q8NCQ7
Q9Y271,P08962
P46379,Q9UGK8
Q9H4E7,Q14011
Q13310,Q01167
Q01664,O14983
Q9H9G7,Q8TBB1
Q9UK22,Q13428
Q09470,P61254
P51693,Q9Y3C6
Q96GG9,O14492
Q9BUL9,Q9NPF7
Q9UHD9,Q13362
O75943,Q5U5X0
Q9UKK6,Q9P253
Q5VWX1,Q9BQ67
Q53HL2,P51884
Q13043,P22314
Q99836,O75695
Q86UL8,Q8WW38
P30533,P04628
P07204,P78406
P07996,Q92673
P05120,P57105
P43005,Q13224
Q12996,Q6P1N0
Q9NUG6,O75947
Q99471,P47712
Q13617,P24278
P49840,Q9HC52
P32121,P22570
Q9UKF6,O75461
P02792,Q16602
Q9BQG0,O15085
Q02543,P51813
O95295,P08637
Q14004,Q13107
Q93038,Q9UHB4
Q9P0R6,Q7Z6M2
P09493,P0CG47
P32942,Q00722
P51813,Q9BXW9
P49643,Q96HS1
O14979,O43670
Q8TAP6,Q9BV36
Q8N8S7,P62166
Q7LBR1,Q13505
Q8N6P7,Q9Y535
Q8TF42,Q9UPM8
O43752,P81274
P49069,Q9HCN4
Q15582,Q96MH2
Q9UJY5,Q9BRG1
P49682,Q96QT6
Q9NZV8,P35368
Q15311,P57775
Q99627,P61006
P61289,O43639
Q99574,Q96JC9
P26651,Q92643
P07225,Q9NWS0
P54274,P01160
Q9H981,Q05682
O95295,O75899
Q9UFF9,P63167
P31150,Q86VP6
P52945,Q15291
Q9NSE2,P23582
Q02952,Q96I34
Q96S52,P15172
Q9Y228,P78406
P08700,O14662
Q9BU61,P22736
P30990,Q9UKJ1
Q13470,Q96DX5
P51148,Q04912
Q9P1U1,Q9NR55
Q14397,Q7Z6Z7
Q9BYM8,Q9NS75
Q9NSC5,Q06413
Q96P70,Q8IYB3
Q9P0U4,O43432
Q9C0C4,P26371
O15111,Q9HCJ0
O60356,Q13185
P12544,Q5TCZ1
Q86VP6,Q12873
P55773,Q86YC2
Q9UJV9,Q13797
P78346,O00585
Q8NC51,Q6SPF0
Q99942,P38484
Q9HB21,O95977
O14836,Q96EY7
P51812,P28074
P14866,Q6P2Q9
Q14765,O75528
Q9UHD8,Q9H0Y0
O00241,Q9NNX6
P13987,P39905
P21810,Q9NZJ0
Q03519,Q9UHV7
Q15029,Q9UMD9
Q99759,Q16602
P50150,O60756
Q7Z7C8,O14727
Q96ES7,Q86WV1
P26599,Q8IUH3
O94782,P31749
Q99996,P63272
Q6P2Q9,Q96P09
Q02413,O43156
P42345,P54829
Q9NUG6,Q9NZN9
P48059,Q15915
P22001,P61952
Q5VT25,Q32P44
P02786,P10398
Q9NRP7,Q01543
Q13573,Q9HAP2
P30101,Q9H0D6
Q99728,P27361
P31152,Q9UM54
Q8IX90,P42263
O75807,Q8WW38
Q9H8Y5,Q86YC2
Q9UFG5,P30101
Q9P2R6,P61970
Q13011,P32780
O14796,Q9C0C9
Q8NFH8,Q99618
P51572,O75096
P35237,Q9NV70
O75161,Q96AX1
P13796,Q13505
Q13563,Q14566
Q9UQ84,Q15120
P05231,Q9Y5B0
Q7Z419,Q9NW08
O95835,Q9Y2Y9
P61769,P15260
Q9UHD1,Q9UM54
O15169,Q9UK97
Q9Y566,P56817
Q9NX08,Q6IA86
P15863,Q13029
P35579,Q6PH81
Q9H211,P16619
O14625,Q5T9L3
O60826,P04229
O95278,P61201
P68104,Q6EEV6
P26371,P40939
Q96SB3,Q8NI27
Q99638,P10828
O00566,P40939
P61225,P52434
O94864,Q96LD8
P09683,O00255
Q15349,Q8TBZ2
P01112,O14925
O14737,O75528
Q12879,O60500
P48357,Q9H8T0
P22695,Q9GZV5
Q14582,P50553
Q99519,Q92817
Q99661,Q16650
Q6TFL4,P05556
Q13362,Q8N201
Q15555,P30260
P55197,O43924
Q15393,P35638
P0DI81,P51790
Q9H6Z4,P34932
O95628,O95319
P00750,P50213
O95190,Q04721
O95460,Q15672
Q6PIL6,Q6NYC1
Q9Y572,O95613
P30049,P49716
P07942,Q68EM7
Q9H832,Q15788
O15126,P26951
P10747,Q9NZD8
Q8ND04,Q9NZM3
O15514,O75970
O15553,P30305
P11912,Q9NQB0
Q92613,Q96K76
Q9BUZ4,P11802
Q15819,P45984
P13861,Q13347
Q12851,P41743
Q9NYF0,P62136
Q13283,Q9C086
Q96PU5,P18887
Q9UFF9,Q16478
Q9UPY6,Q8IZJ6
Q6GTX8,P16152
Q03001,Q6IAA8
P62805,P51948
O43516,P02462
P49137,P07315
Q92870,P42345
P61586,Q9NSE2
P55072,P36896
O75832,Q15173
Q01892,Q14451
P13805,Q99683
Q13241,P05230
P25774,A0AVT1
P06753,Q9UKV3
Q9P1U1,Q9H5I1
P21506,Q86VP6
Q9NRD1,Q8WW01
P02768,P21580
Q9H9F9,Q15323
Q13107,Q12948
O14543,Q9Y3C7
P27824,P62993
Q9H6R0,P10515
Q13127,P14543
Q9NX08,P16591
Q8WTS1,O14901
P50542,Q9UPN7
P16435,O43765
P20700,Q13478
Q9UBQ0,Q13541
Q16623,Q15365
Q06828,O75864
Q9NV92,O60830
O60496,Q9ULB1
Q15645,P27361
P07225,P22681
Q7L2J0,P10515
O15018,O43913
O75604,P53350
Q9BX66,Q8WVM8
O00625,O95999
P53611,Q96JM3
Q7L591,P02747
Q9UNY4,P00750
O60356,P35579
Q15475,Q9H257
P61218,Q9NPA8
Q15303,Q9NQ55
Q04206,P29373
O43734,Q9Y3B2
Q8WWL7,Q8N201
P54105,Q16236
P11362,Q96EB1
P51825,Q9Y587
P61201,Q8TAM1
P17693,Q13635
Q08345,Q8WX92
Q9Y275,P06753
Q9UPT6,Q14114
O75832,P51681
Q9UI47,Q01167
Q08209,P20849
P54132,Q9UJY4
P35222,Q96II8
Q9NWQ8,O60488
P09326,Q7L523
P31314,Q6NZY4
O75461,O00141
P83916,O95400
Q96MF7,Q15375
P07237,Q5TCZ1
Q96Q42,P13010
Q8WWW0,Q9UBB5
P16278,Q8IXQ6
P49841,Q96AH0
P49768,P48730
P49207,Q9Y2M5
P07942,Q5QJE6
Q9NPY3,Q9BRG1
P30086,Q9Y376
P28702,P09622
P19532,Q96SN8
Q86UE8,Q86TM6
Q9NRF9,P07237
O95402,Q02224
P55895,P62072
P55854,Q9Y6D6
P63215,O95373
Q68CP9,Q8NBT2
Q9NPG3,P05771
Q969P0,Q9H8S9
P07900,Q9BW71
Q8TDR0,P30499
Q8TBZ3,Q7Z6A9
Q86XK2,O15084
Q9P2J5,P02748
Q8NFH4,P43626
O76070,P51825
O60486,Q8NBW4
Q93074,O15234
Q12789,P17252
P61916,O15211
Q96NY7,Q9Y262
Q01968,Q9Y3C8
Q9UGN5,P98172
Q99467,P19438
P17275,O95249
Q13435,P25189
O75410,P49761
Q9Y463,Q9P0W2
Q9Y5N6,P41279
Q96M61,Q14197
P48382,Q96T60
O43593,Q9P0W2
Q92785,P11047
Q9P2M1,Q9NZD8
P27448,P29320
Q15633,P10301
O15516,Q969P5
P43686,Q96B67
Q9HB19,Q9Y6W5
P02748,P15924
Q9Y572,Q6PI26
Q5VTR2,P49450
P14373,Q9ULB1
Q15717,Q8IY57
Q9BXL7,Q8WXE9
P41220,P01732
Q9BTV7,Q9NPC8
P62875,P27986
Q13472,Q9BUL8
P06756,Q9NQP4
Q9Y2Z4,Q07820
Q06190,O75396
Q14242,Q4VX76
O15212,Q9BW27
O94842,P24278
P02654,O14594
Q86VX2,Q8WXA9
Q9NW08,P05129
Q9UKN8,P12814
Q2QGD7,Q12840
Q6AHZ1,Q9Y5P8
Q08752,P35354
O75807,O75477
Q9Y4R8,P27361
P08246,Q9Y4B4
Q15528,Q9NQ55
Q9UN37,Q04912
Q13418,O95343
P17655,Q9UHC6
P08648,P05549
P51172,Q8N3R9
O94973,Q8N5Y2
Q15465,Q00839
P03951,P85298
Q9BYW2,P56377
Q6UWE0,P05156
P15880,P51636
O60907,P39060
Q96JN8,P54253
P49918,O14744
P22460,P51684
Q06187,Q9UBI6
Q8ND04,Q99942
Q9Y5Z7,P84085
P49137,Q9Y2M5
P42229,P49207
P32780,P40429
P84996,P20333
Q9Y4G8,Q96AX1
Q7RTN6,P01023
O00472,Q9H6U6
Q9GZY6,Q12913
P29460,O14730
Q9H461,P49848
P02747,Q6VAB6
Q14494,O00451
Q9NSC2,P05783
Q9HB19,Q8N2Q7
Q07157,O14983
O76071,Q86SX6
Q15653,Q9P2D0
O75529,Q9Y376
Q99728,Q96EK4
Q9BXS0,Q8N9M5
Q13428,Q9NQX3
Q9UGP5,Q0VG06
P49639,Q9H845
P05412,P29084
Q99962,Q96PF2
Q9NQB0,Q9NR12
Q9UBE0,P38484
O75460,P18465
P52597,P55786
P45985,Q9Y2Q5
Q92625,Q15642
P13945,Q9UBQ5
Q13519,P31942
P09668,P52435
P60604,Q13277
P48507,Q01081
Q06190,Q8TF40
P50914,Q9GZN8
Q9H9Y6,O75970
P21953,Q86YR5
P29350,Q15078
O95477,P10912
P43146,P81274
Q13347,Q96EB1
O15457,P30305
Q96MF7,Q13547
Q96MF7,P56279
P61956,O75170
P37023,Q13163
Q9NXK8,Q96FW1
Q99966,P55197
P56693,P62310
Q8TEC5,P11474
Q15833,Q9BYG5
Q9UPQ9,Q96RU3
P78543,Q8IYB3
Q14957,P05023
P04792,Q9NVF7
O75914,P23508
Q99547,Q8NB91
Q00403,Q9UHV2
O14662,Q9UGK8
Q86X27,Q9BZD4
Q14008,Q16537
O15371,Q92851
Q9Y272,Q9BX63
P37198,P06702
Q9Y383,Q96S55
Q9BUZ4,O60830
P48145,Q9H2X6
Q9Y3C8,P0CG47
Q9Y5K6,P35346
O94966,P56537
Q9Y3T9,Q9UHX1
Q07352,Q13087
Q8NC51,Q9UBR4
Q14112,P04150
Q99942,Q8WXE9
Q9UKI2,O75494
Q96DY7,Q8WTS1
O14576,P06239
Q9Y570,P51149
Q5T2W1,P52945
P0C0L4,Q00839
P29459,P63261
Q5XUX1,P08574
Q9UM07,P02747
Q14004,P62191
P39086,P83916
Q5VTB9,P46776
P27448,P15880
Q9Y6R4,O75312
Q13144,O60762
P12544,Q9NXV2
Q9Y5U5,Q5VST9
P57682,Q92917
Q16656,P51532
P26992,P13612
Q9Y570,Q13127
P61981,P04229
P78543,P17275
Q13310,Q14498
O15055,Q07812
Q9Y5N6,Q8N3R9
O95714,Q13546
Q6P1J9,O95071
Q9H4B4,Q96JM7
Q96QB1,Q5JSH3
Q7L5N1,O75530
Q6P1M3,Q9Y2W1
P08195,P30405
Q9HAJ7,P32969
Q01826,Q96BD5
O75439,Q1KMD3
Q9NYF8,P78345
O95149,P02749
Q8IZD4,Q9UPY3
P05771,Q6PIJ6
P08700,Q8IY18
O43747,Q9NZN9
P61956,Q96L73
Q8N5I2,P05108
Q8N488,Q13588
O15514,P09936
Q70CQ1,P28065
O75436,Q9UBT2
Q15853,Q53HV7
Q8NFH3,P41273
O76031,Q14451
Q9NP85,Q9NPF7
Q9H422,A2RRP1
P39086,Q15700
Q9UPT6,Q9NVI1
Q92934,Q13901
P46776,P30260
O75150,Q9H6U6
Q969T9,Q9UBS0
Q7L5Y6,O75864
Q4G0F5,Q16204
O75096,Q13427
Q9UBF1,P15172
O43663,Q15389
Q6IA86,O94941
P60228,Q92747
Q14994,P50616
O15055,P61970
Q9HC52,Q8IU81
P49407,Q08379
Q92673,Q13838
Q13438,P09668
Q16533,O43852
P51531,P41279
P0DI81,Q16611
Q9NS56,P08047
P00751,P55273
O43402,Q9UHN1
Q86YC2,P56282
Q96PB7,P08246
Q7Z6B0,O15144
Q9NRL3,P11308
P53992,Q8TB52
Q9NS75,Q8NB16
P08572,Q9UL63
P25391,Q8WXE1
Q9H175,P45984
P40238,P32004
Q9NWB6,Q96QT6
P61218,Q9P2K3
Q9H444,Q9BXB1
Q9UKA4,O14976
Q5T7V8,O15164
P29083,Q92966
P26441,Q8NB91
P20645,P27701
Q96L92,P18433
Q9UL33,Q00613
Q04759,P07737
Q7Z589,Q9H0U4
P20339,P50453
P09038,P61587
Q8N6P7,Q8TEB1
P31942,P62979
P62280,P26373
Q99436,Q8WXH0
Q6IE81,Q15700
O43592,Q7KZF4
Q8N729,Q14152
Q86YP4,P02786
Q9NRF2,Q7L2E3
P31689,P54646
Q9NPB6,P01730
P61923,P02538
P49454,Q96DE5
P15531,P06239
Q96LC9,Q9Y5S2
P56192,O43164
Q86X29,Q92925
Q9Y2X3,Q4VCS5
P51398,P61328
Q5VST9,Q9UHQ1
Q9NP84,Q15833
Q15013,Q13464
Q15582,Q05639
Q6PIL6,Q92837
Q969Z4,Q9NW38
O75832,P46776
Q9UBN6,P01579
P45379,P09651
O60239,Q16543
Q8WUD4,Q9H765
Q96MF7,Q8N668
Q9NP85,P13804
Q9BT25,P14555
O75943,P42226
P62304,P49639
Q04637,Q9NWA0
Q96LR5,O94966
Q969G2,P61081
Q8TDY2,Q12933
P30203,P08247
P54257,Q14957
Q86YV9,P15976
O00443,P10909
Q92613,Q9UL18
Q86VP1,P57740
P07101,P05231
Q7LBR1,Q8NEM2
Q99081,O14920
P16615,O76021
Q93038,P08670
Q02080,O43143
Q13352,A0JLT2
O14795,Q8IXH7
P29460,P14678
Q9BUB5,Q9UMD9
Q9BYW2,Q9NSE2
Q9HCS7,P28328
O43765,Q9Y219
Q8NCM8,O94776
Q86VP1,P12980
Q5TKA1,P25103
Q14677,P02461
Q99626,O95714
Q9ULX6,Q9UK41
Q86XK2,Q00975
Q9UHF0,P50213
P05231,P42772
P29353,P14778
Q16288,P18507
P22674,O76041
P51692,O14948
P30405,Q71SY5
Q14012,O43521
Q9P2W3,O75509
P20594,P42226
O60739,Q9Y5B0
P30460,P06756
Q13472,P61289
Q9NZC9,P30556
P35250,Q9NQX5
Q5RKV6,O75928
Q9H8T0,Q9BRK5
Q9H6Y7,Q9NP85
O95229,P02708
O60516,Q9Y483
P09326,P02763
P43356,Q96AH0
Q68CP9,Q93008
P22223,Q0VG06
Q92614,Q92696
Q02535,P48023
P07093,P08572
Q9NXR8,P04198
Q9Y692,Q99801
O95235,Q14181
O14836,Q9Y5V3
Q8ND04,Q7L591
Q13188,Q9H2L5
O60271,Q08050
P17480,Q6P1N0
O60759,Q8TBZ3
Q9Y3L3,Q9HAV0
Q13156,P42224
P02760,Q8NI27
P07858,Q9NPD8
P11940,P16410
P04049,P48551
Q14289,Q9P275
O60237,Q7KZ85
P09661,Q9Y3D8
Q9NSA3,Q9UHR5
Q70CQ1,Q9H9E3
P09564,Q96L14
Q6IE81,P30989
O43189,Q9NQT5
Q9UL46,Q16851
Q15436,Q14653
Q8WYA1,P26599
O15446,P52952
Q9Y3D8,Q9Y587
Q96LK0,Q9H553
P31751,Q9UBP0
Q14764,Q15046
O43592,Q8TF42
P33897,Q9HAT0
P14210,Q15386
Q29RF7,Q9H334
Q13868,Q99075
Q9UBC2,P62310
Q9BVW5,Q14149
P42345,Q9Y4Y9
Q14161,P78527
Q9NWV8,Q99952
P52597,Q14865
Q14155,P48023
P09972,Q8IYD8
Q6IPU0,Q03181
P09972,P26640
Q15717,Q86UN6
Q13571,O00585
P41161,P48730
Q16611,P80098
O14653,P00533
Q9GZY0,P49810
O00622,Q9ULZ2
P23771,Q9BXH1
Q9C026,O75529
P38398,P00742
Q96DI7,Q04756
Q9HAV0,Q9Y6F1
P51681,O15027
P35222,Q15528
Q13428,Q71U36
Q99961,Q14011
P30154,P21926
Q15080,Q6N043
P52945,Q9BWW4
P24390,P46776
Q15003,Q96M94
Q6PIJ6,O60869
Q8IX03,P11940
Q9UI14,P15813
Q00597,Q9H1D9
Q9H307,Q9Y6M7
Q9Y5P4,Q86Y01
Q9HB90,P08754
Q96M94,Q9P275
P47804,Q9BUZ4
P15880,Q9H3S7
Q8WV28,P14780
P06241,P05231
Q9Y3E5,P60604
O75368,P29459
Q9UFG5,Q9Y376
Q15366,Q13322
P26006,Q9H0U4
P60484,O75530
Q66PJ3,O14745
Q96M61,P62913
Q969Z4,Q2NKX8
P12081,Q13432
Q9H0D6,P50213
O43255,Q8IUC6
Q9UKL3,Q9H0W8
Q99459,O95405
P41161,Q9Y2D8
Q9Y4G8,Q9Y574
P06870,P55347
P43630,Q9H9H4
Q13216,Q92851
Q9NVR0,P43320
O75112,Q13239
Q969G3,Q13867
O15400,O75530
Q9Y6R4,O14920
O95460,P39748
Q9UJ41,Q71F23
P29475,Q8NHW3
Q01201,P32302
Q14192,P61247
P02760,P49763
Q13492,O43719
P61923,Q13224
P25815,Q8N3X1
P54253,Q15154
Q96RU7,P02774
P23327,Q9Y2K6
Q9BT25,O75934
Q9Y6N8,P25774
Q9NPI8,Q96IY1
P49639,Q9Y2D8
Q08345,P51148
O14832,P51532
O15287,O43502
Q8IYD1,Q68EM7
Q9BXL5,P08637
O14983,P01584
Q6AHZ1,P15407
Q8NHG8,O75529
Q9UKI2,Q9UH92
Q13303,P26367
Q9GZQ4,P49591
P39687,Q6PIJ6
Q15633,P01584
Q6ZN18,Q8IWL3
Q9UBF2,Q9UKV8
O95571,O75956
P23297,P05546
P62304,Q13233
P43005,Q9NPP4
O00141,Q8WWW8
Q8IWT3,Q15650
Q9Y566,O00585
P48556,P16144
Q9C0C9,P36896
P13611,P62314
Q9BT25,Q9Y4A8
O14543,P18859
Q04637,Q9H161
Q99590,Q8NFT6
P51553,Q16548
P78406,P55055
P50542,P30460
Q6P1J9,Q9H161
Q99700,P18054
P30679,P46019
O95278,Q08722
Q96Q07,O14867
P15880,Q9Y3R0
P17861,Q8NB91
Q9H0N5,O00141
Q01201,P34741
P48552,Q9BQB6
P04049,O75081
Q9Y4D1,Q9Y698
Q01826,Q96IY4
Q7Z2E3,P04070
Q9UKC9,Q9Y2U8
Q86X83,P60842
P38606,Q13404
Q969H0,P04066
Q15645,Q96L92
Q9Y698,P17706
Q03135,Q92888
P23526,P02741
Q9BYG4,Q9Y2X3
Q9H8V3,Q13427
Q9NRI5,Q9BQ67
P62942,Q9BPZ3
Q13009,P32971
Q9Y6D9,P21675
Q76FK4,P68032
P07949,Q9H6T3
P01189,Q9Y2D1
Q9UBF6,Q969G2
Q96JM3,Q7Z460
Q00839,P36402
O15061,Q8IUQ4
Q9P2M1,P20807
O14798,Q6PIJ6
Q92529,Q9UH77
P02730,Q86WV1
P20042,Q9UNY4
Q9H9F9,Q9Y3C8
Q96GG9,O14867
O75529,P35712
Q9H9L4,Q13303
P49796,Q9P086
P40123,O95573
Q9Y3E5,Q9Y3U8
P62244,P28328
Q9H5V8,Q9HAP6
Q96SZ6,P41146
Q12830,O15446
Q15131,O95067
P13051,Q7Z7C8
Q9UBT2,P06756
P35612,Q9BX63
Q99958,P63279
P08246,O43427
P49454,Q99436
P78344,Q7L804
P63010,P78357
P35250,Q5MJ70
Q13571,Q15831
P02746,Q13490
P01189,O14492
Q9C026,O75052
O43516,P06748
Q9UI09,Q15404
Q8NI35,Q99618
O75914,Q92781
Q9NS00,Q9BQ95
Q92813,Q96L73
P78364,Q9Y2Y1
P40222,Q9UGJ0
Q9H2L5,O95343
Q15633,Q01094
P20849,Q96Q07
P43034,P31150
Q13107,O15553
P14316,Q9BY77
P12755,P63279
P01135,P05177
P48509,Q9H6D7
Q14790,Q9C0C2
Q9H147,Q9H469
Q9BPZ7,P10636
Q96EK4,Q15208
Q9P2J5,O43236
Q9Y5Q8,P63167
Q7L8J4,P05107
Q5W0Q7,P06730
O95639,P53367
Q99075,Q9UL54
Q96Q27,Q96I34
Q9NRL2,Q9NQ29
Q13586,P51843
P49760,Q16611
O15164,P40939
P31689,O60830
Q99743,Q9BUL9
P35579,Q14197
O43719,P20023
Q92956,P61201
Q13362,Q9H553
Q16629,P43356
Q8IX03,Q13127
A8K0Z3,Q8WUH2
Q9H2L5,Q9Y3F4
P18146,P02786
O95208,Q9UPT5
P60903,Q13285
Q9Y333,Q15051
P17544,P09651
Q9UKN8,Q9Y3M2
Q9HB19,Q14738
Q12947,Q14BN4
Q9H7L9,O14544
Q9NVK5,Q9NZN9
Q9HAP6,Q15836
Q14192,Q14974
Q13352,Q8TD31
Q8TAC2,P14543
Q05397,P27701
Q9HCS4,O43920
O15230,P49754
P22301,Q9HAP2
O95677,P62277
P63167,O43293
Q15287,P56645
Q14141,Q9UJW3
P51178,Q9UBN6
Q92759,O15143
Q9Y5K6,P98164
P05362,Q03518
P55211,P35900
O43502,Q9BPZ7
Q9UHL9,P62495
P02538,P28161
P14416,Q13608
O75461,O75179
Q14318,Q02388
Q7L590,P49761
Q96DU3,Q8TBK2
Q15366,Q03519
Q93052,Q15788
Q96A65,O14730
Q08209,P68871
Q9UBI6,Q96I25
P78347,P47804
P12757,Q9NPC6
Q9BUH8,Q9BWW4
Q9NR55,P13010
Q13888,Q9NZC7
P61371,O95257
Q9NQG5,Q96A47
Q9P086,Q13761
Q9NZL6,P37108
O75144,Q13889
P36956,P52756
Q9UFG5,Q9BWC9
Q9UBF2,P37023
Q02487,Q1KMD3
Q9H2X0,P05121
Q86XR7,Q9BQ95
P26640,O75056
Q14247,Q8N1F8
Q9Y3C4,Q9NZD8
Q16666,Q13557
Q9Y345,Q99466
Q92736,Q9BY11
Q9Y613,Q86UP2
P09629,Q8N7R7
O75081,Q86SQ0
P51572,Q99873
P42684,P43250
Q96CS3,Q9UPS6
Q15173,P42262
Q9HBI0,P52735
P35398,Q9H254
P98155,Q9Y6N9
Q9BVP2,Q9H081
P47755,Q96RU3
O43150,Q6NVH7
P55789,O94985
P27348,P61978
Q9P0L2,O75694
Q9HAP2,Q9UQE7
P11940,O14730
P05129,Q96T60
Q13144,Q9H9Q2
P15923,Q5TD97
P48509,Q96EB1
Q92800,Q9NZD4
P43146,Q08043
Q09019,P24723
O95721,Q8WX92
Q92834,P09622
P11387,P07951
Q96P70,P40227
P51610,Q7KZ85
Q8NCM8,Q16537
P61457,Q92569
Q9NRI5,P55055
P07858,P12272
O60664,Q9Y4H2
Q8IZJ6,O43181
P26368,Q8NEM2
Q9Y5Q3,Q9H2K2
Q96EV8,Q96EY7
P50150,P17275
P49427,Q9NNX6
P14859,Q03518
P35658,Q92556
O43765,P10144
P43026,O43765
Q9HB19,Q96DI7
P61923,O15553
Q13740,P21802
Q9H2S9,Q8NB46
O95218,Q7L523
P41208,P43628
P50542,P81274
Q12788,Q9ULK4
P26374,Q8N488
Q9ULZ2,P51114
Q99836,O75800
P07814,P16389
Q9BST9,Q9UBU7
P19388,P14921
P35398,P47712
Q9UI10,Q9H0M0
Q9NWQ8,O15205
Q6GQQ9,O14939
Q99497,Q9UKA2
Q07912,Q9Y4B4
P17844,Q9UNN5
Q9UBE0,P27361
P11940,P50213
P50570,Q9UK97
P18545,P40227
Q86YP4,Q9Y262
Q63ZY3,Q14683
Q12913,P15813
Q14185,Q7Z494
P09001,P43320
Q9Y2W7,Q9BW61
Q9Y2X8,Q9UL63
Q9UNS1,P18859
P46939,P63010
P46734,Q04756
P14923,Q12840
P35609,Q6QNY0
Q9BPW8,O75962
Q5VVQ6,Q8NDV7
O95639,Q09472
Q14145,O60830
P01100,Q9Y6E0
Q13409,P30101
Q13131,P78527
P37108,Q13838
Q9NTI5,Q8N4C6
P31483,Q13217
Q9ULT6,Q9UIF9
Q53HL2,P05177
P43357,P04080
Q96FZ7,Q92574
Q6ZNE5,P31350
Q9NX08,Q9NVX0
Q9H9S0,Q9P0W2
P04141,Q99748
Q9P1A6,P21453
P05787,Q9UJV3
P61024,Q9Y264
P14770,Q9H8T0
O15400,Q9UL33
Q8IWT3,P35555
O43808,Q8NC51
Q9Y4I1,Q9HB90
Q9H9C1,Q13501
Q02543,Q9GZZ9
Q9NPF5,P68402
Q06187,Q6NXR4
Q15054,P19544
Q12888,Q12913
Q13642,P42224
Q9Y6N7,P40429
Q9BXW4,O75323
Q9Y5X3,P28072
P04628,Q9Y4Y9
Q9NV44,Q92569
P41743,Q8TCX1
P15941,P62913
Q9Y4K3,P62314
Q08881,Q86X29
Q14781,P12272
P22626,Q8N3V7
P12272,Q9BW27
Q08499,Q13425
Q12888,P61247
P27348,Q9H221
P61626,Q6ICG6
P17181,Q9Y264
Q6P0N0,P48167
P35052,Q8IZT6
Q9NYF8,O15111
Q9BYE7,P61978
Q9NX70,Q6N043
Q15382,P43626
Q01718,Q99471
P78413,P55196
O75317,P48382
P32856,O00443
Q13098,O43293
Q9NZL9,P78314
Q6UXN9,Q9P0K7
O15400,P06493
P52333,Q99996
P11912,Q92643
P05362,P35625
Q15406,P30499
P54920,Q7Z4S6
Q15365,Q00534
P46087,P35080
Q8TBA6,Q13352
O95365,P13612
P12235,O15533
Q9UQ84,P06746
P22415,P11166
P50539,Q86XL3
Q9UKW4,Q76N89
Q99626,P24539
Q9GZY0,Q9HD47
Q14008,Q9HD67
P02679,Q9Y587
Q15349,P19174
Q15020,P51790
O60683,O60832
O95931,Q86VQ0
Q8NEM0,P08138
P34741,Q86U86
O75843,Q04756
P32004,Q13887
O15371,P61081
O60826,P13805
Q02487,Q16611
Q13107,Q9H6R0
P26641,P14921
O75323,Q9NPJ8
Q13291,P30281
P61225,O95257
Q16533,Q86U42
O75363,Q6N043
Q05066,O15550
Q9Y6Q6,O60716
P18848,O60603
P11234,P09693
Q9BUQ8,Q8NFH8
O15287,O14730
Q8WVD3,Q92887
P08572,Q6X4U4
O14576,Q13061
P15927,P15153
Q14194,P49354
P19544,P26717
Q99942,P49257
Q13439,Q6ZU15
Q86YP4,P41236
Q8TD08,P55735
Q9NS23,P29322
O95613,Q9UJW0
P30305,Q9UQN3
Q13595,P08519
Q92887,P54829
Q7Z4G1,Q8IWL3
Q96JN8,P00451
Q9GZT8,P09326
P17936,P47804
Q9UBN6,Q8WUI4
O75925,O95249
Q02363,P13987
Q68CZ2,Q8WUI4
Q9H175,Q13614
O15061,Q8IXW5
Q9BQE4,O14654
P48551,P35080
Q16739,Q71F56
Q14004,O75448
Q9UHD1,O75791
P54098,P33552
P18621,Q5RKV6
Q8NHG8,P49959
P50750,Q9UI12
O43823,Q13451
Q96B36,Q9NVF7
Q96EK4,P32239
Q06323,Q13427
Q9NP97,P34998
P78543,Q9NZD8
Q14573,Q9UIU6
P78357,Q15700
Q9UKW4,Q92570
Q8WTR2,Q92830
Q9Y244,P16284
Q99665,P22570
O60506,P46976
O15061,Q9UBS0
Q8NHG8,O75496
O60825,Q7Z4I7
O94817,O14662
O14818,Q6NYC8
Q9NQC3,P26640
P22570,Q969G2
Q9Y6Q5,P23469
Q9NPE3,Q86SZ2
Q96I34,Q9HBE1
O95997,O95400
P62979,O94927
P14859,Q99962
Q96G21,Q93008
Q9ULK4,Q03181
Q6VMQ6,P13569
O94907,Q9NV56
O14893,Q03431
P78543,Q9Y2X0
Q96PU5,O14836
P30876,P43320
Q53HL2,Q92993
P43005,Q8TCX1
P01042,Q13216
P36954,Q5T7B8
Q86YP4,O43521
P27695,P38432
O95503,P49795
Q7LBR1,Q9Y4Y9
Q9UPW8,O95257
Q969R2,Q86WX3
P51610,P41743
Q07866,Q9P275
Q14BN4,Q96DX5
P13693,P36873
Q12851,P10124
Q9NPA8,P62913
Q02750,P06702
Q8TAP6,Q9BUN8
Q8N6M0,O95831
Q9UHW5,Q14011
Q13574,P10398
O95997,O14893
Q8ND04,Q9C086
Q9NSA3,P62829
O75800,Q9P2F5
Q15424,Q8TBK2
O94829,P06730
Q9UGP5,P45379
O95400,Q9UHV2
Q9UH73,Q8IWS0
Q15323,P01019
Q14807,Q9GZR2
P61077,Q6SPF0
P63096,Q9UM07
Q9H8S9,Q7Z494
Q9Y6B2,P04198
Q01831,Q13009
P23771,Q15465
Q9BYW2,Q70IA6
O95544,Q9H816
Q9UKS6,Q96D31
P29371,Q3KNV8
Q99623,P28069
Q9BTP7,Q8N1E6
Q92956,O95373
O75161,Q15025
Q92673,Q9H1K1
P25205,P30679
Q9H211,O14544
P78364,P12268
P42858,Q9Y5K5
Q9Y4A8,P15374
Q99638,Q92781
Q14161,Q96NY9
Q9NZC7,P14678
Q9BQE4,Q13478
O60741,P17600
P09603,Q9Y2X0
Q5VTR2,Q13884
P12004,Q9Y2V7
Q9UP52,P54253
O94972,P14625
Q9UM13,P11831
Q96PB7,Q13574
P62277,O95600
P45984,Q9UNM6
O43557,Q7Z412
O00305,Q01167
P45379,P52799
O75817,Q9UMD9
Q9ULK4,Q9Y279
Q06124,P04628
P11277,P01100
P09668,Q8WVK2
Q14807,Q9NP97
Q8N3Y1,P24390
Q86YC2,Q9UHB4
Q9UG01,P01730
Q8IYJ3,Q99698
O95931,O75663
Q15051,P05107
Q96DI7,Q14990
P35227,P48378
Q92574,Q9UJX3
Q9HD47,P19387
Q16394,Q9Y3I1
O94763,Q15836
P46782,Q9NQC1
Q7L804,Q99584
O95630,Q03431
P11142,Q9UGK8
P16860,P25685
P61244,Q9BXS5
Q13156,P29460
Q8WVJ9,P35225
Q13470,P07196
Q9NTI5,O75449
Q9UJX6,P23582
Q9BYW2,Q9H469
O15525,Q9NWT8
P10147,Q9H6D7
P51531,O75955
Q8WVD3,P04229
P61254,Q9NRZ9
Q8IXJ9,O14662
Q01658,P24385
Q9H0Y0,P11166
P16333,Q4AC94
Q93074,P13747
Q86WB0,P18564
Q5T4F4,P08922
O14777,Q9NVK5
P43005,O43143
Q15370,P15018
Q92599,P63027
P18465,Q15021
O95400,Q9H2X6
P07949,Q01638
Q8TEK3,P51843
P49711,P35557
Q9GZV5,Q9BW71
P25815,O60583
P16471,Q04656
Q8TAM2,Q12860
Q8IY92,P15692
O60934,Q9NVX0
O75694,O76041
O14640,Q86WV1
Q01658,Q99640
Q9GZY6,Q9UJW0
Q9P0V9,Q86TM6
Q9BUZ4,P62310
O75436,Q13356
Q10570,Q13501
Q9H5I1,Q9Y4A5
O94874,Q9BYG3
P15863,O95997
P07315,Q9P2G9
P01189,Q8N1E6
P33992,Q9UIG0
Q9UMZ2,Q14562
Q15080,O95503
P47928,Q13620
O95149,Q8NHM5
Q9NWB6,Q9HBM1
P08238,O43196
Q6PCD5,P46976
Q16832,Q8IZD9
Q9Y5J7,Q8IUC6
Q6PCD5,P48023
Q9NWB7,Q00872
P46782,P46695
P45973,Q13002
P21333,O60678
Q9NRW1,Q9Y3U8
Q9H444,P45379
O15169,O00300
Q9Y4E8,Q9Y5B0
O43172,Q9HD67
Q99848,P08962
Q9NRD5,Q7L5N1
P31942,Q9UHQ1
Q9NP98,P14921
O94915,O00762
Q16832,Q9UKV3
P02766,P57678
Q15785,Q7L3B6
O60486,P46459
Q9BUJ2,P10515
Q16667,P60763
Q9NPY3,Q9P275
O14901,P21333
P50991,Q9UMX1
O95229,O60506
Q9H3M7,Q9ULZ2
Q13535,P06756
P26022,P53618
Q9Y2W7,P46531
O14746,P23560
Q96B67,Q13619
P47897,Q07889
Q00688,Q9H9G7
Q00872,Q13087
Q9NUG6,Q86U42
P30305,Q9UL63
O60296,P04183
Q8N556,P57775
Q15582,Q9H0U4
Q96SW2,P07947
O43592,Q7Z569
O00233,Q96SN8
Q05066,Q9H081
Q08999,P06748
P08603,P24385
O14544,Q9NY12
O00287,Q9Y3R0
Q9Y6M7,P05546
Q9C086,Q8WVM7
P15918,P08574
P14859,P38117
P09619,Q08379
Q13573,Q8WXH0
P52735,Q9NW38
O43719,Q16082
P49137,P05108
O14511,O43929
Q9H9T3,P78345
Q9GZX9,Q13029
Q53GS9,Q9Y6W5
Q9NVC6,P15502
P53367,O75582
Q14457,Q13478
Q9GZS1,O95460
P29459,Q9Y2S7
Q96T23,P28827
P06730,Q93008
Q969T9,Q58A45
Q96IT1,P50616
Q8IXI2,Q9UGJ1
Q96E14,Q12788
Q9UBU9,Q6ZNE5
P62875,Q86WV1
O14974,Q02080
Q8NHL6,Q8IUC6
P62314,P42679
Q8WWL7,Q7L5N1
Q00536,Q9Y6B2
Q5SW79,Q6FI81
P20701,O14730
P14784,O14544
Q9Y2Q5,P18615
Q96LC9,Q9BQ95
Q9UMF0,Q12874
Q9ULV0,Q96EQ8
P56693,P13693
Q9Y210,Q92956
Q6MZQ0,Q86UL8
P06401,O43502
O15212,Q9UBP5
Q92625,P14555
P51398,Q8N3V7
Q15080,Q9BZE4
Q4LE39,P09619
P62979,P36941
Q12840,P29374
Q96EQ8,Q01081
P01106,P02747
Q9BW83,P63010
Q9UPY6,P01892
Q13216,Q8NF50
P17252,Q13011
O94763,Q8NB16
Q99759,O14958
Q9UPQ9,P51911
P09958,P28360
P54136,Q8NHG7
P01031,P01130
Q8NA54,Q13761
P57678,Q13200
Q9UKI2,Q9Y2D1
Q8NFH4,P25024
O00623,P11308
P01031,P12814
Q9HD36,P51572
O60516,O75369
P55854,Q702N8
Q5MJ70,Q13233
Q00610,Q00597
Q16633,P51617
Q8NHZ8,Q7Z6J0
Q6IBW4,Q5TCZ1
P61019,Q02880
Q8N196,P12980
P12270,Q15427
Q99619,Q13905
Q9Y6Y9,P53567
P42685,Q9BW11
Q9Y6J9,Q13555
P00492,O15550
Q9NS69,P08908
Q9Y5B8,P41273
Q8NI27,O14544
Q9BPX3,O00167
P01857,P42679
P29460,Q14011
P13805,P37840
P26006,Q15327
P51531,Q8N5V2
O75323,O95602
Q9H307,Q71U36
Q9H9Q2,O15539
P07949,Q9Y2T3
P02746,Q7Z569
P49675,P07951
Q9BQB6,Q96IV0
Q14746,P23469
P26717,O75717
O43364,Q9UH92
Q8N4C6,Q6ZVD8
P04234,Q8IZD9
P10415,P35638
Q8N5Y2,O95249
P08235,Q99689
Q13884,P51884
Q02750,O60830
P08887,O43933
P42568,O14544
P62820,O15164
P07333,Q7Z569
P02741,Q8TD31
Q9H939,P22307
P25445,P01106
Q06609,O75052
Q7Z7C8,Q9UBP5
O75969,P05108
Q53G59,P40429
P45983,P05388
Q13190,Q8IYI6
P25391,Q13427
Q9Y2J0,Q13094
P49761,Q9NZJ0
Q8WYL5,Q9HD67
P27815,Q9UQC2
Q8WWW0,Q9H0D6
Q14765,Q96JH7
Q9H0A8,Q13029
Q92564,Q8N3X1
P29322,Q8TAM1
O60504,P17813
Q06413,Q99576
P55795,Q9UQB8
P41238,O15297
Q8TBZ3,Q14681
O14777,P42224
Q8IZJ1,P60484
Q9UBP5,P78318
P41180,Q9BZK7
Q9UBE0,Q6IPU0
Q16667,Q9BW71
Q9BPW8,Q6SZW1
Q9Y5U5,Q96NA2
P31314,Q99593
Q9Y6W5,Q53EL6
O75179,P24723
O75815,Q14643
Q96L92,P28347
O95677,O60231
Q9BTV7,Q8N8A2
P22455,Q9P0K7
Q01094,Q96BD8
Q9NY33,O14730
Q9Y6N8,P00374
P07998,Q9H0K1
Q96MT8,O60240
Q8ND04,P09086
Q99961,O43765
O75431,P40939
Q9UHD9,Q15013
Q9Y483,Q9UBY9
P18583,P10244
O00410,Q9NSC2
P08648,Q9NR12
Q63ZY3,Q9H0N5
Q9NS23,P21580
Q16621,Q99996
Q8NDV3,P31150
Q5H9F3,O60869
Q15008,O00763
Q9NVI1,Q7L2J0
Q96E14,Q86YV9
Q13257,Q8TF74
Q96EP0,Q8IUC6
P24394,Q7Z4I7
Q9Y5B0,Q9NQZ3
Q13224,P13804
Q9NX08,Q8WV41
Q12846,Q9Y6R0
Q92574,P08754
Q99569,O95997
P51813,P56645
Q9BY84,Q7KZ85
Q9NYG5,Q9H1D0
Q99836,Q9Y343
Q9UNY4,O14744
Q9BTV7,Q96I34
Q7Z6A9,Q9H7C4
P49711,P53611
P40238,O15533
Q5VV67,P10071
O15297,P0C0S5
P62258,Q9Y248
P16157,Q9NTJ3
P30307,P23582
P62266,Q9BS18
Q9Y5V3,P50749
Q8N5M4,P00451
P21579,P41002
Q14186,Q92925
Q9UNY4,P18031
P05109,P05129
Q9NWZ3,O95819
Q9NXR8,Q16695
Q99961,P09038
Q92599,Q6PI26
Q99574,O60609
Q14106,Q86TM6
P67936,P80098
Q15393,P52735
Q9P2M1,P78364
Q9P0R6,Q99958
P09917,Q8NHW3
Q9NV92,O43427
Q9UNH5,P20749
Q09470,P08151
P02746,Q9NPB6
P08700,P13010
Q9H3U1,P27695
Q96AE4,Q13409
P47874,Q96AH0
Q9H4I2,Q9NR50
O15020,P49750
Q9NVK5,Q8N5C8
Q9UMX1,Q8IUC6
P43686,Q9H4L4
Q16718,Q9BTV7
P00374,P61587
P41180,Q9BWW4
O43665,Q9Y2M5
O95382,P35556
Q6PI26,P05156
O15457,Q13224
P63241,P41143
Q9H2X0,O60716
Q96EQ8,Q4VX76
P39019,Q9GZX5
P81877,Q702N8
O60481,O75448
P03952,Q15831
Q8IWZ6,P43628
Q13156,Q96Q27
Q9Y483,Q58A45
Q9Y265,P35398
Q13425,P33032
P84077,P01189
Q8N6M0,Q13608
Q9UJW9,P51825
Q01344,O15550
P50748,P18031
P60604,Q9Y3D8
Q9H9T3,Q13951
Q96BD8,P67775
P61956,Q96JM7
Q9UHW5,Q15154
P63215,Q9UPU9
P18054,P41217
Q9BTV7,Q96BR1
O14879,P00751
Q8IWT3,Q9H0W5
P49639,P31314
Q8WTW3,P52735
Q99062,P00736
P23921,Q04912
O95487,Q9P246
O43150,Q8IX90
O43815,P52907
Q6IQ32,P52952
O75146,O43933
P10155,P23921
P10619,O14770
P33151,P18564
Q63ZY3,Q9NVP2
Q32P44,Q8WVM7
Q9H4L4,Q15599
P03951,P60903
Q13144,Q9NQ48
P13861,Q9BTE3
Q9UBT2,Q9H7L9
P10619,P26717
O43516,Q7L9L4
Q9BZI7,Q13438
P14373,Q8TAF3
Q4G0F5,Q96KQ4
Q14990,P16112
Q9Y2X3,P01023
Q9NS23,P50461
O43752,P01892
Q8N1L9,A9UHW6
O94842,Q96I99
Q9BVM2,O75489
Q86YP4,Q96FJ0
Q9UPX8,Q8NB12
Q16825,Q9NWT8
Q71DI3,Q9HAQ2
P56279,Q96EB1
Q15131,Q8NI27
Q9UN37,P23468
Q07021,Q9H4P4
Q96PM5,O15344
O60285,P52952
Q68DK7,Q9HB21
P84243,P62244
P61289,Q92918
P33240,P78345
P26842,Q9UHD1
Q9P246,Q14315
O43516,P35228
Q9P2W9,P28340
P18054,P41182
Q9UKX7,Q9UNH7
Q53ET0,P15382
Q9BTW9,Q7Z417
Q9UKT8,P23142
P49761,P46019
Q9NYY3,Q6UXN9
Q9UBY0,P13987
P43630,Q15365
O94905,P16389
P45985,O95243
P57081,Q969G2
P30542,Q8NHM5
P06307,O95382
Q8TDY2,Q9H845
Q9H211,Q9NT62
O15530,Q8N488
P52790,P26717
P30260,P68032
P32245,O75629
O95685,Q09019
Q8NCE0,Q96KQ4
P12273,P23582
Q15468,P04085
O95714,P78371
O95390,Q13951
P48357,O94817
Q13562,Q9NVF7
O00625,Q9UKT9
Q99497,Q9BWW4
Q96EK5,O75817
Q01201,P61019
P19883,P49917
Q9UQE7,P55795
P13232,Q9NVI1
Q14004,P10909
P59998,Q53HL2
Q07352,P46019
Q9UG01,Q05209
P20701,O43513
P26045,Q16740
O15371,O15524
Q9NSA3,P98160
P18887,Q86YR5
Q15014,Q92636
Q9NPG3,Q96T23
P11474,P53805
Q99418,P30153
Q16644,P28328
Q9NPB6,Q15836
Q9GZT8,Q8IZD9
Q7L5D6,P51636
Q9NV44,Q9H5V8
Q9NRL2,P20023
O60437,Q96IZ0
Q14151,Q9NQ29
Q9BU64,P42262
P25205,O75448
P14778,P11684
Q96IY4,P33991
Q9NYB0,Q96B36
Q96A47,Q9Y6E0
Q9NQG5,Q96JM7
P38936,P19174
Q13586,P23511
O75807,Q8IWI9
Q9UBN6,Q9UK97
O14974,Q5D1E8
Q8NHZ8,Q16656
P19883,Q9NRG4
Q14168,O75190
Q13509,Q96BR1
O95785,Q9UBP6
O60674,P30499
Q9BW61,P11684
O15392,Q14938
P61371,O15144
Q8IZD4,O96020
P22001,P06734
Q93074,Q9HC98
P01563,Q9UBQ5
Q86X55,Q16633
P08887,P09668
P05362,Q9UBZ4
P28074,Q8NCQ7
Q96Q42,Q5VTR2
O14746,Q63ZY3
Q93034,Q8N5R6
Q9ULX9,Q9UBY9
Q9Y468,Q9NZM3
Q9UNY4,Q8TD46
Q09470,Q12929
P50750,Q9NQ66
Q86YM7,Q01167
Q13474,Q14242
Q8WYH8,P49959
P06239,Q9Y3C6
O75368,Q9BZW8
Q9H410,P30101
P26641,Q9Y6M7
P11912,Q96CS2
P13232,Q96L73
P15151,Q8WVZ9
Q9HCU9,Q5TCZ1
P20849,O75330
O14492,P32969
Q9UBS5,Q9Y3C7
Q9BQA1,P16234
Q96DB2,Q8WYA1
P22455,O00628
Q6GPH4,Q9NXR8
Q14681,P49795
Q13371,Q86W92
Q8IYD1,P60604
Q9BWW4,O95758
O15078,O75477
Q96QG7,O14576
P22001,P09564
O15514,Q13618
P38117,P12931
Q15366,P15090
P40123,Q9P2Y5
P14866,P15382
O60239,Q8WVC0
Q7Z569,Q9H3S7
Q9C0J8,Q96AY2
P52597,P02741
O95544,P20849
P61020,P51684
O75436,Q9NZC9
O94979,Q9UJY5
P01563,Q6NYC8
P84996,P31949
Q13474,O94972
Q8WZA2,P07814
P49792,Q07890
O14618,Q8N488
Q92974,Q3LFD5
P54920,Q96AY2
O43913,Q96RT8
Q86U70,P02679
P61981,P38646
P42229,Q9NZV8
Q8IYW5,Q13887
Q6ZN18,O60231
P56693,O14925
O75439,Q86SZ2
Q5T7B8,Q15700
Q9HAJ7,O15027
P37198,O94888
P62841,Q6IBW4
Q9H446,Q9UGK8
P55039,P02760
Q9P1A6,Q13185
P30542,Q9Y262
Q7L5N1,P84103
P49427,Q15404
Q9H461,Q12948
Q7Z589,O94906
Q9BU64,P17661
Q9H0N5,Q8WX92
Q9UQK1,Q9HCG8
Q99575,P14373
Q93062,P61970
P29459,Q96FJ0
P32969,Q8TF74
Q5VVQ6,P26717
Q5VTR2,O15524
Q01344,P23760
Q14498,Q01518
O43927,Q16644
P24385,P01375
P19878,P25705
Q9NY12,Q9UBR4
Q96RT8,O95503
Q9Y613,Q09472
P40306,Q96L73
P53999,Q9Y2S7
Q5RKV6,P32969
P42568,P46976
Q96KR7,P15090
P41220,P17706
Q8N1F8,Q15543
Q14152,P35269
P78362,Q99519
P47897,O00585
Q92870,Q9H845
Q86Y91,Q9UJY5
Q9NS23,P51170
O00308,P78318
P29373,O14511
Q09019,P18859
O15212,Q8WX92
Q9H0C5,Q99075
P51531,P12757
P10828,P56192
Q15022,Q9GZM8
P51809,Q9NPF4
Q8N3Y1,O94889
O14497,Q14114
Q13241,P27986
O75446,Q92585
P15502,Q02388
P61024,P62942
Q9NP66,Q7L0Q8
P50453,Q99835
Q86VB7,Q8NHM5
Q14957,Q9BQB6
Q8WZ42,Q86VP6
Q13402,P27361
Q8N4C6,P21583
P11532,Q9UKV8
Q9UM47,Q96H20
Q09472,P35658
Q96AJ1,P30876
P16471,O15061
Q8NFT6,Q86XE0
Q86U06,Q9UPT6
Q9UHW9,P02452
Q14C86,Q13427
P37108,O43307
P78364,Q9Y2V0
Q04759,Q2QGD7
Q96KP1,Q8IWZ8
Q8N6P7,P31314
O60256,Q96L14
Q14657,Q9UBF1
O75694,P10589
Q15653,Q6P0N0
P07204,Q03431
Q9H2L5,O00628
Q9NP84,P51636
P02760,Q8IZP0
P11233,P47712
Q92834,P35241
P51149,Q9P2D0
Q8WZA2,Q9HAU4
Q14257,P17542
O60285,Q96PF2
Q9Y2X8,Q14242
Q12788,Q5TCZ1
P11912,Q07890
O43150,P52630
O15519,P23582
O95460,Q7LG56
Q9Y4G8,P41229
P27694,P18887
Q9H6Q3,Q9H0Y0
P14373,O94927
P78543,P20138
O00622,Q13523
O60763,O14770
Q8TD08,Q14C86
O95400,Q9UL33
P61626,Q32P44
O00148,Q9GZU2
Q9P032,Q8TBK2
Q15021,P05546
O15457,Q96IY1
Q92854,P18428
Q96CD0,P02679
P11831,Q8N8B7
P62244,P83436
O75592,P07947
P78345,Q92925
Q15650,Q9H270
Q96EY7,P28562
P24394,P02741
Q8NF91,Q99835
O75446,Q16526
P08949,P30154
Q9NRR4,P20916
P04049,P01834
Q86W92,O43396
P49841,Q9BS18
Q92614,P63241
O94979,Q8WYR1
Q9NRG4,Q96JH7
P08311,P55316
Q02156,O43566
P05160,O14920
P22413,P28715
P51679,Q9NQH7
Q9NRD1,Q14686
Q9Y3A3,Q9UK41
P11362,Q8TF05
Q8N8B7,Q9UHF0
Q9NZ94,Q96KN7
Q8N1E6,P43628
Q8TAM2,P17152
Q08999,Q9Y2K6
Q9Y587,Q92783
P02774,P17600
P26010,P13726
P85298,Q86WV1
Q8IUD2,O75317
Q96CD0,Q8NF91
Q9HAT0,P49917
Q8NI35,Q92696
Q15648,Q86SE9
P08581,Q9Y6X3
P52735,P35998
O95835,Q9UQE7
P01112,P34998
P16157,P61925
Q9H7D7,P15151
Q9UBF8,Q15796
P55773,O95714
Q92813,Q6S5L8
A8K0Z3,Q92934
Q9H4P4,Q01105
P09496,Q9BSV6
Q9Y6I7,P63241
Q9NX70,Q15008
Q6P4R8,Q13011
Q15532,Q96CS3
Q9NYG5,Q9HC77
P42229,Q9H0U4
P62306,Q52LR7
Q92851,Q96SN8
Q92997,Q15796
P10155,Q96T23
P49789,Q06413
Q9NPE3,O15264
Q8N1L9,Q9P2K3
Q02790,P40227
O60237,Q86SQ0
Q15366,P05452
Q8NAV1,O60516
P10916,P24522
Q9Y2Q5,Q9H469
Q86YP4,Q12905
O43927,Q9Y2X8
Q14161,Q92585
Q13503,P63010
P43026,P51681
O75164,P54577
P50750,Q5VWG9
O43572,Q02413
Q86W92,Q9H0N5
Q8IXI2,P62328
P01730,P42262
O43865,P09619
A5YKK6,O43181
Q13503,P41217
Q96L91,Q5JSH3
P15502,Q9HBH7
Q15173,Q92542
P48643,P50995
Q96SD1,P06748
Q9NQG5,Q99962
Q00987,Q9NPC6
Q9H0N5,P01275
Q9GZR7,O75791
Q96CW5,Q9Y6R4
P60866,P62633
P19793,P51636
O00291,P08151
Q9GZX5,P01241
O43432,P55273
P10914,Q12769
O75061,Q13887
Q9UBZ9,Q96LD8
Q96GG9,Q9Y5V3
P62750,P55884
Q14669,P51608
Q9NP85,O75509
Q9Y6R0,O15511
Q8WYH8,Q12923
O60568,Q12830
Q9NV70,O75582
P31321,O15144
Q09472,P84243
Q9H0E2,P62328
Q6IE81,P01111
Q9NYB0,O14770
P02730,Q13402
Q9ULT6,P26367
P62508,Q13643
Q8N201,Q9UJY4
Q9ULV0,Q12774
P16333,P42345
O60674,Q14451
Q96FZ7,Q5JQC9
Q96JM2,P16389
P18433,Q1KMD3
P12644,Q8TD16
Q9H2C0,Q9NV56
P08833,Q9H2G4
Q9UG01,P36507
P06576,Q6IA86
Q92834,Q07020
Q15262,Q8TEK3
O60840,Q7L2J0
P98155,Q14168
O00244,Q9UKJ1
O14757,Q9HCS7
Q9UBI6,O14579
Q9UBP5,P53805
P54259,Q01081
O75689,Q8TAM2
P81133,Q14114
Q86Y01,Q9Y279
P39748,O96020
P09661,P27658
O60437,O94817
Q8WYH8,P00488
P33240,O60232
Q15834,Q9H0C5
Q9NVK5,O15164
O14653,P35244
P01584,P18615
P17661,O75629
Q08209,Q02080
Q9P2R6,Q08334
Q9NV58,P30405
P32856,Q9H2G9
Q9NVU0,P24539
P53611,P09429
Q9NXK8,P36873
Q06323,P06756
Q8WYP5,P07942
Q96SW2,P60953
Q7LBR1,Q12778
O95931,O95140
O75293,P41002
Q86SE9,P07196
P30101,P63272
Q9H0B6,Q00534
Q14512,P28347
Q9Y271,Q99575
Q92519,Q9Y2D8
Q16394,P17096
P16619,O75582
P22413,P63220
Q9H307,Q02880
P31751,P35225
P18077,Q9NZD4
P62714,Q96D31
P48357,Q9H5V8
Q9Y215,O15539
Q9Y3Q8,Q99418
Q99684,Q96T60
Q13642,Q8TAD8
Q9NV44,Q9H668
P02452,Q03519
P07711,P31930
Q9HBW0,P08637
O75558,Q99871
Q9P2B4,Q9P0V9
Q9ULJ8,P11166
Q7Z4H7,Q13155
Q96PB7,Q13769
Q9NYF8,Q53EL6
O94842,Q9BUL8
Q13283,O95819
Q96H20,P02462
P07766,Q9Y6Q5
Q07889,Q12840
P28336,P15408
P59998,P08151
P0DI81,Q9NPH3
O94782,Q9UKA2
P42224,Q8TEU7
Q15366,P35236
P18077,Q5MJ70
P24588,P30989
Q9UQ84,P11142
Q9UNE2,Q9H0A8
O43184,Q9Y263
P01308,Q8NHG7
Q9NSC2,Q9H270
Q9H6R0,P53350
P16333,Q00987
Q14526,P49257
Q96CA5,P10242
P20963,Q96HR8
Q2M1K9,P23468
O15265,Q9UK58
P16070,Q15334
P26640,Q9UNK0
Q9NWQ8,Q9Y5X4
Q14004,Q92956
P63167,Q9BYG5
Q12996,Q9BSL1
P45984,O14727
P03951,P50148
P09913,Q9UBY0
Q12834,Q13418
P41180,O76041
Q9Y4J8,Q7L0Q8
Q5QJE6,Q13185
P30305,Q96EP0
O14862,Q02548
Q8TBZ3,Q86WT1
O75444,Q92542
Q9H668,Q9Y345
P10275,Q9NVP1
Q9GZR2,Q13838
Q9NWT8,Q9NQ94
Q6NUQ1,P62316
P50150,P54727
Q14831,Q96RR4
Q9NQC3,O94972
Q9UHW5,Q8WWL7
P78317,P02748
O95155,P52434
Q13191,Q86Y82
P24278,P01892
P16157,Q8NB12
P14859,Q8TEL6
P14770,Q15831
P78347,P26599
Q68EM7,Q15078
Q00987,Q9Y6J9
O00231,P24588
P17252,Q8TDX7
P61247,P49917
Q15233,Q00526
Q05193,P32004
P19256,P17813
P28562,Q8NHW3
O14974,Q96QG7
O14646,Q8NHG8
P07900,O14879
P61086,Q8IXQ6
P28062,O15027
P26371,Q02223
Q9H1J1,Q9HBZ2
Q8IZQ8,Q9H6U6
Q13936,O43920
P17181,Q969H4
Q9UJT2,Q969T4
Q9BQE4,P11171
Q15054,O75489
P16860,Q9Y5K5
Q9Y4R8,Q07889
Q13470,P28074
Q9P0R6,Q8NB91
P78314,Q08050
Q8WVK7,Q9NP85
Q96SD1,Q8WXE1
Q9Y6D9,P42684
P80098,P78348
P14316,Q96J84
O60934,P61020
P24394,Q71SY5
Q9H0F6,Q14674
O60759,P62873
Q8WVM7,Q5U5X0
Q96D46,Q8IUH3
Q9H0Y0,Q9HCS4
Q08881,P15090
Q13769,Q96CS4
Q9BZK7,Q9H9E3
P05161,P59768
P54920,Q96FJ0
P11215,O75478
P31942,P21860
O94906,Q9H015
O43181,Q15466
Q9Y272,Q9UBU7
P09486,P50281
Q92747,O43264
O60675,O75529
O43684,Q9ULB1
Q9UMF0,Q9UI47
Q99626,O95644
Q96CG3,Q9H4H8
O75563,Q12841
P54105,P55196
O43264,P15382
Q9P0L0,Q8TCX1
Q9NQC7,O75334
Q8IWL3,P19544
P39019,P49736
O60610,Q99836
O15126,O15169
P17661,O75525
Q9UQ88,Q07889
Q15475,P53992
P49760,Q9UBV8
O15357,Q15788
P50914,Q14197
Q5JY77,O94813
P61764,Q9NUG6
Q16595,Q9NYJ8
Q9NW08,Q96FV9
Q99683,Q12873
P20265,Q13310
P11473,Q6P0N0
P15407,Q04756
Q9Y3E5,Q9BW83
Q9BXW4,O94889
P14373,P02741
P48059,P36954
Q01826,Q9UK41
Q12789,P48730
Q9UBR4,Q53EL6
Q96J02,P51149
Q7Z7C8,Q16526
Q8WVC0,Q96IF1
Q15303,Q8WVY7
P02792,Q9H251
Q9UMX0,Q9Y6W5
Q99836,P35346
Q96LR5,Q9BXS0
Q7L273,Q969H0
Q8WU20,Q8TF74
P13611,Q9UKT7
Q7Z465,O15516
Q5VVQ6,P62318
P16435,P23467
Q15485,Q96FJ2
P28161,Q2NKJ3
Q07021,P01303
O95967,O00273
Q9H211,O75317
Q9UKL3,O14662
O43660,P62244
P35228,O00541
Q96LK0,P61163
P01106,P49815
O95376,P08908
P63104,Q9UQ35
Q9P2B4,Q16828
Q9UNN8,Q99835
P35080,O15123
Q8TF74,Q6IAA8
O15524,P30989
O00567,P49768
P46736,Q15389
Q9Y3E5,Q9UKT5
Q8TAF3,P50453
Q8WXI2,Q9P2F5
Q07157,P49760
Q6ZRV2,P09884
Q15555,Q76N89
O75431,Q12913
P01236,P61086
Q12816,Q99584
P30531,Q03181
Q9BWN1,O75489
P49715,O00165
P62070,Q12840
P11912,Q9UIQ6
Q9UJX4,O95696
P52594,P16157
Q6AHZ1,P14923
P78362,P51168
Q9BXK1,Q14152
Q02535,P53611
Q6PI26,P09622
P20916,Q9UL46
P51398,O14497
Q5H9F3,O15068
O75145,P30048
P02545,P52435
P24390,P16278
O95487,Q9NPF5
Q02930,Q8WWN9
P43403,Q96BD8
O00487,Q9NXV2
O14893,Q9BW27
Q92870,P20339
Q3SYG4,P62277
P23297,P10912
Q96Q42,Q99962
P61981,Q13490
Q12815,Q9BVP2
P51693,P68106
O60506,P19438
Q00577,Q15599
P35250,Q9UM54
Q16659,Q12996
Q9NUU7,P15170
P32927,O15145
Q13277,Q13618
Q9BPZ7,O43896
P78543,P55327
Q02078,Q14112
Q14643,O00762
Q9NQ25,P68032
Q02224,P36507
O15111,P18428
Q13291,Q9Y281
Q7Z589,Q6NUQ1
Q5RKV6,P12268
P22460,P55735
Q99819,Q13002
P61073,O60711
Q14790,P61962
O95944,P20042
P16112,Q9ULW0
Q14315,O75530
Q86XL3,O00712
P49257,Q8IUC6
P13056,P01275
Q06187,Q8NEM0
Q96ES7,Q8IXI2
P62487,P08833
Q9UH73,Q96IT1
P49450,Q14204
O60500,P32302
O60610,P51965
Q02543,Q8IXI2
Q9H8S9,Q8WXE9
Q9HAP6,Q08050
Q12933,Q9UJY5
P46939,Q99835
P39019,Q9Y2V3
Q8TD16,P0CG13
P53999,P30086
Q9Y6N9,Q9UL03
O43808,Q9BRQ0
P22087,Q8TB52
P22570,Q13011
P42345,O15265
P35611,Q9BQB6
Q92797,O43924
P32239,P49848
O95685,Q8TAA9
P55039,Q9UG01
Q96EV8,P85037
Q8IVI9,Q9ULV3
Q96RJ3,P53618
O15524,P42701
Q6PCD5,Q03167
Q9HA65,Q8WXH0
Q8WV41,Q15762
O00463,Q14498
O75144,P28072
Q15796,P49336
Q14160,Q9NZN3
Q13352,Q9BZK7
P50591,O43488
P98161,P42262
Q9H7Z6,Q9BYG5
O95460,Q9NP84
O00186,O95243
Q14106,O60609
P25942,Q06587
Q5SW79,Q86SQ0
P21796,Q9Y4J8
Q02413,Q9NR77
P78543,Q9BQF6
Q15306,Q9Y3U8
Q9NS91,P32239
P20719,Q13619
Q99496,P41220
O00244,P49910
Q9HBW0,P78357
P07332,P68871
O43734,Q14566
P09913,Q86TM6
Q13347,Q96QH2
O60504,Q9UQ35
Q9UHR5,Q9NZJ0
Q8WU90,P49257
Q99496,P24588
P35611,Q14681
P16070,Q96AX1
P19086,Q9NY93
Q14240,P19793
O95793,P02545
P23771,P04075
O75293,Q9NPB6
Q9HCU8,Q9Y5X3
P29376,P46776
Q92542,Q9NNX6
Q9BTP7,Q7Z7L7
Q9NZL6,Q9UKI2
Q93063,P25054
P20339,P78527
P09496,O95271
Q12947,Q9NQ29
P18583,Q8IXH7
Q8NDX5,Q9Y3A3
P46695,Q7Z460
Q92625,Q9BWU0
P08581,Q9HB89
Q96C03,Q96SD1
Q15003,Q92614
Q14814,Q5TD97
O95243,Q96T37
P62249,Q8WX92
Q9H444,Q15468
Q9Y2W1,Q96EQ8
P35226,O15287
Q8NCE0,Q01105
P43235,Q86WX3
Q6FIF0,Q5T7B8
Q9H444,P35244
P62829,P19022
P42261,P32942
P29466,P27361
Q16537,Q14582
Q9BRK5,O75525
Q14194,O75489
O00308,P42679
Q9UNP9,Q3ZCQ8
Q15762,O15357
P05120,Q9Y271
P50750,Q7Z6M2
O15259,Q13227
Q15366,P63165
P53355,Q8IVI9
P49910,P23025
P14210,O43156
P08574,P53350
Q9H9T3,Q13501
Q8WWW0,O75056
P00167,Q13469
O43390,Q8IVI9
Q14005,P05230
Q9UBF1,Q9H1R3
O00220,Q9H1D9
P53990,Q14919
O14836,P20700
O14862,Q9P0P0
Q5PRF9,Q8IYB3
P78352,Q16613
Q3SYG4,Q6QNY0
P05362,P55735
P51116,P12755
O95571,Q99576
Q15459,P36405
P55196,Q16851
Q9UBQ5,P09382
Q9HBW0,Q8WUF5
P17844,P02792
P26715,Q96JM7
Q9BXW4,Q13451
P01106,Q7L2J0
O95278,P63096
P01031,O75663
P26006,Q99567
Q6QNY1,Q7Z5K2
Q13769,O95257
Q9GZL7,P37840
P04264,Q07325
P36507,P23468
Q9H4L5,Q9P2D0
P17544,P06746
Q9H078,Q99835
Q96S44,Q9BVG8
P49368,Q96JH7
O00231,P24539
P02746,P20226
Q8IWV8,Q9NSC5
Q14444,Q8IVI9
P60709,O95257
O95235,Q13163
P02751,O60927
Q13574,Q00872
P23760,P25205
P55317,Q7Z3B3
Q7Z628,P02461
P61758,O95149
Q15051,P51809
Q03014,Q9Y262
P39060,Q13936
Q9NYF0,P61225
O60880,Q13952
O43665,P61604
P38919,P55199
O75529,P49238
P19022,P0C1Z6
Q15834,Q15406
Q8IVP5,Q13542
P09769,P57682
P33151,Q12913
O60256,O00141
Q8N488,Q9BZJ0
P01116,P05771
Q9BWU0,P63241
P13611,Q9NYB0
Q13503,Q7Z5K2
P62277,Q9HD47
P67809,O14579
Q9Y248,Q9UL46
Q8WUA4,O75934
Q7L591,Q99640
Q9Y6K9,Q96EK4
Q15465,Q8TEL6
O60884,P63241
Q09028,P08311
Q9UQ88,Q96DE5
Q13829,P05108
Q15672,Q9HC52
P18827,Q9Y345
P31150,O94906
Q92643,Q9Y219
Q99590,P78413
Q96GG9,P62273
P68106,Q9P2D0
Q6UXL0,Q9H788
Q8NBT2,Q8NDV7
Q9UH92,Q13838
Q13291,Q9Y4Y9
Q8IYD1,O95071
Q86T82,Q70IA6
Q15544,Q9NR55
P53803,P07942
O75554,Q3LFD5
Q5W0Q7,P05108
O43927,P35221
Q9H5V8,Q86YC2
Q9UM73,Q92966
P26641,Q6IBW4
Q9NZL6,P12755
Q9UJW0,P41143
P07332,P22307
P63211,Q9Y2M5
Q9UMX1,Q99727
Q99547,P10398
Q9BSU1,P35611
O14757,Q14289
P00488,P46934
P42684,Q9BUL8
P25054,Q12840
P85299,Q6PIJ6
Q53T94,Q9NW38
Q9BXL8,P39023
Q6NZ67,P51790
Q05086,P25705
Q14565,P43626
Q9UKN8,Q8IY57
P13747,Q9BWN1
Q9Y2K2,P06748
O95352,Q70EL2
Q9BU64,Q12933
Q9NWT6,P09668
Q9NSE2,P07947
Q9H081,P55010
P27348,Q92519
Q9UBN6,P11802
Q9NWA0,Q96FJ2
P56178,P10124
Q8TDN4,O15304
Q9H5I1,O95251
O75694,P40429
Q8WYL5,Q9UPY3
Q9UPY3,P14555
O00487,P17544
P52630,Q9UL63
P63279,Q15406
P24386,Q9NPI6
Q8IW19,P31949
P27824,O75717
Q5H9F3,P49591
Q86T82,Q15468
Q9NZL9,P31751
P14543,P35556
Q9NZV8,P22087
Q9Y219,Q99972
O15392,Q9GZN8
Q14155,P40222
Q9H6T3,Q8TAM2
Q9P2M1,Q9GZR2
P29353,P04234
P20700,Q6TFL4
Q9H8Y5,Q1KMD3
Q9Y6R0,Q9HCS7
Q99471,Q96F24
P05386,Q02241
P51946,Q702N8
P14324,O14796
P15090,P35557
Q86YP4,Q93008
Q6ZNE5,Q9UPY8
Q96J84,Q9UQE7
P30049,P02730
Q8IX07,P20594
O14727,Q14183
Q8NEM0,P62136
O75832,Q702N8
Q99640,P26368
Q9UKB1,O95249
Q9Y6I3,Q96J92
P46777,P16112
O14654,O95071
Q5SW96,Q7Z6M2
Q9UL62,Q92934
Q96I99,P98164
O14836,Q9Y3U8
Q9BXW4,P57775
P19022,Q9NS75
Q9P0R6,Q99640
P01127,Q32P44
P57740,Q7Z4S6
P50570,O15205
O00623,Q02363
Q9BV73,Q15746
P22674,Q9NWF9
Q9HAW0,Q96SB3
P35625,Q9NQT8
Q16526,Q8TDW5
P15407,P54829
Q14677,P35354
Q969H0,P35638
Q13291,Q9Y2S7
Q2NKJ3,Q6W2J9
P10721,Q15118
Q15843,P62736
P41002,Q9HAV0
Q15834,P05813
P07355,Q92754
O75694,P53992
P02730,P25205
Q5JTV8,P26368
Q13546,O43719
P49354,Q9Y5T5
Q15853,Q9UBP5
P20042,Q16526
P42229,Q9Y4D1
Q9NWT6,P61586
Q9NQU5,P16871
Q99966,Q14155
Q96CS3,Q8TD31
Q9BU64,Q92608
P04406,O95140
Q02363,Q9BUN8
P07333,Q9UL54
Q8N6M0,Q8WUH2
P39023,Q9UPY8
Q8IXI2,Q13087
Q9Y678,Q9Y4Z0
Q05397,Q07864
P17480,P43250
Q2QGD7,Q9BYG5
P04406,Q7Z417
P04792,Q13867
Q9BZI7,Q8TCJ0
O75586,Q96CS2
Q96EB6,Q92613
P40616,P18859
Q08209,Q9BPZ3
Q9Y2A7,Q19AV6
P61289,Q8NFT6
Q9H3Z4,Q7KZF4
Q15287,Q8IY31
P23769,O60232
P28336,O15511
O60664,Q8WX92
Q9BTW9,P15941
Q99759,Q9NQ55
P16389,Q13087
Q86UT5,Q9GZQ8
Q06413,P01584
Q9Y2Z9,Q9H9E3
O95714,Q8N9N5
O14745,O76041
O75146,Q99728
P31689,Q6UXN9
P20827,Q96HS1
Q9Y345,P49959
P17861,P19404
Q6ZNE5,P30988
Q12851,O15400
P31483,O00541
P16615,O75934
Q9UJX5,Q07666
P51532,P25787
P48059,P62491
Q99590,Q53TQ3
O95931,P28069
Q7Z406,Q9Y2W7
Q9H2S9,Q92542
O75312,Q4VCS5
O00241,P60033
Q96TC7,Q96B97
Q96J84,Q96EP0
P62070,Q969H4
P51610,Q13285
P40306,P63241
Q96JM2,Q9HBM1
P49639,Q9NQ55
Q96DX5,P05546
P09769,P05783
Q13356,Q16082
Q15648,Q99584
P83876,O95400
P56178,P42574
Q99570,O14770
O60763,P27695
O14787,P35900
P27824,O15533
P07949,Q96RJ3
Q969G2,Q06643
Q9Y294,P30499
P20333,Q86Y91
P27986,Q9Y3D8
Q8WV41,P52657
P20337,P01019
Q9H8S9,P25815
Q03001,Q8WXE9
Q07021,Q9Y6W3
P42226,O95336
P08922,Q9Y2Y1
P19793,Q9BQ52
Q8TDR0,P23945
P06307,P35858
Q9Y230,Q6P0N0
Q6UXN9,Q9UJV3
Q9BTW9,O75840
O95600,Q9BQF6
Q14141,P00742
O95571,Q8TF42
P16112,P18507
O95429,O94817
Q06828,P05787
Q14498,P19793
O00231,Q15744
P35398,Q9UBY0
Q9UPX8,P13987
O14965,Q96A56
P46734,P41240
O43865,Q9NUG6
P23396,Q13643
P18545,Q8IVI9
P42858,Q7Z412
Q86T24,Q9UPT9
O95155,Q15942
Q5JSH3,Q8TF42
Q8TEK3,Q9BXS5
Q6UWE0,P13688
Q9ULG1,Q15459
P42685,Q15109
Q14498,Q00597
P33032,P56645
P14859,Q99748
Q9UK53,Q13936
P78314,Q9NY12
P07900,P22460
P49450,P63241
Q8N3X1,Q9NPP4
P38646,P21333
Q92800,Q13478
Q9Y2U8,Q9NSC2
Q15843,P01583
P19419,Q16695
P51451,P04229
Q13888,Q9H2X3
Q9NZC7,Q96T58
Q92997,Q16288
P50613,Q8TDD1
Q96C24,P36941
O43815,Q92781
Q96NY7,Q9ULV3
P62258,Q16082
Q8IZJ1,O75506
Q9NWQ8,Q9HBZ2
Q53T94,Q9NX70
Q969P5,O43933
P26010,P57081
Q15022,P16070
P60763,Q14151
Q14160,Q16644
O60256,P57078
O43847,Q96RU3
Q9UBE0,P19447
Q9NRW7,Q71U36
Q08722,P55273
Q7L590,O75161
Q6ZN18,Q9BQF6
Q9UNE0,P16949
P50749,P78406
Q3KNV8,P10275
Q9H6D7,Q9NT62
P16070,Q9UQ88
P46734,Q9NWT6
Q9Y2Y1,Q96JM3
Q13478,O15344
Q9UBS5,P10124
P62140,Q71U36
O60921,P50990
P49789,Q9H8T0
Q9H0E7,Q14C86
Q9H422,P24385
Q9NXR8,Q8N5C8
Q9H5V7,P37840
P0C1Z6,O00628
P19388,P43320
Q99966,Q15942
Q99590,Q8NHW3
Q99816,Q8NEU8
O43913,Q15327
P61604,P32004
P05112,Q16478
Q99814,Q99698
P43403,Q5D1E8
P60880,O43186
Q9NVR7,Q13233
Q9H446,Q9Y2W7
Q8NCE0,P19387
P07949,Q14739
O75081,Q9NQZ3
Q9UJW9,Q03135
P14653,Q03431
Q8N3U4,Q99497
O60826,Q9H251
Q9UKT9,P14625
P55085,P60510
O75533,Q9UKK6
O75330,O75688
P49407,O14867
P47804,P50616
P35222,Q9H4B6
P50748,P36873
Q9Y5U5,Q9H078
Q96EQ8,Q9BWW4
Q15528,Q14152
Q00577,Q14183
Q92887,P45379
O00329,O43513
Q8N9M5,P08247
Q9NQB0,P22692
Q96EU7,P10589
Q9UQQ2,Q7Z4I7
Q08945,P07992
P08908,Q9GZL7
Q9P2J5,Q8NFD5
O15553,Q969G3
P43005,P06396
P49917,Q9UQE7
Q8N684,P18615
P10124,Q16851
O75832,Q7LBR1
P11474,Q13619
P61604,Q15466
O15212,P17655
Q9H8T0,Q9Y6A5
P04899,Q7LG56
P18564,P35557
Q9NRG0,P42773
O95544,Q96II8
O60664,Q16478
Q14155,P68431
Q9H2X0,Q13352
P02743,Q8WXX7
P13725,Q9UPY3
P07858,P25788
Q14814,Q8IY31
P27540,Q6P1N0
O75477,Q13427
Q6ZN18,P30153
P31785,Q06481
P51965,Q9UI14
P48443,Q9UPT5
O60934,O15055
Q9UKW4,O75943
Q8IVP5,O94888
P15407,Q9UL62
O75582,Q9UMW8
Q9Y215,Q07890
Q16613,Q9Y4C1
Q08334,Q9BZK7
P09603,Q15528
P43246,P61758
Q7Z406,Q9H816
P08908,Q9Y508
Q9Y5J9,O60609
Q14790,Q9UGM3
Q9H840,Q9UPX8
P61586,P41143
Q5D1E8,P49721
Q16825,Q13432
P78371,Q9UPS6
O75446,P61020
P19532,P09884
Q05193,Q02388
P13725,O95714
Q9NY33,O95210
P49796,O00626
O60239,Q9H221
Q9BWN1,Q8IYF3
Q96PU5,Q9Y3B2
Q92564,P05452
Q9NY61,Q03181
Q9Y2W2,Q9P2G9
O43927,Q16656
Q99873,Q14145
Q9UP52,O60832
Q9H0U4,O75717
Q13671,Q6ZRS2
Q02241,Q9H5V8
Q14749,O15020
Q14677,Q6P1N0
P36873,Q8IXQ6
Q9Y253,Q15406
P20337,P16109
Q99731,Q14957
Q13470,Q9BSJ2
Q9Y210,P40227
Q96SZ6,P38432
P06400,P02741
P49915,Q9BUQ8
Q8N8S7,P01732
P43119,Q9Y5K5
Q12874,Q9UNM6
P83876,Q8IYJ3
O95433,O14867
Q13625,A0JLT2
Q9P287,Q15744
Q14240,Q99871
Q13263,Q9NR33
Q02790,P43320
Q9NZL6,P09661
Q93062,Q8NB16
P42336,Q9Y2Y1
Q8IYF3,Q9UGK8
Q92614,O95273
Q06187,P12757
P24385,O43293
P61956,P48553
Q8WUF5,Q9UMX1
Q12851,P62875
P47755,P07550
Q13472,Q9NVD7
P08069,P02647
O43889,P21810
Q5XUX1,O75956
Q99590,Q16526
Q6FIF0,Q9H0Y0
Q16602,Q92530
O43745,Q5VTL8
O14795,P49761
P59780,P62140
Q76L83,O43896
Q9UBU7,P26599
Q9H078,Q8WVM8
P28715,Q9H832
Q9H2D6,O14492
Q96S52,Q15075
Q09028,Q9H6D7
Q9NV92,P02760
O75928,P21817
P20585,O43307
Q9BSI4,P49761
Q6N021,O14576
P08047,O94992
Q15020,Q5T7B8
Q9GZR2,O43896
Q92904,Q9NZD8
Q14116,Q7L523
Q92934,O95071
P46934,P32942
Q9H0W5,Q92585
Q2T9J0,Q96SU4
Q01344,P01133
Q96B01,P32239
Q96F44,Q13761
O15371,P16949
Q14512,Q14204
P62508,Q9NQP4
Q8TDW5,Q05516
Q13867,Q15361
Q9Y4I1,P52790
Q9Y2T3,O15519
Q8TE68,O00541
P07814,A7MCY6
Q9H2X3,P21583
Q8IYF3,O14594
Q04637,O14730
Q9UBU8,O95163
O75368,P51532
O00329,Q9HB21
Q9GZU2,Q15723
Q9Y6M7,P14635
O60664,P62072
P29992,Q8TCJ0
Q86YV9,Q09470
P60228,Q8N4P2
P16104,O75489
Q9P0U3,Q9Y248
Q969P5,P12980
P55039,Q9Y210
Q6IPU0,Q13131
O43602,A9UHW6
P20138,O75478
Q8NAV1,P00374
Q16531,O15304
P61225,P56159
Q9UFG5,P10071
Q8N122,Q70CQ1
Q9NZC7,Q9UKT4
Q2T9J0,P13987
Q9NY33,P03973
O95677,Q9UKP3
Q8N5V2,P21926
P51610,Q9UJW3
Q9NZN4,O95704
Q9UI47,Q8N3V7
Q93038,P53350
Q7Z6M1,P52435
Q8IZJ1,Q96BY2
P11473,P78406
O95232,O43852
Q8N5C8,Q9Y4Y9
Q9H0W8,P18846
O75146,Q66PJ3
Q9P246,P39905
P62310,Q9NY12
Q16586,Q99759
Q9HCN4,Q9Y5P8
Q9UK73,O14579
Q9NQ25,Q14566
Q9BQG0,Q92777
P22314,Q9H9Q2
P11362,Q9P2W3
Q9HC98,Q15427
O43583,P61163
Q9Y620,P30101
Q16890,Q8TBB1
Q96QK1,O75694
Q04771,P25789
P31629,P34998
P29371,P23945
P28562,Q9UN37
O75410,P20290
P04183,Q92608
Q9NRL2,P51636
O14544,Q8NFH8
Q13576,P49760
P10301,Q96C24
Q9UGJ1,Q8N1E6
P08151,P26715
P26599,P04085
Q5T124,Q8WVC0
P49757,Q8WVM8
P29371,Q86SQ0
P58753,Q5VT25
P24394,P61626
P15923,P15170
Q9UQN3,P18564
P61923,Q8N5V2
Q8WTR2,O15027
P49639,Q14318
Q8N122,Q13509
Q14393,Q05682
Q9UPW8,P13987
P05112,Q07890
P26045,P05109
Q99627,O14641
P05107,Q7Z434
P61923,Q12830
P00374,P23468
P00488,Q8IWY9
Q9P104,P15260
Q96PU5,O60762
Q15109,Q9Y5P8
Q9H8Y5,Q7Z494
Q8NBP7,Q9NPG3
Q96RK4,Q00526
P12931,Q9BX63
P40238,Q14152
O95232,Q9NV44
P45985,Q8TEW0
P07954,P02538
Q13554,P25685
Q13042,O75056
Q9BVW5,O00716
Q9UL25,Q13588
P19086,O15111
Q14677,Q9H2X0
P21980,Q0VDD7
Q05193,O75150
Q9HAJ7,P00742
Q9UGJ1,O60832
Q16513,Q15021
P49716,Q14657
Q7L5D6,Q8N5F7
O15553,Q9H257
Q16644,P62328
P48551,P09668
P28799,Q12841
P48059,P52434
P22223,P62244
Q9BXB1,O95817
Q5VWG9,Q9NR50
O14983,Q14203
O43396,P16949
Q9HAW0,P30988
Q9UKC9,O00585
P05362,P15172
Q9NQ66,O14770
Q99683,Q86YR5
Q12788,P51668
P04275,P46531
O43747,Q9Y3C7
P13501,O43313
Q99743,Q05682
Q9BS18,Q58A45
P46108,Q5XPI4
P61626,Q9H0N5
Q9C005,P25787
Q02156,Q9UQB8
P69905,Q8N3Y1
Q9P2R6,Q6ZTQ3
Q9UPT9,P32239
P08922,Q9NWA0
Q9NTG7,Q15046
P18031,Q53EL6
Q9Y4G8,Q9H4I2
Q9H444,P61604
Q9BQ15,O14654
Q9NRL2,P32246
O00472,Q9ULV0
Q8WYH8,Q9UMZ2
Q9H765,Q13277
O60603,P25800
P14770,P16278
Q4G0J3,Q9UBU7
P0DI81,Q9Y2T3
O43395,Q9UPY3
Q76L83,P19174
Q9Y239,Q8N6P7
Q9NRY2,Q9UL03
Q13387,Q13487
Q7Z3Z4,Q14451
Q92835,P26599
P17936,O95297
P51398,P53350
Q96L91,Q9Y4K3
Q15369,Q9Y2K6
P07814,Q15427
Q9UPN3,Q13901
O43516,Q09470
Q7L5D6,P55316
P12270,P35658
O60568,O43390
Q9UIQ6,Q09019
Q9GZQ4,P15153
Q92781,P11277
Q8IVP5,Q13352
P08238,Q9Y6K9
O94842,Q8TAM2
Q9H5I1,P51957
P19474,O60296
Q92574,Q99497
P43356,Q6ZSG1
P17181,Q9UBY9
O14958,P50553
Q96A47,Q96DX5
Q96RK4,P61587
P06307,P08514
Q96E14,A0JLT2
O43592,O15066
P02746,Q9NQC7
Q4G0F5,Q9BW11
O75717,O95243
Q8TAF3,P43489
P49639,P46776
P29992,O43396
O60285,O60609
O75061,O95336
P78362,Q92838
P19544,Q15691
Q9C0C7,Q9Y6D6
P32245,O75970
P16070,P50990
P09769,P07315
Q8N684,P78318
P10644,Q9NZW5
Q99689,P46019
P25063,Q92667
P24864,Q5MJ70
P60228,P02708
P14416,P50616
Q99819,Q8TAC2
P04083,Q9UNH7
P19388,Q9BX63
Q02241,P14625
Q99502,Q9NPD3
O14746,Q9UHF0
Q9UHQ4,O75190
Q9H221,P15692
P04070,Q9UBF2
P61764,O95373
Q96MW5,P30520
Q13402,Q9Y2K6
Q13769,Q96J92
Q8WYA1,Q14566
Q96HE7,O14757
Q86YS3,P0C0S5
P51681,P35568
O15061,Q96CS4
P78345,P52907
O15533,Q96HR8
O43313,P37840
Q9UK41,P04150
Q9UBF8,Q8N5R6
Q9UKW4,Q8NHL6
O43747,P52435
P30511,O15516
Q9NRL2,P12272
P43005,Q9P2F5
Q96EK4,P10646
Q6NYC1,Q96EZ8
Q06418,P63215
Q9Y3E7,Q8IZQ1
Q14674,Q8WXE9
Q14691,Q14974
Q05086,P22736
P62633,P38646
P19883,Q9BY84
Q96S44,P05156
Q8WVC0,Q8WXX7
Q15542,P24588
Q8TBB1,Q9H147
P15923,Q9UNM6
P33681,Q7Z589
Q02487,Q14194
Q9UJX3,O75477
Q9HBM6,Q14990
Q8NI35,P15976
P27037,O60583
P50748,P35236
P10721,Q96D46
Q96E14,Q9NR33
Q99081,Q8IZJ1
P08047,P07998
Q13563,Q5QJE6
P61077,Q9Y264
O43665,P10275
Q9H4M3,Q9P2R6
Q9Y6M7,Q9P209
Q9Y5K6,O75170
P62312,Q14241
P20719,Q03181
P15170,P28062
O94973,Q86SQ0
Q7L5D6,Q13404
P41238,Q96J92
O60583,Q5T1R4
Q96EV8,Q15428
Q9UKL3,P42680
Q9HB89,P50995
Q33E94,Q9NR50
P31689,Q9P287
P20042,Q9HC52
P01133,Q9Y6A5
Q14168,P23769
P48551,Q9Y2Z4
O43566,O60678
Q03188,P20290
O75940,Q9NQT8
P61956,Q07912
P60520,P17661
P22736,Q53EL6
Q15696,O15116
P78356,O75061
P05412,P04070
Q9NY61,P30626
P60660,Q9BXH1
Q70CQ1,Q12802
Q16629,Q96L73
Q9Y2X0,O76075
Q96RU2,Q8IY57
Q99958,O95405
P09914,O00762
O15457,Q15506
Q86YP4,Q96CS3
Q16665,Q96CW5
Q92800,P24522
Q9UMX0,O43583
Q16656,Q13541
Q07890,Q8TDX7
Q8TEY7,P09486
P16591,Q96C24
Q9H4M9,O15066
O75909,P53567
Q96PB7,Q8IYJ3
Q8NAV1,P10109
Q9H9H4,O43251
Q8WXX7,Q05639
Q9Y6I3,Q96DX5
Q12851,P24539
P43358,P62244
Q76L83,P48553
Q9GZY0,P20339
Q5T4W7,Q9ULV0
Q92620,O76003
Q9H0E9,P55317
Q9Y4G8,Q13951
Q92754,Q9NPC6
P21675,Q9UPN7
Q7Z7C8,P26599
P01112,Q9H4L4
P41146,Q8TDW5
P01112,Q9GZT8
Q13705,Q14974
Q9NXR8,Q71DI3
Q9UBS0,P25189
P02730,P62993
Q9Y228,Q8WXA9
P18827,Q9UL46
P49327,O00762
O00512,P41217
P22087,Q96JM3
Q13131,P49815
P48059,P27658
P05120,Q8WW01
Q9UNS1,O95257
P63279,P13598
P04234,Q06265
P13726,Q9H469
Q9NP66,P50148
P47755,Q19AV6
Q9UL33,Q9UIG0
Q9UHP3,P20618
Q99665,Q00872
Q9BTV7,Q99996
Q9C0C7,P51948
Q96T23,Q8NB91
P49354,O75056
Q96PF2,Q6FI81
Q04917,Q15466
Q8IZJ1,O95425
Q99612,Q08AG7
Q99748,P04637
Q9Y5N6,Q9H081
Q9P0L2,Q99459
P08700,Q15375
Q16795,Q9Y262
Q96CS3,Q9UM54
Q5VZM2,Q86VP6
Q05209,P51911
P46934,P32971
Q13705,O75056
P14784,Q9HBM1
Q9BQ15,Q8WXE9
Q92673,P16389
Q13107,Q9UPT5
Q04917,Q96SN8
Q9NR46,Q16849
O95644,O95400
P41220,Q9H832
Q99615,Q9NWF9
P60842,P16389
P31689,Q9UBF6
O75800,P31949
O60683,Q9Y376
Q9BSB4,Q9UIF7
Q86VS8,Q15744
Q08881,P62942
O00585,P08311
Q9Y5B0,P24278
P62995,Q8NCQ7
O15371,P49459
Q9Y2U5,Q96JM3
P07858,Q96PK6
Q8N3I7,Q15723
Q13356,Q92934
Q9BVC4,Q8N1I0
Q13951,O43156
Q15119,Q13185
P02760,P15924
O15265,P35612
O43665,Q15759
Q15003,Q16531
P13611,O43681
Q32MZ4,Q02388
Q15834,Q8TAF3
Q5TKA1,Q9P0P0
P42684,Q9Y6R0
O60729,P48556
P46777,P26715
Q00403,P46379
P08922,P15976
Q9Y620,Q96KJ9
Q86T82,Q96HS1
Q9UBD5,O15392
O75676,P18850
Q96LC9,Q96SD1
Q33E94,Q9UKA2
O95644,O75477
Q96EY7,O43156
O75865,Q05639
O43639,O60237
P61289,P05787
P07332,Q14242
O75146,Q13546
Q96QK1,Q8WYA1
P46734,P05156
Q96B01,P56817
Q9H4H8,Q9Y3M2
P78371,Q7Z5K2
P34897,P15153
P49792,P62633
P35250,Q9H161
Q9Y5B8,Q15208
Q8TAD8,P02747
O95628,P07814
Q12789,P35858
Q9NPY3,Q9UKJ3
O14599,Q8IWZ6
Q9NPI6,P83436
P17181,Q9Y6E0
P09681,Q9UKI2
O75943,Q9UK58
Q9H7Z6,P25685
O94966,Q9UL33
P02746,Q9BQ95
Q6S5L8,P48730
P68543,Q9H0K1
P10451,Q9P2Y5
P19387,P21810
P22695,Q9Y3Y4
Q9Y4K4,Q9UH77
P35250,Q8WUI4
P31629,Q9H6Z4
Q99523,P53350
O60884,P13224
Q9UKV8,P14778
Q8IVH8,Q07890
P19474,Q8IUQ4
Q9UH73,P06401
O00628,Q96I34
Q15834,P49354
P43403,Q9NR80
O75293,P32004
P02647,Q99873
O60506,Q09019
Q96SN8,Q07820
P35613,Q9Y3L3
Q9UBU7,P52435
Q12923,P08559
Q99741,Q13444
P12270,Q86VP6
O95278,Q96B67
Q7L3B6,Q9UJX5
O60610,Q9NQC1
Q5JQC9,Q15562
O95677,Q29RF7
Q53TQ3,O75494
P06401,Q14296
Q9UKF6,P49815
Q16548,Q9BWW4
P57739,Q6P1N0
P16871,Q9NR50
Q6P2E9,P01137
Q8IX07,Q5S007
Q9UJC3,P10809
P51571,Q9UKT7
Q2T9J0,P17861
Q9P2M7,Q9NVK5
P52701,O00762
P08631,P50553
Q13444,Q8IYD8
Q7L804,O95210
Q6VMQ6,Q8TAP6
P43246,P15498
P51888,Q86UT5
Q6P2Q9,Q9ULW0
O15287,Q13332
O95190,P41236
Q9H4M3,Q9UGI9
Q99759,Q96PF2
P09086,P51790
P33681,Q9UGI8
O75604,Q99519
Q13151,Q5JY77
Q96S52,Q9HAJ7
Q7Z6J0,Q9Y4A5
Q8TAM2,P50213
Q9NR77,Q8N3R9
Q01860,P09429
P25391,Q14938
Q13888,P41217
Q96RK0,Q14451
P16615,Q96DE5
Q9Y2Y0,O15066
P29371,Q8TF05
P00167,O00189
Q9H2X0,Q9Y5N6
Q9UBE0,P61006
P04150,P11171
Q12933,P01730
Q15172,P20337
Q9P246,P30876
O94927,O60678
P52655,Q7Z7L7
Q96RN5,P11926
Q96AY2,Q13227
Q9UPW8,Q8IUC6
Q9UK45,Q14681
Q99496,Q96IY4
Q07912,Q8WXX7
P63000,Q9Y3R0
Q99567,P18428
Q9BV73,Q9NVD7
P35250,P19883
Q9H204,P34932
Q9NYJ8,Q7Z7L7
P62191,Q15323
O75563,Q9NPJ8
O95630,P51172
P06734,Q9NW08
P23510,Q9Y2K6
P06753,P50281
Q8N3Y1,Q02388
Q8WVY7,P61968
Q8TEC5,P60763
P51532,O43427
Q8IUH5,O00273
Q06643,Q8TEB1
O60826,Q969P5
Q96CD0,P62834
O14613,Q92889
P05120,Q8N729
Q9Y4K4,Q9Y6F1
Q68CP9,Q8NHL6
Q96CS2,Q9NQ29
Q9NWT6,Q96KQ4
Q9C086,P04628
Q86VP1,P22570
Q8WUM0,P26885
P21583,Q4VX76
O60481,Q8N3R9
Q8TAA9,P28161
O14745,O94817
O75363,Q8NCQ7
Q15554,Q01844
Q9UHL9,Q9UIF7
Q9HAP2,P38484
Q13563,Q9Y6D6
Q9H840,P49458
Q96CS4,P21675
P23921,Q8NFH8
Q6QNY0,Q13233
Q969G2,P18433
Q06413,Q14114
P46940,O60921
Q9P2J5,P59768
Q6ZU15,P04066
P61077,Q9Y4B4
P01563,O15151
Q99933,Q86SZ2
P42680,Q9BUN8
P21127,Q9UHN1
Q8WYH8,O00255
P43119,Q6W2J9
Q9H221,Q9NNW7
Q9UNE2,Q70IA6
Q9HAQ2,O95343
Q9HBI0,Q9UMX0
Q5T5C0,Q9HAW4
Q9UJX5,P05129
Q9Y6W5,Q9NQ94
Q7Z4H7,Q93008
O43734,P42025
Q9NPP4,Q6P1N0
Q08999,P08574
P51812,O43184
Q9BWN1,Q9Y230
Q99569,P35998
Q9NV92,Q13002
O15212,Q13094
Q9Y3C8,P35568
O15211,Q15388
Q14683,P08476
Q15406,P45880
Q99418,Q96D31
Q9UNA4,P18621
P36404,Q9UL33
Q8N3U4,Q71F23
O95235,Q9UKV8
Q01892,P14778
Q13232,P09493
Q8IZD4,O43847
Q96L92,P81133
P68104,P05121
P42263,O14948
Q5T1C6,P02741
Q13625,Q58A45
Q9UJV3,O15085
P07996,P61006
P38432,P55196
Q9UI08,Q6NYC1
Q9Y570,Q9UMW8
P62263,Q5VTB9
O43187,O60296
P02765,P56645
Q15532,Q99519
Q9Y5R8,O00141
P61925,Q15327
Q9NS00,Q7Z494
Q9Y3C4,Q5T7V8
O60504,Q9NW38
Q8IY92,Q9BXL8
P42336,Q2M2I8
P83916,P18564
Q99640,Q9UM73
Q13416,Q9NZU7
Q9BRT9,Q6NZY7
Q8IXI2,P06756
Q5VWQ8,P09382
P18847,Q86U42
Q13233,P27361
P27986,P49754
P35555,P05108
Q96KP1,P21796
Q8N2W9,Q9H2X6
Q8IZJ6,Q9Y2D1
Q9BVP2,P12814
Q5JQC9,Q6IAA8
P40692,O95997
Q96DI7,Q9NYA1
O60356,Q13107
P18146,O60231
Q5VWX1,O14727
P52306,P42773
Q9H2B2,O95402
Q86YV9,P10275
Q9BS18,P17600
P20749,Q8TAM1
P13639,P14373
Q7LG56,Q15506
Q99958,P57682
Q8ND04,Q7L3B6
Q7Z434,P19793
Q9UMD9,Q9H4B6
P84996,O14948
Q04864,P68431
Q9Y5Q3,P34998
P25815,P62328
P20749,Q6IAA8
O95944,Q9BSV6
Q9BY84,Q03519
P02671,P19174
Q6ZU15,P26640
Q9NYY3,P22307
P35998,Q05682
Q92800,Q99598
P35244,Q15154
Q9UBL3,Q9H8S9
P14678,P62491
Q14739,Q8TAP6
P05412,Q9BRB3
Q14494,Q8WYJ6
O95198,O95714
Q5VWQ8,Q8WVY7
O60884,P14373
O60437,Q9GZT9
O95390,Q12778
P08235,Q9UBY9
Q8N4C6,P35637
P35611,Q70CQ1
P62280,Q9BY67
P22674,P25942
Q6NZY4,P43250
P10275,O60830
P19532,P39748
Q99469,P20618
P36956,Q8NEM2
O15457,P48061
P78395,Q12846
Q03519,Q8N6P7
O75147,Q96E14
P15018,Q15118
P08758,Q04721
P53355,Q92558
O14599,Q9P2W9
P08047,P23327
O60481,Q92636
P49757,P15813
P18084,Q9NQ94
Q7Z406,Q8WUI4
Q9NRW7,Q96IF1
P52735,Q9UBY9
Q13625,P48509
Q15834,O75326
Q9Y5J7,P17661
Q9NVC6,Q86WV1
Q96A47,Q70CQ1
Q14789,Q6ZRS2
P22674,P15941
P11802,P62834
Q9NQ94,Q9P2K3
O43353,P50453
Q00839,Q9P2G9
Q9UI12,P62736
Q00534,Q96IV0
P06576,Q9UKS6
Q9H0F6,P08151
Q9UBU7,Q7Z4I7
Q6ZRS2,Q71U36
P48506,P11277
P54253,Q9NRD0
Q15915,Q7Z4S6
Q16656,Q16828
P05107,O95400
Q9Y6R0,O95271
P61158,P10827
Q92542,Q86SE9
O75529,Q86T24
P50990,O14511
O94921,Q68EM7
P51965,O95613
P35244,O75947
P55209,Q9H257
O60645,P23921
P19022,P43119
Q14397,P51684
Q9H204,P51790
Q15375,Q9NPC6
Q9P2J5,P23142
O75056,P20807
P10071,Q9BWU0
Q14241,P15260
Q9NX70,Q96SN8
Q9Y6I3,Q02224
Q969Z4,O43707
O43680,Q13164
P50613,Q14203
Q14209,Q9UBP5
O43566,Q8N5I2
P78357,P30153
Q15834,Q9P2R6
O43516,P11684
Q9ULH1,Q9HCG8
P38646,Q9UPN7
P63000,Q9Y281
Q16623,Q9HBE1
P78356,Q9UQN3
Q96BD8,Q9Y3C8
P29084,Q96AX1
Q9H668,Q9ULZ2
Q96EI5,P49848
Q9UM07,P21580
Q6P2E9,P15498
Q13319,Q9GZM8
Q9Y6X2,Q14112
Q8TEC5,Q15819
P54132,Q9BUL9
Q02543,Q9UHB4
P78371,P35637
P31152,Q13936
P78543,Q9NY27
Q05048,Q8TAP6
P61457,P50553
Q9NPH3,Q99523
O75460,Q9Y2M5
P07288,P21926
Q9NX47,P19174
Q9H267,Q9BWW4
P62714,Q9HBI0
O14713,Q8IUQ4
P50553,Q05639
Q01974,P25774
Q9C086,Q9UBN4
P18621,O60678
Q9UQ84,Q05066
O60763,P29459
Q9Y375,Q14526
P55089,P30203
Q9Y5B0,Q9BSL1
P50748,P48382
O95460,P01019
P49427,O00541
Q96P71,Q96PU8
Q9UK45,Q86SQ9
P21333,O15085
Q9C0C2,Q99942
P16591,Q14565
P61626,Q8WX92
Q9NP64,P01732
Q8IWI9,P20810
Q53GS9,Q9Y248
P56279,P54725
Q9GZS1,P25103
Q9BVC4,Q13190
Q86T82,P14625
P01116,Q9H7Z6
Q96IY4,Q9BUL8
Q9NRG0,P30679
Q04771,Q13155
P43629,Q9UH92
Q14103,O14576
Q96HR8,O76041
O60884,O75531
P20783,Q9Y6E0
P35658,P62316
Q9NWB6,P53992
P18545,Q99459
P11473,Q9Y2V3
Q13319,O60826
Q9Y5K6,Q9GZU2
Q15262,P35354
O60763,P00750
P33240,Q99961
Q96AJ9,Q96B02
P10275,Q9P287
P61326,P62906
P01857,Q96RU3
P23467,P62491
O00487,Q13029
Q9H334,P30460
Q9HAJ7,Q04721
Q99741,Q9Y5X1
P51571,Q9H0N5
Q13557,P42263
Q9BTP7,Q92781
Q96BD8,P10275
Q6EEV6,O00141
Q9UQK1,P28907
P42685,Q9P0U4
O43255,Q86X83
O60262,Q9UNN8
Q9UBE8,O43292
P37287,Q96A47
Q02763,O43914
P13631,Q9GZU2
Q8IVP5,O96017
Q9NY12,Q9BUN8
O94915,Q9HBZ2
P62277,P27448
Q9UK45,P30679
P05362,P52799
Q9BUE0,P52434
Q8WX93,P02760
P30086,P62913
Q8IZD9,Q9ULB1
O00463,Q13153
Q9NYG5,Q14183
P22415,P61952
Q9UBY9,P53992
Q99665,Q9Y271
O60832,Q02388
P21506,O14901
Q02535,Q9Y4Z0
Q13523,O15304
Q9BV73,Q13332
Q01201,P45880
Q14318,Q6FI81
P35250,Q16828
Q12841,P60903
P48378,Q9H816
Q96HS1,Q9GZT9
O00305,P05230
Q8WXA9,P55327
Q9Y2Z9,P28074
Q14990,Q9HCN6
Q9Y2U5,P53992
P68431,P01308
O43602,Q15466
P51965,O75506
P62312,Q9NZL4
P08047,O95977
P36896,O43242
Q9NPB6,P46019
O43680,Q9NY33
P00505,Q14118
Q9NYF8,P15822
O75962,Q9H1I8
Q9NQU5,P01303
O15211,Q14112
Q04206,Q92793
P04049,P42261
P14780,Q96Q27
P15056,Q03111
Q8TDB6,O95944
Q9H765,Q9UNS2
Q03519,P18428
P08235,Q15942
Q9Y2J0,O15519
O43439,Q9UK41
Q9BPX3,Q00534
P61163,Q9H816
O43379,Q9Y6J9
P08754,Q7Z6Z7
P53985,Q9GZM8
Q9H446,O94889
Q9BUL8,Q9UHD2
Q9UL03,Q8TDN4
P61981,O75143
P49368,Q9Y3T9
Q01130,O95835
Q01718,O95967
Q9H221,P49959
P31150,P62834
P21675,Q9UNN5
Q8TAC2,Q9NPP4
P11216,Q9BXC9
Q9BYH8,Q9NP85
Q9Y6Q9,Q9NPD8
P01241,Q6S5L8
P41161,Q70CQ1
Q13470,Q12888
O95229,Q9BPZ3
Q06124,Q01167
P26045,Q12948
P11473,Q9UNE7
Q15262,Q08043
Q02930,P55060
Q99967,Q96B36
Q7Z406,Q8NF91
P01100,Q14145
Q8WXF1,Q9Y4J8
Q9HBI1,O00303
Q6P2Q9,O14950
Q8IX07,Q92796
Q8TD46,P42261
Q9UBQ0,Q9P2N7
P11388,O60481
Q7Z419,P22460
Q8IZH2,P43699
Q12874,Q9BWW4
Q13232,P62633
Q9Y3E7,Q96PU5
Q99748,Q02548
Q8IY57,Q96SW2
P46108,P09429
P61604,Q86UP2
Q13642,P55196
P82979,Q9UNY4
P29371,Q92542
Q9H0R8,O14593
Q14397,Q8NI36
Q9Y219,P07196
Q5SW79,Q9Y478
P32245,Q13402
O95232,Q9Y6R0
Q9UBF2,O95336
Q9NVD7,Q86VP6
Q86VX2,Q93052
P30542,P54577
O00757,Q86UT5
Q9HD36,P12272
Q9Y4D1,P26373
Q9BQ95,O15066
Q9NPP4,Q9H1D9
O60896,Q19AV6
Q99081,Q9H6U6
Q9Y3M2,Q96D31
P55089,Q8IX90
O15020,Q8N1E6
O43896,Q8TAP6
P13671,Q92993
Q9NVR7,Q53EL6
P06307,Q6ICG6
Q9Y3E2,Q96RU3
Q9H7L9,P47874
Q9BU61,P85298
Q01543,Q9NRY2
P18084,Q9HCE7
Q9NPF5,Q8NHG7
Q9Y2X3,P50151
Q01344,Q92886
Q7L014,Q12874
Q9UI14,P32971
Q15388,Q14814
O15392,Q7Z6G3
Q7Z6A9,O15031
Q9NWF9,P14543
Q14643,Q6R327
Q8IZJ1,O14893
P17152,Q6W2J9
Q9HD47,P20701
O75446,O00220
Q9GZX5,Q5TCZ1
Q8N5V2,Q9BSV6
P61981,Q13505
Q7LBR1,P19419
Q8WV24,O60716
P06401,Q9Y3Q8
P15923,Q96G21
Q9Y4K4,P01583
O60840,O43294
Q01826,Q9UGJ1
P35611,Q9UJX3
Q9UBC3,Q9Y5X4
P11712,P15880
A8K0Z3,Q92830
Q01543,Q9H9H4
P31483,Q15796
P68871,P23469
O00305,P20618
Q15303,Q13155
P45983,Q92797
P78395,Q8TF40
Q969G2,Q9NZN3
Q16650,P68871
Q6P2E9,Q96AY2
Q9H0A8,P55327
P10114,Q9Y2W1
Q7Z628,Q13740
Q8WU90,Q92530
P52435,P33993
P11912,P52701
Q8TDY2,P06748
O43543,Q92844
P62280,O94927
P36896,Q5TCZ1
P53611,P29474
P15813,Q13287
P26640,P04150
Q9BWC9,Q8TAP6
Q13107,P31942
Q13546,O76021
Q99590,Q9UQB8
P08949,Q8WWL7
P09603,Q9Y6N7
Q05209,P50281
Q03167,Q16611
O75604,Q9BXS5
P38484,Q9P0K7
O75147,P30876
P11912,Q9Y4K4
P19838,Q9H147
Q9P2B2,Q96QF0
Q7L8J4,P17252
P61326,P04229
Q6ZN18,O94782
Q5JQC9,P06493
O95999,Q9UHV2
Q99469,P35900
Q9BQ15,P15408
Q8NC51,Q5T1R4
Q02363,Q9UJV3
P57081,P83916
P61225,Q13131
P19320,Q9BZK7
Q15051,Q12834
P62993,P51149
P09629,Q8WXH0
Q8IZQ1,Q9NPJ8
Q9H4M9,Q93008
P25786,Q02413
Q9NS23,P10071
Q5JY77,P15498
Q6IQ32,Q66GS9
Q9NQ48,Q8NFH3
Q9HAU4,Q15365
O75575,Q0VG06
Q66GS9,Q08AG7
Q8NHZ8,P10071
P27037,P02788
Q14764,O15524
Q99075,Q9H553
Q8IVP5,O15055
Q99759,Q14686
P04141,Q9BQE4
Q15120,Q9ULV0
P45983,P50148
Q92974,Q6PJG6
P47813,P23469
Q8NG27,P18054
P07093,Q06413
Q9Y5Q3,Q9UK58
Q96EY7,Q71U36
Q9UBS0,Q00526
Q13951,Q12840
P50148,Q09019
P04075,Q14562
Q15022,P60763
O95487,Q9HAJ7
P17544,Q9UKK6
Q14657,Q15468
Q9UQ26,Q13557
P16435,Q7RTV0
Q86YS3,P07992
Q8TD46,P11684
P40222,P24723
Q8NG27,P36897
Q96C24,Q9UNP9
Q9UPZ3,Q9UK73
P04083,P43627
Q15834,Q71U36
P60880,Q92945
Q6NWY9,Q03014
Q9UBL3,Q53HV7
O75689,O00585
Q9P2W3,P19404
Q96J92,P25189
P10721,P51610
Q99612,Q6ICG6
O95376,Q13501
Q96MF7,P12235
Q16394,P31152
P52701,P33993
P01111,Q96NE9
Q8IY57,Q12860
Q96FZ7,Q8N5R6
P78543,Q99972
Q12852,Q8IVI9
Q9GZQ8,Q14151
Q6VY07,P23327
Q02413,Q08722
Q06587,Q9UNN8
Q9UNN8,Q9H0E9
O15399,Q9UHV2
P15374,Q92917
Q96EK4,Q12873
O14983,O75928
O60231,Q9GZM8
P53365,O94813
O75147,Q6N043
P54132,Q8NB16
O43920,P07992
Q8N3U4,P26371
Q7L8J4,Q8NB12
P42684,Q8IVH8
Q14185,Q9H9A7
O95639,P49848
Q86VN1,Q9GZX6
Q9NRW7,P30679
Q8N3Y1,P30876
Q09028,Q14562
Q15102,Q9UIF9
O43447,Q8N488
Q9GZQ3,Q9UPY8
Q969U6,Q86UL8
Q9BPX3,P42226
Q8IWU2,Q7L523
Q9NP31,Q7L5D6
P08581,O15123
Q9Y5V3,P02749
Q9BVW5,Q93052
Q9P2J5,Q9NPP4
P22455,P35658
Q04759,P49257
Q15833,O60830
P08238,O75525
O75351,P21926
P49792,Q9UKJ3
Q5JSH3,Q02880
P17861,Q9UBI6
P62312,Q86Y82
P36957,Q9UHD9
O75529,Q8NFD5
Q15853,P28827
P48556,Q9UNE7
Q8N4C6,Q9UHV7
O95944,Q86UN6
Q01892,Q9BXL7
Q96J92,P36954
O60264,O95257
Q9UBL3,O43439
Q9H0K1,P61077
O14511,P20807
O75446,Q9H1D0
P39060,Q96KJ9
Q9Y2U8,P61158
Q9H765,Q9BVG8
O15205,Q9NQT8
Q4VCS5,P36405
Q9UQ26,P26374
P28562,Q92542
P09651,Q96JH7
P51681,Q8TAF3
P18077,P08709
Q99666,P03951
Q8NF50,P09038
P09972,P34932
O15350,Q8WXA9
Q9Y570,Q92966
Q92813,Q9Y6B2
P52735,Q99956
P02730,Q07866
Q9BVA0,O14730
P30876,Q8NB91
Q9GZL7,P05121
O43502,P28347
Q8N488,P18084
Q07889,Q8NC69
Q9UGJ0,Q15361
P46782,Q12834
P19256,P54136
P42263,Q9P275
Q96H20,Q9UI14
Q96EB6,Q969H4
P02748,Q96K76
O00329,Q6P1N0
P51692,P27695
P22301,Q9UJX3
Q8IW35,P28827
P35900,O15027
Q05066,Q14681
P15407,P23582
P48167,O43508
P55081,Q12778
P57796,P13804
Q93062,P61289
P55347,P60763
P08887,O60232
P62304,Q53HV7
Q9UHP3,P09913
O00487,P49459
Q9NUX5,Q99612
Q07157,P21675
P83436,Q9HB21
Q8TDU9,Q9Y6N9
Q8N1F8,Q15418
P03973,P33552
Q9Y6B2,Q09028
Q96GG9,Q5T6S3
P49796,Q96NE9
Q13617,Q9Y6I7
P09681,P49910
Q8IX07,Q8TCG1
Q8TAF3,P10909
Q9GZY6,P19838
Q9UKA4,Q9UPZ3
P11532,O43307
Q9ULK4,P50914
Q96HA7,O14948
P35250,Q9UPM8
Q96F86,Q9BZW8
O75323,Q96BY2
Q7L5D6,Q9NQ25
P16949,P00519
P41145,Q13188
Q9NY61,Q9BPZ7
P60891,Q9BY77
Q9NPY3,P05452
Q86U70,Q9BUL9
Q6UWE0,Q6PJG6
Q9GZY6,Q86SQ9
Q15785,Q9NX70
Q8NHZ8,Q7Z6M1
O75628,Q9Y2W2
P55957,O00712
Q15291,Q12778
Q99502,Q00987
Q13153,Q9BY77
P26951,Q00526
P60520,Q6ICG6
P21802,Q9NR50
P39019,Q9BXK1
O60610,P51149
P29466,Q13505
P15923,P20749
Q9NZL4,P53350
Q6IA86,Q8NCQ7
P18077,Q9Y4H2
O60271,P0CG47
O15155,O14497
Q6P2Q9,Q16586
O60563,Q92918
Q06546,P28347
P08235,Q9P2M1
O95817,P21860
Q9H1J1,P35613
P51965,Q8IXW5
Q14919,P31350
Q14749,P12272
P36404,P49327
P10109,P60953
P51610,Q96JM7
Q15406,P24385
Q8N1F8,Q9H5V8
P98155,Q9BPZ7
Q99727,P50616
Q8N5M1,Q8TEP8
P63165,P27361
Q3SYG4,Q86XR7
Q6PCD5,Q08945
Q01968,Q9H0A8
O14832,P59780
O95967,Q96PM5
Q92614,P30556
Q9HC98,Q9NPC6
Q9BPW8,Q9Y6N9
O14976,Q96B02
Q9Y6Q6,P53999
O75335,P51948
Q9BYW2,Q9BZK7
O95977,Q8WW38
Q14BN4,P00751
Q9UP52,Q9BXH1
Q9NV56,P07992
P18545,P49459
Q96LI5,Q9Y6I7
P56270,O75448
Q16667,P38117
Q9NRR4,Q12774
P48061,Q99942
Q53GS9,O14862
P53985,P17600
P59780,Q9UBW7
Q8TF05,Q14114
Q15014,P07992
Q9NWB7,P22460
P05112,Q9H0R8
Q9H2F5,Q9Y463
Q9NQL2,P26717
P35221,P41180
O43927,P23588
O95696,Q14582
Q8WUM0,Q9HD26
P54727,Q9Y468
P49238,P20810
P49840,Q8N5R6
P30499,O14867
Q86VX2,Q66PJ3
O95983,Q9NV70
Q16586,Q9HB21
Q9Y383,Q13427
P62249,O14613
P57678,Q9BWF2
O00329,Q15054
P51398,Q9H9Q4
P06850,O15392
Q96EF6,Q5JVS0
P25815,Q92608
P23458,Q86U86
Q9BRT9,Q86Y01
Q9BVA0,Q7Z628
Q9H9Y6,P53618
Q8WYP5,Q12934
Q66PJ3,O95271
P51571,Q8N3L3
Q14974,Q9GZU2
Q14155,P29376
Q8TDR0,Q8TDB6
Q14957,Q9BQF6
O75317,Q9Y6R0
Q93062,Q13185
Q8IZP0,O75525
Q70IA6,P51884
Q01844,Q99698
Q08881,Q06643
O00763,Q9BW27
P13612,O75558
P01563,O60884
Q05193,O75496
O15457,Q8TD08
O14746,P08922
O43681,O43251
P50750,O95433
Q9NV58,P11831
O00327,Q6NYC8
O14649,Q8IZP0
Q14674,Q92973
Q96J92,Q06587
P48552,Q05639
Q9UBW7,P78527
Q9Y3C4,P21580
P21817,P02675
P25942,Q8NB91
O43684,O15344
P01889,Q92837
Q04864,Q6P4Q7
Q969R2,Q99972
Q15014,Q7Z6E9
Q2TAY7,P48730
P49736,O75629
Q16555,Q96EK4
Q8WYJ6,Q9NRY2
Q9Y6X3,P28065
P51116,Q13464
Q12788,Q7L523
P30279,Q9H1I8
Q08881,Q7Z412
Q9BU61,Q96QC0
Q9NS56,Q7L523
P30542,O43670
O43187,Q5VST9
P06307,Q9H7Z6
P02748,P05106
Q9BUE0,Q14681
Q15466,Q9Y4Y9
Q8IWZ3,P05156
Q5T6S3,P26717
Q8WYR1,Q9NR80
O94979,P09234
O75376,P13501
P05023,P00751
Q13642,P35637
P11047,Q92925
P26374,P10145
Q8NC51,Q8TDY2
P29373,O43566
P53355,P05181
P23469,Q12905
O43156,Q9NVF7
P23588,Q9BQA1
O60927,O43933
Q13418,Q92570
P61956,P78371
Q9NZD4,P52815
Q6GPH4,Q9NZ94
Q9NP85,P84085
Q76L83,P06396
O43837,Q9H4B6
P49916,Q9UKL3
O43353,Q13190
Q8TAF3,Q9H257
Q8WXF8,Q03001
Q5T5X7,Q9ULV0
Q9BRT9,P10147
P02792,P51809
P63165,Q16659
Q9UNN8,P56377
Q8N6M0,Q9H6U6
Q99873,Q9UKJ3
Q5VST9,O43491
P53985,Q9NV56
P14770,Q9HBH7
Q13470,Q86WT1
Q9H2X3,P09038
Q8IWZ3,Q9Y3U8
Q8NHW3,P25685
Q15723,Q9UQB8
Q9NR77,O76075
Q9UPT5,Q96LD8
Q13625,Q9Y5B0
P54284,Q01081
Q99743,Q9H147
Q9H0E7,Q06323
P33151,Q96QC0
O60884,P06454
Q9BTC8,Q6PI26
Q13347,Q8WYH8
P05109,Q8N3V7
O75478,Q12873
Q15021,Q8WW38
Q9H2K2,P30499
P62258,P10144
Q15645,Q8N3X1
P39086,Q9NYB9
Q13326,Q14643
P30499,P13688
Q9GZZ9,Q6N043
Q06787,O15392
Q9NRG4,P35625
Q16537,P38484
P52945,Q9H9E3
Q08722,Q8NHL6
Q9NQG5,Q8WWW8
P63218,Q9Y262
O43447,Q5VWG9
Q9H410,Q92934
Q9Y566,Q9Y508
P56159,Q96IF1
P32245,Q15078
O95273,Q9Y6X3
Q9ULC4,P30153
Q33E94,P28482
Q13474,Q70CQ1
P57775,P55273
O15553,P19404
O00499,P08637
Q92985,P46821
Q7Z6J0,Q7L3B6
Q6PI26,Q9BVG8
Q13402,O95433
P04899,O75962
O43307,Q8N5R6
Q9NX47,P21796
P09693,Q9BXH1
Q9H160,Q8WW01
P21860,O00167
Q8N1E6,O15519
P12277,Q9NVI1
Q9H307,O14983
P31150,Q02388
P54920,Q9Y3C8
O14618,P53999
Q9UPY8,Q13011
Q9NS75,P42226
O75175,Q99418
Q13469,Q92530
P52333,Q6ZSG1
P61457,Q9Y3E2
Q96RU7,Q14565
Q92736,Q6UXN9
Q8TEQ6,Q96B67
Q9H4I2,Q9Y508
O43447,P42574
P49761,P15924
Q8NFD5,Q7Z6E9
Q7L804,Q9Y6Q9
Q8WU17,Q93008
P11712,P09913
Q9UHD9,Q9NPD3
Q96P71,Q9BZD4
P85299,P15692
Q15029,Q9HAP2
Q9GZX9,Q9UBI1
Q12815,Q8NFH3
P02549,P47712
O95999,Q7L523
P62714,P20810
Q15389,Q8WVK2
Q8N122,O14958
P14635,O75688
P35222,O15550
P31321,P62072
Q9UHF4,Q9UKJ3
P05112,P46736
Q14008,Q15562
O94921,Q9UL18
O95232,Q02224
Q96Q42,Q8WWW8
Q8WYK2,P09234
Q5T5C0,P30281
P21796,Q9UQ35
P62280,Q9UHN1
P28360,P30153
Q9UQF2,P61981
Q01130,Q92614
P18564,Q30201
Q92636,Q92570
P68543,Q9UQ88
P23511,P78406
P26951,Q14192
Q14526,P52815
O95544,P20248
A8K0Z3,Q96A56
P16471,P01116
Q9H0F6,O95278
Q9Y3E5,P49795
Q13470,Q8N5R6
P09681,Q8WUA4
P02768,P22303
P81877,P21728
Q9NYF8,P25103
Q9HCE7,Q06830
Q01658,Q9NYA1
P78362,Q96F07
P49792,Q5SW79
Q9H4E7,P18621
P13631,Q5T5C0
Q9HAW4,Q9UHX1
Q9C086,Q9HD67
O94782,Q92608
Q8N5M1,P17535
Q02543,P45379
Q9NRW4,P23327
Q9GZQ3,P28074
Q9BT67,P30533
Q92625,P36894
Q14865,P10242
Q9Y6X2,O00712
P16333,P10809
P50748,Q9BU64
P29992,Q13951
P61758,P05783
Q9NYY3,P35354
P24386,P01584
Q8NE01,Q9NV70
P52597,Q9NPF7
Q702N8,Q9H2G4
Q13332,Q12769
P13569,Q99418
O43157,O60711
P14316,Q9NQH7
P07951,P52815
Q9HD47,P62316
Q86YV9,P49795
Q00403,Q9UHC6
Q9BS18,Q96P70
P16591,Q15717
P23769,O14594
P07288,Q9Y3T9
Q9P2J3,O75969
Q9UJT2,Q2TAY7
P43246,O15116
P40424,P09486
Q14494,Q8TEL6
Q14814,P78552
Q8NBP7,P61956
P62875,O14641
Q14145,Q13351
P29590,P61006
O15212,P35250
Q8IUD2,O95503
Q9P2J3,Q03518
Q93038,P61081
P35609,Q8N3Y1
Q15334,Q9UHB4
O60356,O75695
P02763,O43933
P15918,P35354
Q13740,Q8ND25
Q07157,Q13485
Q9NQY0,Q96SN8
Q9NQX3,P98155
P10114,Q13485
Q13216,P00751
Q96JN8,Q9HCS4
Q32P44,Q9H0K1
Q13573,O60504
Q96B97,Q9Y4C1
O43488,Q8TEB1
Q9UNH5,P20333
Q9BUE0,P23763
Q16613,Q2M2I8
Q9UBT6,P61968
Q9UBS8,Q6P1N0
P26006,Q9UHV7
Q14008,P17152
Q9HB19,A2RRP1
Q9Y3Y4,Q96QT6
P35858,Q9C0C2
Q9H078,Q96FV9
P24864,Q9UPS6
P22674,Q96L14
P36956,O43593
Q12947,P54727
Q96I99,P13010
Q02363,Q8IX90
Q04637,Q96QC0
P13688,P23582
Q13554,Q9Y5P4
Q8NBP7,P49796
O75081,Q86XL3
P52306,Q96PB7
Q14BN4,Q9Y570
P61970,Q8TCJ0
P19086,Q70EL2
P61457,P62253
P09769,Q15019
Q9Y2H1,Q07864
P17676,Q9HAJ7
Q96NY7,Q15831
Q96JN8,Q9UBN4
O14618,Q8NFH3
P57081,P14210
P49720,Q14469
P08648,P13804
Q9P032,O14802
Q86WT1,O00273
O95376,Q9Y5X4
Q9NPD3,Q05048
Q13144,Q8WVK2
Q96IY4,P01375
Q99523,Q96IF1
P07384,Q14160
Q9H0B6,Q9UM54
P43235,Q9NRR4
Q9NZ94,Q9NY27
Q14451,Q2TAY7
P49792,O15055
Q96EK5,Q9H9H4
P83876,Q9UBI1
Q9H7D7,P54136
Q04756,O75940
Q13043,Q96CD0
P08195,Q9UNN5
P43146,Q8IWZ8
O00470,P30153
O00625,Q8WYA1
Q13241,P11277
Q9UPY6,P53567
Q9H9S0,P39748
Q15650,Q9NS00
Q9Y570,Q8NB16
Q9Y3F4,P01019
Q6NZ67,P42679
P61956,Q13322
P24863,Q15208
Q9UBT6,P67870
Q04759,P10155
P04899,P13569
Q8WUM0,P35658
P31323,P60033
P60660,Q15723
P35580,Q9BVG8
O15520,P59998
Q92535,P01563
Q96P09,O43292
Q93038,Q9UBU8
Q13257,Q9UHF0
O14777,O75840
Q9H0E7,Q9UBB5
P26045,Q9P0V9
Q99741,Q08209
Q9Y2Z9,Q14494
Q12967,P35900
P49841,Q9UMW8
O94992,Q86XL3
P11308,Q9H832
P04792,O00622
O00221,Q15833
O95249,O95071
P02792,Q13557
P08574,Q13829
Q16695,P15260
P84243,O75884
Q9UPT9,P62316
P35241,O94906
Q8N729,O75396
P17661,Q9NSC2
P04070,O95977
P09603,Q15406
Q02447,O15205
Q8NE01,Q9NZN9
Q9HAF1,P02788
O95819,Q96AX1
Q96CF2,Q9Y383
Q9Y6N8,O14777
O15527,P06307
P23921,P16619
Q7L5D6,Q14240
Q92837,O00628
A7MCY6,Q9NPJ8
P20827,O95271
P16333,Q6IBW4
Q00005,Q8NBT2
Q8WV41,O14901
P62875,Q9UH73
Q9UNF0,O15066
Q9GZT8,P62913
O75112,Q9BUL8
Q8WV41,Q16849
P05023,P15941
O14543,P08709
O00763,P32942
Q13257,P62136
O96013,P55316
P14784,P30679
O60880,Q8WW01
O60603,P34998
Q96LR5,P10827
O00566,Q9BQ52
Q8IVI9,O14579
Q7Z5K2,Q92966
Q9H410,P26374
Q674X7,O43236
O15126,P24941
Q99417,Q9H2X0
Q13239,Q14526
P15153,P36405
Q9UJX6,Q96RR4
Q9H944,P22087
Q8N1F8,P39060
Q7L273,Q9Y6J9
O75582,Q9NZN3
Q9P2R6,P16234
Q13541,P43250
Q96AE4,P46939
Q13501,Q9NZD4
P62277,O15068
Q9NPE3,Q9BXL8
Q2MKA7,O95696
Q13239,Q09013
P49916,Q8N5H7
Q12959,Q9H3M7
P61326,Q92925
O43491,Q9NVK5
P24941,Q13464
Q8IUD2,Q05048
Q6QNY0,Q96DI7
P29376,Q9BQ52
P15941,Q8TAM1
P09486,P09211
Q9BVM2,Q96LD8
Q9GZR2,P10398
Q92887,O75525
P06734,O43670
Q8WTS1,Q15154
Q96T76,P63215
O15068,Q02880
Q16555,Q8TB52
Q9BZI7,Q8IVI9
P19320,P11831
P51398,Q00534
Q96AY2,Q53ET0
P12956,Q16777
Q9H840,Q9UKT7
Q9NS69,P43246
Q96B36,O14641
Q8IXI2,Q8N3U4
P52306,P30988
Q8NFT6,Q9BUL8
O15550,Q9H9S0
Q9UBC2,Q16828
Q15369,O95271
Q05513,P20585
O14983,Q8N3L3
Q13588,Q9Y4B4
Q8N3I7,Q8N6Y0
Q9GZR7,P19438
Q9UMX1,P17812
O75448,P41273
Q96I25,P68032
O60239,Q99575
Q8N6P7,O14492
Q2M2I8,P78527
Q8WUF5,Q9BW61
Q9Y6I3,Q13936
Q13888,Q8IY57
Q12789,P15918
Q9UM47,P31152
P51813,Q96A72
Q03431,P55196
P78371,Q9NPF4
Q8NCQ7,Q9Y4A5
Q92786,O95319
O96017,P51148
P32780,Q8TCJ0
P11308,P36402
Q99759,Q92730
P16333,Q8NFH3
P48145,P62328
O15145,Q8TCJ0
O95405,P05181
Q02487,P00488
Q9Y2J0,O43924
Q99996,Q9P0V9
P09486,P61086
P19256,P24522
Q8TAM2,Q9NR77
P40616,P01588
Q02880,Q92838
Q9UBY9,Q9Y3B2
Q9H422,O15511
Q9BUG6,P61587
Q15485,Q9NZN5
O14654,P25789
Q9UKT9,P55273
O43318,P30626
P49841,O43597
P11362,P12273
P06730,P49327
Q9UGJ1,P31350
O14737,P05181
Q9Y219,Q14118
P18583,O14662
O60880,Q9H446
Q9Y678,Q8IVH8
Q8IVH8,O00443
P09958,P04066
P07947,Q9Y4Y9
Q8N488,O75663
P53618,Q9H2X6
Q14141,O15123
P22570,Q14494
P24928,Q96IY4
P98161,P12272
Q9UJC3,Q9NZ43
Q7Z465,P38398
Q96BH3,Q9UQE7
Q4AC94,Q15389
Q9NS91,P55060
Q9ULT6,Q15528
Q13888,Q8IWL3
Q9UBS5,Q6P2C8
Q9Y297,P51148
P03951,O43837
P35250,P17600
P78314,Q92540
Q9C026,P67775
P51812,P51957
Q15843,P17947
P02788,Q5T1R4
Q7Z3Z4,Q8TEP8
P24941,Q8WWM7
Q96PU5,Q70EL2
P24593,Q9UHN1
Q9Y294,P14373
P02747,Q0VG06
Q16665,Q9H6Q3
Q13952,P40306
P22392,Q9BWU0
Q13435,P20248
O43852,A8K8P3
Q4KMQ1,Q16082
P62258,P29350
O00712,P01579
Q15013,Q92817
P49918,Q9BSV6
P46782,Q96NA2
O95460,Q14565
P53355,P29474
P78413,P61586
P34130,P62316
O00232,Q9NS75
P22413,P61204
Q8NBW4,Q9UK58
P48556,O60216
O00712,P50553
Q92643,Q92585
Q6GPH4,Q9H161
P62312,P83916
Q969F2,O43293
Q9H307,Q4AC94
Q9Y678,P31314
Q92785,P50553
P50539,P49757
P00505,Q8IXW5
P08922,P25024
Q13151,P39023
P41134,Q15596
Q15256,P28336
Q9BPW8,Q7Z6B0
O14818,Q96SW2
O14576,P35228
P26006,Q14686
O75528,Q8IUC6
P08922,Q15759
Q9Y4I1,Q13740
Q8IU60,Q9UHV8
P38936,Q9Y463
Q9ULX6,P62273
O95067,Q02297
P47897,P62913
Q15078,O76064
Q9UHW5,Q13285
P11802,Q9UHV7
Q9UPQ9,Q14149
Q8IUR0,Q9P0P0
Q6ZNE5,P36897
O95218,P11940
Q13239,P32942
O95696,Q96NY9
Q12962,P12004
Q2M1K9,P49848
P38606,O75506
Q9NSC5,Q9UHB7
Q9Y2Y4,Q9H8Y5
Q9C035,Q13507
Q9BY77,Q7L9L4
P42226,P10909
P10809,P49327
Q9UL25,P16035
Q9NY33,P14210
P60604,P11362
O15525,Q9BVM2
P62750,Q13427
P33897,Q9Y4Z0
P25445,O15503
Q9Y2Y4,Q8IXW5
P02654,Q00403
Q9UGI8,Q8TF40
P05107,Q9H6D7
P78314,P50749
O14879,Q9H2G9
Q07912,O75807
Q9NYG5,P00742
Q9NPC6,P15260
Q6GPH4,Q969R2
Q9H2S9,O60256
Q6GQQ9,Q2M1K9
Q9Y5P8,Q9NZD8
P35237,Q99871
P02686,Q96PF2
Q6IE81,Q9NZN3
Q9BPX3,O43734
P09467,Q6P1J9
P51946,Q13478
O76031,P09493
Q7L591,O75509
Q6VVB1,O14730
P61952,Q96QC0
O14511,Q13009
Q9NWV8,P55273
P13501,Q8IUQ4
Q9Y6M7,Q9Y2D8
P51168,Q14240
P35555,Q9H4B6
P47897,Q8TF42
Q7Z569,P22692
P31689,O60256
Q12967,P49768
Q9C0K7,O00487
P32856,Q9P000
Q6ZN18,Q9UBD5
Q15366,Q9BQB6
P46736,Q9NPD8
Q14202,Q9Y572
Q9P2M7,Q13432
Q9HCU9,Q8WW38
Q04656,P29376
Q8IWT3,Q8N8S7
P33076,O15155
Q8NBW4,Q9NVX0
Q8TF42,Q9NYY1
Q8N488,Q9NV56
Q9UBD5,Q70IA6
Q86SQ0,Q15428
Q9NS56,Q9H469
Q9GZQ3,Q96BD5
P35346,P51149
Q16667,O43508
P78543,O95785
Q9BUG6,P42680
O14625,Q04724
Q9Y6N7,Q16543
O43719,Q9NQT8
Q9C026,P09958
P49458,Q8WYJ6
P62906,O95573
Q15555,Q13029
Q9BYG5,O75791
P35579,P28161
Q96EB6,Q9UKA2
Q99973,P51572
P19086,Q12905
Q07866,Q05639
Q9HBW0,Q6IA86
O60481,Q9Y2U8
Q9UJ70,P11277
Q8TEP8,Q9P275
P16157,Q9H6T3
P01160,Q9NZ43
Q9GZL7,Q8N684
Q9NWV8,P52435
Q8TD08,Q16478
Q8N2Q7,Q15365
Q04637,P16860
Q99436,Q96S55
P63104,Q9Y2A7
P02748,Q9GZT9
Q9H307,P18564
Q9H9S0,Q9GZQ8
P35250,Q8N9M5
Q8TDR0,Q9NVR7
Q13164,Q15562
P02654,Q92519
Q13098,P08754
P45985,P00750
Q05086,Q9Y4Y9
Q15020,O75940
Q9NRD0,P98160
P17844,Q9NQZ3
Q7Z460,P06748
P42345,P55060
Q9Y2H1,P07315
Q96PF2,Q9UPN7
Q9UGM3,O15392
O60741,P02511
P31321,Q15833
P16234,P12235
P42263,Q92730
Q96J84,Q13608
Q15599,O75695
Q9Y3E7,P04229
Q96A56,P43364
P09382,O75553
O75689,Q92777
Q15562,P55273
Q16236,Q9GZT9
Q9NZV8,Q7Z589
Q96A72,P62136
P15692,Q9UHD1
P18827,Q5D1E8
P12980,Q9UQM7
O00429,Q3V6T2
Q86VN1,Q9NS91
Q9BV73,O75179
Q9BX59,Q9Y279
Q8TEK3,Q15428
O76003,Q92870
Q96AE4,Q96NY9
Q9H2S9,O00308
P51178,P17861
O14787,P60033
P04141,P05386
O75529,P49715
O95429,P32969
Q9NRW1,Q5W0Q7
Q8NA54,P50995
A2RRP1,P83436
Q9H7C4,O75864
Q01094,P18054
O95257,P42081
Q9BZS1,Q96IF1
Q8WWW8,O43586
Q96L34,Q7Z6B0
Q9Y570,P25788
Q9Y2R2,Q9Y4B4
P05783,P46019
Q9Y2Z9,O15511
P08235,O60216
Q00597,O43242
Q92882,Q9NZL4
Q9Y5Y5,Q13554
P25791,P54252
Q96Q42,Q9Y3C4
P54578,Q86U06
P54764,P41252
P60604,Q9NPJ8
Q8N1F8,O76081
Q13950,O00443
Q96CD0,Q15642
O95190,O43924
P49720,P98077
Q6NVH7,Q9UHC6
Q9P1A6,O43293
Q13418,Q8TEB1
P83876,O60739
Q6P0N0,O96028
Q9NY61,P25685
Q9Y3E5,Q6P4R8
Q14790,Q96BD5
Q9UHP3,Q9NZJ0
O60884,Q96BH1
Q7Z6J0,Q99873
P02774,P09493
Q9Y2U5,Q9BUL9
O43566,Q9UBC2
O43913,Q14197
Q6NUQ1,Q14344
Q9Y6K9,P45880
Q13362,Q58A45
Q9UKI2,P60484
P62253,P15374
Q96QH2,P20749
O00305,Q9NRG4
Q9UG01,Q9H3S7
Q13642,Q9H9G7
Q9UHV7,Q14397
Q15555,Q6W2J9
Q9Y4K4,P17181
P38117,Q6VMQ6
Q9UGK8,Q13427
P31946,P08962
Q13164,P07951
Q9Y5Y5,O75061
Q8NEM0,P36578
Q6NWY9,Q8WVB6
Q6N043,Q9UNN5
Q01638,P56282
Q9BYW2,Q9BY11
Q13444,Q9UHB4
P46734,Q99640
P20138,O00628
Q9NRW1,O15511
Q9UHD9,O94985
P25490,O43592
Q96CG3,Q7Z417
Q9UHQ4,P61204
Q86VX2,P26717
O94763,P56178
Q9BVP2,P02708
P50991,P32942
P02765,Q13115
O43745,P08962
Q9ULK4,Q7Z4S6
P01130,O60840
P43146,Q13557
O15126,Q99961
Q86XK2,Q9UK97
Q00653,Q8WXH0
Q9BPX3,Q9P209
Q9P2B2,Q53EL6
O14818,Q14681
P09629,Q9Y6W6
Q96EY7,P26640
P62841,Q9NWF9
O75529,P50750
P45984,Q9UHN1
Q9UPV9,Q9UM47
Q14674,O00567
Q01543,P16949
Q5VV67,P29460
P16104,Q8N556
P30154,Q8NFJ9
Q14512,P46087
Q5VVQ6,Q15287
P27482,Q9UNH7
Q9Y678,P09619
Q8IVP5,Q8NC69
Q86UT5,Q9UKV8
P08581,P36941
Q9Y6N8,P52907
Q9NQU5,Q9NZC9
Q9Y3I1,O14965
P57682,Q14183
Q53HL2,P84243
P08833,Q9Y281
P25815,Q7Z6B0
P01834,P12644
P52945,P51843
Q9UPT6,O15145
Q8WYA6,Q16851
Q9Y297,Q92966
P31751,Q03111
Q14746,Q9GZU2
P59780,P12644
P61626,Q9GZR2
Q92636,Q9NW38
Q99590,O14654
Q96HA7,Q9UKL3
Q9UMX0,P28827
Q9UHD9,O43482
Q9BW83,Q9Y4C1
P81877,Q8N3F8
Q9H0A8,Q9UK41
P36957,Q9Y4K3
P24864,O14594
P41002,O60934
P08581,Q9NVD7
P17275,Q6UXN9
Q01344,P26951
P00505,Q969G3
Q7Z417,Q6NYC1
Q9UNE0,Q9NYB0
Q49AN0,Q9UHV2
P20701,P63220
P18621,Q15942
Q96L91,P04183
O00339,P05783
Q9BRK5,P09936
P62312,Q13614
P02760,Q9Y2V0
Q8IX07,Q93063
Q6P2Q9,Q92540
P26992,Q16659
Q92574,Q7Z494
P78413,P16860
O95218,Q8NHL6
Q13868,Q96FW1
Q05086,Q9BUN8
Q9H165,Q9Y6Q5
Q9NQ55,Q9UPN3
Q14106,Q92904
Q13332,P39905
P03956,Q09470
P16104,P25787
Q9C0C2,P15408
P22695,P02461
Q9Y613,P28161
P15884,Q96F24
P54253,P49815
Q96EZ8,P20810
P34741,O00757
Q4AC94,P01019
Q9NPH3,Q9UHA4
Q93074,O00472
P18583,Q9UMZ2
Q9C0C7,Q02535
Q96BD8,P63167
Q02080,Q14112
Q9HBI1,P15408
Q9C0C2,Q9HAJ7
Q7Z7C8,Q9Y2W7
Q15717,Q9NWZ3
Q9UBD5,Q07890
Q03014,Q13322
Q8IUQ4,P13804
P13232,O15259
Q9NX08,P21980
P61371,Q01718
Q9BTE3,P23025
P16615,P21810
Q13216,P02708
O60763,P60842
Q99584,O15344
P62306,Q9NWA0
Q14BN4,Q8N196
P09693,P36897
Q9UHQ4,O95140
Q16849,P51572
Q13387,P02766
O75448,Q9UHB7
P51911,O14933
P43358,P14210
P23467,Q8NDV7
O14980,Q13501
P45985,Q12996
Q96G25,Q9BPZ3
Q16739,Q9P2G9
O14613,Q15506
Q96MW5,Q19AV6
Q9NXR8,Q96L14
Q99996,Q92966
O75061,Q92796
P62253,Q9UQM7
P62750,Q9NQC3
Q9H3M7,Q96AH0
Q92785,O14618
Q8NF50,Q9GZR2
Q09472,O43293
P29622,Q96HE7
O95817,Q8IYB3
P78556,Q9UM73
P19419,P35228
Q96IT1,Q96F24
O14737,Q06455
O00487,O95271
Q9H3U1,Q9Y6R0
P61019,Q96Q42
Q8TDR0,Q8IWI9
Q5VVQ6,P09326
Q9H410,Q9BYW2
O14613,P15018
O95628,P38117
Q9HAV5,P20273
Q9Y5Y5,P06748
Q96PB7,P19338
O75368,Q9BRQ0
P35625,Q07889
Q15759,Q9HC29
P48506,P29084
P12081,O43353
P01127,O43924
Q96EK4,Q9HD67
O14646,Q13740
O75969,P60842
Q13616,P08908
P10721,O95967
P04275,Q7Z7L7
Q9UBF6,Q9Y2M5
Q6NYC1,Q13351
P51787,P51636
O75943,Q9Y5B9
Q9NPC6,O95071
P50150,P02763
Q5QJE6,Q99732
O95819,P08754
Q96AP0,Q13233
P49916,Q13951
Q86Y91,O43156
Q58A45,P22692
O43663,P24522
Q15013,P61247
P23258,Q00688
Q6GQQ9,Q13618
P01563,Q9BRK5
P53999,Q92736
Q9NYF8,P10828
P35225,Q9NWA0
Q9NV92,O95704
Q8NHW3,Q07955
Q9NV44,Q9UKA4
Q03135,O43513
Q8WVY7,P20618
O94763,Q9BW71
Q9Y6W3,P06241
P61024,Q14562
Q9BU61,P18848
Q8IX07,Q14498
O95721,Q9NR55
Q92614,Q9H1R3
P68106,Q14114
Q14168,P57105
P20908,P02743
Q96F44,O75791
Q12972,O43196
Q8IW19,P07998
Q9NRF9,Q4VX76
Q15287,Q9NWF9
Q14315,Q96PF2
O60880,Q86WT1
P50570,P63241
Q9UHR5,Q15672
Q9UHB6,P01160
Q96GY3,P29460
P30281,Q14197
Q12840,Q9UPN3
Q9H175,P08637
Q9Y345,P05181
O00625,Q9NPF7
P35244,Q15334
Q9UQQ2,Q9BQG0
P62081,Q12923
Q15029,Q8NFH8
Q9GZZ9,Q13618
O75840,Q86US8
Q96LD8,Q15361
P52701,P18846
Q15834,P63279
Q8WV41,P62979
Q13425,Q92614
O60488,P42226
Q12834,Q9P000
Q9BQ15,Q13586
Q9UMZ2,P49917
P32121,Q9Y6B2
P09693,P05129
Q16739,P35236
Q8TES7,P25189
Q8IWT3,P06748
P45985,Q9BZW8
P30049,Q13501
Q03405,Q99835
Q96HS1,Q9P0K7
Q96PB7,P46821
Q14451,Q03933
P08047,Q9ULZ2
Q8TES7,P15153
Q9NYB9,P28907
Q96KQ4,P78371
Q7Z6J0,Q13542
Q8IX07,Q99523
P61626,P25208
Q9NX70,P20226
P68032,P63220
Q9H9L4,Q9NNW7
Q13485,P16278
P21796,Q92993
Q9UJF2,Q9UL18
O60285,O43491
Q8WTW3,Q9C086
P35368,P36405
Q14194,P29459
Q9H0E2,Q86TM6
P51610,P23297
O14979,Q15506
P11712,Q04721
Q96RU7,Q01860
Q13485,O75489
P09913,Q9P0K7
Q969H4,P53365
P60033,P56537
Q15363,P26715
O43157,P16389
Q9Y3M2,Q15361
Q8IU60,P41743
Q9Y6W5,P05546
P21506,P60520
Q96A47,P29474
P12235,P01040
Q6EEV6,Q5VTL8
Q16825,P01375
Q12852,P49458
O60488,P55196
Q9NZL9,Q8IWU2
Q9NS91,Q13185
Q5QJE6,Q6NUQ1
Q15910,P61289
Q9H4M3,Q96EK5
P54284,Q9UKK6
Q96M61,Q8WXX7
Q99814,P19388
O75197,P62873
P45983,Q12774
P27986,P14543
P22455,O15123
O75368,Q8N122
Q96JB5,Q05048
Q13425,Q9H0E9
P23526,P54725
Q8IZD4,P35900
P29459,Q5VWQ8
Q9H944,Q07954
Q9Y383,Q9Y2U5
Q96AP0,Q6ZUJ8
P17980,P62070
P05129,P85037
Q15744,Q13351
P26368,P22692
P29460,Q68EM7
Q04724,P01160
P18846,P40939
Q9H4X1,Q6P2E9
Q5VST9,P51693
O15068,O75478
P49354,P27348
P40227,P78348
P31629,P28328
Q9P2N7,P38484
P62253,Q9P0K7
P08235,Q8N6Y0
O95696,P43320
Q5JSH3,P14921
P02462,Q96D31
Q16739,Q9P086
P49069,Q02363
Q02952,O75052
O60826,Q9NX70
Q8TD46,Q9Y2D8
O00622,P15391
Q86U06,P51168
Q02543,Q9UBY9
O60583,Q9NYF0
Q86XE0,P15813
Q9BVC4,Q13416
P38919,P03951
O60256,Q96QV1
Q96RJ3,Q9UHV7
Q86UQ8,Q14653
Q8NBT2,Q8IZT6
Q99583,Q9H1D0
Q8WUF5,Q8TEK3
Q01201,P17542
P42229,P48551
P05067,O60262
Q969R5,P51809
Q12769,P10827
Q9UBF6,P50995
P61923,O14893
P23258,Q92569
P29084,Q53EV4
Q03135,Q9UPN7
P51003,P49821
O75335,O94829
Q6IQ32,P48023
Q6IAA8,Q9UQB8
Q02078,Q13588
O43745,Q6PJG6
O14576,P15498
O95477,Q9NQ66
Q9H9H4,Q8WVB6
P83916,P02708
Q07325,P10589
Q33E94,O95257
Q9NYF8,O00592
P54132,Q9HBH9
P11387,Q13505
Q9UHF0,P26885
O75376,P53992
Q9NZ94,Q13451
Q96PB7,Q9NSC5
P05120,Q7Z6A9
P32302,P98164
P05161,Q96F24
Q8IWZ8,P11277
Q9H175,Q96SN8
Q99741,Q9Y6W3
P22301,Q03519
O15111,Q9HB90
Q15785,P50613
P31994,O95931
Q99569,P62273
Q09472,Q12769
P62266,O00716
P00167,Q9UBF6
P11308,P13569
Q13291,Q9Y3U8
P01730,Q9P275
P25189,Q01105
Q92834,Q13094
O60885,Q6PH81
O43396,O95400
O14939,O00628
Q96GG9,Q96M61
P68543,P15391
Q8IZQ1,O95817
O75582,P09874
P26717,Q92917
Q6P1J9,Q16890
P55072,Q96FW1
P35227,Q92783
P28702,Q8IZP0
Q9BT25,Q6EEV6
P10644,Q03933
Q15906,O75369
P24386,Q12948
Q9NQ25,P35241
Q969R2,Q71F23
P19438,Q9Y3T9
Q14149,P25789
Q99961,Q92585
Q96BY2,O14867
O75340,P16284
Q12841,P80098
Q8NG41,O60869
P22681,O14965
Q13042,Q9BW11
Q9UI08,P00736
Q13542,P46736
Q86U06,Q9UDY2
Q9Y4J8,P35236
Q9BVG8,Q07820
O60486,O94813
P06241,Q9P2R6
Q96J84,Q86XK2
P50591,Q6N043
Q8WYA6,Q96A47
O76075,P28347
P10301,O00429
Q96E14,P20936
Q6PCD5,O43719
P15863,Q92673
P18077,Q86WV1
P62633,Q30201
P49792,O00585
Q6ZW49,O75807
Q9UBY9,Q96PK6
Q7L804,Q8IUC6
O00244,P11171
Q12967,Q86Y82
Q13319,Q09470
P78345,P35579
Q9NVN3,O60437
Q13164,Q4AC94
Q96RL1,O14867
P47874,Q9P275
Q15819,Q7Z412
P30460,Q9H553
Q9UJA5,Q96IF1
P46734,P31483
P23921,Q7Z7L7
P35251,P26717
P28715,P50591
Q92973,Q53EV4
P61218,P01732
Q969U6,O75817
Q15366,P49840
Q96KN7,Q6PI26
Q9BWN1,Q13884
Q9HCN6,O15533
Q16613,P05452
P62877,Q92917
O15143,P24390
Q96Q42,Q02078
P84243,P42025
Q96HE7,P33076
O15155,Q9UHB4
O95297,P18510
P27695,Q9BYG3
Q96RU7,Q9H7Z6
Q13326,Q96T76
Q8TDR0,P31785
Q9Y5U5,O00512
Q96J02,Q96M61
P19086,P62873
Q969T9,P51693
P62753,Q7Z6E9
Q14566,Q96AH0
O00141,Q2NKJ3
Q9Y679,Q9Y6I7
P30533,O95251
O43719,Q08AG7
O95140,P06734
Q8TAQ2,P16410
P17931,P37173
P13805,Q9NVI1
Q9H5I1,P30542
Q14691,Q9HBE1
P11215,Q03518
P26045,Q13618
Q96EK5,P09471
P07737,Q9C0J8
Q9NRY2,P23468
Q99623,P21728
Q9NRR4,Q9Y281
Q96D31,P49754
Q96LD8,Q6NXR4
O75695,Q9UHC6
Q96DE5,Q15596
P15336,Q96BR1
P27448,Q13478
O60516,O60609
Q9UHW9,Q9Y5R8
P61371,P19474
Q15349,Q9H0K1
Q96EF6,Q96L14
Q96QC0,Q7Z460
P78317,Q9UHD8
P25103,Q9P253
P60709,P28827
Q9UQC2,P40818
P01889,P17535
P48509,P17252
Q9GZU2,O00592
P53985,Q9UHB4
O15446,Q7Z6M2
P43403,Q8N8S7
Q86X83,P57775
Q9BTV7,Q8NHL6
Q7Z7C8,P07992
P98155,Q9C005
Q2M2I8,P33991
Q8WXX7,Q8TF74
P42336,Q9BSB4
Q9UEW8,P98155
Q12789,P14210
O95402,Q9HCE7
P56159,P84085
Q5JSH3,Q9HCS7
P16949,Q07864
O60741,Q8IUC6
Q13326,Q02297
P49458,O15164
P07225,Q9NP71
P16435,Q9Y4R8
P22674,O95433
Q8IZD4,P23582
O43184,O00429
P40306,P15374
Q96J84,P27361
O14746,Q96EQ8
P56270,P54646
Q08881,Q96L92
O43583,Q09019
Q9Y6B2,Q8IY57
O15304,Q9NNX6
O75529,Q9BUN8
Q96G25,Q13761
Q9Y3E7,Q8TF74
P0CG13,Q14451
Q9BZE9,Q14451
Q9H078,Q9NQC3
O14965,P55327
Q8IXI2,Q8IUD2
O75175,Q9UBK9
P32302,Q13884
Q9NS75,P62081
P09914,Q15459
P27448,P61086
P49450,P49761
Q9UQ88,P55199
Q9Y5P4,Q96B36
Q96EB1,Q8NF91
Q9BPZ3,P01040
Q9H7L9,Q96QV1
P48509,O43164
P32971,P30291
Q9NZV8,P09486
Q92786,P19388
Q8WVM8,Q9C0J8
P56645,Q8TEB1
Q9H257,Q8IY31
O95278,O94906
Q9Y375,P14859
O43815,P21731
Q9Y265,P30626
Q00839,Q9HBM1
O95793,Q07866
Q96KP1,P29374
Q9NQH7,Q8NFH8
P48145,P25391
P13598,Q9NVP1
Q9UBF8,O43593
Q9Y570,Q96JC9
P29376,Q8NEM2
O94972,P48167
Q9HBI0,Q5XUX1
Q9BVM2,Q9BQ52
Q9NQC7,Q8IWS0
P55001,Q8N5R6
Q8N1F7,P21810
P40123,Q8WWW8
P62314,P63272
P09769,Q9BQF6
Q9NVP2,Q16695
O75056,Q9UK53
Q08881,Q8TF42
Q9C005,Q9UL18
Q96MF7,P21583
P09603,P47804
Q13444,P35557
Q9BW71,P13987
Q14141,P21980
P48378,Q13478
Q99665,P10147
Q9UQ35,Q9Y297
P51531,Q01658
P23469,O75791
Q53GL0,P16070
P24386,Q8WVK2
O75197,Q96PK6
Q03135,Q13451
Q14186,Q9UHX1
Q92759,Q9P032
Q8IX07,Q96J02
O95460,Q8IYI6
Q9H160,Q15025
P27348,Q15054
P63151,Q9Y239
Q9H5I1,Q8N1I0
Q9Y4K4,Q8WVM0
Q01780,Q96JM3
Q96SU4,Q8ND25
O75582,Q8TEB1
Q96JB5,P09493
Q9NY27,Q96FJ0
P61006,P02788
Q9UHD2,P30988
Q9BWF2,Q6IAA8
Q8WUD4,Q12802
Q96A47,Q9UL18
Q15363,O94906
P28340,Q9UKJ3
Q14764,Q8WVC0
P07101,Q92918
P35579,Q6NZY7
O14544,P25787
Q92542,P35557
Q9NTI5,Q9UBZ4
Q14683,P20807
P47928,O94905
Q96QH2,Q13155
P28062,Q9GZX6
P09603,P26641
Q15363,P26717
P20336,Q9NP64
O75496,P10827
Q13416,Q9Y243
P06753,Q12929
P17947,P12980
P05120,Q9BZI7
Q09470,Q7L5Y6
O95235,O75604
Q8TDY2,Q5MJ70
P05109,O43307
Q16543,P15153
P41134,Q9BZI7
P55327,P25189
Q9H840,Q9Y2Y1
P02545,O00567
Q8WWN9,Q9NRW1
P81877,P19320
Q19AV6,Q92917
P11142,Q92838
Q9BY77,Q70CQ1
Q14749,Q9NYB0
Q9Y5P4,Q92570
P51681,Q96EP0
P19544,Q9UPU9
O15031,P15153
P12273,P23229
P61254,O00308
P52756,Q15131
P49642,P01031
Q15653,P61619
P13688,Q6PJG6
P51817,P49238
Q96L34,P24278
Q02413,O60256
P06400,Q8IVP5
Q96II8,P41236
Q9UPW8,Q9UKY1
Q15388,Q8WTR2
Q6NYC8,Q13277
O00712,P30988
Q9UI26,Q9H6T3
Q9UKC9,O75461
O75446,Q13887
Q96B67,P14543
Q92564,O60231
Q8NHG8,Q14686
Q08209,P15173
P22695,Q96KQ4
O15550,P34130
Q96PU5,Q9Y6Q5
P23396,Q9Y6W6
Q9H3M7,Q9UL63
Q9BVP2,P62508
Q9Y572,Q9H444
Q9Y620,Q9UBT6
P35869,P19419
Q9UBK5,P98155
Q9NRR4,Q86XE0
Q9NQY0,P21675
P13598,Q9UBI1
P62875,Q9NRG4
Q15555,Q8IY57
Q14019,Q99626
P49755,Q8NB16
Q13952,Q14241
P07711,P67870
Q06418,O43663
O00124,Q03518
O00300,Q9UPM8
P55884,O60885
P51003,Q02413
Q6ZN18,P09429
Q9UI95,Q8TF05
Q92556,Q16537
P56159,Q96LD8
O43593,P52298
Q7Z3Z4,Q02223
P59780,P61970
O75335,P53365
Q03001,P52799
Q15109,Q9GZU2
Q9NP77,Q96JC9
Q8IWZ3,Q8N684
P20827,Q9NRY2
Q86WX3,Q86XK2
Q3KNV8,Q9Y587
Q99081,Q9NXV2
Q13554,Q9H251
O60285,P61081
P15976,O95999
Q9NS28,Q9NY12
Q12815,P17812
Q9NR77,O95863
P14316,Q4G0F5
O75147,Q9NR33
P09693,Q9NRG4
O15524,Q9UDY2
P42773,P13688
Q96PU5,P26006
Q8WYJ6,Q86SQ9
P17600,Q92608
Q9H7Z6,Q8IYB3
P54284,P57775
Q9BTW9,P0CG13
P18848,Q5U5X0
P55789,Q9BYE7
Q70CQ1,Q13087
P32971,Q13901
Q15363,Q9NRR4
O00623,Q04323
P02679,Q9Y4J8
P02730,P07315
Q14185,Q8TF40
Q9Y2U8,Q4VCS5
Q6X4U4,P49959
Q16667,O60437
O95544,Q92985
P24522,Q9UIG0
P34741,Q99623
Q8IXI2,O75175
Q13542,P28360
Q08AG7,P29474
Q9UHD9,P80098
Q9UFF9,Q9NS00
Q99569,Q9UPN7
P09467,O75689
Q9UQK1,P98164
P02786,Q9UBR4
O96028,P20618
P54764,O94889
Q9C0K7,P15153
Q96EQ8,P32246
Q96EB1,P18084
Q96H20,Q6P0N0
O75800,Q13427
P01127,O15519
P09493,Q05516
P02545,P52298
Q9Y219,P08476
P32302,Q9GZT8
P12755,Q9Y3A3
P09211,Q9UBP5
O14974,Q9Y4J8
Q8IVP5,Q96IY1
Q8NHG8,P42680
O14599,O43390
Q9H8S9,P08476
Q9Y4K3,Q96SD1
Q96SD1,O75791
P25054,O14511
P13725,O95602
Q9H4E7,O14948
Q8N1L9,Q8WW38
Q8WTS1,Q99640
P48509,Q9Y5X4
Q12879,Q96JN8
Q13547,Q0VDD7
Q12959,Q9Y243
Q9UHQ1,Q03014
Q15650,P43686
P24928,Q9NV56
P62306,Q8IX07
P48506,P09972
Q9H1A4,Q9NP97
P08621,Q969H4
Q9NSC5,P62753
P15918,Q14451
P29376,Q9UKA2
P09326,Q05048
Q15475,P98155
Q9H2S9,P11474
P78504,Q13951
Q01831,Q5VT25
O75909,Q9HAU4
Q9HBI0,Q8IYF3
Q9HBH9,P25116
O00291,P28907
Q9H3Z4,Q14524
Q15019,Q9UL46
Q9H0R8,Q14152
Q08722,P27701
Q9Y210,P16284
P02774,Q99584
P07737,Q15835
P55196,P25800
Q66PJ3,Q9UKV3
Q96SU4,Q9Y2K6
Q96B01,P52907
Q9H0E3,Q99698
P32004,Q15388
Q99547,P12814
Q9GZQ3,O14745
Q96KR1,Q9NXR1
P09429,P00742
Q9C0C9,A5YKK6
O43516,Q9H0E9
P50747,Q9UPN3
P13693,Q15389
Q99665,O75175
Q14626,Q05639
Q9H4X1,Q9UBN4
Q14626,P06748
P11234,P01040
Q8TEK3,Q9P275
P01116,P31749
Q9NTJ3,P09038
Q9Y6R0,P62491
Q9UQ84,O95487
Q8N5C8,Q8NFJ9
Q99653,Q96EV8
Q06265,Q9UKT7
P04083,P06730
O75807,P16410
Q96RN5,O14776
Q12959,P05023
P13804,Q8WW38
Q13705,Q9BUL9
O14625,Q99575
P18146,P49750
P28074,Q96T58
P51587,P57678
Q9BVI0,P51178
Q12972,P57078
P41002,Q92542
Q8WVC0,Q9NWS0
Q9Y2Y9,O14727
Q9NPB6,Q9H0W5
P08949,Q9NRR4
P62750,Q13936
O76031,P61619
Q03181,P04066
P23467,Q5VV67
Q8NC51,P01584
Q99832,P08047
P15018,P51636
P49715,Q9NQ29
P01374,Q99942
Q00610,Q92519
Q969T9,Q8N556
Q9UNN5,P22692
P11387,P08962
Q66GS9,P08151
Q9BS18,Q9Y2W7
P52298,P55055
Q9H9Y6,Q9NS00
Q6UB99,Q9Y508
P62714,Q5VZM2
P18075,Q9Y6E0
P02647,P01023
P32121,P07992
O43390,Q7Z434
Q8NI35,Q9NR33
Q6P4Q7,Q8N5I2
Q9H3U1,P09958
Q14691,Q13895
O75376,O75369
P10155,P62191
Q7Z4G1,P25815
Q96A56,P41240
P38159,O94813
Q08380,P14778
Q13888,Q9H668
O75369,Q99418
Q96B97,P55060
Q9ULZ2,P49715
Q92985,O14948
P22087,P62318
Q9NPB6,Q86UE8
Q8IXJ9,Q08AG7
Q8WVB6,Q96EP0
P24863,Q96BD8
P46108,Q9NZC9
P00488,P17535
Q9UHD9,Q14258
Q07890,Q9UKJ3
P30622,Q9UBT6
P49915,Q9H0A8
O94776,Q9P253
P49639,P20807
Q6FIF0,Q9UPM8
P49069,Q8NB12
Q16656,Q8N4P2
P20138,O00443
Q9UMX0,P49795
Q9Y572,P32121
Q5VST9,P13598
Q9P086,O00186
P51681,P30086
P30273,O95758
P01189,Q5VVQ6
O15315,P53992
Q9Y2X0,P16144
P48357,Q53EL6
O43929,P38432
Q9Y375,Q14183
P10147,Q9BU64
P00451,P07204
P48553,P15382
Q96DE5,P15382
O60907,P12081
Q8WU17,P30305
P02730,Q9NVI1
O75832,Q99576
Q9H6Q3,P00751
O94842,Q9UHR5
O43186,O14662
Q8WYQ5,Q9BVG8
P51617,P15036
P07996,P09326
P18887,P67809
Q12846,P49760
P06241,O75800
P09467,P25205
Q12996,Q15836
P15170,O15211
P11387,P05129
P55085,P42081
O00625,P05129
Q5W0Q7,P28827
O43395,Q7L0Q8
Q6ZSG1,P49116
P62306,P62875
Q9UPQ9,P52790
P30086,O43488
Q96P70,O14925
Q9Y3I1,Q9NVD7
P69905,Q92530
P25391,Q14814
Q96B01,P20042
O95967,P53618
Q9UKV3,Q9NPQ8
P43686,P49754
Q9Y2W7,Q92993
Q8TEC5,Q96DB2
P02766,O75052
Q86U06,O75525
P25685,P17152
P04049,P49910
P35222,Q99814
P60604,Q9UBY0
P51451,P46934
Q16543,Q9Y6H5
P50613,P36873
P29475,Q9Y2D8
Q5VTB9,Q9HD67
O15018,P62906
P07333,Q12929
Q9HBI1,P61006
P83916,P12544
O00625,Q9UL54
P21941,P37840
Q33E94,P61604
P52756,P08962
P78504,Q13163
Q13464,P05549
Q14192,Q9H1R3
Q9UJX2,P09496
O75081,Q9H0D6
O00567,Q96F86
P26885,Q16644
Q9Y272,P12755
Q99523,Q9UBQ5
P61158,P30260
O95295,P35658
P30533,P49327
P49354,Q96B67
P18146,Q9UJF2
Q8TBZ3,Q8N3X1
P23025,Q9UIU6
Q9BTW9,Q05516
Q16394,P15692
Q15208,P62328
Q9BUI4,P30203
O15533,O00273
Q02878,Q99598
Q9UGI8,Q08945
P53803,P02647
Q96RU2,O14893
P52756,O00401
Q5T4F4,Q96T23
Q13472,Q86Y01
P15374,P21860
P20265,Q14240
O60711,Q9UIF9
Q969H4,Q9UBY0
P23467,P30520
Q9NPH3,P49715
O75529,P13671
Q96KN7,P11277
Q15785,P40818
P10145,P50281
P47755,P51172
P61289,Q9NZC9
Q9H9C1,Q9NYJ8
O95336,Q9H9E3
P78413,P29322
Q9BUE0,O00451
Q9C0C7,P10144
Q14990,P49848
Q9Y483,Q6ZSG1
Q96IY4,Q15762
Q86W92,P30556
O60927,Q15208
Q9UKT7,P12980
Q92956,Q96G21
P30154,Q7L576
Q9UNA4,Q9Y2M5
Q9Y2Q5,Q6R327
P01588,P17480
Q9UNP9,O43597
O75030,Q00722
O15068,P14625
Q5TGY3,Q96L92
P61626,Q8TDY2
Q9P2J5,Q9ULV8
Q9NQU5,Q15233
Q8N556,P17706
P39748,P24723
O95600,Q92625
Q9HAV5,P23396
O60729,O95544
P08311,Q96EB1
P08519,Q9UKS6
P11233,Q13107
Q01664,P61163
P16112,P38159
O95602,Q9UPZ3
O14519,P06702
Q96A56,P04628
Q86YR5,Q14114
Q86XL3,Q13127
Q96MF7,P48509
Q02447,Q6ZRS2
P29622,Q8NHY5
Q8WYH8,P35228
P05388,O15027
Q01453,Q9GZX6
Q8TAG9,Q08050
O95544,Q3V5L5
Q9BXW4,Q9ULW0
Q9H4E7,Q9UKT9
Q14674,Q13555
O00567,P51843
Q9Y2V0,O00451
O94973,Q92797
Q9NY27,P17480
Q71F56,P61247
Q5TKA1,P17813
P61619,Q86XK2
Q13402,Q13322
Q9NY33,Q99436
Q53GS7,P12644
O95336,Q13061
Q8N2Z9,Q9NZC7
Q9Y2Z4,Q8TAP6
Q9P2W3,Q8IWZ8
O95571,Q02363
O94874,O43264
P62875,P61081
Q9UI09,Q7L523
O60907,Q9C0J8
Q15633,P02774
Q01974,P22307
Q04771,Q9HB90
Q14686,O14641
P63165,Q13094
Q96HE7,Q03518
Q16656,P55196
Q8IVT5,Q7Z6M2
O14613,O94889
P26373,Q13061
Q9Y3C4,Q5S007
Q13503,O43432
Q8WUF5,O00148
Q9H2X0,Q9UGK8
O95257,P07237
P34741,P20701
Q9Y3C8,Q12802
Q9GZS3,P05549
Q01844,Q99638
Q9H461,Q8N2Q7
P16885,Q92844
Q96BD5,O14649
Q04637,Q92783
Q12947,Q9C0C4
P13671,Q8WVK2
Q9BRB3,Q9P287
Q9NPB6,Q9UL18
Q14155,Q9Y2X8
P07225,Q9UBT6
Q16555,P05813
Q9H1K1,P56178
Q96RK4,P50914
Q7L273,Q9BYG5
Q14681,P56282
Q5T3J3,Q9BV73
O95967,O75061
Q92882,Q14112
Q8IWS0,Q9NVX0
Q14746,Q13507
Q8TCG1,Q15303
Q13127,Q14197
Q6QNY0,O95373
Q71F56,Q9Y5R8
Q9UKC9,Q9H3U1
Q9H4H8,Q9UI47
Q9UNS1,Q15404
Q13884,Q9ULV0
Q9UBC2,P68363
P53396,P26045
Q16288,P50591
O75317,Q9UM73
O14757,P02708
P23560,P23193
Q02763,P36897
P11831,Q7Z589
Q96S96,P19404
P17275,Q9Y6D6
Q96BH1,Q15596
Q9P2J5,Q9UHD8
Q5VVQ6,O60232
P49336,P10589
Q96PM5,Q9H0U4
Q70IA6,O15297
Q13045,Q13163
Q9BQA1,Q16623
Q9ULG1,Q9Y5X4
P62191,Q9UQC2
P21127,Q8IZP0
Q9ULM6,P04628
P13760,P17252
O75446,P16157
Q9Y4E8,Q13505
Q8N729,Q8TAM2
O14980,P19256
Q9NQ25,P42166
Q8WUI4,P30460
Q9H8S9,Q9NVR7
O15116,P35998
O00512,Q13761
Q92918,O00429
Q92574,Q13541
P16860,Q13740
P42336,P35221
Q6ZVD8,P50914
O14746,Q6P1J9
Q9C086,Q8WXH0
P21796,Q9UNM6
Q5T4F4,Q13107
O14744,P25789
Q02487,Q9BWN1
Q9NSK0,Q8IVI9
Q30201,P06748
P31323,Q9HAJ7
O43913,P61968
O43734,Q9BY84
P13569,Q9UIB8
P20042,O75663
P38117,Q9H0Y0
O75146,Q15788
Q96EP0,P46019
Q9UBD5,O00499
P16615,O00541
O95983,P52435
Q02223,Q6PJG6
Q8NDX5,Q6PH81
Q8TD46,Q9UKY1
Q6IE81,Q9H2G9
P62913,O00165
O75586,Q9GZN8
Q9Y478,Q9BRK5
Q9NZL4,O75489
P34741,Q9Y3C7
Q96KJ9,Q92830
Q96RU7,Q99623
Q92974,Q9P0U3
Q02447,Q96DE5
Q15942,Q8NCM8
P31314,Q9Y587
O60741,P04150
Q5T2W1,Q96N96
Q7Z4G1,O14893
Q5T5X7,P10588
Q86U06,Q6FIF0
P38919,O43593
Q86X83,Q9BU64
Q9H2K2,P52907
P68543,P35637
P50991,P46736
O15020,Q96T23
O14795,O95831
Q9BQQ3,P13805
P09917,Q9H6U6
Q96CF2,P26640
P08922,Q06455
Q7Z494,Q92793
Q9NZL4,Q9BXL8
Q86U70,O75582
Q92997,Q00987
Q9Y535,Q86VQ0
O15539,Q6PH81
O60664,P84085
Q9NRY2,Q9H9E3
P01135,P28069
Q15465,Q96QC0
Q9UHD9,Q99618
O95785,Q9UHN1
Q14134,Q969G3
Q68CZ6,Q9NPC6
Q13595,Q13618
Q8N3Y1,P08574
P42262,P00736
Q8N2Q7,Q9P000
P14618,Q6WKZ4
P27701,Q96D31
Q9UNP9,P55010
Q06418,Q8IWV8
Q13547,Q99835
Q15119,Q8N5I2
P62244,P98172
Q14192,Q96M94
P30542,Q5VWG9
Q07864,Q6IAA8
P40337,Q96RU3
Q13216,O95863
Q99741,P50616
Q9NP98,P48378
Q9UFG5,P08247
Q3ZCQ8,P43628
P04049,Q8NHZ8
P22415,Q9P0K7
Q9Y2H1,Q9UJX3
O43187,P38432
P00492,Q16666
Q8WVD3,P60660
Q9H840,O75448
P43356,Q8IU81
O15205,P21731
Q92786,Q13287
Q6VVB1,Q969P5
P49792,P84996
Q9P0U3,Q92830
Q13137,Q9Y4J8
P49716,Q9Y6E0
P61981,P62913
P25490,P26651
P51812,P18859
O43143,O60739
O95817,P02730
Q96CW5,Q9H7Z6
Q14315,Q9BZJ0
P46060,Q13057
P09496,P25391
Q96T23,P53992
P38117,Q70EL2
P78362,Q92599
P60903,Q9Y3B2
P19474,Q9P0V9
Q13951,O00470
O95140,Q7L5Y6
O95149,P28069
Q9Y679,P10828
Q8N729,Q7RTV0
Q9HBI1,Q6ZRS2
P15692,O14933
Q13257,O00141
P50150,Q969T9
Q13951,Q02297
Q9H1J1,Q5VWQ8
Q6QNY0,Q92542
Q5MJ70,O75970
P02686,P07947
P04080,Q9H981
O95785,O75061
P21860,O75969
Q16620,Q8NHL6
Q15022,Q9Y244
O15371,P03951
O60603,Q13867
Q06124,O43187
O60486,Q15555
P24588,P25789
Q99497,P23142
Q8NC69,Q9BY43
Q9P2M7,O60232
Q7L9L4,Q9P275
Q9NZL6,O00625
O95999,Q9UKS6
Q9NZN9,P30260
Q9NQX3,P52952
P51808,Q9Y2Z4
P57796,Q92917
O75628,Q02297
Q9H422,O00213
Q9Y4D1,Q8WVY7
Q14149,P67775
P09234,P55010
P54284,Q96RT8
Q96F07,P67870
Q9BZE9,Q9UNE2
P62312,Q9UNE7
Q9H2X0,Q05639
Q8IUC6,Q8WW38
P09693,Q71F23
P06870,Q13642
P17936,Q99743
P02671,P17096
Q12879,O75369
Q9NS56,Q9Y2W7
Q13888,Q9UBY0
Q13554,Q9HAU4
O94952,Q9UPU9
O75164,P56693
P20700,Q9UMW8
Q13232,P55089
O43187,Q9UI14
P08588,A8K8P3
Q96A72,P22460
O43143,Q9BZE4
Q9NTJ3,P23511
P15502,Q5T6S3
P17931,Q9Y5P8
Q13356,Q9H3U1
O60832,P01583
Q9HAJ7,P02745
O14649,P48167
P40926,P60660
Q9BWT7,Q99732
P11142,P05109
Q6NZY7,P18510
P26006,Q9NZD4
Q33E94,Q12996
P26441,O15304
Q76N89,P51911
P49354,Q9H2G9
P36404,Q9ULZ2
O00463,Q13277
O43847,Q7L3B6
P51172,P14635
Q6ZNE5,Q13332
Q96L34,Q8N3R9
Q9NVR7,P33032
P07101,P02741
P63215,Q9NQZ3
P39748,O95071
P01160,Q9NZU7
P25054,P50995
Q96LD8,P62993
Q9UHV7,Q9P0U4
Q14582,Q3V5L5
P47897,Q9UKA2
P50222,Q15468
Q10570,P28161
Q07352,Q13887
Q06265,P20827
O14599,O75506
P42224,Q9ULB1
P20333,Q9Y3M2
P16591,Q16623
P23560,Q92673
O43313,O75478
Q9Y2W2,Q9H0U4
Q93052,Q8IUD2
Q96A47,O15116
Q9HAV0,P35998
Q01718,Q9NPF5
Q8ND04,P99999
P12081,P62380
O14939,O14579
Q9NVC6,Q8WXH0
Q02223,Q9UKS6
Q8TBZ3,Q9UI12
Q9NRL2,Q9UKT4
Q92614,Q53G59
Q9UKI2,P48378
P02746,Q9Y2D8
Q96DY7,O95319
Q9BUG6,P35916
Q01892,Q8TD31
Q9NV31,Q9H2X6
Q96Q42,Q92519
P01236,Q96FW1
P29274,Q92730
P35225,Q9NQ94
P78413,P19532
Q9P209,P24522
P05388,P25024
Q9UNS1,O75150
P50052,O14730
A2RRP1,O75477
O43390,Q9NPQ8
O00418,Q4VX76
P11234,O75955
Q9Y265,Q8IU60
Q92529,P41143
Q49AN0,Q9C0J8
Q13571,Q96IT1
P01303,Q13542
P36896,Q7Z4S6
Q16829,Q8N5R6
P07550,O75717
Q9UHB6,P06401
P27348,P36941
Q9NRW7,P16220
Q13563,Q9Y2M5
Q14669,P63000
P19105,Q9P104
P30876,Q12824
Q99814,P16284
Q9Y6A5,P98160
P08476,O60762
Q9Y620,Q92636
Q9NYG5,Q13216
Q9H9Y6,Q13895
Q15019,P68402
P85299,Q92830
Q5T4F4,Q9Y2W7
Q01453,P12980
Q96I99,P36507
O60907,O14893
P63208,Q15672
P14770,P08151
Q13133,O15550
P07359,P05121
Q13501,Q7KZF4
P43119,P25391
O43602,P12757
Q9Y620,P22460
Q9HAW4,Q8IXW5
Q9P0U3,P17661
Q9H160,P78406
Q71F56,P19388
P55085,O43852
Q96AP0,P68363
Q9H4P4,Q9NZ43
Q15834,P34741
P02549,Q15833
Q9Y3C6,Q8N4P2
P27361,Q96QT6
Q6IQ32,P22692
Q99727,Q99871
O15550,Q9Y3T9
Q9UKT4,Q9Y508
O43719,Q8NFZ5
O95817,P10144
Q9UBW7,Q92530
Q9UBE0,P00533
P24593,O14958
Q04724,P41143
O15350,Q96RU3
Q03181,O95336
O75689,P08151
Q13740,Q15691
Q9Y5J7,Q2T9J0
Q03519,O43670
P54136,Q5TD97
Q9UBP5,O43586
P23467,P04264
Q9UM73,Q9Y3M2
O95429,P42574
P43351,Q9UNH7
Q6NWY9,Q13451
Q9H845,Q96NY9
Q8WXI2,P54136
Q92519,Q9UNS2
Q00536,Q99584
O00487,O95677
Q13519,Q13868
Q9BUL5,O00443
P16591,O75530
Q9Y3L3,Q8N6Y0
Q08881,Q99598
P49792,P07093
P20701,P21333
Q9Y2J0,Q9Y2Y9
P51116,P50749
Q9H6Q3,Q14676
Q8IX07,Q9Y2S7
Q9UGJ1,Q702N8
Q96PU5,Q71SY5
Q9H944,Q13371
Q96IT1,Q92570
Q01844,O43439
P07858,P17655
Q5S007,Q96IF1
Q02535,P30203
P08922,P30203
Q9UIF9,P10398
Q8N1F7,P23945
Q6NXR4,P10912
Q14746,P15408
O43447,P25705
Q9BV73,Q86VP6
P26367,Q8IX90
O43852,Q8TBB1
Q08345,Q13155
O95639,P67809
Q9H0D6,Q9H0U4
P50748,P24588
Q8N668,Q00403
O60664,P26640
Q8N668,Q9NP64
Q9NVK5,Q8IX90
Q8WUH2,P62508
P28715,O94927
Q03167,Q9UNK0
Q13905,Q12778
Q9GZV8,Q9UQQ2
Q15532,P05546
Q9BQ95,Q15723
Q9NSC2,O14594
Q9HCG8,O95140
P56645,Q9H6R0
Q13485,Q8WX92
P42772,Q96NA2
Q9NSC5,Q8NCM8
Q96SB3,P62873
O60610,Q8N5C8
O95602,P38606
Q13625,Q13595
P14678,P41279
O00472,P27361
Q9H2L5,Q6NYC1
O14613,Q92608
Q9UPN9,P62633
P32121,P22307
P39086,Q12948
Q9P0U3,Q5QJE6
O15392,P16615
Q9BQF6,Q9H254
P22830,P02743
O00463,Q99748
Q15173,O75190
P01730,P60484
P56192,Q9UBC2
Q9UBK2,P18146
O60741,P10145
Q9HAF1,Q9Y2M5
P23258,P01588
Q9Y5X4,Q96MH2
Q9P246,O14770
O95232,Q15120
P06702,P21731
Q8TBB1,Q92542
O15155,P98172
Q16740,Q9UPS6
Q9UBQ0,P29466
Q9NZN5,Q04912
Q5T4F4,Q9NQH7
P27482,O60756
P22455,Q9Y587
O00329,P61956
P43235,Q8WV41
Q8IYD8,P52434
O15018,P25789
P62166,O75970
P05107,Q9UJW0
O15514,Q15459
Q8IZJ1,P25705
Q9BZE9,Q9UMW8
Q08117,P30101
P02654,P29459
Q01453,Q9BRG1
Q99727,Q86TM6
O60895,Q9UPT5
Q01094,P00519
Q00610,P16035
Q06546,Q92917
Q9UBD5,Q99996
P49841,Q9P2F5
Q9NPQ8,Q8WXH0
Q13888,P06307
Q13257,P61626
Q07666,P18507
P06307,Q15506
Q9UI08,P23142
P15822,Q86WV1
P83916,Q9Y5X4
P61764,P07093
Q9NVU0,P49736
Q8WWN9,P61978
O95155,Q9NZN4
Q8TCG1,Q13761
Q9UL62,P41208
P35659,Q8WXA9
O43257,P17931
Q99615,Q15038
Q02413,Q96L73
Q8N729,P31483
Q13153,P98161
P02675,Q13478
Q8N3F8,Q93038
Q02790,P13987
Q9Y6N9,P28062
P11142,P36897
O60603,Q9UL63
P55795,Q96T37
P35658,Q9H4B6
P61289,O76064
Q13257,Q9UBE0
O14744,Q6N043
Q13868,P06881
Q9Y2X8,Q9P246
Q5SW96,O43251
O15031,Q9UJY5
Q01831,Q13571
P98164,O00255
Q15831,P83436
P07550,P11171
P11532,O75969
Q9NV70,Q96S55
Q15003,Q9H4L4
Q9Y5T5,P60953
Q8WVY7,Q06455
P02778,P34932
P19086,Q9P2R6
Q96HE7,P29474
Q9UKL3,Q9P0L0
Q9HAT8,Q99075
P20336,Q9UL03
Q99741,Q13740
Q96CS4,Q9BXS5
P35998,P11171
P04070,P60660
Q9UGJ1,P62820
O60739,Q13351
Q5RKV6,O43439
O75604,O15297
P47804,O95503
Q9Y3E7,P23763
Q9UGJ1,P40222
P01160,P05156
O15455,Q96T60
P08311,P02708
Q9GZX9,Q5VWQ8
Q13571,P60660
Q9NVV5,Q9BUE0
Q9UNY4,P08247
P11831,P51817
Q9BSJ2,Q9NRG0
Q06828,P25800
P54920,Q9NQ25
Q9Y535,Q9UHB7
Q9NZN8,Q15389
Q9UBS0,Q08AG7
P16220,P19022
Q14011,P43250
P61586,P20701
O94874,Q13227
Q9H0E3,P46776
Q4G0J3,P25789
P37231,Q8IX03
Q9H582,O95278
P20618,Q13061
P31350,O43920
P05386,O75496
Q13009,O95977
Q8TAF3,Q9Y587
Q9P2D1,Q92574
Q96EF6,Q00534
P04198,Q6VY07
O75461,Q99459
Q9UQK1,P81133
Q5JVS0,Q9H4B6
Q8N4P2,Q12769
P78314,P37840
P54257,Q96AJ9
Q13113,P55060
Q9Y6W3,O15446
Q9BPX3,Q16825
P08238,Q96HS1
P15918,Q9NVF7
Q8WTW3,Q9P000
P51692,O43513
O96013,Q7Z6M2
O95793,P35221
P05156,P10809
P07101,P63000
Q92564,Q16695
Q16611,O60739
Q8IX03,Q13352
Q9NR55,Q9UNN5
Q13474,O94829
Q13464,Q9H7Z6
Q8WYR1,Q9BPZ7
Q9ULK4,Q8WW01
P09693,P12931
P17612,Q96LR5
Q92887,P51532
Q9P0U3,P56817
Q99828,Q9H2L5
Q05066,O00541
P51888,P16234
P04234,O14727
Q9NSA3,O75558
P54259,Q8TD46
P78346,O75448
P16885,P51684
P62753,Q07890
Q9P2Y5,Q9UJY4
P49767,P25685
Q9P000,Q8WU20
P51825,Q15466
Q96JB5,Q96F24
P11802,P20807
P62753,Q8NFH8
P48995,Q9H422
Q9UQK1,Q13873
P49768,P51843
P13693,O75525
P08476,Q7Z460
P31689,Q2NKX8
P23396,O00189
Q9NTG7,Q9NNW7
P30203,Q5W0Q7
P08754,O75688
P04070,Q96QT6
P30273,Q3ZCQ8
O60826,Q8TEC5
O43187,Q9Y383
Q8WV28,Q9Y5R8
Q92985,Q6WKZ4
O14599,P09913
P35241,P28069
P20783,Q9UPY8
P41146,Q8N3V7
Q9HAJ7,P48378
O95999,P16112
P24941,Q9UKA2
P06307,Q8N488
Q8TF42,Q9UPS6
O43364,Q9HAP6
P09326,Q15459
Q96HR3,Q9H4B6
Q9Y6Q6,Q9HAT0
P22830,P21980
P03951,Q14183
O75529,Q99567
P35611,Q9Y2I1
P17661,O75695
Q99497,Q14145
Q9UQC2,O95425
P05412,Q8WXH0
P42261,O14901
P32969,Q13322
P48553,Q9HC52
P30531,P32942
Q8NHG8,Q9Y243
Q13042,Q9Y4J8
O60756,Q99835
P63261,Q15386
O43293,P08754
Q96G25,Q15366
P49407,P29460
Q8TDU9,O14867
O00241,P55347
Q7Z412,Q96I34
O75112,Q7Z628
Q14168,P02675
P36404,Q07002
P49792,P20916
Q9NVR0,Q96B01
Q99836,P62081
Q9UBZ4,P27701
P10589,P05556
P84996,O60741
Q9NR33,P00736
Q9UI12,Q9Y2W2
Q9BVC4,Q6IAA8
P23025,Q92730
Q8IY92,A9UHW6
P18510,O95271
Q04864,Q66PJ3
P78318,P15172
Q9NVI1,O00273
O75694,Q9H0Y0
O75143,P11362
O75312,Q8TAG9
P49458,P61326
P02538,Q5VZM2
P18146,Q9H270
P40306,Q99459
Q09472,Q02080
P45985,Q14315
Q6PIJ6,Q9Y3U8
Q9BW61,A9UHW6
Q9UP52,Q9H9E1
Q9NS28,Q9H816
P52735,P01583
O75369,P55735
P68543,P51532
P02686,P62873
Q14241,Q9P2W9
O75478,P01241
P10588,O15400
O95704,P53350
P49354,P49750
Q96AH0,Q8TD31
P51812,Q702N8
P30203,P55273
P01034,Q12778
Q8NFD5,Q07325
Q13319,O60488
Q9UKT9,Q5VTB9
Q9H832,Q9HBE1
P07858,P30086
Q8IWZ6,Q9BV36
P26583,Q99835
Q76L83,P51172
O60894,Q8TAP6
Q13241,Q96PF2
Q07666,Q8TEU7
Q9GZZ9,Q8N2W9
Q9Y6N9,P36578
O43432,Q9BWC9
Q96JH7,Q9ULR0
Q09013,P52790
Q9NPH3,O15297
Q16548,P02647
P30279,O14662
Q53GL0,Q9H816
O00623,Q9Y5P8
Q9UQR0,Q9H410
P31994,Q9UMX0
Q99836,P07947
P09496,Q9BZD4
P49841,P19174
Q96A72,P17480
P62508,O15205
Q9Y6W3,Q9UQK1
P16234,Q86UP2
Q9H0E2,P50995
P02760,Q9C0J8
P08238,P19404
Q15750,Q0VG06
O75586,Q9P2M7
O43852,P51787
O43236,P20916
Q8NHZ8,O75531
Q06481,O75934
Q9BRB3,Q9H0W5
Q15542,Q9UNN8
P07766,P41273
Q14118,P62328
O00206,Q7Z6A9
O95218,Q5T1R4
Q12906,P20810
P39019,Q00872
P08519,Q15643
Q9BZE9,Q14151
Q9Y261,P32780
Q96S44,Q9H2L5
Q92696,O00303
Q13310,Q9NP97
Q13501,O94927
P62273,P10589
P33076,Q92608
Q68CZ2,Q9P0W2
P29622,Q00536
P13611,Q7Z7C8
P31629,Q15633
Q8TDU9,Q99719
Q9NY93,Q8TDD1
Q9P0R6,P28072
Q7Z6J0,O95704
Q9Y6K9,O43745
Q8IZJ1,Q9H6R0
P51571,Q13492
O95677,O60583
P45984,P23469
P14635,P41252
Q15393,Q96G21
P25789,Q92917
Q9H9E3,Q13618
Q14CW9,P15880
Q8TEB1,Q15744
O15519,Q5T1R4
O15399,P19838
Q99727,Q15311
Q14168,Q6NWY9
P10147,Q15025
Q13474,P63027
P50570,Q07889
Q7L5D6,Q00987
Q14151,O60762
P30531,Q9H4B6
O00487,P10398
P48556,Q14168
Q99593,Q96FV9
P62714,P98077
Q96II8,Q9UKA2
Q14764,P61077
Q9Y376,P19404
Q93096,P45984
Q14004,Q4G0F5
Q96P70,P11474
Q7Z628,P22681
Q15080,Q13507
Q9UQR0,Q06830
P43235,Q86X29
Q13115,O95336
P57739,O00463
O00273,Q15327
O94782,Q9UKT4
P08603,Q13546
Q29983,Q96EK5
P34130,Q5U5X0
Q9NR12,Q71U36
Q9H211,O95704
Q6GTX8,O60488
Q4LE39,Q8TAG9
O43156,Q96BR1
Q86YV9,Q8IWZ8
P61244,P41212
Q9Y678,Q15154
P04406,P13760
Q13625,O15350
P06734,P08684
Q5T2W1,P41238
Q16478,Q9UL63
O60763,P43146
O60759,P27361
Q63ZY3,O95373
Q96JM3,O14948
Q8IYJ3,P16157
P68104,Q92574
O15211,Q9HCS4
Q9H9C1,Q8NB91
P01130,Q9H832
O15169,O95602
P22301,Q9BZW8
P49721,Q9UL63
Q9BSJ2,P23763
Q7L804,Q9Y343
Q8IZP0,O00626
Q93052,Q13409
O94952,P60660
P48552,Q9HBE1
Q12929,P49116
P51668,O14594
Q13239,O94817
Q9BXS5,O95319
Q15555,P14923
Q9UBZ9,Q96FV9
P42226,Q8TEW0
O96020,P62316
Q68CP9,P30989
P54727,P31350
P50748,Q9NRG4
P51531,Q53HV7
Q96RU2,Q9UHB4
Q86VN1,Q9UBU7
Q9NQG5,Q8TEL6
Q9UKK6,P21580
Q9NWB6,Q14151
Q08722,Q9UKB1
Q53TQ3,P32245
P01189,Q96NE9
Q9UBK9,O95831
P18827,Q8WVM7
P02538,O43670
P02746,O14544
O15392,Q8N9N5
P37088,Q9H8V3
P54727,Q5T4F4
P69905,O60885
P11233,Q8NF50
P36896,Q12824
Q99640,Q92608
Q14103,O43187
Q9H074,P26373
P54198,P30305
O60216,P38159
Q96DI7,Q02223
Q9H9Q2,Q8WVM7
Q9UIV1,Q9NT62
O95819,P32246
Q969P0,Q8WVC0
Q8WXF1,O43502
Q12824,P32246
P61962,Q15386
O14625,P38606
P23467,Q14C86
O75817,P33552
P08151,Q05639
P48357,Q13291
Q16533,Q5QJE6
Q8WZ42,P05230
O60500,Q9HAQ2
P22059,O14958
O75396,Q96IF1
P19883,O75326
P12830,Q9P2D0
P29466,Q86UN6
P12081,Q71SY5
P31994,P25054
Q9UJM3,O95630
Q9Y2X8,Q16659
Q99933,P32780
Q68CP9,Q92917
Q96PM5,Q9HAU4
O75817,Q6ICG6
P49910,Q9BWW4
P46734,Q9Y6E0
P62979,Q9H3S7
P06307,P35579
Q9H267,O00628
O75147,Q06455
P31150,O00287
P51813,P50281
O60610,P42025
Q9Y275,O75695
P14555,Q14145
O96013,Q9NZN9
Q8N4C6,Q9H469
Q9UL25,Q99996
Q9BSJ2,Q9UQ35
P20783,Q4AC94
P13671,Q96F24
P25490,P21675
P30279,Q9UHB4
O75335,P16284
P17544,O75554
Q9Y5Q3,P49458
P25490,Q14155
P08603,Q3KNV8
P31483,Q9BW61
Q8WW01,Q13643
Q9Y265,P18031
Q15796,Q9HD26
Q15109,Q9Y239
Q8NI36,P00533
P22570,P02741
Q14444,P54132
P62312,Q2M1K9
P46976,P51825
P28062,P06756
Q9Y383,P13612
Q9NPF5,Q9HBH7
Q9BSL1,P06454
P16035,Q9UMZ2
Q9H074,P49591
Q86XK2,P02708
Q8TEC5,P0C1Z6
P31689,Q9P104
P04049,Q00975
P52565,Q9GZN8
P04070,P02774
Q9ULC4,Q7Z4S6
P22301,Q14289
Q02363,P55010
Q8WVM8,Q12934
O43852,P81274
Q15075,Q99748
Q9H9Y6,O95319
P08603,O15116
P04792,O75368
O60716,Q92519
Q08117,Q06413
Q9H2K2,O95758
Q07912,Q8N6Y0
O95477,P09913
O94889,P26374
P07737,Q96C03
O96013,P02745
Q13113,O14979
P31689,P55347
P13010,Q9H816
Q96SW2,Q9P2F5
Q86VP1,P59998
P57796,A5YKK6
O95235,Q07912
O14965,Q12934
O60568,Q9UKI2
O60481,Q9HAJ7
P39019,Q15172
P33151,Q00688
P61244,O14770
Q12913,Q9H2D6
P19532,Q9Y698
Q8TBZ3,Q15311
Q9UBW7,P35228
Q8IZQ8,P50151
Q00577,Q9NS75
Q13043,O43196
Q8NFH4,Q13277
P54198,Q9BTV7
Q15080,Q8WVM7
Q06546,P46531
P25774,P42081
Q13131,Q9UBY9
Q9Y478,Q6GQQ9
Q13535,P49815
Q8N668,P60520
Q9BQA1,Q6PI26
P54284,Q9NR77
P25103,Q8TCJ0
Q6NZY4,O43681
Q9NRW1,Q96JH7
Q16890,Q99814
Q9NX47,P39023
P62906,Q9H816
O14497,Q00722
O75112,P00736
P18621,Q4LE39
Q8WXF1,P26373
Q9UH77,P41273
P30531,P18084
Q8WVJ9,Q8WZ42
P00492,O75494
Q06828,P19256
O75914,Q92747
P02654,P55347
Q6GQQ9,Q9UL46
P36542,P78318
Q8WX93,P54646
P52594,Q9Y2R2
P52948,O75334
Q96JN8,P00748
P62324,Q15831
Q9P246,Q9UPY3
O00148,Q8NHL6
O15511,P98160
Q9H3Z4,P18075
Q9UMX0,Q9Y219
Q9HD67,Q6FI81
P20339,P15941
P17096,P25787
P32121,P54578
P29992,O75330
Q9C0J8,P04085
P20339,Q92556
Q12789,A8K8P3
Q92673,P06734
P30086,Q13200
Q9NQ48,Q8NCQ7
P42704,P14780
Q6N043,O15144
O95967,Q8IY92
A2RRP1,Q15404
P00167,Q9Y279
P25705,Q8WW01
P29322,Q86US8
P60520,P18510
Q9UHB6,P35998
Q0VDD7,P0C0S5
P11047,Q96QV1
P54252,P07237
Q9BXB1,Q08752
Q9BRD0,Q16666
Q93052,O43663
Q96BH1,Q92800
P30086,Q86WX3
P06241,P56279
P61962,Q14112
O60285,P30153
Q9H257,Q03518
Q6GQQ9,P51149
P20645,P50402
Q14677,A0AVT1
P62380,Q02548
Q9NVP2,Q9NZU7
Q9UI12,Q9NZD8
Q8TD08,Q13478
P09455,P04070
Q16555,Q9BY77
Q96A72,P56537
O00308,O94941
Q02224,Q9GZT9
O00429,O75525
P48378,Q19AV6
Q15475,P11216
O14578,O43236
P27448,P01019
P07900,O15392
P01106,P49715
Q15366,Q15365
P19388,P14678
P40123,Q07352
Q9Y6N9,Q96LD8
Q96J02,Q96IZ0
P29460,O95343
Q9UM07,P51608
Q7RTV0,P36405
Q9NTX7,Q8IXH7
Q6UB99,Q5RKV6
Q9C0K7,Q8NFJ9
P24588,Q96QF0
Q14155,P07093
Q8WXF8,Q9Y2Y1
P09661,O75334
P40227,P51843
P02760,P55884
Q16394,P18621
Q9H0W8,O60762
Q06265,Q9NP64
Q8NBW4,Q9HD67
Q9UI14,Q9P0L0
Q86X55,Q9H6U6
Q96S59,Q86U86
P61626,P49458
O94907,Q8WWW8
Q13042,Q96D31
P10144,Q16828
Q9UBV8,Q07820
O60264,O95405
P49796,P62195
P30048,Q8IY18
Q15746,P48730
Q969P0,P17542
P17661,Q9UK58
O95460,P78364
P41182,Q9H6Z4
P02538,Q16613
Q01718,Q8N201
Q13884,P36941
Q9UBB5,Q15811
Q8IZJ6,P55060
O95460,Q96BH1
Q92796,P23582
Q99626,Q6WKZ4
O95600,Q9H3P2
O00198,O14492
Q13637,Q92673
Q9UJX4,P23511
Q8WWN9,Q99075
Q6QNY1,P13569
P19447,Q9Y3M2
P48556,P49760
P08238,Q71F23
O15116,Q06413
Q86UE8,Q8IY31
Q01638,Q03431
Q8WUF5,O15018
Q9Y5Y5,Q9UIF7
Q9Y587,P85037
Q7L190,Q9UHN1
O15212,Q14790
P41091,Q8WYJ6
Q9NP97,Q92777
Q9P2B4,P17600
Q7RTN6,Q9BTW9
O95544,P56279
Q9NVD7,Q9Y5B0
P54578,P10155
P17936,P08574
P37173,Q6PH81
P51946,P42166
Q12982,Q5T5C0
Q13402,P05771
P50616,P03973
Q9Y6Q5,P41217
P17096,Q7Z6M2
Q66PJ3,O95163
P62324,P78543
Q12841,P40939
P68104,P81133
Q7L5D6,Q9UHP3
P78362,Q6ZW49
P18887,P21860
Q13113,P46736
P60903,Q9UJW3
Q9Y6Q5,Q13505
O95477,Q9H8S9
Q9BXL5,O95967
P31785,P20807
P10619,Q9UHV2
Q15459,P49750
Q03519,Q9NPC6
O43680,P63010
Q96JN8,Q8NFH8
P04792,O75170
P07204,Q14204
Q8NI27,Q9UNK0
P23510,Q9UNN8
Q14749,P01303
Q9BW71,P30050
O43896,Q92793
P45379,Q9P246
O15287,Q9BWU0
P29350,Q6NYC1
P11474,P51957
Q9P2Y5,Q8IU81
Q9Y5K6,Q7L804
Q33E94,Q96EB1
Q5VVQ6,P31150
Q15696,P45379
Q9BS18,Q6ZRS2
O75323,P41212
Q8N196,Q9H161
P00374,P32239
O60684,P20585
P29459,O95210
O43680,O43379
P27448,Q14315
P31689,P46087
P48357,P50914
Q14511,P29320
P61952,P12272
Q13443,Q9P2G9
P35609,Q9UBU7
Q9BT67,Q71DI3
P42704,O95243
Q5T6S3,Q6PI26
Q5T4W7,P20618
O14646,Q16849
P16871,Q9NPI8
P50747,Q9HCS4
Q5T5C0,Q68CZ2
Q9H446,Q13523
Q9NRW7,Q9H211
Q14974,Q5JVS0
P62263,P25103
P21802,Q9UL03
P05160,O94889
P05386,Q8IY18
Q15120,P59768
P01034,Q9Y4J8
Q9GZR2,Q9UHB7
O75144,Q9UK58
P54619,P02654
P26842,P02760
Q96D46,Q99661
P16860,Q9NQ66
Q15834,Q9NRD1
P40222,Q99942
P61604,Q1KMD3
O15027,P00533
Q92754,Q15788
P38919,Q9GZX5
P49721,Q96HR8
P51808,Q9NZN3
P41146,P35670
Q9BRB3,Q7Z6A9
P60880,P30876
Q8WU17,P42025
O75461,O75330
P08246,O60869
Q9HAP2,O76075
P15863,O75884
Q99623,Q92530
Q99496,P15170
Q8WU20,P16949
O15126,O75164
Q8NFH4,O94972
P61081,O75817
P43630,Q9P287
Q2QGD7,P68363
Q9NUU7,Q9GZZ9
P09629,P23396
Q14CW9,Q9H4P4
O75179,P30499
Q15762,Q5T6S3
Q9NX47,Q99584
Q01892,Q9H0Y0
Q08999,O76064
Q9UKW4,P81274
P19320,P23945
Q8IX90,Q93008
P54368,P46736
P31483,Q8TAM1
P84022,Q71DI3
O60683,P02747
O00232,Q08397
Q96S55,Q53EL6
Q13438,Q9GZR2
Q13239,Q9Y239
Q13888,Q8IUQ4
P01024,Q15485
P30049,Q8N5R6
O95644,Q13492
Q9HCN4,Q9UBR4
O95831,P51170
P29353,Q2M1K9
P08235,P23511
P43403,P14770
Q9BQA1,P42226
Q08050,P51843
Q13740,P29375
Q12816,Q01844
P00748,P10515
Q01201,P02538
P61925,Q7L0Q8
Q9NX70,P00451
Q9UMZ2,Q8TCJ0
Q9BUB5,O75509
P49761,Q9UIV1
Q16611,Q9Y535
P49336,O94813
Q96GG9,P01130
Q9P2M1,O95613
O75363,Q14643
Q13480,Q13351
O95235,O75164
P26641,Q9BWN1
Q9BXM7,P12272
P16112,Q7Z3B3
O15553,Q13509
P09683,Q15389
P14859,Q8IVH8
Q9BYE7,Q96H20
Q9Y570,Q8TCJ0
Q16739,Q8IZH2
Q9Y2X8,P26599
P62249,Q9HCE7
Q96KJ9,Q92538
Q9Y2Y1,O75884
Q8TF40,Q8IYF3
P35398,Q8TEB1
Q9H0R8,P61619
P54920,Q9BUN8
O15371,Q7Z4I7
Q9NZ94,P51531
Q96T76,P78371
Q49AN0,Q13155
Q13557,Q9H1R3
Q96G25,P42261
Q8TEY7,P20339
P15923,P17812
P80098,O75170
Q00653,Q15833
Q9NRH3,Q9ULW0
Q15311,Q9H553
Q9ULZ3,Q9BW27
P57775,Q07960
P33076,Q01518
P06702,P23763
P54259,Q15386
O43566,Q7Z406
Q9NZU7,Q9UIB8
P08700,O43379
Q9NZL4,O00401
Q04917,P11387
Q96E09,Q14289
P49354,Q16825
Q9NV44,Q12996
P14653,P23763
Q86YT6,Q9UJW3
Q08379,P01040
Q8TDB6,Q08345
P13725,P67809
P51553,P10747
Q9BU64,O76075
O15126,P02765
P12272,Q9UKA2
Q14738,Q8WXH0
Q9UKT5,Q8WWW8
O95402,P08138
Q15485,Q09472
P35611,P16109
Q01638,Q9P2D0
O75529,Q9Y6J9
Q01518,P81133
Q15582,Q86UT5
P38646,O14543
Q5H9F3,P55010
P10644,Q9NP97
P13671,Q4LE39
O95271,Q13185
Q13651,O94905
Q13107,P07550
O15287,P00519
O94763,P32302
P07225,Q8TAT6
Q9H840,Q9H0D6
P30273,Q9H2S9
P18846,Q8TEU7
P62195,Q9NWS0
Q7Z6J0,Q674X7
Q13642,Q03933
Q9Y2U5,Q6GQQ9
P35858,Q8NEM0
Q13362,P22307
O43396,Q13555
Q9BZE9,P11234
P43026,Q9Y2A7
P33681,Q9BY84
Q9UHV7,P55060
Q9UKV3,O14654
Q9NZM3,P16284
P18146,Q9P2M7
O95278,Q96L73
Q9UBQ5,Q8N1L9
P36956,Q14566
Q9NV92,O15116
O14796,P61020
Q15543,Q16082
P23760,P05388
P10147,Q9NPD8
P55060,Q8IUC6
O43745,P60903
Q01718,Q9NRY2
P51790,Q96BR1
O14939,Q9UKS6
P49768,Q99598
P68106,Q9UPS6
P09467,O43815
P46976,P27448
Q02156,Q86XK2
Q12996,Q9UQE7
Q8IXI2,P11177
P01135,Q92889
Q9NW38,P25116
P02741,Q8NB12
P20333,Q92783
P16157,P51677
Q8N5H7,P09086
O00585,Q14151
Q01081,Q14296
P25208,P68402
Q14669,Q15365
O43184,Q9UQC2
P62070,P39905
Q9H9F9,O75170
Q9NSC5,P12757
O43663,O15297
Q99871,P05546
P15884,Q4VCS5
Q9HBW0,P18428
O95487,Q96FW1
P51398,P52799
P09651,Q8N3X1
P01374,Q15388
P04083,O14544
P21817,Q9H0U4
P19338,Q15796
O60486,P01579
Q8IWU2,P10909
Q92574,P42224
P12980,Q02548
Q6WKZ4,Q8IWI9
Q8IZH2,O94966
P62906,Q9HD42
P0C2W1,Q12778
P04080,O60885
Q13492,O75969
P10147,Q6NUQ1
Q13347,Q9UJY4
O95235,Q6ZYL4
P01031,P42025
Q13905,Q9P209
Q9NWF9,Q12873
P54132,Q16623
P01588,O75530
Q96BD5,Q08379
Q96IV0,Q13761
P15531,Q8N9N5
Q99848,O75489
P04070,P61586
P48507,P25800
O00220,P27824
Q9UGL1,P23468
P28324,Q92917
P22314,Q9Y2U8
Q86Y91,P45984
P27487,Q4VX76
P26842,O95628
P40616,Q16613
Q4G0J3,O75334
Q03135,P35555
O60262,O15550
Q9H5I1,Q9NR55
Q92529,Q4AC94
Q92558,Q7L2J0
P61020,Q13936
O94915,Q13509
P08238,P11362
Q96T23,Q9UBI1
Q92529,P60660
P13056,Q8N5H7
P31371,Q12959
Q96KR1,Q9UNE0
Q9H2X0,P06241
Q02080,Q9NSK0
P01374,P41743
O76003,Q96Q42
P35613,Q12834
Q15303,P30533
P20618,P49959
O75689,Q8WUA4
P43364,O95433
O15527,P15813
Q9H7Z6,Q9UNS1
P33991,Q9NNX6
P08311,Q86SQ0
Q04864,Q8TAD8
Q14257,P21802
Q8IUH3,Q86VQ0
O75947,Q13351
P26010,P02765
Q9BQ15,Q9Y2S7
Q9BRK5,O00287
P28074,O14511
Q9UKK6,O43683
Q9NV56,P48167
P02760,Q9UGJ1
Q9C026,O00273
P35613,P19388
Q6NYC8,Q6NYC1
O00124,P24723
O60941,P52435
Q9Y4E8,Q15459
Q9ULC4,Q9C0J8
Q01970,Q9UP52
P08151,Q15642
Q9UJU6,Q14204
P17844,Q9BZK7
Q8WV41,Q9Y3C6
P24001,P06881
Q9Y692,Q06830
P29373,Q9P2N7
Q9P0U4,P30203
P17861,P06702
Q07352,Q9UMZ2
O00186,Q9H175
Q12834,Q19AV6
P32302,Q15599
Q12947,P00519
P61289,Q8WVB6
Q8WUM0,Q15404
P02792,O60756
Q9GZX5,Q12769
P23560,O75335
P13598,O15084
Q15762,P81274
Q9Y248,Q9NWA0
Q9NPI6,Q15361
P02746,O00291
P62166,Q5T9L3
Q7LG56,P25116
P55327,P43628
Q9Y5V3,Q9NQ29
Q9NWT6,Q9UJY5
Q5H9F3,O14920
P27815,Q92793
Q9NQH7,Q9BW61
P13611,Q96KQ4
P15408,O14497
P51532,Q9H6Z4
Q92599,P62380
P25705,O95704
Q99700,Q96SW2
O75865,P54725
P51677,P34998
Q13425,P09884
O00232,Q9UNN5
Q6UB99,Q9UPT9
Q13884,Q9UHV7
Q8IYD8,P55055
P45379,Q6PJG6
Q13239,Q8NHM5
P78556,Q12802
P05112,P46019
P35858,Q7Z494
Q9H2L5,O96028
Q15466,O95573
Q8WYK2,Q13608
Q8IZQ8,P42261
Q02487,Q9NVR7
Q9Y5T5,O95977
P14373,Q13485
Q9HBW0,Q05048
Q8NHM5,Q13155
Q9H160,Q9NWS0
P43246,Q86XL3
Q8NE01,Q02224
P63261,P22307
P07225,Q9H492
P43351,P32780
Q92870,Q8NB46
Q7LG56,P08514
O76003,Q8WVY7
P05112,O00244
O95376,Q8WV28
Q9NX47,O75663
P84103,Q99835
Q9UNE7,Q8WWW8
O75962,O60231
O75586,Q8WYR1
P07093,P25815
P51610,Q92870
Q9C0C2,O00592
Q9H2S9,Q00975
O75431,O95249
P15531,Q9BSB4
P54105,Q14BN4
Q9UBE8,P98164
Q96S44,Q8WXH0
P53990,Q99075
Q9UN37,O75182
Q15528,Q13114
Q14691,Q9Y5J7
Q9UKY1,O43482
Q96KP1,Q8NCQ7
Q02447,P08588
Q8TBZ3,Q9UL46
Q8WX92,Q9NVP1
Q9H0W5,Q9BPZ3
Q9HBI1,Q9P0U3
P61204,O94905
P41161,P38432
P84077,P49682
P49767,P48730
O43927,Q15700
Q02363,Q9HB90
Q92599,Q09019
Q9NSC5,O95714
Q9UQN3,Q92888
P35869,P55055
P25490,Q13478
P30531,O94941
Q04637,Q6NYC1
O15211,P06748
O14950,P54098
Q9Y5B8,P0CG47
Q05193,P30876
Q9BST9,Q14114
Q5RKV6,Q86U86
Q8N531,Q53EL6
O43396,O95163
Q9P2J5,Q8WWN9
P31273,Q9HD42
P29375,Q96BR1
P08047,P41217
P50570,O95429
Q14181,Q9NVP1
Q6VVB1,P61326
P15153,P20936
Q9NUU7,P06702
O96011,Q9ULT6
O94907,Q07890
Q14112,Q5TD97
Q6PCD5,Q9UBT6
O75914,Q96MH2
O95835,P62993
Q9ULG1,P20807
P07333,P12980
P78346,Q8N4P2
P31689,Q9H8V3
Q99075,P01375
P19438,Q14289
Q92499,O60437
Q15019,Q8IZH2
O60262,O75884
Q9P0L2,Q9Y2J2
P41180,Q96D31
P43630,P15408
Q9Y618,P27348
Q99467,Q96EB6
P05231,P42081
P63279,P27361
Q9NZV8,Q93096
P48556,Q5VTR2
Q8TES7,P19387
Q9NQX5,Q12905
Q9P2J5,P41279
Q96RU7,P56817
Q93034,Q9NR50
O15164,Q14197
O14625,O75312
P05231,Q8ND25
P42229,Q9NWT8
P62081,Q8N4P2
P04075,Q96N96
P05161,Q9H015
Q9UHD9,Q13526
O60238,Q9H269
O43752,Q8WXH0
Q15406,Q9H1D0
Q09019,Q14296
P28715,Q7L591
P51149,O14641
P15336,P36542
Q4KMQ1,P45379
Q8N3F8,P0C1Z6
Q9P2M1,Q15532
Q09028,Q13087
O43255,Q66PJ3
Q15915,P18433
Q96FW1,P49815
P62314,Q8IVI9
P15863,Q9UBV8
Q13402,P22736
Q96QG7,Q9Y2I1
Q9UQF2,O15527
P11233,P05108
Q96QH2,P23297
Q96AY2,Q03518
Q8NBW4,Q93096
P78362,Q9HAP6
Q13797,Q13884
Q99700,P30101
Q96BD8,P51149
Q96IT1,O00124
P20337,O75030
Q15796,Q15389
P14316,P22223
O95831,O43251
Q16611,P09668
P35225,Q0VDD7
Q04721,P05556
Q9UQK1,P12268
Q9Y4Z0,O75695
P53611,Q13002
O95477,P55001
Q9NTJ3,Q15365
P33681,P20701
Q12913,Q9HD26
Q8WVB6,Q9HB90
Q9H1R3,P25189
Q9BZI7,Q01167
P32942,P28347
Q9Y265,O15211
Q9BW83,Q8TAM1
Q93063,P63000
Q9UL62,Q9Y2Y9
O60762,Q92796
P34130,P06748
P43489,P13569
P52735,P27361
O75144,Q92574
P01857,Q9UIG0
P15880,Q9UKS6
Q9ULT6,O14649
Q16401,O00300
P01111,Q86UN6
P31689,Q9BY43
Q9Y244,Q92570
P18077,P23634
P52434,O75791
P29992,O75410
Q92854,P01160
O15018,Q9UBY0
Q9NQ66,Q71U36
O95197,O43432
P46087,Q16644
P20594,Q9NPF7
O15503,P22460
P07093,Q96AP0
Q9UJT2,Q9BXW9
P36542,Q9HBE1
P43357,Q7Z6M1
Q9UKK6,Q15388
P20339,Q14112
P26651,Q9UBY9
Q9BQY4,P50213
P19838,P30499
P42224,P20023
Q8TAF3,Q9Y6J9
P49238,Q15389
Q9BZI7,Q08999
P56545,P19838
P43005,P31949
P02749,Q13427
O60884,Q8NCQ7
Q9HB21,Q15327
Q14168,Q9Y2D8
Q14194,P08962
P08069,Q6PH81
P34741,Q96NE9
Q14242,Q9BYM8
Q9Y5Y5,Q9UJW0
Q15582,Q9Y6D9
P61587,Q9NXV2
Q8NI27,O43683
O60825,Q9BRK5
O43292,O43663
Q9BVA0,Q9UNY4
P29376,O43681
Q16739,O75955
P33151,O95785
P07737,Q8N5I2
Q9ULM6,Q96CW1
Q9H4I2,P00533
Q9Y3I1,P62906
P14770,Q92851
P01135,P01584
Q99576,P62508
P61457,O75717
P53567,Q92851
O43913,O00762
P51965,Q9BQ95
O94842,Q9NQB0
Q13873,Q96J02
O75618,Q9UIU6
Q9UI09,O43292
Q9UHL9,P02538
Q9Y2U8,Q9UHN1
Q53ET0,Q9UL63
O15264,P13987
Q06124,O60880
O00522,P06756
P62487,P50461
Q6IN85,O14893
P16619,P29376
P11142,P26717
P42574,Q9NP64
O15169,Q14764
Q13303,P32942
P20719,Q9ULM6
O94874,Q86YM7
Q9NRG4,Q92673
Q6PIL6,O15265
P31749,Q9NPF4
O75197,Q9NPY3
Q9NUG6,Q6NYC1
Q14161,A7MCY6
P23467,Q9ULC4
O14746,Q9UL63
Q8NFH4,P49736
Q5T2W1,Q9BZD4
P61764,Q04756
Q7Z4I7,P06881
O43583,Q9H4I2
Q06828,P05108
P39019,Q14739
P0CG13,Q9UBI1
A0JLT2,Q12873
P78346,Q15366
P11532,P15880
O60645,Q99972
Q9UHQ4,P35237
O14893,P17342
P14324,Q92854
O75694,Q86WV1
P62312,Q86UP2
O15018,Q9Y2D8
Q12815,P61619
Q9H9Q4,Q9BQG0
P01563,P53365
Q99615,Q92542
P05231,Q9NPC6
Q9BUL9,O75807
P05787,P81274
P33151,Q49AN0
Q9Y215,P11233
Q96EV8,P19838
Q02413,Q9NX24
Q8NHG8,Q12959
O95319,Q9UMD9
P33681,P22460
P17936,P50553
Q9UPM8,P45984
P02763,P35269
P09486,Q13418
P02679,P36578
P36957,Q15388
P37108,Q99547
Q9UL18,Q8TDX7
P22830,P67809
Q8TEK3,Q96EP0
P09874,P84243
Q14315,O43293
Q9UHL9,P36402
P28324,Q13546
Q9H2K2,Q9UQQ2
Q9P246,Q6UXN9
Q8IYD8,Q9BPZ3
Q06124,Q99814
P05161,P22460
P28328,Q9NZD8
Q29RF7,Q9NS00
P32780,P17152
P78556,Q9UNN8
Q14674,P35244
P46976,Q9NPC6
Q9P0R6,P19838
Q15785,Q15120
P01730,O95163
Q99689,P61204
Q9UPY6,O95977
Q12815,P46736
Q9Y6D6,Q03933
O15265,O75962
Q9BRK4,Q9BXL8
Q15633,Q4LE39
Q9UBF8,Q06587
Q9HAP2,O95197
P07858,O95613
Q01892,P17655
Q13422,Q9HCS7
Q12815,P37023
Q9Y679,P21953
Q9NZN8,Q58A45
P68543,P53999
P33032,Q92564
Q92785,O00757
Q9NYJ8,P08575
Q14524,P30050
Q9UBP6,Q8TD31
Q9UBU7,Q9Y376
P40222,Q9Y5B0
Q9Y6R0,Q8WWW8
Q9UBS5,Q9H9E3
P13056,O95163
P06703,Q6ZYL4
P06702,P30153
P20719,Q96F24
P31153,P14373
P06734,Q6S5L8
P49427,P31994
P55072,Q9UQB8
P35613,Q9Y281
O14802,P22307
Q9UBZ9,P26441
Q5PRF9,Q9NPH3
Q08043,Q86SE9
Q9ULZ2,Q5VWG9
Q16666,Q15386
P01019,Q16828
Q14789,O14654
P31689,Q15361
Q9NP84,Q9BWU0
P31930,Q13643
O95405,P10398
P58753,P80098
Q9UER7,P61925
P08514,Q99418
Q15942,Q9HBH7
O94889,Q9HC98
Q99741,P62820
O14733,Q9UMZ2
Q6VMQ6,Q6N043
Q9UMX0,Q92793
P60228,P18084
O14599,P37088
Q9UJX2,Q7Z4G1
Q9C0C4,Q8NEM2
Q8WZ42,P20827
Q9NRD1,O00522
P15374,Q9Y3C6
Q01105,Q6W2J9
Q9Y2Y0,P19404
P10114,Q9UK41
P16860,Q9BW83
Q9HBI0,Q9P2R6
P21453,O00626
Q8N531,P85037
Q8NBT2,Q9UBD5
P61956,Q719I0
O00148,O95336
Q6AHZ1,P21802
P01563,P62736
Q9H0D6,P63241
Q14691,P29474
Q9H1K1,O95758
P08581,Q9H334
Q15013,O15297
Q13596,Q8IWZ3
Q96RU7,Q14BN4
Q13614,Q07960
O00487,Q9H160
Q06587,Q9BRQ0
Q9NPH3,O95257
Q9BZL4,P26715
P25205,Q9UIB8
P60866,Q02930
P49642,Q15311
O43488,Q9UM54
Q6P2E9,P50553
Q8IWZ3,P48061
O43292,Q15406
P01040,Q9Y2R2
Q5VWG9,Q96F07
O00512,Q8WVK2
P53999,P22223
Q5VST9,P19532
O14497,Q12802
Q15022,Q9BYG3
Q16665,Q9BX63
Q9UNF0,Q9Y3M2
P17813,O95573
Q8TDR0,Q9H0W8
P20702,Q6NZY7
P12081,Q9NVR7
Q9BXL7,Q9NP97
O00418,Q14814
P46736,Q9HBZ2
Q9UI36,P49848
P43699,O43427
Q8NBW4,P40939
Q9UKK6,Q8NF91
P61020,Q6SPF0
P11912,P26010
Q13586,Q9BSJ2
O15400,O43933
P08047,Q96A72
Q14691,Q9NQY0
Q9UPW8,P11166
Q93096,O14948
Q14152,Q9Y3R0
P08581,P12314
P31321,P68871
Q16555,Q9Y2V7
Q13438,Q9NVF7
Q9H0R8,Q70IA6
Q9UGJ0,Q8WVB6
Q7Z4I7,Q13404
P06307,Q5T1R4
Q96G21,P62875
Q9Y6M7,P18031
Q08752,Q8WVC0
Q9NYG5,Q9BU61
Q14185,Q8NFZ5
P09455,Q9Y2V3
P22681,Q99466
Q99836,P40429
Q9NPG3,P63010
Q15555,Q92781
P27815,O14979
Q8NAV1,Q969T9
P17980,Q13233
Q9UL46,P35557
P17181,P00533
Q14451,P26367
Q5T4F4,O00626
P14373,Q9NQ94
Q702N8,Q96FJ2
Q16548,Q8NHM5
Q16890,Q9NP64
Q15653,Q9UHB7
P15923,Q96CS4
P02747,Q9UM54
Q13573,Q9NRF2
Q9HBM6,Q9UBF1
Q12789,Q99952
Q9H4L5,P09913
Q14241,P38117
P78413,Q92540
Q14691,P10109
Q70CQ1,P31314
O00300,Q9H0M0
Q9UNE0,Q12967
Q9UPZ3,Q15723
P04075,P81408
P19256,Q4AC94
P15153,P17342
P57775,Q9UJY5
P36404,Q9P2W3
Q14994,P32780
P78314,Q9UGK8
Q86YC2,Q8TEW0
P54257,P00451
O14625,P63220
Q96EK4,O95967
P52655,Q9UBU7
Q9UHD1,Q9BW11
O43566,Q12802
P20339,O60674
P30990,P60484
Q15596,P63220
Q14765,P14778
P07355,Q96MF7
P22223,Q8N1E6
Q9Y6K9,Q9BZD4
Q96EB6,Q9UK53
P37088,P20042
P43146,Q96NY9
Q92887,P10747
P23258,Q07890
Q7L2E3,Q9NZC9
P49795,Q6PJG6
Q96E14,Q9Y281
Q9H4H8,P49789
P05160,P17535
Q7Z628,O75956
Q14103,P09382
Q9Y6R0,Q8IUH3
O43852,P54368
P37023,P61925
Q14194,Q86WX3
Q9H2K2,P41180
P05109,O00308
Q01844,O14958
P38398,P53365
O43583,P83436
P55854,Q96AX1
Q8NHY5,Q8NB46
P10646,O95400
Q92538,O95243
Q00975,P30533
Q9H4L5,O95503
O15400,P55317
Q15119,P15090
Q15650,P09493
P24863,Q96B26
Q6ZYL4,Q9H254
P30273,Q13571
Q13472,Q12873
O95373,P30153
Q9NRR4,O75928
Q9H4L5,Q9H4B4
Q5JQC9,O00141
Q9H5V7,Q9UBR4
Q07889,P08684
P02778,O00189
P05412,P02730
P36402,Q14232
Q16513,Q99962
Q9UJX4,P61201
Q92535,Q9H0E3
O94921,Q9P287
Q6ZRV2,P02792
Q12923,P05771
P51587,P39748
P78357,P45880
Q9NVD7,P40937
Q9NZL6,Q15389
O14613,P01730
Q71F23,Q96MH2
Q15173,Q9UKB1
P01111,P25942
P41236,Q92925
O00548,P51532
Q5VZM2,Q9NQP4
Q9P2W3,Q99584
Q13554,Q96MH2
Q13625,Q9BU64
Q8NHZ8,Q99700
P78352,Q8N5R6
Q9UGJ1,Q9Y6A5
Q12860,Q15404
Q6IN85,P07998
P30542,Q9UGI9
Q13952,P53365
P0CG47,Q9UL63
Q8TCG1,P55795
Q16650,O60885
Q9BUQ8,P98164
Q07352,Q19AV6
P43364,Q9GZV8
P35241,O96019
Q12888,P25189
Q9UMD9,P35269
P46108,Q16548
P05109,P30533
Q9NPG3,Q86WT1
Q15051,Q76L83
P54727,P50461
P18850,Q9UM54
Q86VN1,P15018
Q8IU60,P28161
Q9GZQ3,Q7Z5K2
Q86Y91,P08637
Q6PI98,Q9BRQ0
O94966,Q9BWW4
O43196,O60437
Q8IVH8,Q9Y2D1
P48507,Q8WW38
P22301,O60271
P17661,P62873
Q15311,P68363
Q9UM07,Q6IBW4
Q15436,Q9HCJ0
Q9NRA1,Q9UBT2
Q8WX93,P05813
P14859,P38484
P50461,P83436
Q9Y5B0,P04150
Q8WXX7,P33552
P22307,P30101
Q03135,P25063
O00244,Q8N5M4
Q14008,P35052
Q9Y375,Q92973
Q9H6R0,P20810
Q06828,Q9HD67
P11142,P04085
Q9H9H4,P12235
O43294,P04229
O95232,Q9BQ67
Q02952,Q92918
O00231,Q8TF05
Q9ULK4,Q9UKV8
Q14974,Q16602
Q86XR7,Q9HD26
P19256,P01100
O95365,Q00536
Q9Y463,O00592
P61328,Q06455
Q96CD0,P15924
Q5SW96,P07315
P61244,Q99750
Q16739,P36941
Q9H9H4,Q96EQ8
Q13257,Q13227
Q13137,Q8IZJ1
P61158,P35659
P10721,Q8WXH0
Q99727,Q93038
P40227,P61218
P21810,Q9Y5S2
Q5RKV6,P13725
Q06609,Q15323
O60716,P32004
Q7L273,P31689
Q96II8,Q86SE9
O75800,Q8NFZ5
P62304,O75531
Q99714,Q9BQG0
Q16543,Q86XK2
P42772,P20226
Q15233,P41212
Q02487,Q8NF91
P22307,Q9Y5Z7
Q92838,P18615
Q13057,Q9BRQ0
P78314,Q13507
Q16236,O75970
P12235,O94906
P49755,Q99835
Q14691,Q9Y6Q9
Q969G3,P24522
Q14678,Q86US8
P61764,O60678
O60583,O95249
Q8NBP7,Q96FV9
O14578,Q86U42
P61254,Q16644
O43242,P31949
P14653,Q86UP2
Q9NVI1,Q6IAA8
Q9UBP6,P60842
P10914,Q8WYL5
O00622,O43264
Q93052,Q12996
Q9UHQ4,P30049
P36896,O15519
Q86U06,P17655
Q9P2B4,Q6ZW49
Q9P0P0,O15511
P98170,O14979
P08476,Q8TBK2
P13612,Q06643
Q02078,Q9NVF7
P31948,O14948
Q8WXF1,Q92993
Q9NRW7,Q9Y508
O00566,P17706
P49767,Q7Z6M1
P35555,Q9NR33
Q00987,P11802
Q9NW08,P10144
Q93096,Q15788
Q9UQK1,Q8TF74
P36578,Q6IAA8
P63151,P30405
P35638,P46776
Q02080,Q8TEK3
P30542,Q9NNX6
O76071,Q9Y6I7
Q96SU4,P62906
Q13443,Q99814
P19447,P05230
P28336,O15344
Q16832,P07942
Q99623,P12004
Q14494,P25788
P50150,Q8N3X1
Q99640,O95243
Q96A65,Q7Z6J0
Q9Y272,Q969T9
Q13111,O95544
Q9Y4K4,P83436
Q6GQQ9,P62834
Q00005,P98160
Q13637,P53367
Q96A56,P21583
P33552,P46531
Q9NVR7,P55795
Q9Y265,Q9H270
O15530,P02749
P51693,Q8TDW5
Q5SW79,Q13029
P10114,O75528
Q96EB6,P55199
P53396,P23025
O75489,P14543
Q96EK5,Q15334
P54252,Q13057
Q16611,Q5T1R4
Q15746,P61326
Q13416,P56192
Q9UPY8,O75807
P10155,Q9HCS4
Q8WWY3,P09681
P04066,Q96JC9
O15360,Q70CQ1
P61006,O60678
Q96AJ9,O15357
Q15021,Q6UN15
Q9UL03,Q68EM7
Q9Y6D9,Q13523
Q13315,P49257
Q01664,Q5JY77
P05771,Q86WV1
P62714,P50591
Q9BXL7,Q5T7V8
Q9H2L5,P50453
P11802,P04198
Q9H9Y6,P01308
P61587,Q6VAB6
P25103,Q01105
Q6P2Q9,P26715
Q2M1K9,Q07666
P46940,Q86XK2
Q96RK4,P55316
O94889,Q86VS8
P26842,P29375
Q8N668,Q96CS2
P15941,P40939
Q00872,Q86US8
P60709,Q9UL62
P22301,Q13936
P56159,Q8WVY7
P16152,P51608
P01034,Q9UQE7
P02751,Q9UPT5
P62195,Q99418
Q9NX08,O75330
Q13241,P21926
Q9Y4A8,Q9UPM8
Q99996,Q03519
Q9ULB1,P25800
Q9UKV8,O43482
O14649,Q9Y2D8
P50570,Q15696
Q9NZN5,Q14686
O00566,Q9Y3Q8
Q8IXI2,P16152
Q8TAC2,Q8IWU2
Q13185,O00165
Q9H307,Q99547
P01588,Q9H251
Q8N1F8,Q9H845
Q9BPZ7,Q96HS1
P68543,Q13155
Q9BUQ8,Q9UK73
Q9UHL9,Q93038
Q15363,P78357
Q9UL25,Q13868
Q7Z6B0,O75396
Q8IXJ9,Q9UI14
Q969H4,Q13285
P06576,P50914
Q9H307,Q7Z569
P03956,Q13427
Q9Y4E8,P30531
Q16740,Q9P0W2
Q96SB3,Q9BRK5
Q9NWB7,Q4VCS5
P06493,Q93008
P83876,Q9Y4B4
Q13033,Q86YV9
O43318,Q96C03
P49407,Q92696
P20290,P63104
P62841,P23396
Q06787,Q02535
Q7L590,Q9Y4E8
Q15853,Q14315
Q86U86,Q9NS28
P01889,P50895
Q9H1K0,Q99748
P35080,Q13094
Q9UNL4,Q4AC94
P11362,Q13509
Q96B26,Q9Y3U8
Q9Y271,P29466
P23469,Q96EP0
Q9C035,Q7L5D6
Q9BY77,Q6PI26
Q9P0U4,P51684
Q68E01,P10644
Q86U70,Q96C24
O94952,Q5T124
O95352,Q9NP84
O15516,Q13478
P98164,Q92925
P40926,Q86US8
P54105,O14745
P06396,Q9Y264
Q13232,Q9BX59
P48023,Q14296
Q02952,Q13114
Q8WYR1,Q6NZY4
O75489,P39905
O43639,P01241
Q14289,Q9UK53
Q14161,Q15468
Q07666,O14770
P56545,Q13303
Q8NBZ0,Q8NEM2
Q9BY84,Q15459
P49642,P12644
Q68CZ2,P50995
Q9Y2H1,P43627
Q9UKF6,Q99598
Q13443,P17275
Q9ULK4,Q6W2J9
Q13474,P55089
P52701,Q9HBE1
P62380,Q9Y5B9
Q96DI7,Q9P0P0
P50570,Q4G0J3
P05112,Q9UBI6
Q66PJ3,Q9Y3L3
Q15796,P20594
P09326,Q14393
P50553,Q16828
Q15628,P67809
Q9GZQ3,Q6P1N0
O43513,Q9NNX6
Q9BVC4,P49767
Q8TEY7,Q86Y91
Q68E01,P01106
Q9NV92,Q07955
Q13107,P68106
Q9Y3E5,Q9BUE0
P23769,Q13002
P19105,Q99418
Q8TEP8,Q01081
P05120,Q14183
P68036,Q8N488
Q9BVC4,P52435
Q8IU60,O15145
Q13472,Q9NV56
Q9UBF1,Q14582
Q15465,Q13490
P00492,Q9BTP7
Q16204,P17544
Q5T1C6,P07237
P43356,P25705
P30273,Q8WUI4
O95257,Q5TD97
Q15427,P51149
Q6EEV6,P15692
Q8NBW4,Q12834
Q9UBS8,Q9P2M1
Q14643,Q9GZQ8
O43765,Q9UL03
Q13547,Q96CW5
Q16777,O95602
Q99741,P99999
P51817,O94985
P60520,O75592
P62820,Q9UIU6
P32302,Q9BRK5
Q13352,Q9BW11
P52701,Q03518
Q14457,Q96IF1
P61604,P00568
Q05066,Q15744
Q9BUQ8,Q9NW38
Q9UNE0,P28360
Q9UKP3,Q96IF1
O95376,Q5VVQ6
O94874,Q96JB5
O43432,Q92993
P14866,Q9UJX2
P23560,O14777
O75586,Q13444
P49767,P84103
Q14393,P15924
Q96B67,Q9NNX6
Q9GZR7,P13688
Q92834,Q9UMZ2
P16104,Q9Y6H5
Q13519,Q03181
Q8WXH0,P24278
O94817,Q96T58
Q96E14,P06703
P02747,P62328
Q7Z4H7,Q9H0U4
P31689,Q9NY33
Q96KP1,Q8WWW8
Q6IPU0,Q7Z5K2
P50151,P48546
Q33E94,O75150
Q13888,Q15120
Q13233,O60609
Q9H4I2,P43628
Q96BD8,Q08379
Q9UHD8,O14745
Q99689,P00374
Q04724,Q15562
Q92974,P05107
Q5T4F4,P47755
P09651,P23469
Q9BQF6,P10244
P61020,Q9Y4H2
O75956,P13598
Q13519,Q8WXE9
Q7Z465,Q13451
P62140,Q14582
P23193,P62841
Q9H2K2,P02452
O75150,Q8IUC6
P29083,P78552
O43432,Q13541
Q96A44,P53992
Q9Y4A5,Q9NVI1
P14866,P25067
P15173,Q4AC94
Q9Y275,Q8N5M1
Q8TDB6,Q13555
Q16586,P13056
O95149,Q9UKV8
Q86VP1,Q01844
Q9NYA1,Q9UKB1
Q8IZD4,Q49AN0
Q8NB46,Q7Z6Z7
Q5SW79,O75396
O60645,Q12929
P55273,P17152
Q07020,Q9NP64
P19544,O15297
Q86UQ8,Q15366
Q7Z406,O15511
O95218,Q9P287
Q9Y620,P05549
P46782,O75530
O14979,O14948
P78537,Q9BWN1
Q9HB89,P42345
Q03135,Q5JY77
O15211,Q9NNX6
O15111,P02545
O95198,P30305
P49207,Q9NRG0
P54368,Q9HCS4
P21953,Q9P2W9
Q969P0,O15511
P07196,Q9Y3M2
Q9UGJ0,P36941
Q00577,P62316
P14555,P34932
Q8NDX5,Q9ULM6
O60927,P38606
Q15649,Q96AX1
O60506,Q2M1K9
Q01892,P17600
P13056,Q9BQF6
P83876,Q8IWU2
P09693,A8K8P3
Q6PCD5,Q8TAA9
Q9NUX5,Q9BQ15
Q14957,P51531
Q9H3U1,Q8TCJ0
P51003,Q92917
P41134,Q6R327
P08246,O76075
Q8NDX5,Q15836
P07333,P35346
O94782,Q7Z6B0
Q9P0U4,Q9UPN3
Q9UBP6,Q9BQF6
P15502,Q8TCX1
Q9Y3I1,Q14118
Q9NPC6,P18859
P61916,P17096
P43246,P08700
Q92574,P25189
Q96FJ0,P04198
P00750,P15498
P46976,Q8IU81
Q9Y272,Q13233
Q15256,Q06481
O14908,Q9BVC4
Q9UPW8,Q8WVM7
Q9BQ15,P49750
Q9Y620,P33991
Q9P2J5,P57740
Q9UJV9,Q9H1D0
Q9UNY4,P30876
Q6P2E9,Q9HAJ7
Q8WVJ9,Q9BTT4
Q5T124,Q9Y692
P04049,P10644
P20700,Q8NEM0
P41180,P40939
O95140,Q15327
Q9Y613,Q6PIJ6
O60583,Q92540
P38919,Q9H3M7
P23396,Q9H469
O75368,Q96SZ6
Q9H0K1,P50914
Q9H7D7,Q92813
Q99759,P23327
P53365,Q13155
P57740,O75330
Q8WYA6,O00167
Q9HA65,O60271
Q6N021,Q9H6T3
Q5MJ70,Q13418
Q12905,Q96FV9
Q9UFG5,Q12769
O95477,P04150
Q49AN0,Q9Y6F1
Q6P1J9,Q12846
Q9H2X0,Q9HBH9
P09629,P13612
Q12774,Q9UNS2
Q8IVP5,Q14114
Q07864,P42680
Q9HD26,P12270
Q7Z6M1,P61163
Q01094,Q14865
P25189,Q9Y6E0
Q9H0F6,Q9Y3Y4
Q8N5H7,Q8NCM8
Q6GTX8,Q96L14
Q9UGM3,P49840
P01031,Q96EQ8
Q9NVF7,Q86UL8
P02686,Q9Y294
P18887,Q9BVM2
P61978,O00273
P09493,P11177
O43196,P57796
P23763,P23582
Q04323,Q9BQ95
Q96C24,P28562
Q9H9G7,O94927
P42568,Q9NZC9
Q5PRF9,Q8TBB1
Q9ULT6,P53611
O75925,P62263
P35368,Q9Y6I7
Q9UI10,P32245
Q15543,P23511
Q96A72,Q9UBP0
P04075,Q9HAJ7
Q9ULZ3,Q9Y2M5
Q9H7L9,Q13427
Q8WUD4,P04066
Q6TFL4,Q99871
P15863,P16109
P30876,Q9Y2D1
P02748,Q5VTL8
Q9NYA1,P51684
P19474,P02774
O43364,Q8NI27
O75925,Q9P2M1
P02654,Q9UKJ1
P40123,Q8TCG1
Q14289,Q05469
Q68DK7,P35612
P09683,O75695
Q09666,Q92636
P68543,P41208
P78543,O43521
Q9UQK1,P32004
Q96CF2,P49768
P53999,O96020
O75448,P30460
Q9Y5P4,Q9GZM8
P15502,P07947
O14893,Q9P2W3
Q9H944,Q14116
Q15796,Q1KMD3
Q99467,P35241
Q9NY33,Q07864
Q5XPI4,Q93008
P55273,Q8TDX7
Q5VTB9,Q96RT8
Q8WXI2,P22460
P09769,P62244
P35637,P07992
O75410,Q9Y6M7
P54284,P84103
Q14194,P00451
Q02750,P12004
Q16586,P56282
Q9UBU8,P00736
Q9UP52,Q9Y376
Q96LC9,Q03518
P51813,P11308
O00716,P42772
P62166,Q13586
Q92813,Q9UBD5
P12270,P13987
P28336,Q99698
Q8N6M0,P22460
P61225,O15151
Q76N89,Q9UHD2
Q6GTX8,Q9UJW3
P11912,P30556
Q9UGI8,Q99958
Q8IVI9,Q13009
Q96AY2,Q15208
O95198,P31483
Q9P2M7,Q9NRL2
Q5T5X7,P48729
P42336,Q92887
P02654,P05230
Q9BUI4,P53992
Q8TEP8,P11171
Q9BTP7,Q92904
P48145,Q9NZD8
O60664,P50990
O00623,P04229
Q9Y2Z9,Q9NW38
Q5QJE6,P63272
P50553,P05546
Q9Y2U5,P02647
P08949,P85037
Q9Y2Y9,P36578
O14649,Q9ULZ2
Q92499,P30876
Q8TBZ3,Q96BH3
Q99732,P43250
P28336,P13945
P41238,Q9HBM1
O00124,P32246
P29084,P36542
Q13133,P62136
Q08AG7,P10809
O43865,Q9UM73
Q00536,Q9NRG4
P35638,P24864
Q9BQA1,P52952
Q15650,P19256
Q8N122,Q14C86
Q68E01,O95433
Q7LBR1,P78357
Q13107,P17861
Q9UFF9,P07947
Q7L3B6,Q13061
O15155,Q12874
P62249,P35998
P04141,Q9BVG8
P13639,O00241
Q9Y463,P60604
P00918,Q9GZT9
P61923,Q13347
O00541,P50151
P19320,Q9NYJ8
P54764,P02774
P29622,Q9Y2H1
P26715,Q8WW38
Q08881,O60486
P62310,Q9BZW8
P60880,O60232
P30405,P13598
Q86U42,Q9BQB6
Q9BX59,P15260
O94888,Q9P2G9
Q12905,P17342
Q9H9A7,Q14974
Q15833,P07992
O75955,O43670
P61587,Q96RU3
Q9P1A6,P33151
O75052,Q9P2R6
P12956,Q96DB2
Q9UJU6,Q86UT5
P35858,P83916
P81877,P61978
Q9Y2U8,P23760
P25774,O75791
P62820,Q9H8Y5
P24386,Q15833
Q9BVA0,P35080
Q8WVD3,Q9UJW3
Q96A72,P56178
Q16666,Q16825
Q9Y6K9,Q9C026
Q96JB5,Q8IW19
Q15544,P08962
Q9UI14,P23945
Q71F56,Q9UPS6
P61077,Q12769
P37287,Q9GZL7
Q8WZ42,P09622
Q9Y483,Q9HCJ0
Q13402,P10747
O96013,Q6PI26
Q14677,P25789
Q86SE9,Q8WVZ9
P27482,P08709
P53367,Q9BZW8
P35227,Q02388
Q8NF50,A7MCY6
P54619,P09936
O75629,Q14145
Q8TDU9,P06239
O95352,Q86SX6
Q99741,Q92569
Q86X55,P52630
P31314,P01730
P46695,P00533
O60516,Q9BPX3
Q6WKZ4,Q96T60
Q14974,Q13838
Q9UHD8,Q9NVD7
P40222,Q9H8V3
Q9UJX3,P24522
Q6GQQ9,Q9H175
Q9UHB6,Q9UER7
P23467,O15446
P48552,O14925
Q7Z465,Q00526
O95944,Q13889
Q13519,Q96JN8
P53803,P36542
Q9UFG5,Q53GS7
Q9NS28,Q9UBI1
Q969U6,P62328
Q9NUG6,P67775
Q53ET0,P53805
Q9UBQ0,P05106
O95235,Q9UBC2
Q9Y5K6,Q5T5X7
Q9UI12,Q00722
P41229,P61925
Q14957,Q92835
Q5PRF9,O95602
Q08334,P02788
Q9UNH7,P51608
Q5S007,Q01860
Q06828,Q14008
Q13188,Q5VZM2
O95229,P31483
O60684,P00374
O95639,P11308
O00712,O43164
P01133,O15539
Q99683,P33991
Q9UNE0,Q9Y281
Q9UBZ9,Q02447
P51668,Q00526
P02686,Q9NV70
Q5T1C6,P08709
Q13200,O43264
Q96MT8,Q9NZD8
P09038,Q8IYB3
Q9P0U3,P62913
Q8N3F8,P17096
O94921,Q96JH7
P22001,Q12840
Q9Y4E8,Q9H147
Q02763,P32969
P08962,Q14582
Q6IA86,Q9Y3C4
O43913,P08151
Q6P4Q7,Q8TEC5
Q8N8S7,P35900
O00311,Q96JB5
P51116,P40938
Q9UBE0,Q15723
O76003,Q8NI36
P43686,Q15466
P22307,Q16851
P56282,Q9Y2Y9
Q9UI10,O14492
P55773,Q8WTR2
Q8WTW3,Q8NFJ9
Q15915,P62913
Q96AY2,Q9UKS6
P54132,P49137
P49427,Q9BT67
Q9HBW0,O75969
Q8WZ42,Q00536
P33897,P60228
P68104,P30679
Q14106,P02788
Q68E01,O75317
Q8N5F7,P49238
Q9UKK6,O14744
O15360,Q15120
P17947,O00512
Q96NY7,P28069
P14678,Q9UBN4
Q76L83,Q96B67
Q6EEV6,Q9UNH7
O14757,P17655
Q96EF6,P35637
Q6P4R8,Q9BXW9
Q96LR5,Q76FK4
P49675,P14921
P08571,Q9Y4K3
O75689,Q5VT25
P61218,P05156
Q8WTW3,Q6NWY9
P28324,P31150
Q9Y4G8,P18859
Q15003,Q9NVK5
Q70IA6,P50213
Q13404,O15519
Q9H4P4,Q86WV1
Q15118,Q86VQ0
O75150,Q08050
P35606,Q8TD08
P18827,Q9H4I2
Q99828,O75439
Q7L2E3,P49354
Q8N8B7,P17813
O75800,P26885
P31314,Q8N3R9
Q5XUX1,P14780
P30876,P57078
Q99459,Q96JC9
Q3KNV8,Q96RT8
Q8IX03,P53567
Q96SN8,P15813
P13725,Q9UJX5
P05412,Q13029
O43187,P15151
Q93074,Q92759
P30542,Q9NR12
Q01130,Q9Y5T5
O15360,Q14155
Q13227,P23582
P49591,P19174
P35080,Q8WXH0
Q96B26,P35712
Q14451,Q12873
P52655,P20749
Q92800,P02708
Q9Y2U5,Q7Z6J0
P42858,Q0VDD7
P09629,P15880
O00757,Q9BWW4
Q9BUZ4,Q96JC9
Q99496,Q969Z4
Q86VX2,P12755
Q9BT67,Q8IU81
O43752,O75170
P53985,Q99075
Q9P2M1,Q15650
P36957,Q9Y4B4
Q96E09,Q30201
O43566,P22736
P22314,O60291
Q86YV9,Q9NVK5
Q12788,P81274
Q53T94,Q12906
Q14677,Q99593
P62633,Q6R327
Q7L5D6,P19532
Q96CV9,Q9NQT8
P01834,Q8IU60
Q63ZY3,O43143
Q9Y678,O15169
Q8N201,P83436
Q93063,Q13285
P55895,Q9Y2Y1
Q9UPY6,P29692
Q93052,Q9C0C2
O43187,P02462
P28074,P49116
Q9C026,P81274
Q6PCD5,Q99961
Q9Y3I1,Q14814
P45984,Q9Y692
O60826,O15111
O95208,P48167
O94973,Q9UHL9
P50991,Q99748
P15170,Q9UQE7
Q2T9J0,P42226
P28074,P53567
P20594,P62136
Q8WTS1,O95149
P52597,Q9NPP4
P28702,O94966
P17980,P32942
O43516,O75791
Q06187,Q9H3S7
Q6IBW4,O14654
Q9UNK0,Q9UHB4
Q9P2J5,P01241
Q92754,O75367
Q9Y4A8,P01563
P18848,Q9BY11
P84022,Q15019
O14599,Q9NYF8
P27815,Q99836
P01042,P13671
P00918,O95336
Q02080,Q9UHB4
Q99952,O43251
P49116,P01892
P54727,O14727
P15863,Q9H9G7
P48357,Q86SQ9
Q8IY92,Q8N3X1
Q9NVX0,Q96QT6
O75317,O14948
O75909,Q14155
P07711,Q9Y5X4
P41180,Q99519
Q96TC7,Q9Y4E8
Q9BWW4,Q86YM7
P68104,Q6N021
Q8N1E6,Q96FW1
O95218,Q96RK0
Q13239,Q99436
O00585,Q86TM6
Q9UQK1,Q9H9T3
Q99759,Q96E14
Q14807,P55010
Q16795,Q9UK41
Q96I99,P50895
Q99081,O43680
Q15762,Q8NCM8
Q92813,Q6ZUJ8
P00492,O60830
Q13950,P21675
O95685,Q9UH77
P15923,P03973
Q99933,P35250
Q7L590,O75369
P15692,Q9BV36
Q9UI10,P29320
Q96PU5,Q9UMX0
Q9Y6I3,O60504
Q00577,P50995
P25788,P19387
Q15915,Q9Y3C6
P84996,P05388
Q5JSH3,Q6FI81
Q99612,Q92966
Q13470,P36404
Q9UBD5,Q9H8T0
Q9H211,O75592
P05386,Q8WX92
O75052,Q9HAF1
Q8N6M0,Q9UPU9
P16157,P19338
Q9NZN9,P11684
Q7L591,Q8NFZ5
P51959,O15018
Q92913,P15941
P43357,Q15746
P05362,Q16204
Q13595,Q9NXV2
Q14449,Q8IVP5
Q15256,Q96SW2
Q04724,P24468
O60826,Q8IW19
Q96CA5,O00541
Q9P1A6,Q8NB12
Q9UBZ9,P11387
Q8NFH8,P33993
P08588,Q9BQG0
Q96MT8,P30876
Q14192,O15455
Q13905,Q9BWU0
Q9UBK9,P46019
Q96B26,Q96C03
Q9P209,O75553
Q9H2F5,Q9H6T3
O94888,Q9Y3C7
Q13438,Q9UPZ3
Q9UBF8,Q15038
Q9Y2Y9,Q15723
P10588,O95400
Q9NX47,Q12769
P33240,Q96MF7
P51808,P27701
Q9UI09,Q9UI14
Q4VCS5,Q9Y279
P40424,O43172
P21506,Q9UK97
Q9UKW4,O00567
Q14657,Q9HBI1
Q96KJ9,P17706
O60664,Q9NPC6
P69905,P36578
Q53HV7,Q96M94
Q9H2X0,Q92736
P62081,Q9NPC8
P50750,Q70EL2
P42345,Q9BYG3
Q86VN1,Q9UJT2
P51178,Q9H1K1
Q7L591,P60484
Q8TD08,O14920
Q13554,Q9NY12
Q8WZA2,P06401
O95628,Q9Y283
Q5VT25,Q7Z5K2
Q9HD36,Q9Y228
P35368,Q9H0D6
Q9UBU7,O00626
P06307,Q14393
Q07021,P27348
Q15393,Q13829
Q06643,Q15365
Q9Y230,O43307
Q9BQ15,P53999
Q13555,P60842
P55039,Q96S55
Q9Y6N8,Q14005
Q9Y6W8,O14948
O60921,Q13490
Q7Z3Z4,Q13362
Q5T4F4,Q13185
Q15762,P00736
Q9H0F6,O15068
Q99835,P43250
Q9Y383,P53365
P35222,P51170
P40616,Q8WWW8
P61923,P09326
Q9Y3C8,Q99942
P24539,Q9UQC2
P12314,Q9NPG3
P15407,P20849
Q9UBP6,O00567
P25490,Q9UQ84
Q9H9T3,P18859
Q9NP31,Q16513
O60716,P24539
Q9Y2A7,Q969P5
P04049,Q04756
O43516,Q96BR1
P51884,Q13351
Q9Y3E5,Q9UKT4
Q9NR33,Q9Y3C6
Q99583,Q8NC69
Q9BWN1,P31749
Q9Y283,Q9UBI6
Q9H0C5,Q9UBF6
Q08043,P01275
Q9BVC4,Q15173
Q14957,Q96AY2
O75943,P78314
Q7L8J4,O15164
Q9Y5Q8,Q9Y6J9
P52298,Q8TDX7
Q00688,P10398
Q02750,Q14814
P49767,Q16539
P19438,Q9H0M0
P28562,P06730
O15550,P62258
Q9UBS0,Q96NA2
Q5VVQ6,Q15262
Q8IXJ9,Q12929
Q02952,Q07352
Q9NRW7,Q9HAW0
Q13625,Q9UNN8
P05109,Q96JM3
O75563,Q6NYC1
P63027,P54646
Q14194,P51787
P09132,Q9UGK8
P33897,P04080
Q8WVD3,Q9P2R6
P22455,O43513
O15068,Q99698
Q13107,O75369
Q9Y2U8,O43236
P08648,Q13505
Q86X29,Q15208
Q12962,P38484
P29375,Q9UNN8
O43680,Q9Y4A5
O60826,P04264
Q9H8Y8,Q8N5R6
Q9NY33,P04406
O43680,P10144
P07947,P18850
Q969R2,Q9BVM2
O14653,Q7L804
P46734,Q14674
Q96BD5,Q9NUG6
Q9UMX0,O43639
P61024,Q7Z412
O60237,P0CG47
Q9BVC4,P49354
Q9UKT4,O14744
P53355,Q9HCU9
P09681,Q06323
Q9NPD3,Q05682
Q9HBI0,Q96AY2
P49821,Q15173
P14373,P14778
O95967,P62491
P62258,P10747
Q96PB7,P41208
Q13188,Q969G2
Q8IYB3,Q96EP0
P02794,Q14116
Q9Y5Q8,Q9UIB8
P23769,P61201
Q8N531,O76041
O15205,O00762
Q14168,P62070
P10599,P23327
P54764,Q9HCS4
Q9UNE2,O00585
Q9BVM2,P61254
P13671,O43164
P17980,P35228
P04264,Q86SE9
P49327,Q6PH81
P25189,Q7L2J0
Q86V97,Q9NPF4
O75554,P02747
O95197,Q9H5V8
Q9BYV2,Q16825
Q9NRG0,Q96FV9
P01563,Q7Z406
O76031,Q9H4B6
P33681,O15169
P19387,Q9BW11
O95297,Q5VZL5
P49767,Q16666
Q8IY92,Q02297
Q96RK4,Q86U86
Q8NBZ0,P52701
P01135,Q9UBY0
P33240,O43508
P20749,Q15796
P13232,Q96M94
Q96A65,P50539
Q9H175,Q96KJ9
P56545,P42262
Q9Y383,Q9NP97
Q71DI3,Q8N1I0
O14519,P20594
P25705,Q9UMW8
P26373,Q99576
P52756,O75694
Q15672,O75940
Q02487,Q8WXH0
P24390,Q13009
Q15349,Q969T4
O14654,O14662
Q92530,Q6ICG6
P22455,P20023
P55058,P78406
P18510,P09132
P28715,P05783
O43257,Q14498
Q14457,P48061
O95365,Q96PF2
Q9P2J5,Q9Y2W7
Q12846,O95149
P01189,O15061
Q92993,Q9UL46
P22695,Q8TD31
Q14790,P32246
Q9UKL3,Q15717
Q14192,Q96M61
Q14194,Q9P086
Q9HB19,Q92800
Q9BV73,Q14258
P18031,Q8N4P2
Q8WXF8,Q12996
P26641,P23469
O00233,Q9UKL3
Q12815,Q9UHX1
Q12874,O95071
O75899,P37023
Q99661,P25054
Q12959,Q9P2G9
P31946,P27986
Q99626,O95602
P14373,Q9P000
P62140,O94813
Q9NS61,Q99836
Q12959,Q9H2K2
Q86XR7,Q12860
Q96IF1,P42679
Q6KC79,P61077
Q15388,Q13011
Q02952,Q3KNV8
Q02224,O43707
O43896,Q14938
O15525,Q92882
Q9BUL5,P00488
Q6P2E9,P42574
P20749,O43156
Q92882,Q08043
Q8WZA2,Q01844
P29353,Q9HB21
P49763,P01019
Q6GPH4,Q6PJG6
Q12906,P19532
Q9NV44,Q9NW08
Q6ZU15,Q9H4B4
O43670,P13804
P07384,Q6NYC1
Q9H1R3,Q15427
Q5JTV8,Q8TD31
Q96EK4,Q9UJF2
Q9H8S9,Q14676
P11166,Q9H4B6
Q13519,O15144
O95644,Q99727
P31314,P02462
Q93008,P0C0S5
Q13347,Q13232
Q7LBR1,Q9NQ29
Q9BUQ8,P07992
Q06413,Q8NB12
Q53HL2,Q9UQQ2
P19086,P49789
Q13011,Q99466
Q8TBZ3,Q9NPA8
Q9P2J5,Q92985
Q96RK0,Q96PK6
P55085,O95297
Q99741,Q93052
P15407,P25800
P49450,Q15406
P35269,Q01167
Q15170,P09683
Q8IYF3,Q96DE5
P35346,P50151
Q15759,Q9Y279
P48443,P07093
Q14149,Q9UIQ6
P61244,O14867
Q9BUX1,Q99996
P14866,P50995
Q8NG27,Q9NNX6
Q9Y6M7,O95071
Q9P0U3,P61254
Q14657,Q6X4U4
Q14677,P41279
P62253,Q96FV9
O60921,P62913
P63279,Q05469
Q9NPA8,P62508
P43487,P21953
P32245,O43566
Q13332,P16144
Q5T124,O60296
Q9UGI8,Q6PIL6
O00622,Q9Y2A7
O14976,P35556
Q8WVK2,P85037
P54764,P33991
Q13472,Q13503
Q9NV70,Q16537
Q9GZR7,P15090
P32239,Q1KMD3
Q9HCI7,O95235
P00167,O00592
Q9UG01,P50539
O75832,P35712
P13725,Q9NQC7
Q8N5M1,Q9Y2J2
P46940,P18621
O60826,Q12802
P33261,Q7L804
Q9BVA0,Q9BU64
Q5TKA1,P20849
Q12913,O43508
Q6N043,P61968
Q15418,Q9Y3E2
Q5MJ70,Q9H6Z9
Q8IZD4,O96028
Q49AN0,Q9H2G9
P26441,Q08AG7
Q8N4P2,Q5T9L3
Q15628,Q9NY12
Q6GTX8,Q9UHN1
Q99828,Q9Y5R8
Q13352,Q86US8
Q7L5Y6,Q9ULC4
P26992,Q8TAP6
O14796,O00186
P63096,Q13541
Q99627,P20042
P42345,P09211
Q5VST9,P49768
Q92904,Q92888
Q14990,Q9HB90
O75815,Q03111
Q92886,Q02880
Q9HBW0,Q96IZ0
O43815,P78364
Q9UI10,P04080
Q15131,O00124
Q8N729,Q13127
P48643,Q14BN4
P62841,P08151
Q9UQB9,Q15022
Q9NYY3,P35658
Q9UKL3,P10515
P51825,Q9Y5Z7
P08254,P50151
P22695,P36402
P61923,Q8WXE1
Q96EK5,Q9H553
P04141,Q8WUI4
Q9NRW1,Q9Y2V3
O14543,Q13277
P30542,Q8N7R7
Q9NP84,Q9NWA0
Q9BSJ2,Q8N6Y0
Q5VST9,Q9UBT6
Q5VVQ6,P42679
Q00597,P08709
P02792,Q8NHW3
O15287,O75807
O43741,Q13614
Q14CW9,Q9P2B2
Q9C086,Q9UKB1
O00220,P06734
Q8N5V2,Q9H1A4
Q01664,P25391
O43150,P26374
O15126,Q9Y535
Q9Y570,Q6W2J9
P25067,Q99942
P24522,Q8WXX7
Q99767,P16885
P05412,Q9H257
Q9H9A7,Q5MJ70
O60927,P07998
Q8WVB6,P51884
O43924,Q4AC94
Q13283,P30989
Q9H257,Q96JB2
Q9UKX7,Q13554
P07737,P19174
Q6UXN9,Q07325
O94782,Q99873
P10071,Q9BSL1
Q9C026,P57740
P08069,P05107
Q13303,Q8NHW3
P61371,Q13501
Q13485,P05181
Q93038,P78406
Q8IZH2,P49815
Q92529,Q9UBI1
Q9NX70,Q969Z4
P52597,Q8TBB1
Q92917,Q9H1D0
Q99743,Q9NZN9
Q16633,Q8TAA9
Q96MF7,P33552
Q9UI47,P24278
Q9Y620,P43686
Q9BQA1,Q86SQ9
O43913,Q8NF91
Q13422,P14780
Q9Y3E5,O95644
Q66K74,P43250
Q7Z6M2,Q9BRK5
P78364,Q13586
P55081,Q13485
P27658,Q9BQ67
Q8NB16,O95271
Q16613,Q9UPU9
P05112,Q96EK5
Q09013,P49116
P02671,Q99547
P35346,Q9H4E5
Q8N5I2,P49761
Q9GZR2,Q9Y6F1
P08238,Q8IYD8
P62273,Q96AH0
Q14141,P61604
Q15785,Q4VX76
P26640,Q12860
O95243,Q15327
Q9H6T3,O75170
O14787,Q68CZ1
Q16667,P26368
Q16659,Q86XK2
Q8TF74,P49763
P61019,P40222
P25054,O15516
Q9UFG5,P30460
Q13951,Q96RU3
Q9UI10,Q13085
Q66LE6,P13639
Q9P0R6,Q86U86
P07315,P23142
Q8TEK3,O43597
P15151,Q14186
O14879,Q13509
Q9UGI8,P49137
P00167,Q92667
Q12770,P33993
Q13137,Q5TD97
Q7Z6M2,P42166
Q86X83,Q05086
O95149,P35568
Q9UHB6,Q13492
Q53HV7,P11308
P32969,P36578
Q9UIF9,Q92837
Q9C005,Q14315
Q15013,Q969G2
Q9H7Z6,P05771
Q9NPD8,P13726
Q12923,Q13951
P30876,P28340
Q13438,O75529
P01031,Q96KQ4
Q99748,P02788
P45983,Q08722
O75147,Q14582
Q99436,Q99835
Q5MJ70,O14579
P07333,Q86WV1
Q9Y2W1,Q9BUZ4
Q9NUU7,Q09472
P20594,O60231
Q9Y345,Q68EM7
Q14247,O00167
Q16667,Q8IVI9
Q9UHD8,Q9UHB7
O75112,Q14938
Q9UL25,Q6W2J9
Q7Z6J0,O75317
Q9UGI8,Q8NC51
O95644,Q9UI12
Q9ULM6,P57775
Q8N6M0,O75146
Q9P0L2,P10644
P16444,Q9NVD7
P28360,P67775
O43670,P16284
Q8WU17,Q9UBR4
O14965,Q15562
P10114,P53365
Q8IWL3,O95831
Q14449,P38646
P55735,P08559
Q04759,Q13829
Q96BH1,P78318
Q9BZE9,Q9NVF7
Q9H6T3,Q9Y2Y1
O60504,P78371
Q9HBW0,Q53HL2
Q9H267,Q96CS4
Q8N9R8,P25787
Q6WKZ4,P09564
O75676,Q96MH2
Q68D85,P41236
Q8WVY7,Q07820
P35219,O75914
P62249,O00186
Q7L9L4,Q6ZSG1
Q03188,P16591
Q6R327,O75530
Q96C24,O76021
P04792,Q04637
Q16531,P32245
Q9Y3C8,P53567
Q01970,Q08AG7
Q9NYF0,P30679
Q8N8A2,Q9NYB0
Q12906,Q13485
P22674,Q8IX90
Q96PM5,Q9Y6J9
P20719,P17544
P55081,Q9UHV2
Q9UHL9,Q99698
P46939,Q5T9L3
O14787,Q15262
Q16513,Q9BZE9
Q8N5M1,P10071
Q9UHV2,Q16828
P11712,Q9UHV2
Q13563,Q00577
P23510,Q86X29
P11473,Q9H9C1
O60296,Q9UBS0
Q9Y2U8,Q16595
Q9UI09,P23634
O60264,O43924
Q8IZQ1,Q9H8V3
P24593,P28324
P14866,Q9NQZ3
Q9UBC3,O15164
Q99081,Q96EK4
P85298,O15344
Q9BUL9,P10398
P62310,P02788
P25815,Q9NYB0
Q8N729,O75509
P78314,Q53ET0
Q14974,P37173
P18510,P35228
A5D8V6,Q9H147
Q92585,Q86VQ0
Q13310,Q9BUZ4
Q6GQQ9,Q9H9G7
P61328,Q8TD31
Q16667,Q969G2
Q8WU90,Q9UQE7
P19320,Q86SZ2
P31749,O75150
P01730,O75791
Q5T5X7,Q9UBD5
Q8TB45,Q9BW83
O75604,Q9NZN4
Q93062,Q9NY93
P17936,P00451
Q8TAG9,Q9NQC1
Q07812,P62136
P24588,Q9H9Q2
P40306,Q14789
Q86X29,Q99547
Q4G0F5,Q9P287
Q16777,Q9NP85
P51813,P17181
Q9BQ95,O00255
P49454,P07093
O15371,Q15311
Q9Y3I1,Q9NYJ8
Q99966,P11216
Q13257,Q02223
P48145,Q96JM3
P22307,Q9UK41
P09211,Q9NQB0
P51531,P49768
P19544,Q9H0M0
Q03431,Q9UBP0
P62263,Q14C86
Q15649,P10144
P08235,Q9P0K7
Q14677,Q13224
P36957,Q8N4P2
O75817,P50461
Q06124,P22736
Q9UPU9,O75530
Q9NVC6,Q8NBZ0
Q99466,O75170
Q9BSU1,Q9BV36
P29373,O60885
P23297,P45880
O14599,Q15831
P10916,Q9GZX6
P62714,Q9Y215
Q9UBZ9,Q6FI81
P10114,Q6P1N0
P14316,P68543
Q99848,P62244
Q9Y6W3,Q92817
Q96S55,Q8WW38
Q86SQ0,Q15154
Q15696,O94927
O14795,Q13571
Q969R2,Q9NWZ3
P52597,P52435
Q92785,P30499
P07900,O94905
P50750,Q9Y5R8
P45973,Q9NZC9
Q8N5Y2,Q9UM73
Q8N2Q7,Q9UPT5
Q13352,P20226
P41134,Q99661
P41217,Q8IUQ4
P78356,Q9NPY3
Q8NFH3,Q70EL2
Q16611,Q9H0A8
Q13535,P27695
Q9P1A6,Q12913
P00374,Q8IWZ8
O15126,P51617
Q93052,Q14145
Q719I0,P84103
P35900,O95503
Q9NY12,Q9Y6D6
P11532,O95817
P20290,O43592
O15350,Q9NP97
Q01844,P22307
O75052,O75525
P01374,O14757
O95149,Q9UGI9
Q13573,Q9UHV2
Q9H2L5,P00748
O14576,Q9UH77
O60264,P53365
P57682,Q9GZT9
Q15834,Q86YS3
P30511,Q9UBE8
Q9H3Z4,Q9UJW3
P42568,P20042
Q9Y4Z0,Q9NZM3
O75147,O00148
Q99627,P36578
O43307,Q96B67
Q01344,Q9BS18
Q71DI3,Q9BX63
O00716,Q9H1J1
P51679,P32239
P61923,P42574
Q00597,Q9NW38
Q9H3Z4,P00488
Q8WUI4,Q6NZ67
Q7Z4G1,P24390
O14599,Q5MJ70
Q13425,Q86WV1
O43513,P35556
P01236,P54725
Q9HD36,Q15349
Q15811,P83436
P61758,Q9BW71
P05771,P20023
Q9Y620,O75717
O15372,P20701
Q05086,Q96T58
Q7Z406,O14579
Q9UJT2,Q13936
P29474,Q92569
O14618,Q13042
Q9UFG5,Q9UFF9
P48556,O15553
Q02543,Q9NR33
Q96DI7,P30281
Q96JB5,P05452
P08235,Q9UL03
Q92887,Q16633
P28336,Q13087
Q99942,Q9BXH1
O14649,P68871
Q9Y2W2,P27361
P19474,Q9NPY3
Q9GZR2,Q9NQ29
O14901,P24723
O00305,Q9NR77
P59780,P61218
Q96RJ3,Q8N7R7
Q7KZ85,Q9NY12
Q9Y239,P30307
Q9Y2H1,O95999
P14784,Q6S5L8
Q02930,Q9UPN7
P06746,Q13901
O60568,Q9UER7
Q9GZY0,Q96G21
P15056,O75461
Q9HAW0,P11233
Q01831,Q7RTV0
P51170,P48378
P42262,P63220
P43403,Q9NZC7
P52799,Q9NQ94
P81133,P18859
P35241,Q92569
Q14257,Q8N6Y0
Q14512,Q5VST9
Q14746,P32971
Q9H1R3,P36405
P06703,Q0VDD7
P13611,Q9UBU8
P08651,Q9UJF2
P49736,Q9Y6X3
P61962,Q96L14
P35222,P12270
Q14562,P68032
Q92673,Q02548
Q9NWQ8,P01112
P51681,Q13887
P22001,Q9BVI4
Q9UPX8,Q12873
Q05513,Q9HD26
Q12846,P31948
Q9Y6W8,P49821
P62258,P25800
Q9H3Z4,Q92993
O43513,O76064
P05452,P84095
Q9UPT6,Q8TCJ0
Q9GZY6,Q92854
Q96AE4,Q8WTS1
P08195,Q9Y6H5
Q9UGI8,P30154
Q8IY92,Q92830
O60684,P48552
P09603,O75330
Q9H0W8,Q8N5M1
O75446,Q9H9F9
Q05209,P01889
Q9Y265,O95831
Q86UT5,O15066
P35346,Q07666
P49116,P10589
Q96RK0,O75940
P37108,O75145
Q6UXL0,P48995
O75955,Q76N89
Q5T4F4,Q9HAP2
Q96RU7,P52435
Q9NSA3,Q13620
Q9H3Z4,P14653
P62714,Q16082
Q8WUI4,P30556
P46060,Q9BY84
P52333,Q9H4P4
Q13478,Q9H0M0
Q9BPX3,P63272
O76003,Q8N488
A8K0Z3,Q8NC51
P55072,Q9HCJ0
Q15080,Q8IZJ6
P09914,P15151
P27348,O94829
P17096,Q9UNE0
Q13952,Q01844
Q8NHG7,O95343
P29692,Q15811
Q9BVG8,Q92569
P46108,P17706
O95257,Q9Y3C6
P18887,Q14974
Q15025,Q86Y01
Q96PU5,Q01081
Q6GQQ9,O14727
P05787,A9UHW6
Q9Y6X2,Q9NPC6
Q9BPW8,P31323
P29622,P78371
Q9UJC3,Q9BQF6
Q92574,P41143
O43390,P10912
Q9HB89,Q14315
O00757,O14976
O95376,Q9P2J3
Q9UGI8,Q13239
Q8IYD8,Q86Y82
O14649,P63241
O43292,P27986
Q93034,Q96A47
P09972,P23469
P62304,Q9HAT0
Q7Z465,P23142
O95257,P10589
P30281,P07196
P07101,P53567
P61626,P30679
O15031,Q03933
P62873,Q9HCE7
Q4LE39,Q2QGD7
Q9UMX1,P68871
Q14626,O15392
O14802,Q96DX5
Q00688,O43670
O14744,O15304
Q9UQ84,Q99972
Q9NTJ3,Q13557
Q9UBL3,O95163
P98155,O14879
Q9BUL9,Q9UN37
Q9GZZ9,P61328
Q86U42,P29466
O60741,O15144
O75940,P28907
P52597,Q9UER7
Q14C86,Q9Y5S2
Q96L73,P30101
Q14498,Q12905
Q9Y2J0,P63096
P35228,Q8NB12
Q9NPD3,Q7Z4I7
P26927,Q9NR77
Q9NQ66,Q9P2M7
Q96SB3,Q16656
O14796,Q96RL1
P02747,P17535
Q02790,Q6PI26
Q96EF6,Q16611
P15927,O15160
Q06828,P45379
P22570,P54764
P01116,P27658
Q6GQQ9,P49591
O95376,Q68EM7
P32927,Q13200
O75150,Q13115
Q9H765,Q9BWW4
P29320,Q99459
O00463,P15172
Q7L3B6,Q7Z6M2
P16615,P02788
O14519,Q9C005
P29622,Q6EEV6
Q9BVW5,Q96IT1
O75629,P55795
O60296,Q13895
Q15633,Q14683
A9UHW6,P49750
Q96A72,P01892
O15230,P68032
P02747,P30626
Q9BUL5,P28072
Q96QV1,Q9NX24
O75145,Q99618
P14780,Q8N3R9
Q9Y679,Q86U86
Q9UHQ1,Q9UI09
Q96K76,P05556
Q96QH2,Q8N1E6
Q96T58,P05106
P07947,Q16851
Q9NPE3,Q6NUQ1
Q99958,Q86SQ9
Q8IXJ9,P25789
P07711,O43663
P53396,Q9NYJ8
Q5T2W1,P23142
Q9Y3C5,P07093
P61371,Q8ND04
Q15051,Q9HAU4
P05386,P35080
Q99653,Q8IZJ1
Q969H4,P85037
P08922,P02765
O43602,O75969
Q96S55,P63241
Q9P2G9,Q92925
P57796,P30101
P50591,O15031
Q92843,Q96PK6
P06753,Q99698
O43665,P49768
P48509,P55273
Q8WWN9,Q9H9E1
P98161,O95071
Q92599,P39748
P16444,Q8IU81
P18507,O94829
Q9UJV3,O00763
Q16890,P01579
P11940,O00429
Q93009,O43734
Q92599,P51114
O15018,P02675
Q9UBT2,P84243
Q6GTX8,P14778
Q8IVH8,O95573
Q6NXR4,Q9UM54
Q96SB3,P50591
Q99640,O75956
Q08752,Q9UHN1
Q92844,Q8TDY2
O14777,Q9H6R0
Q9H6Q3,P49761
Q9UGJ0,Q8NHG7
Q9UK41,Q969P5
Q9BT25,P62495
Q9Y572,Q63ZY3
P53611,Q15836
O60437,O43251
Q9UMX1,O14543
Q16533,P54577
Q9BZE9,P49257
P36404,Q9H6R0
Q86YR5,P53805
P37840,Q01081
Q9UBV8,Q9Y587
Q96H20,Q8IYB3
Q6NWY9,Q14643
Q9UBQ0,Q53EL6
Q14498,P27695
Q9NQ66,O15511
Q9UPY6,Q9Y3Q8
O14579,Q9UPN3
O60486,Q9Y5N6
P13056,P55089
O75914,P19883
P00749,Q86XK2
O95295,Q9Y6J9
Q8IX07,Q15436
P57087,Q9Y6B2
P09493,Q9NPP4
Q9UHW9,P42680
Q13332,Q14197
P14653,P15692
Q02156,O00626
P17936,Q96MW5
Q6GQQ9,P51170
O75081,P16591
P20936,Q9NZD8
Q96BD8,P13598
Q9UBE0,P51572
O43557,O94985
P34130,Q9NVK5
Q8IZD4,Q07002
Q9UKT4,Q9UPS6
P23467,O95067
P47224,Q13643
Q6P2Q9,Q9BVC4
P14784,P41229
Q99547,Q969P5
Q9Y2X0,Q9Y6J9
O75367,P60953
P78364,P19256
P35080,P20594
P01127,Q13011
Q00610,P20273
Q8N8S7,P18846
Q9H307,Q9HCE7
P47874,O00712
Q9H5V8,Q86SQ9
P05112,Q9NS28
Q9H267,P22307
P19878,O75928
Q4KMQ1,P35250
Q14BN4,P51172
Q6ZU15,P60033
Q14103,Q9H0M0
Q9Y3E7,Q76L83
Q9ULZ3,O95967
Q96BD5,P60660
O95235,Q15746
Q9Y215,Q9UKN8
Q9UFG5,P28799
O14974,P51114
P41182,Q9BQG0
Q8N5M4,O14744
Q86U70,P06881
O75145,P05783
P61081,P17342
P05067,P48764
Q9NSA3,Q99661
Q12933,Q9HBZ2
Q66K74,O14576
Q8NHZ8,Q9NVD7
Q6UXN9,Q9H0K1
Q9Y4Z0,Q96S55
Q14643,O14579
P43005,P55327
Q7L2E3,O75817
Q9Y6X3,Q9UM73
Q14957,P49815
Q7Z628,P19447
O60603,P19174
Q9UJT2,P62875
Q9UNP9,P10398
P37088,Q13936
P51681,O15116
P01127,P33991
P21980,Q9Y3E2
P62979,Q9NRR4
Q06265,O60504
Q96P71,Q9H6Z4
Q9NR33,Q9UKT4
Q9Y230,P01241
Q15406,O15357
P26045,Q13444
P10114,Q8NC51
Q15054,P02462
Q13043,P50616
P34998,P78318
P61024,Q6PJG6
Q7Z465,O14879
Q9UHI6,Q9BQ67
Q86VN1,Q15653
O75461,O95271
Q14765,Q8IXW5
P53567,P51148
Q53T94,Q9HAW0
Q99819,Q8N122
P07858,Q9HAP2
Q96JN8,P15924
Q86SZ2,P78527
O15020,P19438
Q00610,Q86U86
Q13310,Q92834
Q674X7,P08588
Q01974,P31350
Q02930,Q92777
Q7L590,Q9UHQ4
P62191,P01130
Q9Y2M5,Q13619
P62875,P16234
O75144,P56693
Q8IUQ4,O00189
O14576,P30460
Q9ULG1,P50749
P50750,Q8NHY5
Q9HD36,O75914
P50616,Q13287
O14939,O95704
Q14318,P02708
Q96EK4,O75410
Q9UMX1,Q8N5V2
Q8IYB3,O75840
Q9H5V7,P25800
P22681,P06396
Q7Z589,P14625
Q12874,Q92837
Q15003,Q8TBK2
O60356,Q9C0C2
P62266,Q13285
O60683,P49116
P01160,P38484
P13805,O95863
P62312,O00566
Q05513,Q9Y6W3
P47755,Q86YP4
O76070,Q9NQC1
O15400,P27361
Q9C005,Q86UN6
Q9BU64,Q12996
Q8NHZ8,Q8TEB1
P84243,O00255
Q8NHM5,Q16644
P57740,P43699
P08047,Q15131
Q92813,Q92925
P16471,P61328
Q8NHM5,P51172
Q8IY92,P31749
Q86X83,Q9Y6J9
Q86XL3,Q00975
O75146,P04264
P62875,O76075
P19793,Q86UP2
O00622,Q9H1A4
O76075,Q7Z460
P02686,O14744
O95644,Q99471
Q92574,Q9NVD7
P62304,P47804
P27448,Q9Y376
P57796,Q9UNN5
Q96B01,Q7L5Y6
Q9Y6N9,Q9NS28
Q13901,P28827
Q8N3Y1,Q01196
Q9BT25,P43626
Q14258,Q92934
Q13554,P85298
P53803,Q9Y345
O14737,Q9Y6K9
Q9UMX1,Q92830
Q9H0Y0,P47712
P57081,P14625
Q99767,Q9H0Y0
Q9BZK7,Q7Z6Z7
Q9H668,Q86YV9
Q7L5N1,Q8WX92
Q9Y6Q9,Q9NRZ9
Q9BQ15,Q6ZUJ8
Q14145,O95425
O75575,P25391
Q15427,O75840
O15143,P31314
P52756,Q86Y01
O75150,Q96I34
Q92696,Q8TDX7
P32121,P01563
P07225,Q07912
Q9UHI6,Q9ULB1
P59998,P09326
P52948,P36405
P35241,P98160
P40938,Q13427
P41146,Q96J02
O75112,O96013
Q9GZS3,Q702N8
Q14512,P13725
P61371,O95944
Q9H160,P15018
Q16630,Q9H147
Q9UMX1,O43396
Q9P2M1,P22307
Q9UPY3,P17342
Q9BZK7,P62834
Q9UKK6,Q96EP0
P35225,Q8TBB1
P00451,O75694
Q9UPZ3,P54253
Q92673,P55209
P06401,Q9NVP2
Q86UN6,O43156
Q6ZNE5,O15297
P61626,Q5T7V8
P24386,Q92736
P50281,Q96BR1
P52945,P30542
Q9BZE9,P15498
Q9BX63,Q9H1D0
Q86XE0,P18848
Q08050,Q5T1R4
Q9UL25,P16871
Q9Y3Y4,O14867
Q16665,P23193
P62081,P28161
O14798,Q9Y2R2
P33240,Q9UI12
Q16665,Q96KJ9
Q8WYL5,Q9UI08
O95477,Q5QJE6
P07550,P06454
Q6P1J9,Q8N3Y1
Q5XUX1,O60216
Q7Z465,Q9H2X3
Q9HCU9,Q92747
Q96J84,Q9BX59
Q2NKX8,Q15788
Q15375,P43686
P27695,Q9Y376
P32245,P40337
Q9NQT8,Q6NZ67
O43491,P23469
P49917,Q9H6D7
Q9H668,P25391
P20719,P46776
Q5TKA1,P13569
Q9UQ88,Q8IU60
P23526,Q6ZYL4
O95373,P16278
P35916,P49754
Q9UPU9,P25789
O60729,P16278
P02671,O00273
P58004,O14948
Q12778,Q53G59
P49715,Q9GZM8
Q8TDB6,P01116
Q86UT5,O75955
O14746,Q92985
P02786,Q9GZX6
P67870,P07947
O43516,O95817
Q9BZD4,O15400
Q9Y275,Q13347
Q9NV92,O15550
P28702,P14770
O75146,O43680
P27695,Q92925
Q9H410,Q8TBB1
Q9NQ25,Q9Y279
Q92837,P61968
Q9NWB6,Q9UL62
Q96BD5,Q13352
Q9NV92,Q15388
Q13884,O15304
Q01844,Q8WXF1
Q12913,Q6NZY7
Q9UIF9,Q9UHX1
Q03519,Q96HR8
P59998,Q07020
P49767,Q12830
P78345,Q86YR5
P19320,Q86TM6
P35670,P63000
O94874,Q8TDX7
Q9HAP6,Q9BWC9
O43395,Q01638
Q15025,P04085
P78395,Q8IYD8
Q9BRK5,Q53ET0
Q9Y271,Q13614
O75436,Q9GZT8
Q7Z465,P08648
O95140,Q9NSC2
Q96P09,Q13618
P08631,P09493
Q6NZ67,Q3V5L5
P56279,O15068
Q8IWS0,Q9NQP4
Q00536,Q7L0Q8
Q99594,Q06643
Q12931,Q0VG06
Q9P0L2,Q9Y3B2
Q6IQ32,P06858
Q9C0C2,Q15599
P42704,Q9UP52
Q9UI36,Q9UPY6
P47224,P49643
Q15942,Q9UBN6
Q3LFD5,O14925
P08621,Q969P0
P43005,Q93008
P02675,P17342
O75478,Q96FW1
P09917,P40222
Q6NYC8,Q9UL63
P23193,O60832
O14798,Q8WW38
O75410,P23511
Q15834,Q15323
Q92781,Q9H9Q2
Q12788,O75884
O95190,O14933
Q9BYH8,O75170
Q53T94,Q9UK41
Q08209,Q03111
Q9NX70,Q9NV31
Q99683,P55317
Q96EF6,Q9HCJ0
P56178,Q9UQE7
P61758,Q9Y343
Q13563,O15400
Q9H0W5,Q16478
Q12972,O43513
Q9P287,O76021
Q9UGM3,P28907
Q8NBT2,Q92569
O00622,Q15404
P61024,P51532
Q9Y463,Q9Y4K4
P15927,Q9HC29
P32246,Q16082
O75618,Q9NP85
Q9BUE0,Q92793
Q9H765,Q9UK41
Q9Y4I1,Q9NS00
P61289,Q8IU81
P42568,O94776
Q96BH3,O15144
Q969P0,Q7Z406
Q9UKT4,Q96F07
P60510,P25789
Q16595,O76041
P60228,P29373
P50591,P18031
Q9UJW0,O94829
Q96NE9,Q08345
P14316,Q9Y271
P17844,Q9BQE4
Q05086,Q12873
Q9H446,Q16825
Q9BXW4,Q9Y4J8
Q8IWY9,Q8TEL6
P10301,Q9BUZ4
Q6N043,Q8WW38
P19022,Q15788
Q92667,Q71SY5
P04080,Q8TAM2
P17152,Q96EZ8
P42336,Q15078
P62906,P41279
Q9H1Y0,P03952
O95297,P16389
Q9UJX4,O75791
P16035,O43491
Q9NYY3,P10275
Q9H9Q4,Q9NVI1
Q8IYW5,P60660
P11912,Q99972
Q9H0F6,P42345
Q9ULT6,Q6NWY9
O75056,Q9NQC1
Q9BUL5,O95249
P05106,P05556
P28069,Q15038
P0DI81,Q9BRG1
Q8IZT6,P04198
Q16656,P35625
Q9GZU2,Q8IYI6
Q9H078,Q5XUX1
O94874,Q8WU20
O60516,P49639
Q9HD47,Q8IYD8
O00305,Q99732
P15018,P07951
P14316,Q16204
Q9BPZ7,P0C0S5
P20290,Q6W2J9
Q8TDB6,Q9NQC1
Q99700,Q96LD8
Q7L576,P48382
P20936,Q9NR12
Q9BST9,Q93063
P61326,Q13588
Q7L804,P04628
Q9NR46,P23763
Q99743,Q9NQ29
Q93074,Q8TBN0
Q99623,P63027
P06746,Q8IZD9
Q14161,Q9Y4A5
Q96QK1,Q9Y264
P57078,Q7Z6Z7
P41220,Q8NFD5
Q96BD8,Q8TDY2
Q9BUQ8,Q03431
Q9P2M1,P47874
Q13617,P07196
Q9Y6Q6,Q96IY4
P48509,Q9BRT9
P13796,P33991
Q06828,P35241
Q8NHZ8,Q12778
Q6NZY7,Q9H147
Q9UJ41,O95793
Q96SB3,Q01081
Q13404,Q92569
P35346,P45379
P30531,P20248
Q9UI14,Q8TAP6
Q08999,P51681
Q6P0N0,Q9HAU4
P52298,Q5U5X0
Q5T4F4,Q8IWZ6
Q9H2B2,Q9BQ67
P98172,P63220
Q9NVR0,P16035
P62736,O00165
Q96MF7,Q13061
P01730,O15085
Q9UJY5,P10124
Q9Y3Q8,Q9Y2D8
Q9UHW5,Q8N3X1
P08195,Q02548
Q03188,P05177
P13498,Q8NC69
Q8TAM2,Q96D31
P35227,Q86UE8
Q9UBQ0,Q16633
P62318,Q15466
Q5PRF9,Q5MJ70
P19438,O43181
P16885,Q8N556
Q15306,P78543
Q15170,P09668
P55773,Q86YV9
O15287,O14727
Q9UKX7,P67775
P43403,Q9HB21
Q99743,Q9H3S7
P62841,Q2NKX8
O75145,Q9P2R6
P26045,P68431
Q13625,Q9Y5P4
Q99626,Q8N3Y1
P02452,Q9BZD4
Q8WVB6,P63220
Q86XK2,P60484
Q9H0E2,P15153
O95376,O95433
P21941,O14618
O43395,Q9NVX0
Q05469,Q86VP6
P17676,P46019
Q12933,Q9H2X6
Q13740,Q15054
Q9UHL9,O14593
Q96EY7,P31930
P48509,Q00613
P61952,P21731
Q70CQ1,Q9BZK7
O14974,Q86X83
O43929,Q13163
Q08209,Q12967
Q8N3Y1,Q96Q07
P21953,Q15078
Q9UHV2,P32239
O15155,Q07666
Q13023,P21796
Q9Y4A8,O15145
Q9UBT2,P19438
Q7Z3Z4,Q12834
P20749,Q9Y2M5
P34130,O15116
Q8IWY9,Q9UIG0
Q9UQ84,Q8IYD1
Q99081,Q16548
Q9UBF1,O14933
P30405,P00742
Q9BYG3,P13693
O14613,Q15406
Q9Y215,P36405
O75340,P06748
P01375,Q9H334
O75832,Q9BYG4
O60256,Q14011
P47897,Q4AC94
Q9UBC3,Q13873
Q00688,Q15038
Q9UI47,Q9Y6A5
P98161,Q9H7L9
Q9Y2X0,O75955
Q5VWX1,Q8WWL7
Q8TAC2,P49763
P07384,Q9H4I2
P10244,Q96C03
Q96QH2,Q9ULJ8
P12081,P12980
O60285,Q92837
Q8TDR0,Q16533
Q71DI3,P50553
P05362,P28069
O43583,P15090
Q9H4M3,Q9Y6B2
Q9H2S9,Q9H204
Q96LK0,P31314
O00463,O15020
O15126,Q7Z6B0
P36957,P15382
Q9Y5J7,P06748
P25054,O14727
P55039,Q9HBM6
P30531,Q96H20
Q9H0F6,P13056
P62312,P50453
P20042,P04150
O43293,P41227
Q96RR4,P09668
P01892,Q07820
Q8WYP5,P54577
P36957,Q07955
Q9BUH8,O43390
O60610,Q96L14
O75531,P50990
Q13332,P40939
O43602,Q9NX70
P10646,Q7Z460
Q9Y3D8,P21453
Q13310,Q6P2C8
O00244,P55347
Q96GM5,P41161
Q2M2I8,P36405
P55317,Q92888
P26441,Q9BSL1
Q9H3Z4,P30291
Q99612,P16284
O43639,Q92542
P51787,P42261
Q86YV9,Q15075
Q96RK4,P13688
Q5VZL5,O00241
P32121,Q8WXA9
O00585,P55001
P43629,Q9UGL1
P01031,Q6ZYL4
Q01970,P40227
Q92835,Q2T9J0
O75864,O00141
P51959,P21953
P24390,Q9NVD7
Q9Y5J7,Q9UHC6
P01127,Q04756
P52799,Q71U36
P07949,P18615
P04049,Q6EEV6
P16949,Q05639
O14745,Q96IF1
P04070,O75695
Q9HAT0,O00124
O43488,P54253
P51610,P04264
Q86U06,Q86SZ2
Q9HC98,P30153
Q9UL33,Q7Z4I7
Q01082,Q8N5V2
Q9Y6Q5,Q9UI14
Q14677,Q9HBW0
Q14738,Q96BH1
O94763,O43491
Q8WYH8,P14780
Q9UI08,Q86WV1
Q08752,O00626
Q9UMD9,Q14145
Q9BS18,Q02487
Q9H161,Q8WXH0
Q13637,Q5TCZ1
Q9UHL9,P84095
P21583,Q9H161
P37198,O43847
O75446,O95714
P09086,P41146
P36957,Q14919
Q9UMX0,Q674X7
Q15363,Q8N201
Q14192,Q53EV4
P12830,P45984
Q9H165,Q8TF05
Q9BVW5,Q9UJW3
P57105,P30050
O00585,P78357
P23634,P50895
Q9Y2K2,Q8TAP6
Q96KN7,Q96IY4
Q8IYD8,P42263
P62875,Q9Y3C8
Q15021,P01308
Q15051,Q99569
Q9Y215,P61968
Q96B97,P62487
P16035,Q8NCQ7
Q96B01,O75663
Q01860,P14921
P20702,P26045
Q13233,O95999
Q92599,P09651
Q6ZRV2,P62820
Q06609,P01137
O43745,Q5U5X0
Q9UHA4,Q99418
Q13608,P51790
Q9H9Q4,Q13643
P52597,Q14746
O94776,O00151
P23560,O76075
Q15119,P34998
P06241,P30153
P01133,P17706
O15520,O75335
O43741,P02452
P09493,O15519
Q02447,Q8TAF3
Q9P2N7,Q96QC0
Q9ULZ3,P17706
Q8N2Q7,P35568
P11387,Q99661
Q13625,Q9NRD0
Q12852,Q02388
Q8IW35,Q14494
P51808,P11166
P54136,P01889
P13760,P49643
P48023,Q9UHC6
Q5VTR2,P59768
Q15118,P13598
Q9Y5X4,P56178
Q9NRP7,Q9H4E5
Q6TFL4,Q07820
Q96JM2,P34932
O14662,P32246
P35606,Q07666
Q96HN2,P30556
Q8NI35,Q16526
P20042,Q9UQ88
Q15008,Q96FJ2
O15527,O43924
P54578,Q9BUZ4
Q14397,Q96IV0
Q15233,P09234
Q9BXL7,Q14011
Q6ZU15,P46087
Q16644,P07992
P38484,Q16539
P01189,Q7Z6G3
P35219,P09086
P14866,Q9BU64
Q9BUZ4,P41146
Q7L3B6,O15516
P51610,Q96DX5
P17096,O15516
O95816,O75676
Q8WTS1,Q9NV70
Q9UMZ2,Q9UPS6
P35222,Q01081
P43005,Q8WUD4
O15371,Q9H081
O95628,P22695
Q6PCD5,O00592
P26640,P15036
Q9UBE0,Q13115
P06870,Q07820
Q8IW35,Q8NCM8
Q04756,Q9NP71
Q13227,Q7Z494
Q8N3F8,P60903
Q96G21,Q6GQQ9
Q8IVP5,P01563
Q96L73,Q9H1R3
P68431,P25391
Q9UBQ0,Q9H0W5
Q7L273,Q9UBP0
Q02763,P18428
P16619,Q92973
Q13705,Q9UQB8
Q9UBZ4,P05106
Q86XK2,P15941
P52701,P61981
Q14118,Q9P0K7
P54132,O75317
P04083,Q9Y6R0
O14920,Q14197
P01236,Q8WU20
Q99700,Q8N3Y1
Q8TDU9,Q9UNF0
P19438,O75955
O43927,P62995
O43566,P04899
Q7Z6J0,Q6PIJ6
P23760,Q14204
Q6PGQ7,O60437
Q9P000,Q9NQH7
Q9UBE0,Q96T60
P54098,Q15118
P35638,Q8N1I0
Q99623,Q9Y6F1
P62805,Q8TDR0
P56645,P20618
O95190,O75840
P26022,P14210
Q8IWI9,P53350
Q9NR50,P56817
Q9H8S9,Q9UH92
Q7L576,Q14151
Q8NG27,P52945
Q9BUG6,Q9NR77
Q9H840,P05549
Q9Y6W6,O75506
P02765,O75955
O15264,P08559
Q92870,Q96Q27
Q6ZNE5,Q9NZD4
Q9Y2W1,Q96L14
Q9HCS7,O75840
Q5VV67,P62820
P51587,Q9UNH7
Q13156,Q96D31
Q9UKV3,Q8TBZ2
O95402,Q96FW1
P52657,O75525
Q14204,P30988
P36954,Q7Z4S6
Q9UKJ1,P56537
Q9UBD5,P08637
P40337,Q9NZU7
Q12967,P20226
Q9GZV5,Q8NF91
P61619,P49757
Q15555,Q9Y281
Q9H410,P25705
O14810,Q9Y262
Q14738,P21675
Q8WUD4,Q13557
P43119,Q9P0U4
Q9Y566,P18077
Q96Q42,P51681
Q9Y6M7,Q9H9S0
Q96FV9,Q8TEW0
P55895,O43402
Q9BXC9,O94817
Q01638,Q9P2J3
Q9H0C5,O14901
Q8NFZ5,Q9BXH1
Q99750,P21796
P20749,Q02241
O60506,Q969H4
P57087,Q8WUI4
Q9NWV8,Q13619
Q13409,Q9UNH7
P15918,O14933
Q9NWB6,O94817
Q96C24,Q53G59
Q92800,P26640
Q9NP85,P35637
Q9UIB8,Q9NZN3
P50990,P10909
P02794,O43150
P49721,Q15078
O00244,P60520
P10644,Q8N4C6
O95235,Q9NQL2
Q96AH0,O95163
P35226,Q9Y262
Q00536,O95271
Q14573,P06746
P11532,Q4LE39
P40123,Q9NQ94
P54577,Q86UP2
Q93074,P00813
Q9UPT6,P09622
Q00987,O14727
P20916,Q12996
Q9GZQ4,P20023
P35227,P57775
P31751,P07814
Q9NVC6,Q16825
P36542,Q13505
P01116,P61326
Q14677,Q66GS9
Q9UK80,Q96PU5
Q92922,P61160
P48167,Q9UL54
Q9NR77,Q9UK53
Q7RTV0,Q6EEV6
Q13137,Q96BR1
P41212,Q9UNM6
P60520,Q9Y243
P22415,Q6WKZ4
P02730,Q96JC9
Q9BZE4,Q68CZ2
Q00535,P61604
O75563,Q96AH0
Q92558,Q14186
Q02487,Q13127
P07996,P35568
Q13555,O95243
Q9GZQ4,Q9Y6F1
O15553,Q9UNK0
Q9HCU9,P60033
O75832,P26367
Q9UQR0,O60486
P15173,P20618
P20138,Q15746
P21810,Q9Y297
O00623,Q8IZJ1
Q68D85,Q9H0M0
Q6P4Q7,O00712
O76003,Q9Y6B2
Q04724,P47804
P54920,O75477
P49427,Q13332
Q13425,Q9UER7
P13497,P84095
Q14974,Q9HAQ2
O43184,P07196
Q9NX47,Q9UNN8
O14980,Q9H7Z6
P33681,P62328
P49427,O95382
Q9UIV1,P85298
P48643,P16615
Q9C086,Q07864
O95639,Q8NI27
P21127,P46060
Q6IN85,Q12967
Q9NV44,P49750
Q9BT67,Q8WWN9
Q6IN85,Q15022
Q9UHQ4,P48730
P02786,Q3LFD5
Q14957,P41238
Q9Y6N8,P26641
Q92888,P13987
O00241,Q9HCS7
P48506,O14737
P29376,Q6ZYL4
Q13470,O00592
P02786,O15511
Q86X55,Q9HB90
Q9BZE4,P06734
P23467,Q9P0U4
O75439,P08575
O15533,P39905
O75628,O75179
P55060,P33552
O15516,Q15788
O60240,P05783
P26951,Q96AY2
P26927,P07737
Q9BQ15,P49761
Q14114,O43933
Q9NRW7,Q12774
P05160,Q14746
Q6S5L8,P10242
Q9Y2Z9,Q13155
Q96JB2,Q02548
P48506,Q7Z6B0
Q15306,Q9UGK8
Q86U06,Q9Y508
Q9Y6N7,Q12934
Q99666,Q9H147
P46695,Q96MH2
Q13402,Q05682
Q8IYF3,Q02388
Q14185,O60763
Q9BSV6,P20810
Q9NRA8,Q15788
P14866,P30273
P13945,Q9BQ95
Q6ZNE5,P56282
P27037,Q9Y219
Q12913,O14925
Q5T3J3,Q9UBP6
O95571,Q8N196
Q9BT67,Q15843
Q9UM07,Q9BQ67
Q7L590,Q14498
P02766,Q16633
Q14739,Q9NRY2
Q96C24,Q05086
O75161,P30533
Q92817,Q9H0M0
Q9Y3E7,Q3ZCQ8
Q96G21,Q9Y5B8
Q16739,Q92667
P46020,Q14118
P55085,P36542
P18621,Q9UNK0
Q13470,O75947
P35606,Q7LG56
O75800,O75150
Q99626,P18846
P49841,P52597
O95600,P51617
P04083,P20023
Q96NE9,Q9UHQ1
Q49AN0,Q12841
P54829,Q9UIV1
P35221,Q9H2X3
Q8TAF3,P18615
P49459,Q8TDU9
O95639,Q15262
P26599,P16112
Q8NHZ8,P04198
Q01094,O75928
Q7L5D6,Q07890
Q15172,O14901
P52907,O95405
P46940,Q9NR12
P31273,O15145
Q9UBB5,Q96RT8
Q9BUH8,Q15700
Q9BT25,P78371
Q9UH73,Q9GZX6
P61225,P49591
Q06124,P20042
P00742,P10827
Q5VST9,P78345
Q9Y375,P21333
Q13191,Q06587
Q9BPZ7,P15090
P10619,O00585
P63167,P04183
Q16186,Q9Y279
P36542,Q8IUH3
O00198,P19022
O14836,P18084
Q8TAQ2,Q702N8
Q6P2E9,P62380
Q9UHW5,Q96F44
P30048,Q8NBT2
Q8N684,Q9P2G9
P40222,Q86YT6
Q96A65,Q99836
Q9UPT6,Q9ULV0
Q9Y4K4,P35241
P13598,Q9NXV2
Q8WWN9,P41252
O60481,Q15054
P54132,O60603
O14578,P63279
P09958,Q8N3R9
Q9UBQ0,Q8TDD1
Q7Z6M2,P11308
O75915,P08047
Q92529,Q9ULB1
Q9Y2M5,Q99466
Q96EY7,P35080
P26010,Q16537
P18510,Q8TEL6
Q15831,P62736
O00241,Q9ULB1
Q9NPC8,Q96BR1
Q92913,P78371
O75628,Q9HAP2
Q15022,O60869
Q5T5C0,Q8NCM8
Q8NB46,Q9H8Y5
P21953,Q96M94
Q9NQ25,Q8TEK3
Q13362,Q9UIF9
Q9NR55,P05388
P05783,P09429
Q9P275,Q86VP6
Q9C0C7,Q9HAJ7
Q13043,P50453
Q9H4H8,Q14397
Q14155,O00151
P15531,Q9UIU6
Q14168,Q9UBC2
Q9Y2Y1,Q9Y3Q8
Q8NAV1,P22695
Q5XPI4,O75934
Q8IZT6,Q16695
O15360,P22223
Q674X7,P57796
P30273,Q16595
Q99743,Q8N1I0
P37173,P42680
P54920,Q86UT5
O75864,Q96HR8
P55085,P46976
Q9BWW4,Q6NZY4
Q8TAM2,Q71DI3
Q86XE0,Q9HAU4
Q9HCU9,O15297
P78395,Q8NHM5
Q9Y262,Q9H1I8
Q9UBN6,O43251
Q8IW35,O43557
Q96DB2,Q9NNW7
P51170,P30153
P31483,Q92538
P14618,P51572
Q9UKV3,Q92696
Q9H9G7,Q9P2F5
P0C2W1,P34998
P61981,Q9Y3Q8
Q9UHV7,Q15691
Q5PRF9,P61457
Q8N3U4,P28907
Q15582,Q92542
P03956,P52945
O75161,P20594
Q9P0W2,Q9BUN8
Q5T4F4,P50749
Q6TFL4,Q96A44
Q9Y3E2,Q86SE9
Q9H221,O75461
O14796,P52298
Q13873,Q7Z412
Q9Y5K6,Q9UGM3
O43402,Q13285
P42772,Q9H0K1
Q9BRT9,O95336
P05120,Q6TFL4
Q9H2B2,Q9UPU9
O15553,Q9HAQ2
Q8TBZ3,P11308
P20273,Q9NXV2
Q15543,Q99612
Q14103,Q01658
Q5JTV8,P14373
Q92613,Q92851
P11387,O75663
Q06609,O60678
P17655,Q9NP97
O00287,P78348
Q9Y468,P68402
P21953,Q53ET0
P30307,P15260
P98170,Q9NVI1
P31689,Q14562
Q9NYF8,P42261
P03956,Q7L3B6
Q8TF42,P08519
Q9NS56,Q9H845
Q9NWB7,P02708
P11177,P81408
P29459,O95758
Q8N5H7,P61201
Q16890,Q8WYR1
P35249,Q9C029
Q96EQ8,Q96F24
Q9UBK9,Q16595
Q8NB16,Q14814
P28702,Q96CS4
Q01658,Q9NV31
Q9UBD5,Q14C86
P25788,P36507
P01588,P62072
Q6AHZ1,Q9HAU4
Q9UMX0,P02741
O60894,P02748
Q7Z628,Q9NZM3
Q9UKA4,Q9UNE7
P62244,Q99801
P54646,P01730
P11474,O14933
Q7L8J4,P24278
Q9Y2Z9,Q15648
O14879,Q15506
Q8NG41,Q03181
Q9P1A6,Q9NP85
Q9H2G9,P23469
O43447,Q6VAB6
Q9H211,Q9UKS6
P16035,Q9UIG0
P10071,Q13643
Q9UHF0,Q12860
O75439,Q8N3X1
P54619,O43852
Q15532,O75695
P22830,Q8N201
O15126,O94776
Q13884,Q7Z417
Q8N6Y0,Q9Y3M2
P11473,Q15349
Q15834,Q9BYE7
P52565,P21860
Q13439,O75934
P51451,P04085
Q08117,Q15466
O60683,P53365
Q08881,Q8IUD2
P14316,Q9NZN5
Q96BH1,Q92838
Q9BY11,Q8IXW5
P56693,Q13131
Q15323,P37023
P09603,P39019
P05412,Q96LR5
P60763,Q13287
Q00536,Q9UNE0
Q9Y463,Q8WXE9
P05231,Q6FIF0
P10619,Q9GZM8
P17812,Q7KZ85
O75335,Q9NVD7
Q9NTI5,Q13200
P11233,O60716
Q16236,P11684
Q7L2E3,P51825
O14787,Q9Y2A7
P22626,Q96AH0
Q99996,Q9UPY3
Q15819,P40939
P15018,Q13557
Q5JTV8,P30460
Q9UJX4,P35638
Q15172,P09382
Q674X7,Q8IXH7
Q9UJY5,P06730
P51813,O43521
Q14691,O14901
O15457,Q9UQ88
Q13239,P02748
Q9H0W5,Q9NZM3
P53355,Q7L523
P50148,Q9Y2Z4
Q9H446,P06241
Q99497,Q9NQ55
Q9Y5J7,O43566
O15169,O95696
P13498,P36405
Q00987,P78357
P49006,P46736
Q9BQ67,P43320
P41161,Q9UGI9
P06400,Q13485
P62166,Q8WWM7
P11309,Q9Y2Q5
P60903,Q16828
Q9UBS5,Q86YT6
Q9H9Q4,Q9NP64
Q9NVF7,Q03933
Q04724,Q9UHP3
Q9BYE7,Q14183
Q96ES7,Q9NZL4
Q9NVV4,Q07820
P09038,Q9Y5Z7
Q9UPT5,Q8TB52
Q9UMX1,Q96CS3
Q99966,P38646
Q9UNP9,P50151
Q9Y265,Q6ZU15
P49238,P13804
Q9UGN5,O60232
Q96GM5,Q9Y2X3
P78337,P51693
O60262,P01040
P41238,O43292
Q71DI3,Q9BQG0
P49006,Q9Y6Q5
Q9P0P0,Q9NQB0
Q9Y3E5,Q9H9F9
Q8TBA6,Q9BUE0
P23921,P13805
O43815,P18848
Q96KP1,Q9Y6D9
Q01344,P15863
Q8NFH4,Q16478
Q15542,P49760
Q9HBI0,Q15942
Q9BXS0,P42226
Q6P2E9,Q14676
Q03014,O60832
Q9BU61,Q8WVJ9
Q12947,Q00536
Q9ULK4,Q92796
P01042,P56192
Q15013,P60763
Q9NVV5,Q15022
Q8N488,Q8TEB1
P17936,Q9H0A8
Q9Y5K6,Q86SX6
O43929,P12814
P14678,Q15208
P47755,A7MCY6
O00232,Q9NS28
P32245,O95336
Q13586,P62834
P62318,P08247
Q6S5L8,Q13185
Q8IUH5,Q9UQQ2
O43236,P62244
Q8N729,P78371
Q70CQ1,Q92585
Q14019,Q13873
O75340,P51948
Q96JN8,Q96HS1
Q9NZV8,P07947
Q13085,P48382
P11912,Q14512
Q9NP84,P17275
Q8N2Q7,Q14865
P09668,Q15327
O75592,Q99618
P10828,P10124
P78356,P63261
O60481,Q969H4
P08195,P0C0S5
O15078,P27824
Q9UBS0,P02730
P30542,P08559
P02675,Q15466
Q969R2,Q9NWF9
P20151,P10275
Q16832,O43593
P29692,P50151
P25391,Q8N1I0
Q8IZQ8,P15382
P30520,Q9P2D0
Q12800,Q92499
Q9H467,Q9Y263
P35712,P23025
O15550,Q9UBR4
Q8WV41,Q04912
Q02080,P02675
P29460,Q9BWF2
Q9Y6I3,Q96B26
P16871,P32246
Q9UFG5,Q9UBP5
P29475,P28482
P04234,Q99575
O60285,Q15691
O95600,Q13094
P12644,P41279
P55060,Q9UKJ3
O43752,O75663
Q9UHW9,P55273
Q7L5D6,Q93096
P24593,P15880
Q9UPT5,Q13889
O75312,Q9Y2J2
Q08945,Q7Z6B0
Q9UKV3,P05388
Q9NRA8,Q96PF2
Q96EQ8,Q9H8Y5
O95793,P25116
P15863,Q8NHG7
Q5VTB9,Q9ULR0
O60729,Q9UBI6
P22830,P11940
O43557,P35712
Q16533,P53567
Q70EL2,Q13163
P07858,P15090
Q13438,P57105
O95149,Q8IZD9
P28715,P53350
Q8IVT5,P62166
Q9UNE7,P99999
P52952,P31150
Q9NRA1,O75506
P62879,Q9H0M0
P07101,P14316
Q14790,Q9NZD4
P04183,P25789
Q8N5H7,Q9UG01
P55085,P78314
P03956,Q9NTI5
O75449,P42679
Q99638,Q9BRQ0
Q9UKA4,P42224
P81274,O75695
Q15836,P53350
Q96J84,P25942
O95967,Q8N556
P11215,Q9UJW3
O14795,Q5TCZ1
Q7Z7C8,Q86SE9
Q9NYG5,P53992
P16104,P09038
Q08881,O43516
O14787,O15259
Q96EK4,Q9BZD4
Q9NRD0,Q13287
O43808,Q13541
Q6QNY0,Q7Z460
Q9Y6N8,P22301
Q8N9R8,Q9NPA8
Q96A47,O43164
P21506,Q9NVP1
Q01974,P39748
Q99961,Q14686
O15164,P36954
A0JLT2,Q13507
Q8N1L9,P50461
Q9UBK9,P28062
P48551,O94927
P35637,P16949
Q07866,Q92888
P46934,P09493
P05177,Q14938
Q8NF50,Q9H204
Q13227,Q96PF2
Q14626,Q5SW96
P02679,P10242
Q13425,P03951
P47874,Q9P2Y5
Q13873,O95613
Q9Y228,Q9Y5V3
O00291,Q8IZT6
P07711,Q92574
O75439,Q14204
O60759,P53367
Q16656,Q06643
O75832,Q9H9S0
P40306,P34998
Q8TEY7,P78527
P98164,O94829
Q9BTW9,O14543
Q14160,O00451
Q15021,Q6S5L8
Q9Y6Q6,O14879
Q15303,O15145
P49643,Q9NZC9
Q9P1A6,O75496
O60216,P30499
O14893,P55786
P62072,Q92777
Q14674,Q9H832
Q8TAQ2,Q9Y2M5
Q6ZUJ8,P55010
Q9H9T3,Q9UHN1
Q9HAT8,Q92973
P52735,P20936
P38646,P15941
O15371,Q7Z465
O43379,P01732
Q9P1A6,P35346
O94829,P00742
P46087,Q9UKS6
P40937,Q6PH81
O15392,Q9UHD2
P02748,P10828
Q99574,Q9UQC2
O95793,Q9Y210
O14578,Q96CA5
Q8WVM8,Q14814
Q9HAP2,O14730
P31483,O60885
Q8TAF3,P55795
P04049,P29376
P61077,Q9UK97
Q9H410,P20849
Q969G2,P42701
Q9H211,P18031
P51681,Q9H9E1
Q00597,Q7Z406
Q9NRY2,P26367
P04234,Q969U6
Q9UNS2,P62316
Q4G0F5,P21980
Q13153,P16104
O95376,P98155
Q8TEY7,P50748
P55209,Q92643
Q14149,P40222
Q96II8,P19419
P11802,P62495
P23510,P26717
Q96FW1,P16284
O75899,Q9BUN8
Q9NPC8,P53350
Q9H0E3,Q13263
O00300,Q9NPD3
Q96CA5,P06493
Q8NDX5,Q86SZ2
Q92851,Q9UBR4
Q01543,O95477
Q96S52,O75955
Q9UBZ9,Q9BTW9
Q7L576,Q6PJG6
P09668,Q96T37
P51681,P28482
P31350,P43628
Q9UBU9,Q96HE7
Q9H8T0,P19404
P37023,O14727
Q92785,Q8N6M0
P11912,O76003
P08246,P01019
Q9H9F9,O75531
P12544,O75525
P09619,Q8NHW3
Q9UBK2,P24539
P62277,Q52LR7
Q9NUX5,P08574
P21817,Q15388
Q96LR5,Q9BVG8
P49642,Q96DI7
Q9ULI3,Q96L92
Q96PM5,P41143
Q9NWQ8,O75496
P62312,Q9H0E9
Q9Y6W3,P19838
P83916,Q96SW2
P61619,Q8WVM8
P55197,Q9H4I2
P13760,O95425
Q8NF91,Q96AX1
Q92886,Q9BW11
P07942,Q14397
P31629,P55010
Q5T5X7,Q7L0Q8
O75431,Q9Y6W5
Q16656,Q7KZF4
P07858,Q6ZVD8
Q9Y679,Q9UGI8
P14923,P08476
Q8N531,O00273
P51809,Q9BXW9
Q9Y2U8,P35372
O14777,P09913
O75449,O75676
P49716,Q99698
P14653,P62316
P08047,O14802
P00750,O14730
O75179,O76075
Q12959,Q68EM7
Q9GZT8,O95251
Q9NRI5,Q9Y2Y9
Q8IXI2,P83436
P61006,Q01081
P46939,Q13087
P06850,Q6WKZ4
Q9C086,P21452
Q8NCM8,P55316
O00541,Q07820
P61371,Q9H3Z4
P05177,Q9NQC1
P10451,Q15262
Q01718,Q9UQM7
P35580,P24941
P20594,P01730
P25815,P38432
P47804,P34932
P48443,Q96Q42
O43719,Q14011
Q12816,Q7Z6A9
Q86W92,P40429
P07333,Q9Y2I1
P08922,P07550
P29459,Q99497
P12081,O95503
Q92558,Q14145
Q969R2,Q9UJU6
P10275,Q8WVM8
P11215,Q9UQM7
P13598,P02788
Q00872,Q4AC94
Q8N8B7,P61077
Q9NSK0,P49815
Q9H0Y0,Q01105
Q92956,Q9H4L5
P26885,P13726
P29371,P14618
P22681,O95343
Q2MKA7,Q16526
Q13595,Q9H1D9
P61006,Q07960
O95295,P49450
Q9UM73,P01732
Q07666,P38484
Q5VST9,Q9Y6E0
P02746,P62834
Q9UIF9,Q9Y2D8
O95376,Q6PIL6
O14599,O75147
Q9H422,P35712
P59998,Q9NZM3
P43628,Q96T37
P01303,Q9UBT6
Q96SB3,Q9BTP7
P11047,Q9UGL1
Q9GZS1,Q8N8A2
O75081,P27658
P51172,P0CG47
P13861,Q14204
Q14242,Q13287
Q9BRG1,P13598
Q12851,Q15393
Q02447,Q5VVQ6
Q01844,Q5VSY0
O95229,Q07864
Q00839,P16112
Q08722,P01583
P34998,P10515
Q9Y613,P05787
Q9H5V8,Q8N1L9
Q96SZ6,Q9BZD4
Q96B01,Q9HAQ2
O43292,Q9NVP1
P14780,Q16602
Q8N8A2,Q13114
P11474,P42226
Q08752,Q9H8Y5
P29376,O60437
Q7L273,O43572
O14737,Q96SD1
P30050,P43250
P83916,Q9BVG8
Q9UPU9,Q15723
Q9NRG0,Q8IXW5
P43119,P00750
Q9NVR7,Q15691
Q99590,Q14676
O43734,O60759
Q9Y5V3,Q9NX24
Q16401,Q96EY7
Q9UKC9,O60291
P54920,P19438
Q96FZ7,Q8IY31
Q13443,Q9UJX5
Q9H553,P01732
Q16695,Q96T37
Q14181,P28069
P50748,P01375
P54253,Q14814
Q9P246,Q9Y6R0
Q15942,P02788
Q14242,P32942
Q9BUL8,Q06546
Q14749,P49796
Q9NQ48,Q16890
O95785,O00763
Q14681,P23025
Q96LI5,Q7Z569
Q2MKA7,O75150
P10828,O75582
O95944,Q9NPC8
Q8TD16,P53367
P22695,Q9P000
O43913,Q9UMW8
Q9Y343,Q9BW27
P35659,Q9NWS0
P33151,P29374
P18887,Q5VTB9
Q9UL33,Q9UQB3
Q15427,Q8IY31
P25490,P09603
P61201,O43639
Q01718,Q29RF7
Q99836,Q93008
P13671,Q15021
Q15645,O76064
Q9H3U1,Q7Z4I7
P49207,Q9UPY6
Q9NPG3,P50213
Q14524,P14555
P38919,Q9UI09
Q8TAC2,Q02297
Q9HBI1,Q9NRR4
Q8IW19,P11802
P08648,P42704
Q99748,Q96PF2
Q8N6Y0,P41743
Q96JB5,O76075
Q12948,Q9H469
Q92747,O94829
Q9Y5R8,P0C1Z6
Q6ZN18,Q9Y2R2
O14965,P56282
P11831,Q9H161
O75146,P62993
Q969R2,P26717
Q99570,O14979
Q969H6,P09874
Q96FV9,Q92730
Q9BXW4,O15511
Q5PRF9,O15344
Q14116,P22455
O94889,Q9H254
Q9BPX3,Q7Z7L7
Q9BVP2,Q68EM7
P11387,P42166
O75925,Q15759
Q7L190,Q9NY12
Q8N5M4,P18031
Q9GZY0,P42166
Q96G25,P24522
P59998,Q92574
Q96CS3,Q13009
P26010,Q7KZ85
Q9BVI4,O75477
Q13387,Q8WU17
O60759,Q9NZD8
Q00872,Q86XL3
Q9Y333,P06493
Q9NR46,P05121
P22736,Q9H4B6
Q9H0N5,P10912
P43119,Q9NR50
P23025,Q13322
P35222,Q00534
P52952,O60678
P42263,O75330
Q9NV44,P09913
Q9H0C5,Q9H270
Q99759,Q9UIF9
Q13470,Q9UGM3
P14866,O95816
O60885,Q5T7B8
Q9P287,O95573
P13671,Q7Z5K2
P81877,P49715
P07814,Q9BXS0
Q7Z6J0,Q3V6T2
P04899,Q9HBM1
Q99569,Q2TAY7
P68431,P57682
Q9GZX5,P13598
P60709,P18075
P51948,Q09019
Q15020,P15172
Q53GL0,O15519
P30305,P08709
Q9NVR0,P08574
P12830,Q8WWW8
P02671,Q9Y6Q5
Q12788,Q92696
O14519,Q9UI09
Q9UBZ9,O94888
O75150,Q9UBI1
Q9H078,P35250
P07093,O95405
P50281,Q96JC9
Q9Y5V3,P49761
P29459,P52945
P13796,P16591
Q13164,Q99835
Q01892,Q07325
Q7Z434,P43626
Q8N2Q7,Q9UBI1
P30273,P24390
O60437,Q9HCE7
Q8WUI4,Q13588
P28336,Q9Y3L3
Q9H840,Q9HCS4
Q99967,Q16890
P49675,Q92854
Q96C03,Q04912
Q14653,O14730
Q6QNY0,P02745
Q9GZR7,P07093
P13611,P62273
Q13404,P08559
P21796,O15344
Q9UNE0,P49750
Q674X7,P02774
Q9BVI4,Q8IXW5
Q9Y613,O75323
P02649,Q12967
Q8TDD1,P04085
Q9Y613,P22307
Q99594,Q14764
Q9UKF6,Q9UBU8
Q9UBK9,Q92817
P62310,P15382
P62306,Q96JM3
P45985,O43184
Q9H2K2,Q9Y2A7
Q8N3U4,P13987
P49795,O14641
P02751,Q6PH81
P13861,O00273
O43143,Q96KQ4
P02549,P55327
P60709,Q96F24
Q14004,Q9H845
Q9UKT9,Q06546
Q05516,P35568
P05386,P61077
P17342,Q13555
Q9ULT8,Q9UHN1
Q06323,Q9H6D7
Q06828,Q86UN6
P62277,Q9H0Y0
Q7L804,Q07002
Q8N8A2,Q9UI14
P22570,P27701
Q9BYE7,P61952
Q9BPX3,Q9NY12
P45985,Q9NPI8
P19387,Q08050
O43196,O95999
P11802,P49327
Q00597,Q9NS75
Q9HD47,Q14582
Q9BXM7,Q9NV31
A8K0Z3,P83916
Q8TBZ2,Q16659
Q15311,Q9BXS0
P41236,P50995
Q9UBE8,Q9NVX0
P28324,P62244
Q6TFL4,Q14562
Q15582,O14649
Q53G59,Q9BW11
Q9H3M7,Q9Y2J0
Q9BW83,P09382
O95229,P41236
P30273,P49069
Q13144,Q14168
P17661,P50990
Q8WTS1,Q92925
O95376,Q9H334
O60645,Q9NS75
Q8WXE1,P35998
Q9Y383,P49910
Q96PB7,P10515
P19438,P17252
P12268,P56178
O15169,Q9H9H4
O00472,P23760
O00268,Q8WZ42
P49910,P05108
P26045,P21333
Q6AHZ1,O43164
Q02080,Q15404
Q9P0L2,P56192
Q9H078,Q9BV36
Q9NRY2,P20594
P17706,Q16478
O43447,O00141
Q5T5X7,Q9Y5X4
Q8WVC0,O95271
Q13061,Q9P2K3
P06703,Q9NX24
P09914,Q7Z6B0
P78543,P67809
O94842,Q9UNK0
Q86T24,P18031
Q9H4I2,Q86UP2
Q14141,Q12906
P78413,O75175
Q9BUG6,P06239
Q8N5F7,Q13485
P62263,Q99471
Q9P1A6,Q8N196
Q9Y3C7,Q13541
O75558,P21333
Q8IX07,Q9Y5T5
Q14957,Q13153
Q16890,P48023
P25788,O95343
Q16832,Q09019
P61158,Q96EZ8
O75112,Q9HB21
Q9C026,Q5U5X0
P10276,P98172
P53803,Q9NPC8
P27448,P31930
Q9BT25,Q8NHY5
P40306,P11166
Q15172,Q9HBE1
P01135,Q6IPU0
P35580,Q9BQE4
P10244,O14770
P61081,P48553
Q9UNE7,Q8TEW0
P01130,Q9Y2S7
O95477,Q12996
Q9H0M0,Q04912
Q9NP66,P36578
P49354,Q02548
Q15382,Q14814
Q6N043,Q9UHB4
Q9P246,Q13227
P14416,Q9BVW5
P51681,Q15762
Q86UQ8,P35368
P30101,P56817
P21583,Q8IYD8
O95639,O75864
O95232,P08571
O94763,Q5XUX1
Q969G2,Q15154
Q9UIU6,Q15154
Q96CA5,P15880
Q9NPG3,O00165
P53990,Q96J84
P51812,Q9NQH7
Q9P0L2,P45379
P09211,Q9H816
P29320,Q92538
P08603,Q9UQK1
Q9UKT9,P49768
P30626,P01732
Q14188,Q68EM7
Q92993,P01023
P16152,P06396
O95628,P06881
O94921,Q13444
P51532,P00533
O15031,Q8IX90
P27986,Q9HBE1
Q9Y5W3,P01116
Q9H0F6,P49959
Q96Q42,Q9NNX6
Q9HBW0,Q9P287
Q9NQ48,P51965
Q9UGM3,P50281
Q9Y2Q5,P02462
O14511,Q93008
Q92754,Q9NPD3
Q9NVR0,Q9BQ67
Q8WXA9,Q05397
P78395,P06401
Q92599,Q7L2J0
Q9NX24,P43627
Q96CV9,O00762
P19544,Q86Y82
P54577,Q8TF74
P05771,Q96JC9
P25705,Q8N7R7
Q12841,P02675
P07998,P15408
Q9NQL2,Q9UGL1
Q05513,Q9NY33
P27037,Q9UKS6
P26992,P50749
P06734,Q01081
P60484,O75717
P21506,P63010
P35606,Q9UHD1
P31321,Q8N556
Q9H939,Q92854
Q99623,P55198
P02545,Q96JM3
O43572,P85298
P08603,Q14315
Q01968,P62273
P06241,Q9P253
P81274,Q9H6U6
O14599,Q8N2W9
Q05066,Q96L92
Q9BXL7,P55273
P52306,P83876
Q13829,P18428
O95997,Q15131
P01127,P81877
Q5RKV6,P07814
P51812,O43557
P05177,Q9Y6H5
Q9NZM3,Q15327
Q9BQE4,Q9NXR1
P47224,P30679
Q9Y6N9,Q9Y2V7
P15822,P56282
Q12816,Q13503
O43255,Q8WU20
Q9NRG4,P25788
Q96IY4,P49750
Q9UNE7,P18084
P05181,P67775
Q14919,Q9H816
P35900,Q9NPF7
Q9Y6I3,Q15051
Q9NWB6,P30305
P05452,Q96RU3
Q9UBQ5,Q13507
P07942,Q2QGD7
P78543,P26599
P02452,A7MCY6
P63146,O14901
P31689,Q9H334
O75628,P01135
O00186,O00443
Q9UMX0,Q8WUD4
P48378,P05556
Q93009,P09683
O15350,Q86SQ0
Q14512,P61587
Q9NX24,O00308
Q8TAG9,Q13761
Q92599,P52630
O43847,P01583
Q13131,Q96HR8
Q9Y239,O43491
Q99594,P17152
Q9HC98,Q13115
Q92817,P49815
Q9NYF8,Q70IA6
O43395,P61968
Q8TAM1,Q9Y263
Q9H4H8,P35556
Q13571,P05181
P10145,Q9NRW1
P06493,Q96L14
P09914,Q8N3X1
Q92564,P35712
P08833,Q92570
Q8WUF5,Q15078
Q9Y265,Q14112
P26371,O00308
P04070,Q8WZA2
Q9Y5Q3,Q969T9
Q9BUH8,O43236
O00305,Q13217
Q9BPX3,Q13061
Q14203,O15304
Q9NSC5,Q15365
O95235,Q15645
Q8N5Z5,Q92973
Q93052,Q9NYF0
Q15915,P50453
P47897,Q8TEU7
Q15554,P62273
P33240,O75446
Q7L5D6,Q5JVS0
O14980,P49458
Q86VB7,P26374
P09486,Q96MH2
P55198,Q9BY84
Q8TEY7,Q8WYR1
Q02388,Q9NZ43
Q9NSE2,Q9BRQ0
Q9H0E2,Q15744
P10916,O94927
O75461,P35900
Q00688,Q9HD26
Q9NP97,Q9Y2X3
Q99627,P35659
O75531,Q9P000
Q86U42,P56159
P13501,Q13404
Q9BPW8,Q99593
O95817,P32004
P20226,P01892
Q96SZ6,Q96AX1
Q8WX92,P13688
Q15046,Q16851
P54274,Q9HAF1
Q9NZ94,Q86XE0
Q99759,P52630
Q9UMF0,P36896
O15457,P07998
P35612,Q16828
P62875,Q9UH92
O75363,P61970
O95190,Q12948
Q13950,Q7KZ85
P02545,P38646
Q5T2W1,Q6ZYL4
Q04724,P52790
A0AVT1,Q14204
O75694,P11362
Q9Y6H5,Q14204
Q8TCJ0,Q9UKJ3
Q02487,Q14990
P19174,Q8N1I0
Q9Y2X8,Q9UNS2
Q9UQ84,Q86T24
P52306,Q8N3V7
Q02833,Q9BYM8
P17096,P47712
O43896,P52790
Q13608,P23582
Q8N5M1,O14867
P39023,P36507
P43026,Q9UBQ0
Q06323,O75477
P07949,P16144
Q16739,Q14764
Q14582,Q5TCZ1
Q96JM2,Q76FK4
P52948,Q9Y2V3
O94829,P10515
Q92786,Q06413
Q9GZQ4,P16109
O95600,P15884
P29590,P01563
O60895,P10646
Q99700,Q8TEU7
P01563,P01275
O60741,P35236
O00339,Q8WZ42
Q9P2W9,Q9HAV0
O75563,P01130
O15265,O95319
P49427,O14893
Q969Z4,P27361
O75592,Q6PJG6
P26441,O00712
P29622,P14678
O43143,P16278
Q96EE3,Q13951
P78346,O00443
P38159,O75326
P51884,O14641
Q9HAU4,P35900
P51170,O75330
Q13425,Q9UQB3
P54284,P57796
P06753,Q16695
Q8WTR2,Q96MH2
Q9UGJ1,Q9NZD4
P16615,Q15389
P30305,Q9BXS5
P61020,Q6IAA8
Q9BQ15,O75528
P49910,P01308
Q8N1F8,Q96EK5
Q9H2X3,Q9NR77
Q04637,P08235
Q13526,Q9H5I1
Q9NWT6,Q7Z569
Q9C035,Q15744
Q96L91,Q99471
Q9UNN8,O00712
Q96G21,Q9NQ25
P02730,Q8IX90
Q9P2B2,P35625
Q7L2E3,Q9UGK8
O75909,P42574
P49760,Q14289
O75563,Q8WV41
Q13098,Q14114
P51693,P23327
Q9ULG1,Q2M1K9
Q96H20,O43156
O43150,P17275
Q15759,Q6PH81
P27815,P52597
P35579,Q9UNE0
P12644,P62841
P47897,Q9Y2X3
Q13107,Q13478
Q96B26,Q6NYC1
Q5XUX1,P61586
Q6GTX8,P17600
Q9UPW8,Q9H5V8
Q96C24,O43143
O94905,P20023
P08138,Q9HC52
Q9UKW4,P01732
Q9Y3C8,P38117
Q16186,Q7L9L4
P60520,Q13404
Q15365,P62328
Q08379,Q8NI27
Q7Z7L7,P16109
O95155,O60884
Q15424,P17181
P23760,Q96IY4
Q9NWZ3,Q92830
Q52LR7,Q92569
Q99848,P23467
P35900,Q99584
P09874,Q13541
O14757,P28062
O75182,Q99719
P42345,P20248
O75081,Q9HCS4
Q53HL2,P35236
P43026,P61158
O76041,P43250
Q92636,Q9UBT6
P31689,P35900
P60520,Q15746
Q02952,Q14183
P48556,Q7Z417
Q9UQ35,Q9HBZ2
P33032,Q7Z4S6
Q8WYJ6,Q8IXJ9
P10916,O60504
P50616,Q92783
P61158,Q6R327
Q12816,P06401
P54259,Q9H0K1
Q93052,P14859
P49711,P06454
Q99714,P35659
Q7L5N1,Q15361
P98155,O95817
O00463,Q8N3X1
Q7L273,Q9C086
P21675,P32246
Q92882,Q9BRG1
Q2M2I8,P61225
Q66K74,Q9HCS7
P35968,P63104
P01563,O94776
Q13113,O95257
P54829,P20936
P62191,P60520
P18827,Q92754
P07900,Q76FK4
O43313,Q8TAF3
Q9NX24,O60869
Q9NYB9,Q6PH81
O00716,Q6IPU0
P12757,Q9Y6M7
Q8IZQ1,O43307
P05160,Q99743
P61081,Q9HBE1
Q13319,Q14498
Q9HCG8,O75150
Q92747,Q9H467
Q03001,P51684
O95819,Q9H015
P10301,Q8IY18
Q13113,P33993
Q12929,Q9HAZ1
P31321,P25705
Q9Y6W3,Q8WUH2
P46734,Q03933
Q9BRB3,P57078
Q8IYB3,Q6PJG6
Q7L273,O75161
Q9NRZ9,Q8TEL6
Q9NYF8,Q14919
O43187,Q96EB1
P30305,Q13057
P40222,O95400
O95696,Q96FJ0
Q9NQ55,Q9HAQ2
Q9BWN1,Q13087
O43752,Q9Y239
O15550,Q9Y5X4
P62314,P22460
Q92997,P10451
P05412,P43357
P62714,O95235
Q9UIU6,O75970
P49207,Q13588
Q8N6Y0,Q96PK6
O60563,Q66PJ3
Q9UHV8,P0CG13
P09629,Q13332
Q8IZD9,P36405
P63165,Q9C0J8
Q13131,Q15596
O14832,O43150
P23508,P28069
P25788,P17600
Q96CW1,Q86UE8
Q9NZL9,P11277
Q9UM07,Q969T4
Q7RTN6,P15090
Q15375,Q96C03
O15525,O43395
Q53EV4,Q76N89
P55058,P50553
Q15363,P17812
P15018,Q8IUH3
Q8TBK2,Q92838
P52735,P52815
Q66GS9,P23469
O75592,O43264
P15173,Q14114
Q8TD08,O95271
Q13227,P52815
O60583,A7MCY6
Q8N9M5,Q92793
Q96EZ8,O00451
Q9Y572,P10155
P31994,P04234
Q96M94,O43264
Q8TAM2,Q53EL6
P63215,Q8N9M5
O15350,P12980
P54577,Q9NRZ9
Q99081,P11684
P52701,Q9UQ35
Q6ZN18,Q9Y3Q8
P32927,O43566
Q9H840,O00626
Q9H2X3,P40227
O43847,Q7Z589
Q9BUL5,P52298
Q5VTR2,Q8TAF3
O14746,Q7L8J4
P09326,Q9BQ52
P54577,Q86Y01
Q5JTV8,Q9BWU0
Q9H5I1,Q99523
Q9Y228,Q16825
P01106,P62136
Q9Y5J7,O43292
Q9UBS5,O94829
Q9NQC3,Q969G2
Q15811,Q13509
P23297,Q99661
Q969T4,Q96S55
O60674,Q13227
Q15717,Q08043
Q9BQE4,P10589
Q14103,P62244
Q99584,Q8TCJ0
Q13586,O75586
Q9HD47,P51817
P63279,Q9Y283
Q5VTB9,P49795
P61587,Q9UKA2
P14923,O14925
P19447,Q9UK58
Q13554,Q93008
Q96LR5,P02538
Q02878,O00241
P10916,Q16526
Q96HN2,P25024
O75182,Q13287
O00124,O00470
O95273,P28907
P51003,Q9NUG6
P46060,Q9NPF7
P60604,Q9Y2X3
Q53TQ3,P24941
Q96B26,Q8N9N5
Q92785,O15212
Q9UMX1,P13224
P24864,Q8N1L9
Q01344,Q99584
Q9H0E3,P43699
O15455,Q4AC94
P25205,Q15118
Q8NHM5,P23396
P31785,Q9UBR4
Q6PI26,Q9UH77
Q9Y5P8,P22736
P09914,P55089
Q99467,O75506
O75807,P31350
Q9UKT9,P62380
O43181,Q9NRD0
Q66GS9,P16144
P10721,Q9P0R6
O95365,P01112
Q86T82,Q9HBM1
P35625,Q9H3S7
Q08334,Q14197
P30279,P53365
Q6GPH4,Q92917
Q06481,Q15465
Q13952,Q92793
P63167,P41273
O43379,Q8IXW5
Q01664,Q13887
Q9Y6N8,O15357
Q9Y375,O75928
P33897,Q86YR5
Q13574,Q9HB90
Q92973,Q9UBC2
Q14865,P16949
O43447,P0C1Z6
Q9NZL6,Q15906
Q6PI26,Q05516
O60504,Q07890
O14893,Q15386
O43184,P13688
P24593,Q8TAG9
Q9C086,Q13444
Q99819,Q12830
P00505,Q86SE9
Q969Z4,Q15562
P78543,P43626
Q96DY7,Q9Y6D9
Q6NWY9,Q9NWS0
P51572,O95319
Q05048,O43251
P09493,Q13094
O94888,P25800
Q16288,P83916
Q14511,P10515
P07954,Q96DI7
P48145,P08047
Q9H9T3,Q9NZN5
P50402,P62316
P51587,Q92854
P78364,Q14114
P15018,Q15025
P49821,Q6ZU15
Q5T2W1,Q96HE7
Q8WXI2,Q969G3
Q9H668,O75150
P63215,Q9UNF0
P63316,P42336
O15360,P08709
Q9NQC3,Q15691
Q9NX70,P10124
Q96RU7,Q9Y5Q8
P16284,Q96MH2
O15211,P55735
Q99590,O15164
A8K0Z3,P30281
Q9H816,Q15208
Q9Y5B9,P62834
Q2MKA7,P51170
Q5T5X7,P26640
Q15648,P40937
P19438,P02708
P34932,Q8IU81
P40616,P42262
P04264,Q9UBT2
P14316,Q9P0U3
Q9BUZ4,Q7Z569
Q9Y5B9,P49327
P08195,P05787
Q13444,P25116
Q9UBQ0,Q9Y463
Q8N3V7,Q9NQB0
P60604,Q96H20
O75439,P08476
Q9NPA8,Q9UKS6
P19256,Q96FJ2
O94875,Q86UL8
P24588,O00141
O43752,Q9Y345
P20248,Q9Y2A7
O15360,Q9UQM7
Q14103,Q5PRF9
P36897,P84095
O95140,Q9UJW3
P78314,P08833
Q9Y2Q5,O60603
O15123,P13804
Q9Y5Q8,Q15723
P49721,O14948
Q9H444,Q9HD67
P05161,O14770
Q9NZC9,Q04721
P63010,Q0VG06
Q99062,P29474
Q9Y679,Q9H461
P09914,P13612
Q96EF6,P12757
Q8N3F8,O43502
P18583,O00757
P49069,P33993
O43927,Q7Z3B3
Q9H269,O95487
P10244,P78552
P60510,P11277
P43356,O95297
O43602,Q5T7B8
O95352,P32971
Q9BTV7,Q9GZX5
P05230,Q9Y2Z4
Q14194,Q99618
Q96B01,Q96H20
Q9NRY2,P06396
P39687,P08670
O15503,Q9GZX5
Q9Y6W8,Q8N5I2
O43680,P13232
P20700,Q9Y4J8
Q8N729,Q9UBS0
P35625,P31949
P21817,Q96AY2
Q16254,Q6NUP7
P46777,P42772
P42261,Q9H9G7
P25063,P01106
P81877,Q96QG7
Q14005,P30876
P20749,P51948
Q8WZ42,Q8WVK2
P36956,Q15466
Q58A45,O75478
Q9NRL2,O95977
P41208,Q9H0M0
P34741,Q9Y5P4
Q9Y5K6,Q8IXI2
O95460,O76041
Q01826,Q9P246
P14373,Q13951
Q8N5F7,Q8N5I2
Q9Y6Q9,Q71DI3
P42772,Q9NR77
O60825,Q16543
P25942,Q16623
Q7Z6Z7,P46019
Q8NDX5,P47712
Q15653,Q9BZE4
Q53T94,P42336
Q5T7V8,P78357
P22830,O75582
P46108,P48551
Q969J5,Q92817
P51812,Q9UBF1
Q16288,O00567
P11215,P16619
Q9P2M7,O14939
Q8IZJ6,P78318
Q14005,Q5JY77
P26006,O95831
P13760,P78552
Q9C035,Q06481
Q16543,P30203
O94817,Q14562
O14594,P15036
P68543,P25391
P43246,P81408
Q8TCG1,Q8TD31
O76070,P08754
Q9Y4C1,Q9Y281
Q9Y219,P38484
P04004,Q9BWN1
Q15633,Q8IZJ1
O95405,P68032
O00757,Q13523
Q9H074,O60683
Q9BZL4,Q8IYI6
Q9NV58,Q03014
Q9H9A7,Q92838
Q14192,Q13352
P51149,P32239
Q9HAF1,O43164
Q14498,P49257
P09622,P30203
Q14498,P46060
Q9BXL5,P31942
O60291,Q9UL03
P24522,P08247
Q9ULM6,Q14451
Q96KN7,Q96D31
Q9NZL6,O15527
O60568,P53805
P01130,P78371
P16035,P78406
Q9H0W5,P09326
Q01892,P60842
Q9NQY0,Q16666
Q9UHW9,Q96PK6
P42263,Q8IU81
Q8N8S7,Q14746
Q9NP31,Q9BW11
Q05513,P49840
P52945,Q969G2
Q16533,O14867
Q9H633,Q9UJY5
Q16623,Q99873
P02743,Q9BW11
O95487,O00141
P27037,Q9P246
O15520,O95831
Q9UI10,O75439
O00148,P61086
P49454,Q92569
Q7L5Y6,Q8TBK2
Q9P086,Q16526
Q969R2,P49711
P07711,P28065
O15520,P49848
Q13322,P55196
P05067,O95278
Q8TDY2,P49116
Q96H20,Q68EM7
Q7Z465,Q13061
P04899,O75970
Q9Y468,Q5T9L3
Q9NQG5,P50461
P50542,Q9NQ25
Q9ULX6,P11474
P40123,Q969J5
P49643,P42679
P22681,Q9BUL8
Q9BQB6,O95319
Q96AY2,P98172
Q9Y248,Q8TCX1
Q9C0J8,Q9UBP5
Q9BZJ0,Q86UE8
P52657,O95758
P07949,P15407
P49675,Q58A45
Q96MW5,Q9NQP4
Q96TC7,Q13432
O95477,Q9UBT2
P20719,P09493
O76070,P00533
Q06455,P41227
Q9H2C0,Q13418
P54920,Q8TDD1
P62873,Q8N5M1
Q9C026,O15392
Q9H221,Q9UIF7
Q15717,P16284
O95685,P54646
P51671,Q13425
Q86UE8,O43181
Q7L1Q6,Q9UHN1
P62380,Q9NR50
Q9C0C7,Q9UK41
P31483,P62314
Q12947,O00291
P23258,P09382
O75676,Q9BW11
O60683,Q9UBF6
Q13451,Q92673
Q9H4M3,P06756
P04234,Q70EL2
P15018,Q92608
Q16401,O94829
Q2T9J0,P08519
P09493,O75695
Q8NDV3,P43628
O14777,Q14240
Q01105,Q9HCE7
Q6N043,O15085
P02730,P28340
P19532,O75695
P27482,Q8WXH0
Q00610,P46976
Q71F23,Q9NSC2
P28562,Q9BPZ3
Q93038,P16112
P45973,Q92973
Q8N3L3,Q9NPD8
P25445,P36404
O43402,Q92934
Q9UJX2,Q9UGI8
Q8N5H7,Q9H9Q4
P40616,P57105
P04080,Q8TF42
Q01658,P31150
Q9UQM7,P68363
P06746,O96020
P54727,Q9ULZ2
Q16204,P18077
Q15406,Q8NEM2
Q9UBZ9,Q7Z6M1
P68871,O75817
Q13387,P17096
Q14457,P34998
Q7L590,P51617
P55735,Q9H1K1
Q9HD47,P21675
Q9NZL4,P05556
Q8NEM0,Q6PH81
Q96DX5,Q15506
P23588,Q9UKN8
P31629,Q9UL25
P09693,Q9HCS4
Q9GZQ8,P98160
P01116,P30101
Q6NWY9,Q8WWL7
Q14103,P24941
Q9H944,Q96A72
Q96KR1,P13987
O95967,P60763
Q9BUL8,Q9UKJ3
Q9H9Q4,P25789
Q9H9S0,Q9NZD8
P40227,Q99618
P12956,Q15831
P07949,Q96Q27
P08572,Q9Y478
Q13797,P55317
Q15831,Q3LFD5
Q12846,Q9NUG6
P42229,Q9H0W5
Q9ULI3,Q9NR33
P56159,P14921
P21452,Q2NKX8
P43403,Q9HAJ7
O75147,O00255
Q00839,Q9NPA8
Q13239,Q9UIB8
Q9UKV8,O00762
Q13563,O15144
P07093,P62487
P07225,P04229
Q9NUG6,O75663
Q8TAA9,Q01167
P61247,O95271
P00742,P13726
Q16825,Q9Y6A5
P43026,Q6IA86
Q9UBT6,Q14676
Q8IWZ3,Q9UBI1
P98155,P61587
O95376,Q92838
O75446,P08949
P60891,P10644
P60880,O75689
P26651,Q9UNY4
Q8N2Q7,Q5U5X0
O43639,Q8N3R9
Q76L83,Q99835
Q53G59,Q12873
Q9UJV9,Q15365
O75955,Q8TAP6
P55895,Q8N684
Q13153,Q02224
Q04721,P25787
P07947,Q8TEW0
Q9NUG6,P25205
Q9HB89,Q9NPD3
Q9P2B2,O75489
P22413,Q9UHX1
Q13239,P02647
P60880,Q9Y2W2
Q99638,Q9NNX6
P22681,Q96IY1
O60645,P23763
P09913,Q9GZQ8
P13639,Q15233
P61956,P51170
P54259,Q6NYC1
O14787,Q8N196
O95190,Q9Y2X3
P61081,Q9H015
Q92973,Q9Y6J9
Q8IZP0,P13569
O95816,P62328
Q16630,P02741
Q8IWT3,P05177
P61218,O60291
Q7L591,Q9BWU0
O95785,Q969G3
O75081,O75525
Q13895,Q86US8
Q08999,Q9UI09
P42025,P17812
Q9BYV2,P23142
Q92985,Q9H334
Q9UQ84,Q13115
Q13595,P36894
P13056,Q9NZM3
O00148,P43005
P30305,O43933
Q92793,P36405
O60232,P51790
P31942,P28360
P29622,P55795
Q86YS3,Q6ZYL4
Q969H6,Q86SE9
Q12788,Q9BWF2
P20749,P10646
Q86U70,P52815
Q96A72,O94973
Q05513,Q8IZJ6
Q9GZS1,Q6NYC8
Q13519,Q15021
P57682,Q9NRG0
Q15019,O75170
Q92854,O60739
P18583,O43765
Q9ULM6,P02748
P50613,Q99567
P02765,Q7Z460
Q9Y3R0,O94906
P31629,O43566
O14893,P05549
Q12789,Q9UHF0
Q9BT67,Q8WYJ6
P43356,Q9UNN5
Q9BV68,P14543
P26010,P36954
Q02543,P40926
P47897,Q01892
Q9UJ41,Q7L5N1
P62633,P38606
Q9NTG7,Q14498
P11277,Q92542
P62191,P07237
P30307,P15924
O60763,P78527
P49459,P02760
O95835,Q12874
P21817,Q9H0E9
P62875,Q86X83
Q7RTV0,Q14240
P51679,Q9UBZ4
P11474,O00151
P34741,P00451
Q9BY67,P30556
P51692,P78371
P51170,Q99748
Q13451,P17480
P07858,P61981
O95628,Q9UGI9
Q8TDD1,Q9NR33
Q15120,Q13889
O60684,Q03181
P43119,P09493
Q07352,Q8WX92
Q02241,Q9NWA0
Q9NP71,O76041
Q13416,P20042
Q96KB5,P33993
Q14524,P18564
Q13554,Q96CS2
Q8IZJ1,Q14183
Q93074,Q15291
Q86T82,Q8TDY2
Q14258,O14893
Q9GZS3,P41180
P05412,Q8NEM0
P07900,Q5TCZ1
Q9NVR0,P15976
Q8WV28,P21796
O75914,Q14643
O14974,Q9UNM6
Q49AN0,P20807
Q0VG06,P28161
Q6IPU0,Q96SW2
Q14004,P23469
Q96EF6,P25189
Q9H9H4,P17676
P42345,Q96IY4
O15151,Q96T60
Q9NS56,P61962
Q9BXL5,Q9Y263
Q13546,Q12906
P84243,O75947
P24390,Q86YM7
Q9Y265,P63215
P14625,P17812
P78543,Q9Y248
Q96CF2,P10398
Q99666,P98164
Q06787,Q9NNX6
Q14318,P14678
P51116,Q12972
O00487,P61457
Q9C026,Q99942
P49459,P10398
P30279,Q68EM7
P30876,O00308
P54098,Q9Y2I1
O00291,P52435
P01116,P14555
P17535,P35900
Q00005,Q99996
Q7L8J4,Q86U42
Q9UI09,O60240
Q8TDU9,Q9NR55
P24864,P25024
Q9H461,O00303
Q92851,P49754
Q99873,P40939
P25490,P52597
P26717,Q92925
O60481,P30520
Q96QK1,P35568
Q9Y3M2,P10589
Q04656,P01225
Q16526,Q14112
Q06481,Q9UL03
O95931,Q9UBZ4
Q68E01,Q9H334
Q9UL25,O60830
Q93063,Q9Y2Z4
P35219,Q96JM7
Q14657,P61201
Q02952,Q9BYM8
Q6PCD5,P18510
Q6IE81,P05109
Q9Y4H2,P61587
Q52LR7,O95977
P16234,Q9P2F5
P60981,O43264
Q93096,P25189
Q06481,O14593
Q9Y2H1,O95249
Q96HR8,P01732
P05412,Q9H3U1
O60884,Q6NZY4
Q969R2,P16070
Q9UBS0,Q9UJY5
Q9ULC4,O00287
Q9H9F9,O60830
O75528,Q9Y2X3
P42336,Q15389
Q96DB2,Q9Y3C8
P99999,P61163
O75112,P15260
Q9UKF6,P68400
P56178,P78552
Q13586,Q00688
Q9NRA8,O75970
Q96HE7,Q99748
P10155,Q9Y535
O95218,Q9Y5B0
Q13474,O43143
P52790,Q9UIB8
Q92736,Q8N4P2
P41229,P50749
P09913,Q99801
O75643,P26374
Q86YV9,P21926
Q13625,Q9Y6W6
P20783,Q7LG56
Q8NHG8,O14948
P47804,P42081
Q9BUH8,Q8N3Y1
Q9UMX1,P06748
Q9UI12,P61225
P02452,Q96SD1
Q9HCN4,O95400
P45985,Q15365
Q8WUD4,P30556
Q13888,Q9BWT7
P10114,P06756
Q14160,P04141
Q8IZQ1,Q16633
P49916,P01100
Q96JN8,P09913
Q9NV70,Q8IXQ6
P62277,P61952
Q9Y468,Q9H0K1
Q12834,P61619
Q9UL25,O60739
P02549,Q9BZK7
O43741,Q13185
Q13557,Q86WV1
P11177,P35998
O96011,Q9NY27
O75449,O75940
Q9UH92,Q9NZD4
P18827,Q9ULV8
P0CG13,P30153
O43542,P20807
Q06265,Q15365
P08047,Q9NZD8
Q9UPN9,Q13291
P0CG13,O00512
Q99569,O60437
Q9UQ88,Q9BWU0
O94842,P55001
Q76L83,Q14669
Q7Z4I7,Q9UHC6
Q9UFG5,Q96A72
O95544,P07737
Q16667,P17542
O00257,P24278
Q16849,P21953
P06576,Q9HAP2
Q7L2J0,O00628
P02778,P32971
Q9NVP2,P43626
P21506,Q9Y535
P51787,Q99801
Q14194,Q8N196
Q16548,Q5VT25
P36402,Q9UIF7
P13051,Q9NWB6
P50281,Q9UKJ3
Q9P246,A5YKK6
Q9HCS4,O43264
P36507,P52434
O43815,P49257
Q8N531,P17676
O95931,Q9H175
P43320,Q9UKS6
Q15650,O75956
Q14686,Q02880
P30531,Q96SN8
Q15942,Q9Y6Q9
Q9UQ26,P05556
Q8NCE0,Q9BXW9
P61626,Q5XPI4
Q92828,P23763
P09619,Q9UBP0
O75529,P45880
Q9P2B4,Q8N3U4
Q16204,P17275
Q99417,Q07820
P29692,O75150
Q04724,Q9UHA4
Q2QGD7,P08138
Q9NWT6,Q6P1J9
Q5RKV6,Q96II8
Q9UBQ0,Q07889
P37173,O43521
P55058,P16234
Q07352,O43313
Q15843,O75396
Q93009,P49840
Q9Y508,Q9UBN4
P02760,P43626
Q96G21,Q8WWN9
P51684,Q5W0Q7
P57740,Q8IVI9
P35398,P16144
O15455,P27701
O43823,P61619
Q9Y6N8,Q6NXR4
Q8N5H7,P06307
P05452,P30988
P61981,Q16650
O75940,P59768
Q9HAU4,P20618
Q9H2L5,O95243
P31930,Q12840
P51149,O75840
Q14657,P24723
P62979,P55196
O95190,O43264
O00233,Q5T1R4
Q01844,Q99952
P31321,Q99819
P0C1Z6,P43627
Q15013,Q9Y4D1
P07355,O95232
Q8IX03,P18848
Q8WTR2,O15144
P15407,P78346
Q9Y3B2,Q14938
Q96IY4,Q96Q27
Q5XUX1,Q9Y6N7
P01116,Q9NR77
Q5PRF9,P33897
Q9NY61,O94905
Q9H6T3,O75335
Q16394,Q03933
Q16777,Q16890
Q9H3M7,P22736
O75369,O43439
Q9UBU8,P08833
Q6GPH4,Q9H6Q3
Q6GPH4,P35269
P07954,O00499
Q15014,Q2T9J0
P02774,Q86Y82
P17655,Q9Y6D6
Q86U86,P09382
Q9UBI6,P35236
P01034,Q8N8S7
Q15075,P02774
Q13563,Q86XE0
Q15080,P14859
P51946,Q9UQB3
P55884,P38646
Q9UBE8,Q9H6Z4
O95931,P08754
Q96JH7,O14641
Q16644,O00628
Q00839,P06746
Q15323,P24390
Q9GZY0,Q9NS00
P14618,P20916
Q9UQ26,P45379
Q9Y6I3,O75448
Q9UK53,Q86WT1
Q9NVR0,O60583
Q15375,P26599
O95639,Q9H553
Q4KMQ1,Q6PI26
P15884,Q8TF40
P10451,Q06830
O95487,Q9Y4Y9
P49458,P30305
P49840,Q969G3
Q9GZS3,Q9NRW1
P51948,P51172
P37023,P30556
O00327,Q8N5V2
O75563,Q14112
Q96ST3,P14543
Q9P1U1,P22674
P04070,Q92817
Q9Y483,P07942
O95639,Q96EK5
P09683,P41208
P07996,P34998
A8K0Z3,P57796
Q9Y2Z4,O75688
Q9UKC9,Q9BUG6
Q96CW5,Q9H668
P07359,O60756
O95400,P05156
Q9Y3E2,Q53GS9
Q9UI47,P42679
Q13200,P51911
P21506,Q8NAV1
Q8NDV3,Q9UHV2
Q9Y2V3,Q9BY11
P09622,A0AVT1
Q6PIJ6,P28062
P01111,P28069
Q9NPG3,Q9UNP9
Q01105,Q9NVF7
P56693,P61968
P33552,P78552
O00231,Q99459
Q13042,Q01081
O43186,O60568
Q8IW35,Q15078
Q13490,Q92917
Q7Z6B0,Q9Y2K6
Q96EK5,Q8IXI2
P49768,Q9Y6X3
O00192,P08572
P29374,Q9UNP9
Q13416,Q9H6T3
Q8TD08,Q68CZ2
Q9NZL9,P51571
Q8IX07,Q5VTB9
Q9UKA4,Q96N96
P07101,O95429
Q13617,Q16667
P62263,P08908
Q9NP97,Q9NZ43
P62714,O43933
Q96CD0,Q8N684
Q13217,P42025
P02686,P63000
Q9Y271,P98155
P57682,Q0VG06
Q9UNY4,P55001
Q15109,Q99942
P26373,P42773
P11171,Q92830
P13725,Q9BWC9
Q96E09,Q06546
Q9Y271,Q96IT1
Q9Y228,P12270
O43172,P08519
Q9GZZ9,Q9BY43
Q9Y4K3,Q9NP97
Q01344,Q8TCJ0
P01137,O95071
P41238,O95831
P62244,Q15744
Q14141,Q99814
Q96A72,O43293
P52655,Q00688
Q13303,O14862
Q9Y2Y1,Q05209
P04141,O75179
P43235,Q7Z569
P19532,Q06455
O14950,Q9UMW8
Q8IUD2,Q9ULW0
Q9UBL3,O75970
Q14194,Q99683
P16112,Q8N3L3
Q96F24,P21926
P54132,Q9BXH1
Q9BZS1,P14210
Q16533,Q14315
P07101,P35625
Q9H3M7,Q14526
P25103,Q8NFH8
P32302,P17931
O14879,Q9UBY0
Q92870,Q15118
P32121,Q9NQ25
P61923,P11387
Q16666,Q9BPZ3
P54274,Q99618
Q96P09,Q8TD16
Q9NPF5,Q9GZV5
O60481,P21953
O43837,Q9NPC8
Q8N531,Q9UQC2
Q12778,Q9P287
P43403,P30988
P08572,P20701
P05362,Q14653
P14859,Q9UM73
P50542,P19838
P52907,P36578
P01588,P21926
Q92519,P36954
Q05193,Q9NQ55
P40123,Q8NC51
P22830,Q5QJE6
P30460,P53350
Q96A47,Q14296
P25208,Q5U5X0
Q8N556,Q86VS8
Q8WZA2,P50990
Q13503,Q9NWZ3
P20645,Q9H0W8
Q14008,P30101
Q9P2M1,O14640
Q8WYR1,Q9HAZ1
Q0VDD7,P35556
P09913,Q13478
Q13137,P13611
Q16739,Q99612
Q9NVC6,O14862
Q9Y5Q8,P36954
O75899,P15260
P05386,O43196
P05160,Q99942
P62253,Q9Y4J8
P78364,P41161
Q05397,Q9H0D6
Q9UNY4,P05177
P43356,P22455
Q13285,Q16082
Q9UKI2,Q9H2G9
Q9Y5K6,O43307
Q13427,O15344
P50616,P0C1Z6
P48145,Q9UK41
P11234,Q9HD47
O14737,O43663
Q15723,Q14114
P40238,P19532
Q8N5F7,Q9UBQ5
Q02790,Q8IXQ6
Q8WUI4,Q96EB1
P30203,P08962
Q8TEK3,P84085
Q9BUE0,P18848
Q9Y2J0,P54274
Q9NUG6,P40937
Q86YS3,Q9P2W9
O75554,Q16740
P35219,O75807
O15550,O43427
P35052,Q9NY27
O15372,O00567
Q15102,Q92797
Q01892,Q16613
Q92802,Q96T58
Q9NV70,O43164
Q14749,P27701
O43189,P11166
Q01167,P10398
P28482,Q9Y343
Q9HAT0,P51178
P30260,O75525
Q9UBS5,O95400
O15020,Q9H2C0
P68871,Q96N96
P26045,Q7Z412
P08100,Q8TF40
P27815,P22830
Q8NFD5,P56645
P56817,Q9BW11
P53611,O15516
Q96GG9,Q9P2M7
Q9NPJ8,P54725
P29460,Q13873
Q9UM47,O75170
P30154,P53611
Q99698,P62318
P18054,Q86US8
Q13137,Q8IVH8
Q86X29,Q71U36
O14653,Q9H270
P37108,P20827
Q15528,Q9NW38
Q15554,Q9UNY4
O75586,P54253
Q15029,P50151
P49427,Q86WV1
P02794,Q6PH81
Q8NFD5,O14979
Q9P0L2,Q96NY7
Q12774,O43933
O75477,O95243
Q92599,P09086
O43639,Q92888
P54274,P0C0S5
Q9NV31,Q9Y3B2
P98077,Q53GS9
Q8TAM2,Q92570
P00488,O00443
Q96B26,Q8N5R6
Q96L92,P55001
O43583,P09936
P53567,Q9H8Y5
O75312,Q13586
P78356,Q9NQ29
P98177,Q9BRT9
Q86UP2,Q13480
Q14149,P35250
O14511,Q8IWY9
O15446,Q8NC69
Q9GZS3,Q04721
Q15653,Q9NZN9
Q5TCZ1,P98160
Q9H221,O15344
Q9NR33,Q16595
Q8WYA6,P30260
Q96CF2,P84103
Q5VV67,Q2QGD7
Q8N3F8,Q6ZU15
P62993,Q13490
P19320,P35612
Q96QB1,Q9UL46
Q5VVQ6,P60033
P22830,Q86US8
P14923,P41240
Q93038,P51636
Q9GZU2,Q9Y2X3
Q9NVC6,P49427
Q8TAC2,Q13227
Q9H0E7,Q13283
Q15653,Q53G59
Q9C0C9,P30989
Q9NRF2,Q6GQQ9
Q16543,Q14974
Q96A47,Q9ULR0
Q96AH0,P43627
Q9BT67,P35237
P11473,P28065
P01236,Q9NYJ8
P22570,Q9UPY8
O60516,O95835
Q93038,P84095
P30622,Q7L576
Q12788,O15155
P25445,Q03001
P35611,Q8WYR1
Q9UHD8,Q8IUC6
Q92754,P09651
Q03519,Q9BZW8
P49368,O60716
Q6VAB6,P55199
Q99590,Q15836
Q6NZY7,P08151
Q9BY84,Q8WVY7
Q92797,O00273
Q99966,P23297
P24588,P15172
P11215,Q15118
P21860,P32780
P21579,Q8NC51
Q93052,P17676
P24864,Q8WWM7
Q9BUH8,P02760
P52655,Q9UHC6
Q9H0C5,P01275
Q07002,P52630
P13056,Q96SD1
Q8TBZ3,P49450
Q99594,P98160
Q9C086,P35244
P15151,Q9HCS4
P14373,Q15208
O95983,Q9Y2X8
Q13200,Q13114
Q9UI09,Q12774
Q9UBK9,Q86UE8
O14613,Q9UKL3
P16871,Q9H2X6
Q93038,Q15700
Q07820,Q9UBI1
P13861,Q9Y4G8
Q92854,O15145
Q15785,Q9NZU7
Q14643,O15061
Q96EF6,Q9UBU7
Q9UPY6,O14745
P23511,Q96T23
O94952,Q9H765
Q9Y5P8,P13804
P39060,Q9H161
Q02223,P52435
Q9BPZ7,Q9UHV8
P63215,Q13418
P10588,P01225
Q15120,Q92781
Q96GG9,Q9H147
P04183,O95343
P35249,Q96LR5
Q9BTC8,P60604
Q14141,P09234
Q13233,P54725
P15976,Q9Y535
Q12815,P05109
P05160,Q9Y3U8
P37023,Q15427
Q99590,P14653
P09972,P41217
Q01638,Q9UP52
Q6PCD5,P10589
Q9Y6N7,P16035
Q9BUB5,P54132
Q96NE9,Q9NX24
O75955,P35557
P49821,Q8NHY5
P62714,Q9NPC6
Q5VV67,Q03519
O14653,Q13643
Q8NHZ8,P61019
Q13241,Q02080
Q9H270,Q9Y4J8
P30679,Q8TD31
P61326,P30988
P15407,Q07889
Q9Y294,Q6ZUJ8
Q9UL62,P57775
Q7Z7C8,Q9NS28
P35555,Q9NP64
Q9NP84,P04066
O14965,Q8N5I2
Q15424,Q92793
P49639,Q8IUQ4
Q9BRK4,Q9H461
Q96IY1,P78552
Q86U70,Q8N1I0
P01374,Q9UHL9
O75525,P33993
Q9NYG5,P32121
Q96BY2,Q9UPZ3
Q6NZY4,Q9UQB8
P50570,P17275
Q9UBD5,Q86Y01
P61244,O75582
P81877,P12270
Q13951,Q8N684
O75586,Q8IXW5
Q9Y6W6,Q9NRD0
P30101,Q9Y262
P62829,Q9GZS1
Q92747,Q9UIG0
Q14974,Q9UM54
O95297,Q92754
Q9UGM3,P62906
P62253,Q9UMZ2
Q9BWN1,P49789
Q13643,Q92608
Q14011,Q9UK53
O00241,Q13291
Q9BZE4,Q8NDV7
Q02763,Q53HV7
O75689,Q969P5
Q969R2,P00167
O00305,Q9NRR4
P10644,P32780
Q9Y6N7,O76041
P09972,Q9UHQ1
P07948,P08246
Q03431,Q13131
Q07325,Q8IWY9
P28799,O60583
P17096,Q96FJ0
Q7L591,Q13614
Q9HAU4,O15357
Q92888,Q9GZM8
P02748,O14802
P63104,Q9UIF7
P11940,A9UHW6
P37108,Q6NYC8
Q9HAW4,Q9NRG0
P18031,P35557
P17936,Q15080
Q96CW1,P07947
P10451,O14649
O43734,Q15562
Q9GZS3,O14594
Q09472,P20336
P52756,Q9BZJ0
P32927,Q9H3S7
P48552,O15304
Q99626,Q9Y3U8
O75317,Q9Y3L3
P35611,Q9NZN3
Q96N96,Q8N1L9
O15068,Q99497
O15297,Q6VMQ6
P54619,Q9UHV2
Q8NHL6,Q86WV1
Q13470,Q53TQ3
Q13153,Q9H0K1
O14979,Q9UJY5
P40222,O75689
P78396,Q96QH2
Q9NZN4,Q96T37
Q9Y5R8,Q9UNK0
P58753,Q5JTV8
Q6IA86,Q6SZW1
P50747,Q9Y5X4
O96013,Q7Z6Z7
P52799,Q9GZM8
P07954,O00305
P61326,Q14938
P33681,Q7L5Y6
Q9Y3C6,Q9H081
Q9UM13,P22001
P40123,P08047
O95373,Q9UHC6
P09651,P04066
Q96RK0,P35612
Q14739,Q9Y5S2
P45984,Q9HAV0
P08572,Q96T58
P01583,P50453
Q15118,P26717
P11233,P78362
Q9UBC2,P11177
P11912,Q15287
Q15393,Q8N5M1
P31321,Q9BWW4
Q96KN7,Q9Y263
P68543,P35712
P05112,O75884
P17676,Q8WVM8
Q9H9S0,Q99519
O60264,P52630
Q15542,Q15366
Q8IY57,P21926
Q9UQ26,P25054
Q6ZN18,P33552
P31323,P52630
Q9UER7,Q15744
Q9Y248,Q9Y279
Q9UPT5,Q969Z4
P35244,Q92854
Q9ULX9,Q9Y2X8
O95155,P34130
P61769,Q96F07
Q9NX24,Q9Y248
Q9H5I1,Q9Y219
Q9H211,P30281
P06870,Q96I99
P06307,Q9UM07
P00374,P02788
Q969P5,Q9BXH1
Q96KN7,O75791
Q9BXB1,P35236
Q9BXL7,P49768
Q12996,P05181
Q9NRD1,Q00403
Q7Z3Z4,Q5H9F3
Q9H2L5,P39748
Q6IAA8,P49327
Q8NFT6,O14979
O75439,Q9ULV3
P19447,P50213
Q9Y3E7,Q9HB90
Q15109,Q06587
O14649,Q8N3V7
Q8NHG8,Q9Y3E5
Q9NRW7,P26368
Q9Y2Q5,Q02388
P28324,P25024
Q9BU61,P51684
P05362,O75807
P0DI81,P62873
O15287,Q13586
Q8NFH4,P31350
Q9NVD7,Q8WVM8
P54764,Q8N3R9
Q9H6R0,P84085
P78352,Q13478
P09234,Q9Y5S2
O75081,Q9Y5B0
Q13614,Q9BXW9
Q14449,Q12873
P00492,P30988
Q96Q27,Q13651
Q9BZI7,Q9UBT6
P61626,P02746
Q9UHF0,P61006
Q8IX90,O95425
Q9BY84,O14579
Q9Y3C4,O00451
Q96PF2,Q8TDN4
P08235,Q8IY92
Q9NZN4,O96020
Q9BYW2,O43491
P25789,P85037
Q08380,Q9NP64
P49354,Q9H816
O00541,Q9H015
P42261,P02786
Q9H444,Q6P2Q9
Q8TD16,P17096
Q9NP77,P30154
Q96B97,Q9Y6Q9
Q06190,P29320
Q8WVJ9,Q14112
P50914,O95382
Q8NA54,P35998
O15520,P61020
P35613,P50553
Q8NCQ7,Q6NYC1
Q14012,Q9H1D0
P22223,Q99873
Q9UBU7,Q00975
P36404,Q6PI26
Q12967,Q92966
Q15233,P53350
Q92802,P08574
Q5QJE6,Q14183
Q12888,O75489
P61204,O14649
P83876,O00541
Q9NPH3,Q702N8
O95140,Q9P2F5
P02748,Q6ZU15
Q15691,P00742
Q9Y2X8,P06307
O15527,P61457
Q96S52,O94776
P61978,O60437
O43364,Q96G21
P02671,Q9BXW9
Q02413,P52657
P16333,Q7L5D6
P01034,P30988
P46060,P43320
Q9BT25,P35237
Q99623,P08833
P49916,O75955
Q9UMF0,Q9UBQ0
P56282,Q8TCX1
Q15120,P11142
Q9BZE4,Q96IZ0
Q9H204,Q07864
P38606,Q8TBB1
Q9H4L5,Q96F07
Q9UBE0,P32245
Q12851,O95831
Q9UH73,P26371
Q96NY7,Q14919
O95544,P14618
Q9UHQ1,O75367
O60683,Q9H1D0
P62191,Q9Y2K6
Q8IZQ1,P50613
Q9Y3Y4,P49917
P37108,Q13352
Q9UKX7,O14980
P50591,Q99814
O75628,P36507
P19105,Q99683
P0DI81,O14836
Q9H981,Q9NVF7
P51531,Q9Y4H2
Q9H0R8,P20273
Q00526,Q9HD67
Q9Y2A7,Q8TDW5
P04070,P02461
Q96DB2,Q16204
P51178,P84085
Q13905,Q86SE9
P04141,Q9H765
O75940,Q6SZW1
Q96EB6,Q9NXR1
Q9GZQ4,P61970
Q9UBI6,Q7Z6Z7
P52790,Q14526
P41220,P04183
Q53T94,P43626
P62805,Q9Y6I3
Q15582,P25800
Q5VTR2,Q9NSC2
P59998,P30989
Q9UQ88,Q9BXW9
Q15650,Q13029
P38398,P04229
P11277,P00742
Q86YP4,O75934
P48556,Q9Y508
Q96GG9,A0AVT1
O60921,P10398
O14519,Q9NRD0
P12814,Q96QT6
Q9H461,Q6IPU0
P08047,P11047
P24864,Q9C0J8
P52948,Q96HE7
P37231,Q9Y4G8
Q9Y5N6,Q92542
Q14494,P34998
Q8IZT6,Q9UL33
Q92736,O43557
P61457,Q8IZQ1
O95817,P18428
O43402,O43920
P49354,Q16204
P62906,Q9UL63
P68543,O95704
P50151,P35556
O95628,P28328
P24390,P52630
Q9P0U3,Q9BYE7
P13805,Q9Y6I7
P04070,P62834
Q9Y5K6,Q92786
P0DI81,P23945
P47897,P51684
O43745,Q96EV8
O94889,Q13002
P67809,Q9UNH7
O75143,Q92973
Q9NY27,Q9NS28
O60504,Q86Y82
O75689,Q9P209
A8K0Z3,Q9Y2W7
Q9UKK6,P45880
Q8WV16,Q9Y6F1
P33681,Q2NKX8
Q8IWT3,Q9UBN6
P51571,Q8WYR1
P27658,Q9NYB0
O96013,Q13901
Q9H4I2,P49750
Q15836,Q9UJY4
Q8WVJ9,P28069
Q8NHZ8,O95402
P15153,Q13432
Q8WTW3,O00585
O75436,P12235
O15162,O75461
Q13769,Q9Y6D6
O75940,Q8NG41
Q05066,Q9Y468
O60256,Q9H3P2
Q12913,Q13432
Q9NTI5,Q8IWY9
P09326,P55010
P50281,P40937
Q9UGJ0,P13804
Q9BXB1,Q8NHG7
Q8IXI2,P06881
P14770,Q9BYG5
Q9UBZ4,P01584
P17661,P68871
Q8N7R7,Q13322
Q99575,P18859
P09619,Q96DE5
Q93074,Q15051
P04234,Q9UBF1
P63279,P60953
O95297,Q30201
O95967,Q96D46
P53990,Q9GZL7
Q8N2Q7,Q3KNV8
P23560,Q16478
P24941,P46821
Q86X55,O60504
Q9P253,Q16082
P52597,P04085
Q92997,Q99727
Q8WUD4,Q9H0Y0
P24386,P35712
Q9HB21,P30050
Q9H840,Q9HB21
Q96CS4,O94817
Q5JSH3,P15018
Q8NHG8,Q70IA6
Q8N8B7,Q5TCZ1
P16591,O95602
P78406,O43719
O60504,P00751
Q14511,Q7Z7L7
Q8NF50,Q9UJF2
O14901,Q8TBK2
P36507,P33552
P46976,Q86WX3
P17812,Q9Y6D6
Q9BUG6,O94829
Q9BPW8,P23258
Q99814,P09874
Q07020,O75506
P10155,Q5W0Q7
Q16555,O76064
Q9UKT7,P22692
P62277,Q8TAA9
Q99873,P22692
Q9H4X1,Q86WV1
P05388,P42574
O75554,O94813
Q5H9F3,P52435
P30531,P16112
P39023,Q70CQ1
P07101,Q8TES7
Q96B26,Q8NI27
Q12947,Q7Z460
P49354,Q674X7
Q13387,P62753
P42772,P62328
P13056,O15344
Q9UQQ2,Q9BRQ0
Q99728,P27348
P50150,P19387
Q14161,Q96AP0
P49458,P67775
Q9NQC7,Q9UBD5
Q9NX70,Q8TAM2
P10244,P25789
P15941,Q96AX1
Q9Y2X7,P11277
P02746,Q99574
Q92838,Q16539
Q99627,Q9UHV2
Q9NSC5,P30531
P51813,O00151
Q8IZP0,O15400
P51948,Q9H6R0
Q8IWS0,Q06546
Q9Y698,P30556
Q03405,P13987
P29322,Q9NZC7
O14836,Q96EQ8
Q9Y6R4,Q13464
Q9BT25,Q9GZT9
Q13705,Q9H4L4
P61201,O43427
P54727,P49642
Q96DY7,Q9UKK6
Q14240,P18859
P50570,Q92569
Q9BZS1,Q13087
Q12996,Q08043
Q96A47,Q9BY84
Q7Z6M1,Q9Y2Y1
P31749,Q92625
P49918,Q9P2W3
P26641,Q9Y375
O75575,Q86T24
Q96DE5,Q16478
O43680,Q9UGL1
Q9Y2H1,P02741
Q96IV0,P55010
P49792,Q92667
P98155,Q9NR55
P19532,Q8IYI6
P51610,O94817
Q13277,Q14296
Q13241,P42261
Q04724,Q9UHB7
Q8IWY9,Q71U36
Q9HBM6,P07998
Q9Y2H1,O14745
Q12947,P01275
Q96QB1,Q96FJ0
Q9NY33,Q99615
P62273,P16109
P36956,Q9Y5B0
Q8TEB1,P16949
Q96CA5,P17181
P46100,P30305
P98077,Q02388
Q96DY7,P05388
Q12962,Q9UM54
P42081,P51843
P78318,P20810
P36896,O75509
P0C2W1,Q01844
P55773,O15457
P17936,P49238
Q15119,P09326
P08311,P21802
P48509,P13612
Q9Y5V3,Q53HV7
Q9NQL2,Q09019
Q96RN5,Q96B26
Q4G0J3,Q8IX07
Q12788,P48382
P84243,Q5W0Q7
P35219,Q92997
O75717,O15511
P02741,O14744
Q4G0J3,O43597
O15018,Q7L0Q8
Q8IWL3,P40939
Q01831,Q9NY27
Q04724,P21453
P13051,P18510
P24723,Q14197
Q01638,Q92558
P51531,Q9Y2D1
P20908,Q9H074
P54136,P61218
P35052,Q07325
Q9UQF2,P42772
Q9GZT8,P61587
Q92614,P02745
Q96LC9,P20807
P35249,Q9UL62
Q12789,Q05397
Q9NQ66,Q96J02
P57081,Q9Y3E2
O76003,P28827
P54764,P24278
P01563,P51948
Q15528,P14543
Q15323,Q13002
P19387,P36578
Q86X29,Q13011
P46777,Q2QGD7
P61077,Q07820
Q99836,O43508
Q15366,Q8WVB6
Q9H553,P81408
P17096,O43920
Q99719,Q8N3L3
Q9H2B2,Q9Y2Q5
Q99698,Q9UJY4
Q9BXK1,Q9Y2M5
O76003,P01563
Q12947,Q9H8S9
A8K0Z3,Q06455
P55072,Q9NPF7
Q9NY33,P83876
O75909,Q96L91
Q5JTV8,Q9NRG4
Q96PU5,P11142
O15530,Q07352
Q01543,O94905
Q5T7B8,Q15788
Q9HB89,P02452
Q9P0P0,Q13509
Q9BZE4,Q99497
Q9Y333,P21926
P49639,Q9NSE2
O75496,O15084
Q06587,P78357
Q9H7C4,Q70IA6
P08579,Q99683
Q4G0J3,Q9UNS2
O95273,P48730
Q9Y345,O75884
P21817,Q92570
Q8WYA6,Q9NZN3
O75899,Q13351
Q14192,P60866
Q76L83,Q8IZD4
Q99497,Q9H0K1
Q13371,O15234
P11142,P05771
P18054,Q9UHB4
P61244,Q8WXX7
P99999,P32246
Q7LBR1,P53618
O14862,P78527
P62829,Q9NP97
P49841,Q13137
Q9NV44,Q13554
Q06455,P23945
O60825,Q15466
O75081,P28715
P02760,O43181
P22303,P09429
Q96S44,P60763
Q9UBF6,P51148
Q96T76,P45379
O14599,P05412
P55039,P14210
P78396,P51825
P61289,O75335
Q12962,Q96T58
O00622,Q7Z494
Q9UNE2,Q15459
P50995,Q13490
O75864,P19174
Q14155,P07992
P18077,P08311
Q9BSJ2,P78371
Q04724,Q9UJW0
Q15080,P78371
Q8N2W9,P20138
O95967,Q8NFZ5
Q9GZR2,P62508
Q08881,P17706
P29322,Q9NZN4
Q9Y275,O43184
Q9Y2Z9,P25774
P00918,Q96PK6
Q7Z6M1,Q15835
Q8IY92,P43364
Q9Y3E5,P17655
P61020,P06454
P62263,P28562
Q96BH1,P04637
O14744,Q9Y2R2
Q12947,O95785
Q9H175,P50616
Q68CZ2,Q9NWA0
P21127,Q8TDY2
Q5VWX1,Q9UI08
P24863,Q15831
Q9UMF0,P31150
P25445,P62714
P78345,P17706
Q92530,Q9NR50
Q14669,P25103
P39060,P21452
Q12959,P42574
P08922,P49768
P41235,P25786
Q13936,Q00613
Q15020,P10909
Q9NZ94,P02765
P21953,P19404
Q53EV4,Q92585
Q9BVC4,P42574
P61586,P16070
O95149,Q13838
P14784,P63165
Q99575,O00548
Q7L590,Q9H9Q4
Q99627,P14210
P13612,Q8N6Y0
O14543,Q15562
Q9H765,Q9P253
Q9H9Q4,Q9NSC2
Q15119,O00522
P49721,Q05469
Q04637,Q12874
O43150,Q9H0K1
Q9Y5N6,P51114
Q9Y248,O75506
P01160,Q92540
O15371,Q9UGI8
P41238,Q9H9Q2
P09211,O00712
Q07352,P20290
Q9NYG5,Q3V6T2
P49916,P23327
P30273,P06881
P48551,P38484
P19883,Q86Y82
Q15648,Q13057
O43294,Q8WWW8
P32969,P32246
P02647,Q9H257
Q9H160,Q92574
Q15744,P00742
Q96QH2,Q86VQ0
P05109,Q13451
P49796,P20594
P20749,Q5VZM2
Q9NQ55,P23469
Q16656,Q9H1D9
Q04864,O15344
O75368,O75179
Q03001,Q9H1D9
P07711,P35658
Q13829,Q9Y4Y9
Q9P2J3,P61956
O95714,Q53ET0
O14733,Q15717
Q9UM47,Q9UBS5
Q9P0K1,Q9NZN4
O15265,P47712
P43246,Q6VMQ6
O95208,Q9HCS7
O75643,Q14643
O75815,P12980
Q86U70,Q14197
P54105,Q96T58
O60271,Q16851
O75558,Q9NR77
P36542,Q30201
Q96T76,P30876
Q8WTW3,Q96FW1
Q9NZN8,O94888
Q9UQF2,O14593
O43557,P41212
Q13546,Q9UBP0
Q96AE4,Q15327
Q96JH7,P0C1Z6
Q9H204,Q15046
O60481,Q9HCJ0
O75146,Q9NRD0
Q9UIV1,Q9Y2Y0
P57678,Q9NP85
Q9BVI4,Q16526
P03956,Q5VWX1
P55209,O14862
Q9NR80,P13987
Q9Y3E7,Q9HAU4
P98164,P01023
Q96QH2,P54577
P30443,P29320
Q13952,Q14011
P11309,Q7Z5K2
Q9GZX5,Q9NY12
Q9P2M7,Q5QJE6
Q8NFH8,P05106
Q00597,Q9UQE7
P02774,Q9UKT7
Q15311,P10515
Q9NRG4,Q6ZYL4
Q9UK22,Q9BX63
Q02930,Q15759
P14416,Q9UMD9
Q9NWT8,Q5JY77
P02746,Q16659
P29320,P49917
Q15262,Q9GZL7
P21817,Q9P2F5
P20908,P19174
P04899,P49815
P29320,P41182
Q7L1Q6,O14770
O43318,Q6ICG6
Q14831,Q00536
Q9P2J5,Q9NRZ9
O00463,O15151
Q14749,Q13884
Q8TDR0,P16104
P40306,Q5JVS0
O75145,Q86SQ9
Q04724,Q12929
P31273,P05108
Q9HBH9,Q9NWA0
O00548,P25103
Q7KZ85,P35556
Q9Y4K3,O15055
Q6P2E9,Q14807
Q15836,P07237
P51587,P54136
Q96CA5,Q32P44
O95140,Q9Y5Z7
Q12967,Q7L0Q8
P50914,Q9Y6A5
P30556,Q9UJY4
Q9Y6R4,Q96QV1
O75293,O60664
O75461,O43439
Q9BYM8,Q9H2X3
Q9BPZ7,Q13490
Q9UMZ2,Q8TAA9
Q03014,Q15796
O60271,P51636
Q9P2R6,Q8WXF1
P02746,P60842
Q9NQG5,Q13588
P61758,Q8IZJ1
Q14990,Q07889
P25063,Q9H8T0
Q7LBR1,O60232
Q6P2E9,P31949
P18887,Q99638
P49789,Q9BRG1
P62312,P09913
Q9NYF8,P09619
P08311,Q9UQB8
P07949,Q9H9E1
Q8TEC5,P35398
Q5QJE6,Q92966
Q13303,Q9NRZ9
Q9H161,P51843
Q9Y4C1,P00519
O95425,P10398
O75030,O00273
Q13635,O60216
Q6IBW4,Q9BQ52
P15407,Q9P000
P02795,Q4AC94
Q13151,P35659
P11912,P50281
Q9H0R8,Q13224
Q13127,Q99801
P32927,Q05516
Q08117,Q7KZ85
P33076,Q7Z6E9
Q8TAF3,P38159
P19174,Q92934
P68543,Q9H7Z6
P06753,Q8TAP6
Q5T2W1,P62314
Q7L8J4,Q8N9M5
Q8N8B7,Q9NPG3
Q01344,Q53HV7
O00463,Q92614
Q12846,Q00688
O43516,O76021
Q09472,Q9P2G9
Q9H6T3,O00255
Q8IYD8,P17152
Q5T124,O95149
Q9Y244,Q99873
Q9NP84,Q8TDY2
Q03519,P78348
P55773,Q96NE9
P25774,Q9BWC9
Q13352,Q9GZN8
Q13045,Q9UKJ1
Q8NHM5,Q9NR33
Q7L590,Q7L804
Q15506,Q12802
P12757,O15164
P83876,Q9NXV2
Q9HBI0,Q8TDB6
Q53GL0,Q06413
O00339,P08709
P40306,O60504
P39086,P62314
P26599,Q8WW38
P11940,Q9Y692
Q5T4F4,Q16777
P23511,Q9Y3L3
Q15796,Q9NXV2
Q9ULW0,P60842
Q03167,Q9NV70
Q8NB46,P63241
O75293,P57678
Q3KNV8,Q9UGI9
Q92754,P49815
P51572,Q9Y5P4
Q16633,P05129
Q99436,Q96QC0
Q9UMZ2,P17480
Q9NPF5,P30679
Q9UI14,Q9Y248
P01135,O43670
O43927,Q9Y3L3
Q96JN8,O95163
P56545,Q8N556
P19086,Q9Y4D1
Q9Y3I1,P19256
Q12770,Q13277
Q9H0W8,Q03014
Q01970,O60240
Q9H422,P28074
O75348,P05546
O14777,Q9NT62
P21506,P40424
Q96MT8,P60903
Q96JM2,P35670
Q99467,Q02413
Q8WUI4,Q9HB21
P10916,P23526
P29322,O94973
Q04759,P57740
Q9H4H8,Q9NRG0
O00566,Q15672
O15018,Q09470
P35052,O75197
P28069,Q16644
Q96Q27,O76021
Q9P0R6,O75496
Q96QB1,P62316
Q9Y6R4,Q9Y6A5
Q13573,Q16656
Q9UKK6,Q92888
P49336,O75663
Q9BXL5,O95460
P18583,Q13542
P10914,P23582
P51116,Q13619
P78345,Q9Y219
P27361,P43320
O00422,Q99598
O00566,Q13347
P36404,Q16695
Q9P0U3,Q03933
P49715,P57078
P31273,P28340
P13639,O00167
P16860,Q96N96
P41217,P10124
P14770,P12980
P20594,Q9Y248
Q12888,P63220
Q6PIL6,P08572
O00625,P06493
P54727,Q14145
Q14746,Q9NX24
P04637,Q96B36
Q53T94,P51684
Q76L83,Q8TAA9
O75840,O95343
P06241,Q9BW11
Q99496,P49682
P23771,O43482
Q96RN5,Q99523
Q9Y230,Q8IU81
P10155,Q9P287
O15143,P02749
P48556,Q9H9E1
Q8N4C6,P57682
O43602,Q8WVM0
P51812,Q14232
P50570,P46531
P12757,P78527
Q9Y383,O94829
Q96CD0,P00451
Q9NV92,Q9UBT6
Q9Y283,P05156
Q93074,Q15003
Q9H0R8,P55327
Q04637,Q9Y271
A2RRP1,P49917
O00213,Q9P2R6
P02743,P46934
P08581,P15018
Q8NFH4,Q9UQE7
Q99665,P30203
Q9UHD9,P57078
Q96Q42,P78345
Q04323,O75506
Q8N4P2,Q9UQE7
P54829,O75530
Q9UPM8,P51843
Q96E14,Q05048
Q8IWV8,O75509
Q9Y2I1,P16144
P01189,Q08722
P09661,Q8N3V7
O60759,Q15428
P36896,P35237
Q02763,P01857
P16035,P06746
P26010,O43292
Q8IU60,Q5TD97
Q9NZ43,Q9Y6F1
Q8N668,Q9UBN4
Q02930,Q9ULV8
Q9Y508,Q8NEM2
Q13905,P50990
P67809,P13688
Q9P0U4,Q9BW11
Q16849,Q9UNE0
P63167,Q9Y239
Q9BXC9,Q9NPQ8
P61978,Q9P0U4
Q99759,Q8WXA9
Q9HAT0,Q7Z7L7
Q9BTV7,P22681
P13861,O14901
O00548,Q9C0J8
Q9UL25,P49918
Q9BQQ3,O95758
Q15435,Q9NS00
Q9Y2T3,Q9NR50
Q13425,Q8WVM0
Q9BYM8,Q9HBM1
Q8N1F8,P47897
P06396,P11171
Q9P0P0,Q13185
Q9BQE4,Q9BY11
O14867,O14641
P62277,P47712
P78543,P53365
Q9H160,O15539
Q8N5H7,Q9H832
P61225,P18848
P01889,Q9NRG0
Q9UQQ2,P43628
Q9Y375,O76041
Q8WZ42,Q9BQY4
Q9UFG5,Q15382
P54727,O95793
P63241,Q9NR80
P49450,Q8WUD4
P84103,Q9H3S7
Q9UKW4,Q96L91
P12004,P67809
Q09013,P52434
Q15650,P09681
Q12816,P24386
Q8TDB6,Q96P09
O60238,Q8N3V7
O95190,Q15759
Q13867,P28328
Q969R2,Q96BR1
P18545,P27348
O00763,Q13127
Q9BPZ7,Q9Y2D1
Q9UKV3,Q6UXN9
O43189,P15884
P17931,P05109
Q8WU17,P15976
O14836,Q8N3X1
P49450,P00750
P08581,P10589
Q15672,Q14938
Q9NS56,P61964
Q9Y4K3,P17600
O43181,P25116
P23511,P05556
Q16777,Q92636
Q16633,P10827
Q8TDY2,Q12996
Q9H0F6,Q32P44
Q96B67,P32239
P31994,Q00005
Q14008,P11802
Q99496,Q9H0E3
Q9H074,P29992
P14316,Q96RU3
P21941,P07359
P01225,P62140
Q9Y463,Q15038
Q9Y4G8,Q96M61
P15374,P27986
Q9HD36,O60291
Q9C005,P22692
P22314,O75170
Q99666,O75052
Q9Y2V3,Q96L14
Q9NS91,Q99732
Q8NEM0,Q9UL18
P13224,P34998
Q13263,Q15833
P08571,Q00722
Q9UBP6,P04085
P20248,Q96CW1
Q9BTV7,Q13618
Q01105,P55795
P21731,P22736
Q9BRK4,P61764
Q5TKA1,Q16666
Q9BZD4,Q68CZ2
Q9Y5X4,P07951
Q9UM54,Q8NI36
Q7L8J4,P00519
Q9UQ88,P28328
P01116,Q9Y297
Q8ND04,Q9UQE7
Q99836,Q92696
Q9NV44,P10809
Q9UL25,Q9UL46
Q9BYW2,Q9ULR0
Q5VVQ6,P17861
P37023,Q6EEV6
Q8ND04,Q9UBF1
Q9HBI0,P19838
P09564,O14979
Q9UL25,O00300
Q13428,P28074
P14653,P11177
Q96M61,Q9Y264
P48059,O95460
P39060,P49458
P13056,P78356
P20719,P11684
P11912,A8K0Z3
P23634,Q9NPF4
P30876,O95251
Q49AN0,Q92800
P55081,O00151
Q13547,Q96AE4
P63146,P00533
P18465,Q9BQA1
Q9NWQ8,O43293
P49459,P50281
Q9UJA5,Q15208
O94973,P51587
Q96JH7,O15027
P52655,Q8TEU7
Q8WW01,P33552
Q14008,Q9Y2X3
Q15696,P56537
Q16825,Q9NR33
Q16644,Q13087
P49768,Q9NPF4
Q9NQ66,P25800
Q93009,O95931
Q6ZN18,P62841
Q15311,Q8IXJ9
O00192,P39023
Q8NI27,O94813
Q15436,Q13507
O00305,P51693
P31689,P01160
Q12816,Q9BYM8
Q9BZI7,P15498
Q9NZC9,P35269
Q15843,P38606
Q9Y5B0,Q9P253
Q6NWY9,Q96JM3
Q9NP97,Q8TEL6
P48443,P30086
P09914,P48509
Q96A56,O43521
Q13535,P43320
O75558,Q12996
O75884,P52815
P63215,Q8IWI9
P54578,Q13155
Q9NX24,Q8WX92
Q9UHV8,P02788
P61916,Q96A47
Q9UNE2,O95600
Q12840,Q8ND25
P20908,P09486
P31994,Q15311
Q5T5C0,Q99519
Q99627,O94829
P09917,Q92917
Q9NPF5,P41161
P06870,Q9Y2W1
P28702,O43865
P51398,Q9Y279
O15212,Q969P5
Q96B97,P16234
P36957,P30988
Q99627,Q02224
P53803,O75150
Q8N5I2,Q9Y6X3
Q92766,Q71U36
Q16623,P42025
P51531,O14654
P61326,Q9Y4B4
Q9NZN5,Q15506
Q7L5D6,Q03518
Q15080,O00303
P02746,Q02930
P29992,P56537
P40123,Q16890
Q8ND04,A5YKK6
Q01130,P31689
P19086,Q92696
P06307,Q8N5M4
P16871,P50990
Q9BU61,Q96BH1
O43257,P14635
Q15696,O00623
Q9P2M1,O15457
P61247,P41240
Q8IZQ1,Q96A44
Q96SZ6,P06881
Q96EZ8,P10909
O76003,Q8WZA2
O60500,O15265
O60437,O14654
P49789,P05230
Q5T5X7,Q96BD8
P22570,Q9Y587
P03951,Q14204
P28715,Q9BW83
Q96HR3,Q9HCS4
O00221,P49716
P48145,P05771
O75164,P09211
P13760,Q86YR5
Q9UNP9,P07951
P57081,Q9ULB1
O60826,P42261
Q9P2J3,Q9C0J8
Q9C035,P31942
Q9NRG4,Q8IY57
Q8IZD4,Q9Y230
Q6FIF0,Q9UJV9
Q9UQ84,P08247
Q02763,Q13177
P28562,P41229
P06850,O95831
P27487,Q9Y6W3
Q9UQ26,Q9Y2X3
P01189,Q13595
P20042,Q96RJ3
P01563,Q13740
P11047,Q9BPZ3
Q29RF7,P12931
Q7L590,Q9BWW4
Q5VWQ8,Q9HC52
P35052,Q9UBF6
P20333,Q9NZ43
Q15650,Q5RKV6
Q96RK4,Q9NS91
P29622,Q9BVG8
Q969T9,Q7L0Q8
P02708,Q9BRG1
Q32P44,Q01105
Q9Y2Y4,P51148
Q9GZS3,O14795
Q5T7V8,P31314
O60907,P49238
P02679,Q4VCS5
P63167,P38484
O94973,A0AVT1
Q7L190,Q9H553
P55854,Q96BH3
O14519,Q7L3B6
P24593,P12270
Q9H8S9,P16949
O76003,Q9UK58
O60936,Q96J02
Q15528,P30291
Q14781,Q13829
Q14241,Q01638
O75865,P23297
P43686,P42574
Q9BW83,O75351
P38159,Q15365
O95376,Q00610
Q06323,O95999
Q86W92,Q9C029
P01857,Q9NQZ3
P22695,Q96EB6
O14653,Q05639
Q9NX24,Q969P5
Q9UJC3,P23468
Q9NQ48,Q92542
O60238,Q9UL46
Q96A47,O75330
Q6P2C8,Q9NWZ3
P26641,O15020
Q9BYG4,O60285
P98161,Q99075
Q16611,Q13432
Q63ZY3,Q7L5D6
Q07812,Q15746
P06493,Q07955
P12956,P01116
Q9BPW8,Q9BXM7
Q9BXC9,O75940
P01857,Q86WV1
P20248,P48730
P41220,Q9Y4G8
P13501,Q8WWW8
P01106,Q16595
P62380,Q9NNW7
O15020,O00151
Q8WUI4,P25705
Q9H9L4,Q9BTE3
Q99741,P38432
P09471,O14948
P78364,O15211
Q96BD8,Q9BY43
Q9BUQ8,Q9UNE7
P39060,Q96FJ2
Q15819,Q6ZVD8
Q9P0R6,P49750
Q06587,Q15046
Q9Y6N9,Q9UKK6
P50613,P37173
P62304,P26640
O14798,Q9NV31
P07996,Q96N96
Q15019,Q9BSL1
P28074,P09132
Q96DX5,P52630
Q8WTW3,P07992
Q5MJ70,P62318
Q96S96,Q14814
Q9BST9,Q00403
Q9H410,Q13217
P31323,Q14526
Q03167,Q16526
O00567,Q9BSL1
Q15427,O95573
P56693,O75840
P25942,Q92870
Q96BH1,P06493
Q4LE39,P63241
Q8TDY2,Q9UL54
Q9Y228,O43734
Q9BS18,P55327
Q6NZY7,Q96EP0
O96019,Q9BWU0
P23468,Q9UQB8
Q86UQ8,P02747
P14678,P10747
Q9NV70,P18859
O00451,P30988
O60934,P01275
Q96L92,Q9Y243
Q9UGL1,Q8TEU7
Q9UBQ0,Q15691
Q96B02,Q9Y243
Q9GZU7,P14543
P42336,P07814
P29371,Q07325
Q13232,Q9UQM7
P52952,Q9H467
O75915,Q6PJG6
Q14681,Q9Y5P8
Q6N021,Q9UIV1
P09001,Q9UBP5
Q14789,O43924
Q9UBL3,P05177
O95944,P38159
Q9H2X0,Q9UBF8
P06734,O75509
Q13241,Q9NQ25
Q96CG3,Q96Q42
P84022,P25788
Q01718,P52597
Q9UBN6,P01133
Q9BRV8,P25391
Q9UKT5,P35637
Q9ULT6,Q9NQC3
Q9UPV9,Q9UBS5
Q99727,Q9Y5X4
P49589,Q92851
O96013,O00273
P54252,P35658
Q15172,P28072
Q8N6Y0,Q92796
Q06481,Q9BXK1
Q14192,Q9BY84
Q8IZD4,Q15788
Q8IU60,Q7Z3B3
Q9H3M7,Q9UIV1
Q13428,P14784
Q01094,P27658
O14544,Q9NVF7
P10588,O43592
O75144,Q6UXN9
Q9BY77,Q9UL63
P01130,P30281
Q9C0C4,P36941
Q9NRF2,Q9UMX0
Q14565,P02708
Q9Y6W3,Q9H2G9
P46734,P09651
Q8N3I7,Q99661
Q9Y2S7,P36894
Q9UJX4,Q13895
Q9Y333,Q9P2W9
P17931,Q86SQ0
Q9NXK8,O14727
O75431,Q13507
Q9BUL9,Q86UP2
Q8WUM0,Q9H147
Q9BQ15,Q5T7B8
Q02447,O14862
P11387,O14867
P06127,Q9NZL4
P61020,P23582
Q14626,P25789
O75477,P54725
Q9BRB3,Q9HBM1
Q9GZY0,Q06830
P35858,Q9Y2W7
O75969,P25705
Q13156,P40227
O14974,P34998
Q96NE9,Q9UIU6
Q9Y2Y4,Q16656
O75147,Q8WYP5
Q9Y5B0,Q9Y535
Q92564,Q07666
P35244,Q9GZQ8
P05067,Q8N5H7
O95714,P06746
Q9H204,P52435
P03952,Q04912
Q9HBW0,P15692
P06729,Q9UK41
Q8TEW0,Q13351
Q9UKL3,O14654
P22459,O95817
O95297,O94985
Q5T5X7,Q92608
Q16513,P07225
P68543,Q14683
Q8WWL7,O00291
Q76L83,Q9UNK0
Q9Y2X8,P46821
Q9Y3Y4,Q8IYW5
Q92800,O43913
P02452,Q9BQ67
Q13451,P46934
Q13216,Q8WYJ6
P04070,O00167
P36894,P07237
Q00610,O14757
P50750,Q4AC94
Q14524,P26006
Q15796,Q9HAQ2
Q8IX07,Q9H2K2
Q13554,Q92889
Q92985,Q9HBH7
O15520,O75330
Q8WUI4,P49763
P29590,Q14004
Q8IY92,Q9UER7
Q6ZRS2,O95696
P35241,P12814
Q00005,Q9Y5T5
Q96PU5,Q9H2S9
Q99759,P43686
P16435,Q8TAC2
O75369,Q9BWC9
Q75N03,Q9NPE3
P51116,P35052
Q9NY33,O15446
Q7Z6M1,Q93063
Q8N4P2,P50151
P48556,Q9UHD9
Q86XE0,P20807
Q5T7V8,Q9H5V8
O15527,Q15788
P50616,P48167
P56545,Q13185
O14796,P41229
Q49AN0,Q13478
P34741,Q07866
Q8NBT2,Q5TD97
P57796,Q9P104
P12270,Q8IUC6
Q8N729,P24941
Q9GZY0,Q03518
P30405,Q6PD62
Q9BZE9,Q9UPY8
O75947,P78527
Q13838,Q9UM54
P51114,P55786
P49789,Q8TAF3
O00300,Q99497
Q6P2E9,P32927
Q14315,P26715
Q96BH1,P16144
Q02447,P49643
Q7L590,Q6P1N0
Q15435,Q86SZ2
O75439,Q9UH77
Q9NZJ0,P84095
Q5D1E8,Q03431
Q9BYH8,Q9NPG3
Q9BY84,Q8N1I0
Q5SW96,P18887
Q96PN7,P28799
Q02388,O95343
P27824,Q9UBT6
P00505,Q13829
Q9UBF1,Q6ZSG1
P31751,Q5T9L3
Q7L5D6,Q9HD26
P06753,Q9P2W9
Q16611,O43293
Q96KJ9,Q12873
Q9Y5V3,Q9BYM8
Q9BPW8,P67809
Q96RU2,P98160
P42263,P00736
Q13428,Q9UKJ1
P12004,O00151
Q9UGM3,Q15428
P42336,Q99962
Q06481,Q92887
Q9Y2S7,Q8TDX7
Q07325,Q9H015
P02748,O95210
P78344,P85037
Q9BTE3,O75956
P52799,P55001
O95967,Q6R327
Q9Y5Q8,P50542
P20273,Q9H0U4
Q9UGJ0,Q03519
Q9Y3L3,Q92966
Q14865,P29692
O75604,O75791
P20719,P34932
P60891,P02452
P25103,O14641
P15692,Q92817
P06753,Q96RR4
Q15717,P15391
P39023,Q9UBP0
Q5VWQ8,Q9Y6X3
Q13042,Q15744
Q6IE81,Q14393
Q16633,O75448
Q9NQ66,Q9HD26
Q9UBX5,P16410
P78395,Q16623
P13805,P28069
Q14781,P78371
O60664,P41212
O14654,P13987
Q9GZU7,P98172
Q9NY61,Q9UJX5
P48145,Q9Y3A3
O94874,P32942
P62273,P39905
O75112,P34130
P19447,Q9NV70
Q6IQ32,P26640
Q9NPJ8,Q2NKJ3
O14757,P24278
P12004,P62487
Q8NHW3,P30989
Q12906,Q86XK2
O75864,Q9UK41
Q8N3Y1,Q9NW38
Q7Z465,Q03014
P25791,P28702
P36957,Q15078
P33240,P05412
Q9UHQ4,Q8TDY2
Q13492,P28065
P51679,O15205
Q9NV44,P30989
P25391,P63000
Q13362,P20226
O95460,Q96SD1
Q9GZQ3,Q8N5C8
Q9H4E5,P15173
O95816,Q7L2J0
P68036,Q9H2K2
P09326,Q96IF1
P03951,P30281
P49454,O95235
P06307,Q9H334
P78364,Q9H270
Q9BWT7,P40938
Q8N196,Q92667
Q9H9H4,P50591
P57078,Q9BSL1
O14796,O43251
P33151,Q9UBT6
Q9C035,Q8N3R9
O00522,O75934
P54257,Q9H0U4
Q8WWM7,P11177
P78413,P04899
P49711,P23763
Q9H251,O95573
Q53G59,O15516
Q13188,Q03181
P54136,O15205
Q99962,Q8TEK3
O95967,P15813
P19338,P29374
O75478,Q86YC2
P20749,O43488
Q9UBW7,Q9Y239
Q9UBQ5,Q9HAP6
P29353,Q9Y5K6
P11912,Q9NWB6
P98155,P15822
Q9Y6N7,Q04721
Q9Y574,P25024
Q13470,Q9HAP6
Q9H9E1,P01583
P32780,P22736
P24390,Q8IYW5
P20936,Q01081
P57105,Q06643
Q96MW5,Q03431
P10276,O95544
P40227,P51911
Q5VVQ6,P13010
Q14957,P05107
Q07812,Q96RU3
P41208,P06239
P02774,Q9NZN3
P09326,O14497
Q63ZY3,P49591
Q9UPV9,P85037
Q16630,Q15173
Q2M2I8,Q9NQH7
P98082,Q96QC0
Q6ZRS2,Q14152
P01031,Q12934
P60891,Q9UHB6
Q9BW83,P41208
P48506,Q8N8S7
Q86UQ8,P21796
Q13133,Q53EV4
Q14790,P29376
Q9H3M7,O94906
P05120,P07737
P12314,P84243
P15822,Q96SN8
P47897,P23511
P27701,O60830
Q9H307,Q9UHF0
Q9H9A7,P05181
P22570,P01130
O60240,Q9BWW4
P06307,Q13424
Q86XK2,Q9NQZ3
Q6NWY9,Q8NCQ7
Q99471,Q13478
O43920,O95249
Q9Y4R8,P52952
Q92800,Q92904
O14593,Q14240
Q92643,P42081
P27448,Q12967
Q6EEV6,Q9NZU7
Q9NYY3,Q9UIQ6
Q9BVC4,Q9BSJ2
P09769,P12235
Q16659,Q8NFZ5
Q99574,P62753
Q14240,O43707
Q99497,Q9Y3T9
P51957,Q96FJ0
Q9H0R8,P61020
O60880,Q8WZ42
Q13347,O43313
P19320,Q9UBU8
Q8NCE0,P81408
P16860,Q674X7
Q13232,Q9Y3T9
P57678,Q13829
P11166,P53618
P55347,O60869
Q13884,P14678
P26010,P34932
Q9BZW8,Q92783
O96028,P56282
Q13443,Q9P0V9
Q6P2E9,Q15327
P01106,Q9P2K3
Q8IVT5,Q15118
Q71F56,Q8IU81
P26927,Q96A44
Q9UH73,O00762
Q6ZSG1,P60510
P49591,P39748
Q13586,Q9P0U3
P27824,P42166
P35900,Q15404
Q6QNY0,P49336
O75376,Q9Y2W1
Q6GPH4,Q9UHP3
P27348,Q9Y5X4
P57078,Q01167
Q8WZ42,Q9UI08
P23258,P55347
P48552,P53992
Q14957,P56537
Q9Y3M2,P07992
Q05516,P04229
Q96QH2,Q9UQB3
Q08999,Q9UBP6
Q9HD42,P01732
P48382,Q9BQG0
Q8WUF5,P61077
Q15435,Q9UQQ2
P26371,Q9NPJ8
P09496,Q06643
P22626,P10071
P18465,Q15723
Q9Y678,P61077
Q92530,Q8TD31
P62333,P01225
Q9NYF8,P11234
O15503,P02748
Q13439,O75439
P16410,P23025
Q9NQ25,Q8NHL6
P09769,Q96QV1
O95198,P78395
Q13620,P05546
Q9ULZ3,Q14315
P57105,Q9UBI6
Q9P0U3,Q13608
P55316,Q9UBP5
P61916,Q12840
P51888,P68106
O94864,P15692
P40937,O00628
P13612,P25391
Q8IVP5,O43236
P08603,P43320
P51825,O00541
Q9BQQ3,Q15208
O75947,O15297
Q86X83,Q33E94
O43583,P50591
P18510,O15151
Q9H845,Q9BW11
Q9NV44,Q8N4P2
P40616,Q9NVX0
O15055,P56377
Q8WVB6,Q96QF0
P18583,Q9HBH9
Q93063,Q15428
Q15596,Q96PK6
O94888,Q7KZ85
Q6P2E9,Q16666
P22830,P13232
P51531,Q13217
P54829,Q8NB91
Q96PU5,P09913
Q86UT5,Q13042
P60866,Q9P2W9
Q96F44,Q14203
Q9Y508,P15924
Q9BSB4,Q14643
Q6UXL0,P61073
P61962,Q9P104
P22830,P02452
P29353,Q14643
Q01970,P22087
P17252,Q8N5R6
Q9NZU7,P08247
O95297,P51451
P21452,P85298
Q9UDY2,Q8IYD8
Q9NWB7,Q8NCE0
P22695,O14544
P30307,Q8IU81
Q68CP9,Q7Z460
Q9UJM3,P62312
P29274,Q9ULB1
Q7Z6J0,P60484
Q8NB16,Q96FW1
P62736,P07196
P99999,Q86VQ0
Q13114,Q8NHG7
P18583,P30307
Q14188,P49910
P0DI81,Q04721
Q9Y5K6,Q9Y4D1
P08962,P34932
O14796,Q7Z589
Q9Y3F4,P41002
Q6GTX8,Q9UKT9
Q9H467,P50553
O75914,Q2M2I8
Q13188,P38432
Q15233,P36954
P42336,Q05193
P25205,Q9NXR1
Q14565,Q08722
Q969T9,O95373
P33681,Q99436
P61923,Q14643
Q8WWW0,P31350
O95235,P48546
Q9Y6I3,Q8N1L9
Q9C0C4,Q8N3U4
P03951,P20023
Q8TDR0,Q9Y6M7
Q9H2X3,Q92542
Q86U06,O60832
Q9BU61,Q8TF42
Q9H221,Q8TAA9
P61201,Q9ULV3
Q13303,P21802
Q8WX93,Q9H4I2
P36956,Q76L83
Q9BUB5,P30203
O75909,Q8WVC0
Q8WVD3,P11831
P43364,Q9Y5Z7
Q8IWT3,Q86US8
P27695,Q02880
Q4AC94,P39905
P28702,Q16630
P15018,Q03933
Q8IY92,Q9Y3E2
Q14683,Q8IUD2
P30048,P06576
Q9UJW0,P15036
P46821,P15172
O00192,P49796
P02743,P52815
Q96C24,O00141
P07333,Q09470
P19438,P01019
Q99638,P01040
P61586,P49761
P59780,Q7Z4I7
Q12815,Q9GZN8
P22695,Q99436
P15173,P09493
P39060,Q7L576
O75144,Q06787
Q99640,P61968
P15502,Q9UL54
Q9BXL5,P05129
Q9H165,Q96NE9
Q01105,Q9HB90
Q15528,Q92530
Q14789,P61619
Q15435,Q9NP85
Q92802,Q86U42
O43747,O75676
O94973,Q8TDW5
Q86U70,P60033
Q13137,Q9Y6A5
Q09019,Q14562
O95190,Q9NS91
Q13283,Q92830
P49407,P00488
P01374,Q7Z628
Q9Y3E7,P30556
Q9H2S9,A8K8P3
P21506,P55795
Q9BWF2,P43250
Q08209,P09651
Q16586,Q9Y5S2
P78362,Q6P4R8
Q5VTB9,Q12913
P23771,Q92925
Q12906,Q9NYJ8
P61204,Q16825
P19387,Q9Y3C7
P62273,Q9Y2K6
O95149,P14778
Q13352,Q9Y2D1
P23760,Q8TD46
Q53HV7,P35244
Q96MF7,P35612
O60296,Q702N8
P27658,Q9P2Y5
Q9NSC5,Q00613
Q9BYH8,Q8WX92
Q9UNE2,O60264
Q9HC77,Q96AH0
Q16543,P40937
P03951,O95257
P10155,Q9Y5B8
Q9Y566,O60231
P38646,P52298
P09913,P62491
Q9HCN4,Q13042
P01730,Q9NQB0
P14653,O75817
Q9UHQ1,P36405
Q96EQ8,P78552
O60264,P01730
P23771,Q9UKK6
Q9NWT6,P08246
P61160,P14866
P60228,Q14562
Q9P000,P17152
P02679,P28328
O60239,Q8TES7
Q12913,Q9UPT5
Q9UM47,Q9H553
O15520,Q8TDY2
Q9BSL1,P50453
O14958,Q8NHL6
Q16890,Q9H832
Q14957,P00918
O14979,P55786
Q15366,Q9GZM8
Q6ZRV2,Q8TDN4
Q9H4P4,O75477
P17947,P55316
Q8NCM8,Q8N1I0
Q9H0E3,P13693
O00221,P54132
Q13191,P27695
P16157,P49821
Q8IVT5,P10916
P55347,Q9NNW7
P27797,Q15562
Q8NBZ0,P98077
P84077,Q9NPF4
P39060,P22001
Q13200,Q8N488
O60488,P08519
Q9NUG6,Q9Y3Y4
Q9Y5K5,O95696
Q96RU3,P05121
P28324,Q9H553
Q9Y6I3,Q13523
O60504,P01588
Q9H7C4,Q13163
Q9BPX3,Q8TD46
Q13546,P19174
P01116,P51668
Q9NPG3,O75955
Q99683,P51684
P01889,P16144
Q53G59,O14933
P30307,P18433
Q96EY7,P41227
Q68CZ6,P57740
Q86UP2,Q7Z412
P41002,Q14566
Q96Q15,Q7Z5K2
P26640,Q07890
Q5VTB9,P06730
Q9NRF2,O95831
Q8N3F8,P20594
O60907,Q9NRR4
Q9HCN6,Q53EL6
Q14919,Q96HR8
P41212,P08684
P63167,Q9Y4Y9
P41002,Q8TAD8
Q96S52,Q9Y5R8
Q16513,Q96KJ9
Q8WYK2,Q92973
Q15572,Q969R2
Q9BPZ7,Q96NY9
Q9UQ84,P62306
Q13042,P30291
P41238,P01116
Q96RU7,P68871
O43734,P14778
O75144,Q01974
P09086,P54136
Q13153,P50281
Q9H461,P05386
P60228,P05230
P07954,Q9Y3C7
Q9H4M3,Q9Y3U8
A7MCY6,Q15389
P40123,Q16548
P04792,Q9NQH7
P04406,O43292
Q9H4M9,P28482
O94905,Q9HBE1
Q9UGP5,O75496
Q07866,Q9BUN8
Q9P1U1,Q15109
O43313,Q9UK58
Q15554,Q9UGK8
P61916,Q9NPP4
P52799,O75030
P98170,P57105
P22059,Q9H6Q3
P14210,Q16595
Q05516,P05549
Q15013,O43396
Q9GZS1,P42574
Q13127,P52435
Q8TEQ6,O94829
Q86XR7,Q9H334
P04049,O15123
P84243,Q8IU81
Q16890,Q96EV8
Q70IA6,P83436
Q3SYG4,Q9H4H8
Q9H4E5,P22087
Q9NPF7,P49959
Q9UKA1,Q14512
Q9Y2I1,P51684
P23769,P57796
P51946,P49257
Q92843,Q8WUF5
Q9NRD1,Q15120
Q9BX59,A9UHW6
Q9ULG1,Q14657
P52597,Q8N2W9
Q9GZQ8,Q9BXW9
P35080,Q66GS9
Q16543,P21796
Q8IZP0,Q5TCZ1
P17544,O60437
Q9UBB5,Q8IWZ6
Q9P1A6,P21926
Q9NQU5,P07101
Q9Y5R8,Q9H2D6
P02654,O60504
O60240,P08833
Q9Y283,P10809
Q9P086,O75410
P62072,P39748
Q14BN4,Q9UHV2
Q9BPZ3,P67870
P09603,Q96F07
Q9Y2X8,P12757
Q15388,P36507
P22413,Q86W92
O75628,O43516
Q9H4X1,O75865
Q9NP84,P06401
Q9UBB5,P15924
O00623,P37023
O95816,Q8WVJ9
P24390,Q8IUC6
O75112,Q9H7Z6
P02792,P09619
P29459,Q15915
O75376,Q9P086
P26951,Q92530
O43572,Q8TDN4
Q6PCD5,P24928
P18031,P08709
P33681,P30626
Q96EB6,P48730
Q68CP9,P10071
P17612,P32969
P13056,O43488
O60683,Q13651
Q8WX93,Q8NHW3
O75145,Q96EZ8
O75363,Q8TEU7
Q9UNL4,Q16667
Q2M2I8,Q92783
Q9H0W8,P32971
Q9NRL3,P05112
Q9UBE0,O95249
P09603,P24864
P46695,P41217
Q9NRP7,Q14160
Q9NRA1,Q16204
Q9UI10,O00541
Q15427,P05129
P04406,P57740
Q7Z7C8,Q9UNM6
P15976,Q9Y4B4
Q9UBK5,Q969H4
P52298,Q8WTR2
P24539,Q9NW38
Q9H0W5,Q9BW11
P06870,Q9HBW0
P61925,Q15744
Q92887,Q96B26
P45973,Q9UJF2
Q8IW19,Q96EZ8
P78413,P49795
O95696,Q96JB2
Q9NQX3,Q15418
Q7L190,Q96BD5
P26022,Q99575
O14836,P41143
P62249,P29460
Q96QV1,P16152
P07093,P01106
Q14790,P05109
O43439,P42680
O15524,Q9H2D6
P29353,P15018
Q9P0R6,Q9H2G4
O95644,Q96KQ4
P17931,Q702N8
Q13526,Q71U36
P09693,P62314
Q96IY4,P26368
Q9Y570,O75317
O95235,Q8NB91
Q92889,O95425
O75144,Q9BYW2
O94888,Q8N488
Q13635,A9UHW6
P43146,Q08722
P10145,Q9H467
Q6PCD5,P61201
O00305,Q9UIU6
Q9Y679,P78527
Q9NUU7,Q7Z628
Q9Y3A3,Q96M94
P00749,Q96BY2
Q9BRK5,Q96QF0
O14832,Q92747
Q7RTV0,P41212
P39060,Q15386
P52907,Q9HAF1
O43745,Q99640
O95067,Q9UGI9
Q15723,Q9NXV2
Q16513,Q70IA6
Q9H4B4,P24723
P19235,Q6VAB6
Q8NC69,Q9HBE1
P53680,P45984
O00625,P35556
O96011,Q00987
Q96GG9,Q9H0U4
P60033,Q02363
O15553,Q14746
Q7L190,Q92574
Q96DU3,O43592
P29322,Q14106
Q04724,P07992
Q8WUM0,O14879
Q5VTB9,P16109
P01889,Q9NW08
Q96C03,P15880
P20908,P26885
Q7L590,Q13619
P06127,O15061
P07204,P00748
Q96RK0,Q9NXR1
P51787,Q86WT1
Q96I34,Q00722
O95571,Q96FJ0
P61586,Q9P0P0
Q9UM13,O75478
O15211,P30279
Q96CF2,P52298
O75563,O95271
Q9UGI8,P27824
Q8N488,Q9Y3B2
Q99966,Q99567
P60604,Q96B36
P60033,P51668
O43583,Q07812
P35225,Q14683
Q9UKI2,O14654
Q14004,Q15109
Q15649,Q16548
P28069,Q9H6R0
P35052,Q7L9L4
Q7Z4G1,Q8TDY2
Q9NRZ9,Q14344
P20248,P14921
P11142,Q9NNX6
P00918,O43597
P06400,Q9NVI1
Q9NV92,O43752
Q6EEV6,Q92613
Q16650,O95831
Q99471,Q7L9L4
Q9Y5V3,Q6PJG6
P62753,O00626
O43255,P10398
Q14160,P05556
Q9GZQ3,P02786
Q92844,Q8NFH8
Q9HBW0,Q9Y2Q5
O15520,Q13614
Q8IWZ3,Q15915
Q5SW96,Q9UKY1
Q6PIL6,Q99836
Q9UBC2,Q9BRG1
P41091,Q15208
Q13144,Q9H9S0
O75618,Q6UXN9
Q13043,Q13287
Q6P0N0,P52298
Q86U42,P32004
Q8NCQ7,Q96FW1
Q07890,Q68CZ1
Q9Y2Y4,Q9Y5S2
Q14444,Q15038
O75800,P05230
O14543,Q9UL18
O15078,P10747
P22223,Q92838
P10145,Q06546
Q6P1J9,P31948
Q9BUZ4,Q29RF7
P39023,Q6PD62
O96013,P10912
P62942,Q86WX3
P78406,O75334
Q9HCU9,P30260
Q02790,Q9Y2W2
Q93074,Q8IZJ4
Q96CG3,Q96JM3
Q9BYH8,P09326
Q92574,P55316
P63261,Q92564
P29460,Q6VAB6
P38936,Q2QGD7
Q9Y3E5,P62314
Q15370,Q19AV6
Q6PIL6,Q16740
Q96BD5,Q14676
Q14765,Q15013
O43734,P07101
Q9Y5K5,A0AVT1
P51668,Q15154
P54253,Q13838
P40227,P11166
Q96F44,P62993
O14787,Q14194
P25815,Q5JVS0
P35250,P00167
Q9Y5X4,Q13131
Q9NQY0,O15061
P19634,Q9NY12
Q9BPZ3,Q9NZD8
Q15653,Q99466
P29375,Q14686
O00167,O15066
Q13002,Q9H0M0
Q8NDV7,P19438
P28562,Q4AC94
Q5PRF9,Q14938
O00622,Q8N7R7
Q9UHR5,Q96FW1
P19838,P52952
Q9NR55,P81133
Q9H9F9,P54098
Q4KMQ1,Q93052
Q9UBS0,Q9HC77
Q8TAQ2,Q9H6R0
Q99683,Q8TEW0
Q9UHV2,O60830
P53367,Q13322
Q99962,P04080
P02746,P12980
P31942,P51684
O43189,Q8WYR1
Q9UL62,Q9NQ94
P42858,P02774
P07359,P51808
P35354,Q13404
O75061,P10275
O95931,Q92887
Q9Y4H2,P48730
Q9UI09,P02741
P28702,P06734
Q96RR4,Q09019
Q9UPT6,P28360
P31323,Q8TEY7
Q14005,P16104
O95831,P01023
Q4LE39,Q03181
Q13257,Q16644
O76070,Q86YP4
Q96A47,Q9P2F5
Q14258,P08574
Q14118,Q9UBR4
Q96A65,Q96QT6
Q9HB90,Q9Y279
P22392,O00548
O75628,Q9BVM2
P35244,Q86TM6
Q8TF74,Q86US8
P39086,O75369
P20585,Q9P2J5
P07332,P15531
P22570,P23921
Q15029,Q9H2X3
Q9UJ70,Q14566
Q86XE0,Q9BXK1
P07996,Q9BZK7
Q9Y2U8,O95977
Q9BQE4,O15144
Q9UBE8,Q14315
P55789,P57775
Q15375,Q9BV36
Q9UHQ1,P17542
O60934,Q8NFH8
O60880,Q8WX92
P21980,P62318
Q9UQK1,P01236
Q15008,Q14814
Q96L73,Q8IZP0
Q13608,Q14526
Q13216,Q96EB6
P50750,P17706
Q969R2,Q7L591
Q14CW9,Q86SX6
O60506,P02743
P11233,Q99814
Q02363,Q9H147
Q9NX24,Q8WVY7
O43734,Q14573
P01106,P62380
A0AVT1,Q86UL8
Q6PI26,Q14566
O95997,P83436
Q3KNV8,P03973
Q96TC7,P23297
P51692,Q13470
Q9HCH5,P06307
Q8WUF5,Q9UBU7
O43602,Q13474
Q03001,P50542
Q9H2L5,P62380
P63215,P20749
Q6IQ32,Q6SZW1
Q00597,O15539
Q14524,Q14BN4
P26992,P50895
Q9BUL9,P15382
Q13474,Q92542
Q5T4F4,Q9UHV2
Q9NPI8,Q8N5M1
P26583,Q9Y2Q5
Q93009,P78356
P01127,P16144
Q13309,P60660
Q16665,Q9UBI1
Q99767,P02549
P52735,O95251
Q9ULV0,Q06546
O14492,Q92747
Q9Y3C4,Q96D31
Q15942,P16410
Q15375,Q8IX90
Q00535,P27695
Q8TB45,Q9HCJ0
Q15102,Q9UBT6
Q14994,P62273
Q96MF7,P57775
P42568,Q7L2E3
P30086,Q9Y2Y1
Q5S007,Q8TD31
O43187,P52435
P38432,O14544
P43026,P48357
O95487,P49763
P62136,Q9NRG0
P17844,Q99618
Q9Y6I3,P46940
P22455,Q9P0P0
Q9NP77,O00567
Q9BWW4,Q12802
Q9Y3E7,Q3LFD5
P11308,Q14393
Q9H251,Q7Z6G3
Q13155,P63220
P61758,O00401
Q9Y566,Q06481
Q5D1E8,Q07820
Q8IXJ9,Q9NS28
O95931,P15018
Q14512,Q96EY7
Q9Y2S7,Q9NR55
Q96B97,P51790
Q6IA86,Q07889
Q96RK0,Q9H2C0
Q13509,Q5TD97
P04080,Q9BQF6
Q9H0W8,O00151
O14746,P07951
O00472,Q9UBU8
Q9UMD9,Q7Z6Z7
Q8NCQ7,Q13542
Q01344,P42701
O95352,Q6R327
Q9C029,Q07820
P62899,P98164
Q9NP84,Q9UKV3
Q7L591,Q9UQ88
Q9Y5X1,Q9P2M1
Q8WVY7,P26885
O75489,Q9Y3U8
O43264,Q92830
P35858,P46087
P78413,Q9NSK0
Q14151,P01308
O60506,Q969P5
Q9BXL8,O95613
Q9UBE0,Q16623
Q9BXS5,P23229
Q9P0V9,O15539
Q92797,Q8IYW5
P55209,Q13588
O43602,Q13895
P61289,O00241
O14974,P10644
P07101,Q2TAY7
Q5T124,P41273
P47804,O75323
Q96EV8,Q99547
O00329,Q9BXS5
O15525,P24522
Q86X55,Q8WW38
O95967,Q9HBZ2
Q9UHW9,P43005
Q9H944,P62333
O75052,Q8TAA9
Q8N6M0,P35250
Q9UGM3,P26371
O14757,P54253
Q14669,Q12774
Q96C03,Q96JB2
P51693,P62258
P14866,P51610
Q9GZY0,Q9NP64
P10606,P61077
Q16633,Q8WXH0
Q86T82,O95433
Q14241,Q8NC51
Q9Y463,O15066
Q9NYG5,P61626
Q5JSH3,Q9BPZ7
P01241,Q9UQC2
Q6IA86,Q14865
Q9UPY6,Q9H8T0
P47928,Q8IZJ1
P21953,Q92747
Q9NRP7,P14780
Q6IA86,P20849
P52948,O00186
Q05086,Q9H1D0
Q9BVG8,Q9BW27
Q16531,Q9UK41
P08700,O95243
Q9Y5B0,Q9UMZ2
Q13439,Q6NUQ1
O43184,Q5TD97
O43187,P30405
Q969T4,O60437
P78543,Q92519
Q6GQQ9,Q9Y4H2
Q9GZX5,P22681
P62258,P36578
O14981,P01892
Q9H0R8,Q9H9H4
Q6ZTQ3,P20807
O96020,O43933
O75947,P07196
Q93009,P61254
P68104,P19022
Q9GZQ4,O43521
Q96GM5,Q07890
Q12789,P40429
P02741,P10827
Q9UPM8,P10398
O60840,Q96JB2
Q9UKT9,Q00987
Q86VN1,O43815
O95613,Q13155
P05231,O43196
Q9UL25,O00241
P09629,O60583
Q86VS8,P08754
P20273,P35625
P07315,Q9Y6W5
P24588,P0CG47
Q14160,P35250
P51681,P12268
Q92800,P04080
Q9NY93,P18507
O75529,Q92917
O95232,Q96QH2
Q4KMQ1,Q9Y2V7
P23511,O43933
Q63ZY3,O15155
O75628,Q14643
Q13283,Q8N6Y0
P01579,P51790
O15530,Q9NPD3
O00311,Q14160
Q9H2L5,Q7L591
Q99683,O14662
P13611,P52565
O94979,P51948
Q7Z6A9,Q9UI47
Q99759,P13688
P51946,Q96B67
Q01094,Q99547
P38117,Q3LFD5
Q14393,P21731
P60891,Q86XL3
O75528,P13688
Q8NBW4,Q9Y2X3
O95831,P00918
Q9HAT0,Q9BY43
O43390,O95149
Q9UPW8,Q96I34
P04049,P35346
P46976,Q9UIB8
P30273,P17813
Q9H0E3,O95571
A0JLT2,Q9UM07
Q96G25,P15374
P10147,P01583
P62195,O96013
Q9BS18,P45983
P98082,Q15022
Q9UBE8,Q7Z494
Q6AHZ1,P20339
P05362,Q7Z5K2
P16157,P46736
O60516,Q9UBN4
P45379,P04083
Q2T9J0,Q9Y3T9
Q13362,Q03014
Q12972,Q68CZ2
P19838,P62508
Q86W92,Q12841
O43765,Q9UL33
Q14134,P10589
P07359,Q9NP97
P01563,Q14183
Q9H9G7,Q9Y2I1
Q7L273,P49910
Q9P2J5,P18846
Q96AE4,O95402
P62979,Q6TFL4
Q9UBD5,Q15008
Q9GZR2,P25024
P62979,Q13608
Q09470,Q5JQC9
Q9BXL8,Q969G3
P27448,P21802
Q96F44,P39748
P08887,P06493
Q14103,Q6N021
P55198,P49768
Q9UHW5,Q9H221
Q96HS1,Q9Y5S2
Q96B26,Q9HD42
Q8N3U4,Q6VMQ6
P37088,Q9HAT0
O60481,P49450
Q14626,Q13478
O00487,Q6ZRS2
Q9HD36,Q8NBW4
P26951,Q14451
O00264,O75369
Q8IW35,Q6IA86
P09681,O60504
P50616,Q99801
Q92574,Q92667
Q9NWT6,P04628
Q6UB99,O00567
Q68CZ6,P49840
P42345,P63167
P35637,P61006
P78345,Q9P2W9
Q15172,P16284
P20333,P07196
Q13319,P05177
Q5XUX1,Q9Y508
Q9NV44,O14579
P18507,Q8NHL6
P35579,P53365
O60832,Q14197
Q13546,Q8TDD1
Q14643,P00533
Q13888,P51170
Q15642,Q8IWS0
Q9H4E5,Q9Y4C1
Q9NZV8,P60763
Q9NY27,Q06323
P23510,O94906
Q8WYK2,O95433
Q96DI7,O75530
Q13651,P49336
A7MCY6,Q9UIB8
Q14241,Q9H4H8
P55039,P46379
Q8WUF5,Q8IUH3
P30626,Q8NF91
P40222,Q9BY84
P13010,O15085
P63146,P25054
Q14242,Q9H553
Q13085,O75962
Q6AHZ1,P26441
P08648,Q71DI3
P98155,O00141
O94776,P0C1Z6
O43189,Q9Y3Q8
Q9BS18,P25116
Q96MW5,Q9Y3F4
O14836,Q9NQC3
P32971,Q9BUN8
P16860,P11940
Q8N3U4,P06239
Q86VN1,O94817
Q9H334,Q96NY9
O95714,Q9HAV0
P14866,Q6ZSG1
Q9H257,P05129
P61916,Q9HAQ2
O15031,Q13009
P35568,P51790
Q9UBF8,Q8TD46
Q9HAP6,P34998
O95793,Q96AJ9
Q68EM7,P42679
P12259,Q9UKA2
Q9HCU9,Q9H9Q2
P60709,P56282
Q14005,P25942
O15457,O96013
P61201,Q06455
Q7Z628,P20337
P02708,Q8N5C8
O00339,P21333
P01116,Q92817
Q15648,Q9NWB6
Q5T4W7,P15408
Q9P2M1,Q9P246
P47755,Q92585
Q8IX07,Q9HAF1
Q15843,P45880
P17812,Q15334
P55072,Q09013
P78395,P15036
Q9NTX7,O95297
P43351,Q9UIU6
P39060,O14543
Q92558,O60832
O94842,Q9UGI8
Q9UQ84,Q7Z6E9
Q14241,P14635
P60604,Q8N1E6
Q6IE81,Q14974
Q6QNY0,O60674
Q9Y5U5,P53567
Q8NC51,Q7Z7L7
Q92781,Q8WVK2
Q01658,Q07955
Q9NRP7,Q9NQT5
P54198,Q9GZX6
P12270,Q16537
P38936,Q15025
Q9H4M3,P60763
O60664,Q9UJY5
Q7Z6M2,Q8IWU2
Q16667,Q15287
Q15120,P20807
Q6NXR4,P08709
P32246,Q9UPN3
P50150,O76021
Q8IWL3,P19883
Q16586,O75969
P09693,Q96EV8
Q8NHZ8,P25054
P51168,O75494
Q99741,Q96IZ0
Q96Q42,Q13523
O15446,O75558
Q9GZY0,P10124
O00300,Q6FI81
P29373,Q8IXH7
Q6IE81,P63167
P43629,P09234
Q99741,O15264
O60880,P23771
Q16543,P19256
P62280,O75334
Q6GPH4,O75061
Q63ZY3,Q9H2G9
P23769,P06239
P54132,P25705
Q13469,P08709
Q68CP9,Q9Y2X8
Q9UHW5,O00716
P49915,O75461
Q66PJ3,P08887
P51668,P56817
Q9GZR7,P04080
Q9UI36,Q92570
Q99574,O95249
P50591,Q96QC0
P55884,P20023
Q96BD8,Q9UPS6
P61006,Q9Y2K6
Q14114,P21453
Q9UKV3,P32246
Q9H2D6,P08519
O14578,Q13427
Q9Y333,Q9UHP3
Q9Y239,P01160
Q9H6Q3,O75369
P01584,Q13901
Q9UJ70,Q99836
P05023,O75509
Q8NFD5,Q12929
O15264,Q16630
Q15796,Q15046
P36896,Q9BVI4
Q96II8,Q6ZYL4
Q9GZX5,Q9UNH7
Q13888,P15090
O95487,Q13867
O95278,Q16825
O95376,Q9UBE8
P60604,P01133
P23634,P07196
O94906,Q14344
P41220,P30542
Q8N5C8,P12270
O60927,P68032
Q8IWL3,O75970
Q7Z6J0,Q16740
Q96DB2,Q86SE9
O14599,Q4VX76
Q92913,Q9BQB6
Q13291,O95197
Q15819,Q96A44
O60481,Q7L2E3
Q96Q07,P34998
Q9Y343,Q14183
Q9Y215,Q9Y463
O43390,Q9Y279
O00566,Q96HR8
Q14005,P10515
Q9BU64,P16070
Q9NX47,P01275
P51572,Q9NT62
Q12834,Q9UBC2
O43395,Q6QNY0
O14737,P48382
Q9BXH1,A8K8P3
P42684,O00512
Q12923,P29320
Q96AE4,Q96CG3
Q13625,O94985
P01303,Q6NUQ1
Q14494,Q6R327
Q15406,P51608
Q92802,Q9Y2Q5
Q9UJV9,Q14938
P16410,P10515
P78556,P34998
Q4KMQ1,Q7Z4I7
Q9NQG5,Q9UL62
P55773,Q15465
O14965,Q16656
P50591,Q8TCX1
O15550,P0CG47
P56693,P81133
Q13705,Q86XE0
P10301,P23327
Q9BT25,P21810
Q7Z6M1,P18433
P25445,P51149
Q96DE5,P22736
Q16533,Q96MW5
P11912,Q8TEP8
Q8WVZ9,Q9H6U6
Q9Y6W3,P30291
O14543,P51532
P29373,P20226
O95400,Q3LFD5
Q06643,O75396
Q9UBU9,Q9Y3M2
Q13905,Q9H270
Q92800,P10398
Q15843,O14901
Q96AE4,Q6ZN18
O00566,Q02080
Q9Y4K4,P29375
Q6PCD5,Q13153
P43629,Q9UQB3
O60763,Q9NYY3
Q8TAC2,Q14C86
Q9UPW8,P61020
Q9UHD9,P60709
Q13277,Q9P0K7
P51116,P49721
Q9NPF7,Q9Y262
Q9NTI5,Q15021
Q8TDR0,P19438
P11362,Q9NRY2
P07204,O15392
Q5VWX1,Q99996
Q12929,Q8NC69
Q9UKT8,P84085
Q00613,P16109
Q9NY61,P12268
Q8NF50,P25189
P50749,Q8TF05
Q9NZL9,Q13315
P06850,Q8WVM8
P62750,Q7Z6B0
Q00536,O00151
Q9H221,P49450
Q15382,P60484
P80098,P18507
P03951,Q14145
Q9BT25,Q86Y91
Q15723,Q08050
O95835,P06401
O75969,P61968
Q9UHV2,Q9P2D0
P09326,Q9UJW0
P26368,Q13094
P35638,O14920
Q12830,Q92542
P43403,Q4VX76
Q8NF50,P35900
Q93096,P61006
P04070,Q8N488
P24593,O95714
Q15375,P61970
P35579,Q05397
P52597,P26367
Q9UHW5,P26010
Q01826,Q7Z628
Q9Y572,P20151
O14511,P14778
P35858,Q9Y4Y9
P35354,O15304
Q9Y3R0,Q9HCS7
P11712,P35346
P42336,P02686
O95793,P05787
Q9H2K2,O14939
Q6ZYL4,Q5W0Q7
P42684,Q9H9Q4
Q9BWT7,Q00534
Q9H5V7,Q9P2M7
Q9Y2K2,O43542
P35250,O60504
Q9UJX2,Q96BY2
P18031,Q96HR8
Q13156,Q96DX5
Q01196,O95163
O60729,Q15648
P18510,Q9H845
Q9C005,Q9Y5T5
Q7Z6J0,P56645
O60830,Q99598
P12757,P39905
Q12851,P42336
Q76N89,P46019
Q96RU7,P41091
P13056,Q14106
Q92973,O94905
Q969U6,Q9P287
Q9BVA0,Q15468
O15061,P63220
O60884,Q92851
Q9Y6K9,Q16595
Q92813,Q70IA6
Q12947,P47874
P49427,P22413
Q13115,P62736
Q99942,P62328
Q9Y6J9,Q9Y4J8
Q9UJM3,Q96EF6
P61086,P42679
Q16633,P61970
Q7L576,Q13608
Q16739,P36404
Q13596,Q9ULI3
P60981,Q86UL8
P08887,Q9UPU9
Q7L8J4,O43390
Q9H0W5,O60678
Q92882,Q9UNF0
Q8NI22,O75676
Q06265,Q9UPY3
P60880,Q92796
Q8TBZ3,P61587
Q93009,O14737
Q15170,P35244
O75446,O76041
Q15311,Q14582
Q96EB6,Q96IT1
Q13217,Q8TEP8
Q15843,P18887
O75147,Q96M94
Q13620,Q969G3
P49459,P68363
Q9UGL1,O00541
O14948,O95343
P49716,P18428
P61457,Q13224
Q14749,Q13761
Q14344,P51636
P32302,Q9NV56
P52701,Q01658
Q969R2,Q9UIF7
P04070,Q92585
Q12948,O95425
P50613,Q9H8Y5
O95714,Q96JC9
Q99836,Q7L5Y6
O60583,Q8WXA9
Q9BZE9,Q9HAP2
Q6UWE0,Q7Z6M1
Q03111,Q9GZV5
P10644,P49711
P29622,P55058
P36894,Q9NYJ8
P60709,Q9H5V8
Q8N729,P30101
Q9UKC9,O14737
Q96EV8,P67809
Q92918,Q8NCQ7
O15553,P14543
Q06124,Q8WW01
Q9NS56,Q92993
Q9UKV8,Q9Y2R2
Q9BTE3,Q9UGI9
O75969,Q06546
Q9NX08,Q9BVC4
Q9UPT9,Q9NPA8
O15457,Q9UGI9
Q9H175,P02774
Q5VZM2,Q92966
P14770,Q9UKY1
Q04771,P25685
Q8N1F7,Q9GZN8
O00757,Q15759
O14983,P09234
A8K0Z3,Q9NQ55
P41180,P55316
Q9UHQ1,Q9H2D6
Q53HV7,Q14296
P01137,Q9Y3L3
Q96CW5,P62753
Q9P2W9,O75970
Q9NUG6,Q6X4U4
Q969H6,Q9NR33
Q9BUI4,Q9H9E1
Q00536,O14983
Q9NYB9,P51572
P16070,P98164
P28072,Q9Y376
Q04756,P41217
Q99836,Q96F86
O75628,Q15363
P49841,Q16739
Q15465,O75530
P16520,Q9UBY9
Q9UBS0,Q8TAF3
O75312,P51572
P53992,Q03933
Q9UH92,Q8N3R9
Q13315,Q01518
P24941,Q05516
Q9H461,Q9UHB4
Q12947,Q9UL54
Q96SB3,Q8N556
Q16595,Q9H9E3
P55081,P62328
Q14738,Q13153
Q9UHD8,O95197
Q16181,Q08722
P39060,Q9NPB6
P20701,P08574
Q86Y91,Q9HD67
Q9BX66,Q9NRR4
Q6KC79,Q6UXN9
Q9P246,O75369
Q13239,P51178
P43686,Q9UBY0
Q8WUF5,Q96BH3
Q9UGJ0,Q02297
Q6ZU15,P51168
P49591,O14933
O15212,Q9Y265
Q9NRG4,Q9UH92
P07550,P60953
Q99665,Q9C029
O94915,Q13153
Q6GPH4,Q9BTC8
Q14103,Q14738
Q9H8Y8,Q14112
P30622,O43508
Q9UKN8,Q8TDN4
P11532,P49458
O94973,Q13873
P23588,Q8NHW3
Q14457,Q6X4U4
O00763,P53611
Q8IUR0,Q15528
P41229,Q13011
Q9BT25,Q99958
P23458,Q96CW5
Q06190,Q13029
Q13153,P30305
Q6ZU15,Q9UIB8
Q9UKT5,Q12913
Q5MJ70,P30291
Q8TDU9,Q86WT1
O60494,Q86X83
P06396,Q9Y6A5
Q00872,Q9NPA8
P48509,Q7L2J0
O75533,P15976
O75175,Q5QJE6
Q16739,P18848
P13611,Q12888
P00167,P10398
Q9Y570,P41240
Q9BWT7,Q2M1K9
Q96AH0,P06454
P35237,O15533
Q16665,Q9NTI5
P18077,P61970
P19388,Q96JB2
Q9Y2A7,Q9UNM6
P05161,O00165
P60866,P51531
Q9NRR4,Q96S55
Q9UPU9,Q9H2D6
Q9BUL9,O43488
Q71DI3,Q8IXH7
Q9H8V3,P08514
P40123,P01116
O14802,Q92854
Q14004,Q14498
P10588,Q02224
Q15834,O95155
P30460,Q9Y3B2
P23588,P27658
Q99732,P21731
Q9BV68,Q9GZM8
P55197,P29460
P39086,Q9NNW7
Q96L34,Q6NXR4
Q15382,Q92643
P50281,P18859
P01111,P11684
Q96QH2,O15068
Q6IQ32,Q8IXW5
P20594,Q99618
P16444,Q13347
P50750,P51809
Q02952,Q9BTV7
P32121,Q96JB2
Q6ZN18,P13693
P46777,Q00839
O75800,P41236
Q99732,Q99873
Q9NQC3,Q9NPD3
P35606,P62875
P08922,O96019
P61158,O95819
Q9UJA5,Q8N9M5
Q9H6Z4,Q1KMD3
Q99496,P15173
O95997,Q15723
Q08209,Q9NV44
P61978,Q13541
P00749,P61587
O75925,P24385
Q96NE9,Q14686
P62875,Q9Y279
Q15642,Q15327
P49336,Q13287
Q14185,Q9H6D7
Q13310,Q08AG7
P31942,Q9UHI6
P05388,Q96QC0
Q9P2J3,P35228
Q14657,Q8IU60
O95218,O14654
P22301,P17096
Q9H410,P05129
Q9H2C0,O15511
Q12931,O60216
Q9H0E7,O00241
Q02750,P78347
Q53GS7,Q86VS8
Q08397,Q9UGL1
O60675,Q7L523
Q8WXA9,P54646
Q14451,P54253
O95210,P24278
Q8N9N5,O76041
Q8WWW0,Q05516
Q14831,O14920
Q12834,Q7Z6E9
Q15562,P68363
P55957,P01106
Q8WZ42,Q7Z7L7
Q9UPN9,Q9HCG8
Q14566,P09382
Q9BXF6,Q9HBZ2
O75147,Q9BQY4
O75817,Q12934
O14746,Q08AG7
P84022,Q86X83
Q9Y5Z7,P23327
P26441,O76021
P16234,Q66GS9
Q9NRR4,Q92754
P13861,Q9H2C0
Q08881,Q7Z417
P19338,Q5T1R4
Q13526,O60232
Q9UHR5,Q92696
P07225,P99999
Q9UBZ4,Q2NKX8
Q92519,Q96F86
O15514,Q9NZN9
Q7RTV0,P53805
O43929,Q86SQ0
Q9BWN1,P40926
P13796,O75800
Q86V97,Q9Y2Z4
Q02156,Q92934
Q13315,P43320
O95229,Q8IVP5
Q8IU81,O15344
Q9UKV3,P02462
P52701,P43005
O43741,Q9NRG4
P15941,Q15428
Q96EK4,Q86T24
P00747,Q9BSL1
Q86VX2,Q9H2C0
P21860,P30291
Q02487,Q9NR55
O94763,Q9ULB1
Q9H0R8,Q15788
P07333,P29374
P17861,Q03519
Q9UKA4,A8K0Z3
O15455,P25205
O14576,Q9NQC1
Q8TAD8,O75326
P50539,O15144
O43257,O95071
Q13107,Q9H9G7
Q9NWZ3,P17812
Q9Y2A7,P28069
P42858,P68106
Q9UJX3,Q7Z412
Q99819,Q13113
Q9BW83,Q9P2Y5
Q7L5D6,O43924
P49789,O95071
Q6ZYL4,Q9NPD8
Q9BUJ2,P68871
Q02952,Q9UJW3
O60880,O75448
O60231,P63220
Q9BYG3,Q9HC77
P03956,Q9BW11
P01040,P55327
P18846,Q8IZQ8
O94817,P07947
Q9NS00,Q8TBK2
P54578,Q9UBY9
Q03405,Q13951
P05388,P00918
Q16665,Q02388
O95149,O00512
Q14669,Q8TCJ0
P36404,Q9H1I8
Q14790,P42166
Q9BXS0,Q8IY18
O60675,P28062
Q9C086,Q9UNF0
Q16531,Q9BYE7
P20783,Q14118
Q7Z6A9,O14662
O60759,Q9UK53
P33240,Q02388
O43745,Q9H2X3
P63167,Q12967
Q9ULZ2,Q15389
P12757,P62072
Q52LR7,Q9GZQ8
Q9P000,O75496
Q8N201,P25685
P50542,P35625
Q8IWZ6,O75530
Q9UHX1,P10124
O94966,Q8IWS0
P61587,P40818
P61244,Q9Y508
Q15648,O76064
P41238,P23560
P26045,Q9NNX6
Q92813,P25063
P09668,O15066
Q93009,Q5VV67
Q7Z419,Q9Y2M5
Q96RR4,P55055
O43683,Q9UPN3
P18545,Q16543
P18621,P17947
P09564,P51684
Q8WUI4,Q9P0P0
P49760,P25685
P57087,P06734
Q9HAP2,Q9Y2X3
Q08397,Q05209
Q9BWN1,P31150
P56159,P46019
Q15543,Q9HB21
Q9P2J5,O75899
P43686,Q93096
P18077,Q92673
P07949,P50749
Q8NDV7,P25391
P25063,Q9UIB8
Q92886,Q16595
Q9BXW4,P09622
P13945,Q9BXL7
O43395,P34130
Q9H3U1,P29466
P45985,Q12948
Q9BWN1,Q07890
Q13901,Q9GZT9
P41212,Q7Z6B0
P25208,Q9H469
O95967,Q9UHP3
P61925,Q9HCJ0
O75554,O75150
P85299,P09619
O95644,P19256
P20339,P09211
Q15022,P15407
Q93034,P61923
Q8N3X1,Q6S5L8
Q9UBN6,Q96AX1
Q9UMX1,Q15691
Q8N5Z5,P62244
Q9UKT8,O94817
Q96B97,Q7L5N1
O95249,Q03933
Q9H7D7,P98170
O75955,Q9UKY1
P51677,P28161
P04792,P21741
P17544,Q9UIF7
Q08881,Q9P209
Q9H9H4,O95600
O14832,P12980
Q9UHD1,Q9Y2M5
O15169,P26885
P78352,Q92838
P13501,P63272
P49759,P49257
Q9NRI5,Q8N6Y0
P10145,P00918
P35346,Q96S96
P15884,O43513
O75525,Q9UQB3
P21583,P09493
P05230,A5YKK6
Q99741,Q9H9H4
Q08043,Q9H4B6
Q9Y4K3,Q7Z6Z7
Q96PB7,Q15131
O15457,P01019
Q29983,Q15311
P78344,Q9P2M7
Q13470,Q9UGK8
O94952,Q13277
Q9H211,P42684
Q5T1C6,Q9Y6D6
P07766,P28562
P63010,Q9UHV8
Q9H444,P78371
P07766,O76075
Q99816,O95835
P31949,P60842
Q8WVM8,Q9UNK0
Q9P0U4,P05783
Q86VX2,P20042
P32121,Q86UT5
Q9Y6Q9,Q02388
Q13303,O14976
O60237,Q96FJ0
Q9H7L9,Q8NCE0
Q8IUD2,Q9GZV5
O15169,P01588
Q99469,Q9Y5B0
O95273,Q9NXK8
P13984,P10451
P30086,P06881
P07947,Q9P0P0
P17931,Q9P246
O43189,Q01105
Q14957,Q9Y3B2
Q9BUB5,Q9H1I8
Q8IYJ3,Q13418
Q8WVY7,Q9Y2Y9
O75604,Q9H6Z9
Q6NWY9,Q4VX76
O60437,P01584
Q9Y4X5,P61981
Q01718,Q9H0K1
Q969R2,Q13619
P27824,Q9NSC2
P49454,Q8WX93
Q14155,P15407
O75061,P20151
Q9Y4K4,P32246
Q14566,Q9Y535
O95793,Q9Y2U5
Q13418,Q92888
O15031,P08670
O75586,P18031
Q6P2E9,Q9UPZ3
Q86YP4,P10646
O75431,O95613
O95983,P54619
Q9BUQ8,Q9H270
Q9BYH8,O75962
P15502,A8K8P3
Q8N6M0,O43913
P14618,Q7Z7L7
P13945,P12235
O00300,Q15078
Q06609,Q9NRA8
P35354,Q99801
Q15306,Q9H845
P01106,P61201
Q9NV92,Q9HCN6
Q8WXX7,Q9UL54
Q9H0E3,Q9BWU0
Q5T4F4,O15066
Q8WUF5,Q5D1E8
P01042,Q13352
P10828,Q7Z434
Q9UBB5,Q13523
Q9Y4X5,O15061
P07315,Q92538
Q9H211,Q5T1R4
Q9NZN5,Q8N9M5
P52594,O60664
Q9P2B4,P26885
O00487,P81877
Q15323,Q9UNY4
Q96BD5,Q9H2D6
P31150,P11684
Q9H9A7,Q66GS9
Q9NRR4,Q15788
P62633,P28069
Q9Y6R0,Q9UQM7
P21810,P54646
Q02750,Q92797
Q9P086,Q15555
P05120,Q15363
O95863,Q9H6Z4
P12004,Q99497
P60903,P46019
O75563,O14544
Q8NHW3,Q13009
P11684,O94941
O43593,Q9HB90
P62805,Q9UHW5
Q9NP98,P49910
P09681,Q5VZM2
Q13402,Q96AH0
Q6ZMQ8,O75461
O95628,O14733
P09619,Q93096
P19388,Q86Y01
Q9UBF8,P0C0S5
P01889,Q9H2G9
O60739,Q96M61
Q15375,Q86Y01
P07711,Q96L14
O95229,Q6PH81
Q96P71,P10071
O75312,P42772
Q00839,P08559
Q4G0J3,Q9BWN1
Q9NP97,P33552
P43686,P62070
Q13546,Q8IYF3
P18827,Q96IF1
P16860,P29371
Q13620,Q00688
Q15233,P25189
Q9BWN1,Q9Y2T3
Q8NCQ7,O75330
Q9H5V7,P49759
Q13563,P42684
P49789,Q9UBI1
O60941,P07996
Q9P2M1,Q9UBE0
Q96A72,P09884
P40616,Q9UPU9
Q9P0N9,O60885
P41229,Q06546
Q9C0C7,Q8NFJ9
P14780,P50461
P52756,P50281
Q9BXB1,Q9H0N5
Q53HV7,Q9HBM1
O95197,Q86SQ9
P62820,O00303
O15211,Q9H0N5
Q9GZY0,Q7L5D6
Q12934,P07947
Q99590,O14810
P19447,P13688
Q8WZ42,P23763
O95544,O75448
P18564,P68032
P20226,P08247
Q14626,O14939
Q92797,P25205
O60262,Q99075
Q8NBW4,Q8N2W9
O00763,P08833
P35241,P36578
Q2NKX8,Q9H6U6
O15164,Q15599
Q9BVC4,Q8TAD8
Q9UBW7,P08754
Q09666,P38646
Q8IXJ9,Q9NVP2
Q8NFH3,O75864
O15360,Q96A44
P16860,Q96E14
P35354,Q96D31
Q14106,Q13507
Q9H2X3,P51608
Q12905,Q96BR1
Q99471,Q96AY2
P49841,O75144
Q96J92,P22303
P21817,P00742
Q13263,P22736
P51571,Q9NT62
Q9GZT8,P29320
Q06587,P62841
Q8IY57,Q9H467
P15170,Q12913
P09211,Q9UMD9
P31948,Q7Z6E9
O95600,Q9H6R0
Q96Q42,P78371
P07355,P78371
Q15785,P23511
O60763,P57105
P11831,O75689
P15374,P32856
O75147,Q32P44
P08648,Q969H6
P41146,P36578
Q6ZW49,Q13505
P08581,Q12967
Q8IXJ9,P30153
Q8IW35,Q7L273
Q9UJF2,P06881
O43566,P15260
P02675,Q9Y2K6
P48552,Q5VTR2
Q9NQL2,Q7Z6G3
P63167,P35612
P22301,P83916
Q13114,P50281
Q9BVA0,P30260
Q9H845,Q9UL54
P61604,O95071
P10619,P05156
P08922,P54577
O95155,Q14149
Q6SPF0,Q9UKA2
Q15834,Q14565
O14862,P21926
Q8IUH3,Q13509
O75531,Q2TAY7
O14662,O95243
O75436,P49763
O95613,P10398
Q15172,Q86XE0
P04234,P12235
Q7L2E3,O14936
Q13617,Q15833
P21452,P48023
Q9Y2Z9,P30050
P22681,P06881
P50613,P26599
P18887,Q9Y692
Q9Y2W2,Q00722
Q9BQ52,Q16539
O43143,O95758
Q14194,P28065
Q8IZQ1,Q8IWU2
Q9Y263,Q9Y262
P40227,P85037
Q15019,P49768
Q13474,O95503
Q9UJF2,Q13287
Q9BUZ4,P09622
Q9NV56,P78348
P62304,O00429
Q9P0R6,Q6N043
P19883,Q9ULC4
Q9Y6R4,Q13705
Q14565,Q6P0N0
Q9BUE0,Q93052
P54920,Q16656
Q9P2B4,P16333
Q9NS91,Q9NZM3
P19793,O75330
P61923,O75688
P08574,P40938
Q15131,Q96FJ0
P12644,O15068
P29459,O60504
P13612,P08588
Q93052,P16157
P18583,Q96A47
P78396,Q8WTW3
Q15435,Q13643
P02743,Q9P104
O60825,P60033
Q10570,O43164
Q9UNE7,P02549
Q8NBZ0,Q9UMX1
Q6NYC8,O95831
O95235,Q9H270
P49959,Q9GZN8
O75081,P49910
O95149,Q5T1R4
P21980,Q9UBU7
P55072,Q9Y5S2
P24593,Q14BN4
A8K0Z3,Q7L5Y6
P81877,Q13425
Q93008,O94941
Q02156,P01563
O95198,Q9Y297
Q15406,P32780
Q9Y6W5,Q15025
Q8NBW4,Q02880
O43586,P62316
P49407,P19256
Q06455,O75326
P09603,P14653
P61158,O00303
Q14524,P35900
P40123,Q9UBI6
P54578,Q9UHD1
Q8WWW0,Q14149
P26842,Q9UKT8
Q14161,P04628
Q7L190,Q06418
Q9HCN4,Q53GS9
P49207,Q92570
Q12906,Q53ET0
Q8NBW4,Q6X4U4
Q13542,O76021
P50991,O75530
Q96QK1,Q93052
Q9BW61,P42679
P14923,Q9UL63
Q9BZI7,Q99618
Q9BSL1,P15036
P02792,Q15366
P49918,Q96QG7
P07900,O14948
P24588,P26715
P36542,Q96KJ9
O60488,Q6FI81
Q9H2X0,Q13542
Q15256,Q9Y3E2
Q93038,Q8TBB1
Q13542,Q6FI81
Q96SB8,P38484
Q14512,Q8NDV7
P52655,P53365
P05120,P17980
Q9UHB6,O75477
Q9Y2X8,Q9UL46
Q01543,Q8WWW0
Q07352,O14662
Q9UNE7,Q9BRT9
Q9H422,Q8IYD8
P04070,P06396
Q13009,Q13185
O95376,P25063
Q09472,Q02447
P29460,P0CG13
Q09013,P51668
O00300,Q8TAG9
Q12816,P49069
Q9UHL9,P23763
Q9Y478,Q12860
Q96IY4,Q9P209
Q14566,Q86UP2
P42772,Q8ND25
P33897,P17813
Q9P2M1,Q9HD67
Q71F56,P09619
Q13740,Q9NVP2
P26641,O75528
Q02447,Q13216
Q5JSH3,Q14676
P13945,P09622
P02647,Q92851
Q9UMX0,Q8NFJ9
Q02535,P31930
P68104,P51808
P21953,P19338
P30273,Q03181
Q5T5C0,Q13951
P41180,Q9NRY2
O43255,Q13586
O15525,Q8WVJ9
Q92696,P54646
Q14919,P23396
O75528,Q9P287
O43390,Q9UJY5
P32121,Q9UNH7
P50613,P11171
Q76LX8,Q9NP85
Q15435,O14770
P52735,Q9P0W2
O60488,Q9UQM7
Q96DB2,Q13285
P05181,P48730
Q9H422,Q12774
Q5MJ70,Q7Z5K2
Q969R2,Q15759
O94952,P51790
Q13617,Q96IZ0
Q16890,Q14203
P35346,Q15759
P13671,Q30201
P33032,Q01167
P00748,P36897
Q8WWN9,Q8IZQ8
P16471,P35244
Q04637,Q6UB99
P50150,Q14192
O95373,Q9UQB3
P25815,Q9NRZ9
P08235,Q9P0N9
P01011,P85299
Q99966,Q99972
P35613,Q9NRG0
P26599,Q12905
P62820,P19388
Q86X83,Q9UKN8
P34741,Q9BPZ7
Q9NVR7,P25789
P20749,Q15428
Q14149,Q8ND04
P13501,Q9Y4Y9
Q9UBT2,Q52LR7
O14980,Q92925
Q9UK41,Q96T60
P62140,Q9UH77
P51398,O14543
Q9UKF6,Q9Y5Q8
Q9BV68,Q9H1D0
P47874,O43143
P05412,Q96QB1
Q9UKV8,P49959
Q13936,Q9H1R3
P35625,P0CG47
Q13257,P02778
P43403,P17947
Q08117,P04198
P11047,P30153
P52790,O43264
Q06187,P36896
Q9Y4C1,Q9HD67
P53680,Q12873
Q86VX2,Q13131
Q9NSA3,P20336
Q14BN4,P04275
O95639,Q7Z412
P33897,P60763
Q12996,Q9H816
Q9NPB6,Q13432
Q6GTX8,Q13705
Q8NEU8,Q8N5H7
Q14919,P52435
O43924,Q9HB90
O75348,Q96SD1
P53803,Q8IVI9
Q9UQB3,O15304
Q9Y3Y4,Q9UPM8
Q99836,P05156
P61758,O95140
Q6ZUJ8,P05121
Q13884,Q07955
P16144,Q9NR80
P60709,Q99814
Q6GTX8,P09622
Q13905,P02741
O95198,P10144
O95793,O75197
O43896,Q13618
P42081,Q9Y262
P13861,P05108
Q96HE7,O15297
Q12840,P28161
Q9BT67,Q9HC77
Q9HBI1,Q9Y3A3
Q86WX3,P49761
O75340,Q9H251
Q03135,P15822
Q9UBS0,Q6VY07
Q14168,P28065
Q53T94,Q15648
P09913,Q04912
Q9BYG3,Q9HAU4
P30203,P34998
Q96J84,Q02388
O95999,P17812
Q9H4M3,P06730
Q7L9L4,Q8NHL6
Q96A56,Q99972
Q8NHZ8,O14796
O00757,Q9Y3E2
Q9UKX7,Q9H9T3
Q9Y620,Q09013
Q15834,O95835
O75112,Q86SZ2
P51809,Q9UBP0
Q9P2M1,P16070
Q86U06,O95429
O00429,P84085
Q9H4E7,Q15102
Q32P44,Q05682
P68543,O00451
Q5D1E8,Q9UH92
P09661,P30203
Q15311,P08151
Q6ZN18,Q16204
Q99856,Q14512
Q9C035,Q2M2I8
Q7L190,Q16633
Q12967,P02708
P02461,P07315
P09234,Q9H4L5
Q9UBQ5,Q07889
A8K8P3,P00533
Q9NPG3,Q7Z5K2
A0AVT1,Q96A44
Q969H4,Q00722
Q9UBZ4,P17252
Q96JM2,P14543
O75529,P20337
Q14790,Q9Y5X4
Q96KN7,P40818
P45379,P14373
P08684,P05546
Q96BH3,Q9P2G9
O15068,P13804
Q9UHW5,Q8N1E6
P54577,O75030
Q14738,Q8IYD8
Q13642,P17542
Q9Y2J0,P51114
Q14151,P63272
Q15672,O75150
Q13492,Q7KZ85
Q15942,P51149
Q66LE6,Q6ZW49
Q14008,Q08AG7
A9UHW6,O15084
P26951,Q9BQE4
Q96PN7,P49755
P54646,Q96I34
P25054,O95758
O43293,Q9Y6H5
P04234,P35080
P16435,Q15723
P51813,Q16613
P61247,Q9BVI4
O43557,Q86WT1
Q13769,Q12840
Q9BRK5,Q96EZ8
Q8N6M0,Q86UE8
P04275,O94817
O96013,P84243
Q14990,Q2T9J0
Q9P0U3,Q9BWC9
P55795,P35557
Q12834,Q92585
P35227,P42261
O00763,Q13950
Q9Y613,Q9UJW3
Q9BQ15,Q99719
O95251,O75509
Q9Y468,O43670
P10828,Q9UDY2
P16885,P50749
Q9BRB3,O96020
Q9Y2T3,Q15046
P17275,P51608
P84996,P99999
Q53GS7,Q9UJV9
Q8WTS1,Q13936
Q9H074,P20916
Q93062,P46695
Q13490,O15344
Q14005,Q86SQ9
Q96QF0,Q8IXQ6
O60645,P32239
Q92882,Q9HBH7
Q9Y5K5,Q9HD26
O75061,Q9UHD8
O43680,P62753
Q99638,Q14112
O94888,Q15038
O60238,P30626
Q9UPY3,P29274
O43150,Q8WXA9
Q9UQR0,Q9UHV2
Q5JQC9,Q9BPZ3
P25103,Q9Y5B0
P43686,Q86UE8
Q9UNE7,Q93096
Q8WX93,P25116
Q6ZTQ3,P33552
Q9HC98,Q8IVI9
Q6ZRV2,Q15054
Q6N021,O75943
P62258,P62140
P51959,P01225
Q9UBZ9,P10124
O14618,Q9HAP6
Q53GS7,P23025
P51451,Q16613
Q9UBI6,Q9Y376
P13501,P35241
Q9UHF0,P33993
P31152,Q12860
P22301,Q9UPN7
Q8NFH3,P78318
O15455,O43293
O75489,Q4AC94
Q9NVR7,Q15555
O00763,P19793
Q9H2S9,Q13509
P07900,P35236
Q14498,O75843
Q04656,Q9UJW0
Q9NPH3,Q00872
P49354,Q7L523
Q9NQC7,P51809
P51813,Q07866
Q7L273,Q9UPY3
P35712,Q9UHX1
P51116,Q16082
P60604,Q5QJE6
O15360,Q12802
Q03188,P21675
P01042,Q9BXS5
Q9UBP6,Q9UHV2
P17947,P01019
P54252,O76021
Q5XPI4,Q9NS00
O95931,Q99638
Q9UJU6,Q96KJ9
P06734,Q01105
Q14957,P78406
P01303,Q8WVM8
P13498,Q13061
Q13643,P43627
P29322,Q6GQQ9
Q9HBI0,P49736
Q63ZY3,Q9H4E5
Q8TBZ3,P51170
P53803,P11802
Q96PN7,P10828
P39019,Q7L0Q8
P78317,Q9GZQ8
Q9BWT7,Q9Y6Q5
Q6QNY0,Q15543
Q9Y5K5,Q92643
Q5PRF9,Q7L8J4
P18146,Q68EM7
P40222,Q07890
P07711,Q13085
O00273,Q9NVP1
O60568,P16104
Q9NRL2,O00141
Q8WYA6,P50553
P27695,Q8WW01
Q6UWE0,Q00975
P60891,Q8NE01
P50570,Q9NT62
Q5T5X7,P43626
O75410,Q9P2Y5
Q7Z4H7,Q92747
O60825,Q14289
Q93052,Q5VTL8
Q12824,P50616
P06734,P11277
P62753,P21453
Q03014,Q9UK73
Q9NYB0,Q07955
O75592,P51608
Q9BT67,Q15046
P06850,Q9NRD0
P38606,Q96CS2
P06746,P15924
Q9UBZ9,P11831
P02747,O43719
P51809,Q05048
Q07021,Q15051
O60486,O75323
P07858,Q96RR4
P20700,Q9HAQ2
Q9Y271,Q8WWW8
Q6PI98,P62993
Q9Y4H2,P14923
Q14722,Q99727
P20265,P31152
Q96E09,Q13444
Q15696,P12272
Q15942,O94985
P01579,P25787
P01040,P25789
O43236,Q96EY7
Q9Y6B2,Q8TAG9
Q13769,Q9UBN4
P52597,Q86T24
P00748,Q14397
P78364,Q9Y2M5
P61024,P49336
P20138,P20810
Q12962,Q13829
Q9NQU5,Q9NW08
Q96MW5,O43502
Q9BXW9,O76041
Q8ND04,Q9H147
P03956,O95319
Q8WVD3,Q05682
Q9BTC8,Q08043
Q9BYH8,Q9NZM3
Q5TKA1,Q96M61
O60238,Q06481
P42229,P30460
P62633,Q96IY1
O75164,O15519
Q9BY67,Q86UP2
Q6ZSG1,O43181
P29320,O75695
Q96PU5,Q9NYB0
Q86U06,Q8IYW5
Q01201,Q9P0L2
Q96EK4,Q02930
P62273,Q99497
Q8N2W9,Q07955
P37198,Q9Y5B0
Q15633,Q9UKV8
P16333,Q15428
P62829,Q9H4H8
Q96PN7,P06746
Q6QNY1,P98172
Q9NVR0,P02549
Q9NPJ6,Q8NHM5
O95997,Q14451
P26374,P08684
Q9NYB0,P53618
P46734,P11473
Q9H9Y6,Q6PJG6
P35368,Q96QT6
Q92673,Q8WVY7
Q9UQ84,P51825
P30460,Q9Y6A5
O00300,O75496
Q9NRW1,Q9NZM3
O14818,Q9UI14
Q96KP1,Q8WXX7
Q01081,A8K8P3
Q9NQT5,P30154
P35637,P26367
P28069,O75553
P61457,P36405
P31371,P13569
Q99728,O15516
O95365,Q13233
O00625,P35637
Q9UHN1,Q92925
P54727,Q8WVB6
Q06828,Q96H20
Q86X29,P54274
Q14160,P09486
O43734,Q71U36
Q9C0C9,O95278
P36957,P47897
Q14790,Q9UJX3
P07948,Q9H9C1
Q9P000,Q16236
Q9Y5Q3,Q9BVG8
O95816,P11831
Q12824,O14925
P08235,P41002
Q96GG9,P52799
P30101,Q9Y2Z4
Q96QB1,Q15428
Q13635,Q9UKT7
Q9UQ16,Q13478
P16871,Q9NXV2
Q8NG41,Q13478
O95639,Q9NY12
Q9UPT6,Q8N5V2
Q9H0W8,Q92837
Q9UI47,Q7KZF4
Q9P0N9,Q5T7B8
O60563,Q13470
O75864,Q8TB52
Q9H0D6,P55317
Q8N4C6,P23025
P49711,Q9Y297
Q9NWT6,Q14296
P50570,Q13239
P61024,Q15759
P15498,P10398
Q9UI12,Q92696
Q68CZ6,P56537
O00585,P17535
P51679,P49327
Q9NPA8,P60763
Q9Y4K4,Q14152
P46459,Q9UGI9
P35858,Q86WX3
Q9UPT5,P41227
Q86T82,P42679
Q9UKJ1,P36507
P08922,O00303
Q9Y4A5,Q8NF91
Q9H467,Q5VSY0
Q9H832,P30533
P17844,P98160
Q96P09,P49736
Q13188,Q9NWT6
Q8NHY5,Q6NUQ1
P13051,Q9UHF0
Q92813,Q9UM73
Q13576,P41180
P41146,P15880
P24855,Q08345
P25063,Q7Z569
Q9H2K8,Q01844
Q96KJ9,Q96DX5
O75843,Q9P2W9
Q01892,Q9HCS7
P35228,P51790
Q8N5H7,Q13115
Q86XE0,Q9UK73
Q66PJ3,Q8IXH7
Q9UM07,Q9HBZ2
Q9NX08,Q9UNE0
P41212,Q9Y3R0
P51679,P43626
Q13625,O60603
Q9UMF0,Q92608
Q9HAP2,Q01167
O43189,O15350
P33151,Q13555
P48551,Q9NQH7
O75940,P09668
P55789,O14925
Q14781,Q86US8
P31949,Q13061
Q9NTJ3,O15027
P52948,Q15311
Q96DY7,Q14194
Q9H2X0,Q96BD5
P02792,Q9NZC9
O75832,Q7Z3B3
Q8IYJ3,O75367
Q13571,P18031
Q9H211,O15068
O43502,Q3V5L5
Q9P0R6,Q9NXR1
P10244,Q9H6R0
O43684,Q9HCJ0
Q9Y6Q5,Q8WXH0
Q96IY4,P53567
Q8WYP5,P62380
Q99436,Q9UQM7
Q01780,Q9UNP9
P53396,P41091
Q8TBK2,Q07864
Q9Y4G8,P23511
Q9H078,Q9BYV2
Q9UPU9,P28347
O95477,O14727
Q03014,Q4AC94
P04183,Q9UMD9
P00374,Q7Z6E9
Q15366,O43707
Q8IWL3,P14653
Q5D1E8,Q9UNF0
Q9Y5S2,Q07864
P06241,Q06830
O43913,P24278
O15503,Q9H8V3
O60763,P36578
O60239,Q9P104
Q9Y4A8,Q8WWL7
P56545,O15392
Q12789,Q13427
Q5SW96,O60739
P12956,O15085
P09326,A7MCY6
P09914,P57105
Q9UBL3,P55199
P06850,Q9H2C0
Q8N5C8,Q9Y243
Q9Y4Z0,P06881
Q9UQ26,O75969
P41212,Q12996
Q9Y5Q8,Q9NZM3
P51178,P50995
P23526,Q9Y264
Q9H0A8,Q13588
Q4LE39,P41217
Q14626,Q969G2
Q8TCG1,Q9BUN8
P47874,Q8IWZ8
Q9NRW7,Q16394
Q9BV73,P13598
O00623,P36897
P51959,Q9BQE4
O15524,Q9HCS7
P40222,Q63ZY3
Q14155,Q16629
O60232,P62316
Q96AP0,Q9UHF0
P50748,Q9Y6Q5
O60664,P42261
Q9Y468,P48730
O43236,Q16650
P11474,P51149
Q9HBH7,Q9GZT8
Q13472,Q13608
Q08999,Q9UPS6
O60840,Q14344
P46976,Q5VTR2
Q13501,Q92830
Q14677,P36402
P17181,P25787
Q5T5X7,Q7Z6M2
Q9HAJ7,Q7L576
O60486,O75663
P21810,P16144
Q5VZM2,P36873
P16885,Q8N5V2
Q8IZQ1,Q68CZ2
Q07157,Q7Z5K2
P24592,O60927
Q96J84,Q86SX6
Q13740,P45880
Q13422,Q9Y6Q9
Q01638,Q13501
Q969T9,P32780
Q8TDB6,Q9NQG5
P02679,Q9H4L5
Q92785,Q96EK5
Q969P0,P12273
Q96RL1,Q8IXQ6
Q5VTR2,Q99814
O75190,Q03518
Q05655,Q6PI26
P55089,Q9UNK0
O14646,Q68EM7
O75323,P50749
Q9Y3A3,P25788
P22001,Q15118
P18465,Q9Y2Q5
O94905,P26367
Q96Q27,Q15796
P07204,P57775
O43592,P60842
Q9Y2K2,Q8TAF3
Q02535,Q5QJE6
P07355,P17947
P21941,Q96MF7
Q92882,Q8N6P7
P30273,P50461
P11912,Q8IU81
Q9UL25,Q13464
O95571,Q8WVM8
P62304,P20248
Q9Y6J9,Q9BY43
Q9H211,O00757
P50750,P36405
P63261,Q14562
P49796,Q8N201
O95831,P43627
Q92574,Q9BTT4
Q15014,Q6PIJ6
Q12923,Q92925
Q13547,P42773
P02778,Q92973
Q02080,P29320
Q8IYD1,Q9Y262
Q5VTB9,O60346
Q9UIF9,Q96B02
P43246,Q96F86
P49768,Q96B36
P43005,P33552
O00311,P24278
Q13487,Q9Y6I7
Q9Y574,Q71SY5
P0CG47,P78527
P26368,P19404
P62304,Q9UHF0
P62072,P10242
P22413,Q92777
O95997,O95999
Q8WWW0,Q9UIV1
Q9NYF0,O15145
Q8WVZ9,Q9NVX0
Q9P086,P61201
Q9NVC6,Q15003
Q9UI10,P04085
P49796,Q8NFH4
Q8IVI9,P14778
Q9Y265,Q9Y2J2
O43516,Q15746
Q13425,Q6IA86
Q96I99,P42226
Q01638,Q9NUG6
Q9H2S9,O43482
P51692,Q14566
P17844,Q9UM73
O43837,Q96JM3
Q9UPT5,Q9BRG1
O75146,Q49AN0
Q14160,P15976
Q9UDY2,Q92934
O60907,Q9BUL5
Q9Y3D8,Q02880
O75161,P61225
Q8WX93,Q15562
Q29983,P05121
Q9H8V3,Q16537
P23760,Q702N8
Q7L014,Q8TF74
Q99075,Q00688
Q9HD26,O15511
Q96DU3,P62633
P43686,O95977
Q13303,P19532
Q9P0R6,P35638
Q99574,P50213
Q16623,P21452
Q9UNE0,O43307
Q15435,Q8N5R6
P62993,O43597
Q86U42,P51843
P29376,P01019
Q9NVP2,O95503
Q9UNL4,P07998
Q3ZCQ8,Q9NP64
Q8IXJ9,P00748
O43257,Q15208
P62753,Q9NZ43
Q5RKV6,O14920
O60240,P17706
Q9Y210,Q8TAP6
Q9Y275,Q9NS75
P49721,Q14653
Q6IE81,Q9NUG6
P49639,Q9NNW7
P09874,O95319
Q15650,Q9BY77
O43865,Q16667
O14862,P56178
Q70EL2,Q9NZD8
Q9BYM8,P55199
P24941,P48167
P61769,P50213
P00167,Q8TEW0
Q9H6Z4,O43707
Q14192,P04080
P26022,Q15466
P23921,P61970
P35372,O75807
P31152,P48730
P05231,Q15819
P32004,P21583
Q8WVJ9,Q8TEU7
Q9NQ66,P36405
P43403,O14770
Q9BWU0,Q13427
Q9H074,O14662
Q8WXI2,Q9H9H4
Q8TBK2,P42680
Q92673,Q15466
P49915,Q14643
Q14919,Q16633
Q9H0R8,Q9H3S7
Q99075,Q8N3V7
O75146,Q13156
P33076,P68363
P31371,Q14738
Q9Y271,P31150
Q9Y3Q8,P41143
O75865,P20749
Q6QNY0,P01023
O75439,Q9HBH7
Q86U86,P51911
Q9NPY3,Q16539
Q13608,P25391
Q15696,Q6R327
Q9NZN4,P55055
Q96B01,Q92643
Q99836,Q9NQ55
Q9Y2V3,Q9NPD8
Q01453,P19532
O75368,P51114
P01137,Q92696
P13805,Q00613
O14901,O14594
Q9UKF6,Q15466
Q9UMX1,Q01082
P78347,Q12967
P04075,O15084
O14879,P10809
Q8TBZ3,Q9Y6W5
P25103,P32942
P47897,Q9H5I1
P22001,O76041
O75334,O95336
Q9P209,O95696
O00244,Q15811
Q01518,Q969H4
P23396,P30281
P63261,O14730
Q14183,Q9P0K7
P32302,Q12874
Q8IWS0,P21926
Q14444,P57105
Q9UHQ4,Q9NVR7
Q969G2,Q76N89
Q14831,P24390
O43852,Q8N122
Q15008,P14678
P30511,P20749
Q13057,O75448
P31751,Q08050
Q9UJX6,P61764
Q9UJV9,Q96CS4
O95831,Q9NRG0
O15530,Q9Y2A7
Q9NX24,P25787
Q2QGD7,P13804
Q8WYQ5,P47874
Q12959,Q8N3I7
Q96B67,Q9BPZ3
Q9NRL3,Q8WXE9
P02452,Q14676
O43264,Q9NQB0
Q96F86,O75695
Q8WYH8,P67936
O15516,Q14183
Q9P104,O15357
P57105,Q15555
P29322,Q53HL2
Q8N684,P62328
Q9BUG6,A8K8P3
P41180,P08311
O75832,P23582
Q9H9E1,Q15428
O60927,P20138
P49796,P51681
P20273,O43264
P49768,Q8NFJ9
O00716,Q9HBE1
O75369,P60763
Q9UBZ9,Q9UBT2
P61764,Q9H9A7
P04899,Q9UBT6
Q9Y5X1,Q9NS00
Q8WTS1,P29376
Q96CG3,P51170
P09913,P20810
Q8WYL5,Q13586
Q7Z4H7,Q8IY57
Q9UHA4,Q9UK41
P18075,O14730
P09467,P21941
Q05086,Q13618
Q7Z465,Q4VX76
Q15075,O95400
Q5T4W7,Q96M61
P29597,O60711
P50570,P21506
P78346,P48546
Q15363,P81274
Q9NR77,Q92540
P04264,P08588
Q8N3F8,Q96BD8
O43313,Q9Y297
O75197,P24385
Q6IN85,P78371
Q9UKT8,Q19AV6
P05412,Q92985
Q9UBS0,Q9Y2X3
P22695,Q9H161
Q9UI14,O43432
Q9HBI0,O15164
Q92564,P81274
O75694,Q86SZ2
Q92870,O14920
Q9UBS5,Q8IYB3
Q9NRR4,Q9UBK9
P08235,Q92574
Q9H7L9,O75962
P26842,Q13428
O14593,P11308
Q96EK5,O15553
P51571,Q8IZD9
P10916,Q9NP85
P54578,Q8NFT6
P49721,Q96FJ0
O00623,P56817
Q8N8A2,Q9NR12
O60285,O00762
P45379,P12980
Q9H0E9,Q8IUQ4
Q8IZJ6,P12273
Q9H3U1,Q15366
Q9P2D1,P78527
Q15019,Q86U70
P07711,P15391
P39086,O75962
P18848,O00273
Q9H8V3,Q9P287
O75446,P43146
Q969T4,Q8TEB1
Q99961,Q7Z417
Q9H9A7,O43396
Q8IW19,Q9Y692
Q7L9L4,O95271
P20702,O60437
Q6P4R8,P17600
Q9Y275,Q5PRF9
Q02952,O43680
O95352,Q8IWV8
P61962,Q9NRZ9
Q9H2X0,O00763
Q9H9H4,O00255
Q6NXR4,P40818
P14859,Q13427
Q14008,Q13829
Q13838,Q9Y6F1
Q9UJY5,Q9NZ43
Q96EB6,Q15173
Q9BT67,P67870
P35368,P48382
Q9H9H4,O15151
Q02156,P51172
Q969T9,Q15327
P09917,Q9Y297
Q9BS18,P42680
Q9H9E1,Q19AV6
Q9NSC5,P49910
Q9UNF0,Q96H20
Q9BYG3,P78348
Q16526,Q9NPF4
Q9GZQ3,O00628
Q9H9Y6,O75531
Q07157,Q14152
Q02535,P49336
Q5RKV6,Q02224
Q9H2X0,Q13087
Q9GZQ3,Q9HCE7
Q9UKC9,P42336
P98164,P41217
P42345,Q6IAA8
Q9Y333,Q92608
Q13797,Q9HD67
P13805,P05549
P62140,P63000
O43734,Q99942
O94907,O75489
O43395,O14593
P61626,Q9UP52
Q9NYG5,P00167
Q14008,Q6P1N0
P48378,Q8TAP6
P60709,P30460
P01135,Q9H9T3
Q8IWL3,P10244
Q02447,Q9H845
Q9BU64,O94888
Q96Q27,Q86US8
Q9H6U6,P11166
Q9Y271,P04066
Q5T4W7,P12268
Q92918,P18428
P01160,Q13895
O00401,Q9UK58
Q9NQ66,P17542
P49591,Q14789
Q14168,P30153
Q99996,P40938
Q9UHW9,O94927
P07766,Q58A45
O15259,Q9UQE7
Q9UPQ9,Q8TF40
P07332,Q03181
P49810,Q8N7R7
P43034,O75840
Q5T3J3,Q15465
O95218,Q66GS9
Q9H307,Q9HB90
O43172,Q7KZ85
O43752,Q99748
Q8N668,Q9Y2D8
Q9H9C1,Q9Y2R2
Q13905,Q92797
Q674X7,O95831
Q7L2E3,Q15723
P41279,Q71SY5
Q99653,P28827
Q02224,Q8IWS0
Q86YT6,Q15648
Q9NX47,P32245
Q49AN0,Q4VX76
Q9NQL2,Q9HBW0
Q9H2K2,Q9BV36
P49841,P56645
P63261,Q99801
P31749,P50914
O14625,Q14686
Q96F07,Q9NNX6
P16615,P36578
O60504,Q09019
Q13257,Q8N6Y0
P29322,O95999
Q9HAU4,Q9Y2V0
P47928,Q99547
O15169,P27361
Q9HBI1,Q8IY31
Q13435,Q99748
Q9P0U3,P15173
Q9NS56,Q9Y239
Q06413,Q86US8
P57105,Q9NQ55
Q4G0F5,Q9BY67
Q05193,Q9NWT8
O96020,Q13424
P22314,P54368
Q9BYE7,Q9NP64
O14979,Q5VTL8
P56377,Q13427
O95571,Q9UH92
P38606,P35236
Q02447,Q9UIF7
Q9NYG5,P06870
Q9Y3I1,Q96IY4
P09038,P10071
Q16548,Q53HV7
P57796,P11802
P09486,O43264
P04150,Q96T37
Q9UIV1,O00470
Q9Y678,Q00872
P35249,P10398
Q9BXC9,Q04721
Q9BUE0,P05388
Q13586,P49336
Q15233,Q14397
Q9H467,Q92783
Q99497,P35712
O60437,Q13588
Q8TEY7,Q96DI7
Q15836,P12980
Q9Y679,Q5XUX1
Q96JN8,Q12860
O14576,Q9NQP4
Q9Y2A7,P55347
Q16526,Q15506
Q14524,Q99640
Q9H1K1,P98160
P02743,Q8N531
P61244,P18031
Q9BUQ8,P25391
Q96GM5,Q96BH3
Q9Y265,Q01638
O95639,Q9NPI6
P20963,Q8TDY2
O00241,Q71SY5
Q93009,O60716
Q9UJX2,Q9NQ29
Q9Y6W3,Q6NZY7
Q96EK5,P51114
Q8TEP8,Q9Y262
P14210,P19793
P48509,P67775
Q9ULX9,Q00839
P09086,P62070
Q9GZY0,P04141
Q9UPU9,P53618
Q12770,Q92777
O76031,Q86TM6
Q8WUI4,Q16236
P48059,P62277
P24928,Q9NVF7
Q02447,O75955
Q13094,Q99618
P29375,P49768
Q86T82,P06756
O60481,P49336
Q9Y294,P11831
O95155,Q8TF40
P30291,Q9GZT9
Q9BZS1,P61081
P55316,Q9UBQ5
Q9NZC9,Q5TCZ1
P29622,P20908
P10415,P07225
P30101,Q8IWY9
Q14005,Q8TBK2
Q86UE8,Q9Y2R2
Q8TEC5,P49675
O60239,Q9NZN9
O60825,P49459
Q9NQC3,Q9BSJ2
Q8NI27,P40937
P01225,Q9Y6F1
P19387,P51114
Q53GS7,P40926
P37023,Q9Y6W6
O43395,Q86XL3
Q9UL25,Q9H461
P07550,O75934
Q92838,O60678
Q9GZX9,P61923
Q8WYH8,Q96A72
Q8WV24,Q6AHZ1
O14893,Q05682
Q9Y5R8,P04085
Q96NA2,O43670
Q9HB19,Q07955
Q5MJ70,P49336
Q13561,P35900
O60927,P12268
Q96EY7,Q9ULR0
Q6IE81,P78356
Q96SD1,O75840
P08572,P53367
P02538,P16112
Q15256,Q96C24
P48145,Q49AN0
Q8WUM0,Q9Y692
Q13443,Q92973
Q15323,Q9BSL1
P23258,P11387
Q9HAJ7,Q99871
P02760,P26373
Q02487,P10515
Q15528,O00167
Q6IQ32,Q00613
Q12967,Q13619
P98155,P38398
Q5T7V8,O75663
P55072,P16410
P51817,Q13555
Q9UJU6,P52435
Q9UNL4,Q9UBF1
O75864,Q9UL54
Q9UMX1,Q9NQC1
Q99653,Q9NSE2
P62913,O75326
P20333,Q9Y297
P08651,P00488
P02671,O60256
P09668,Q9Y3T9
P98155,Q8IXH7
P36542,O00512
Q9NRL2,O15151
Q8NC51,Q9Y2D8
Q9C026,Q96BY2
Q00653,P07225
O00339,Q92956
Q8WWY3,Q12934
P49910,P35556
P78345,Q9UHN1
O60645,O14662
O60830,O15123
O14737,Q8WVK2
P35900,P49736
Q00526,P35916
P53803,O60711
Q86SX6,P09486
Q99750,Q12906
P14635,P07951
P50150,O76041
Q86WX3,Q7Z406
P00747,Q14011
Q9Y5P8,P05108
O60927,Q6NZY4
P12956,Q15311
O00463,P54920
Q16740,P31150
Q9Y620,Q9NQ29
O14980,Q13643
P29622,Q9NUG6
Q53T94,P01236
P50750,P12268
Q9UJW0,P62318
P35638,Q8N684
Q12996,Q19AV6
O15553,P09619
Q9P2R6,P25815
Q9NRL2,O95819
Q96JN8,Q13061
P33991,Q15459
Q9BSJ2,Q92530
P08684,O60678
O60684,Q99638
Q9NP71,Q9NW38
Q00653,Q9UNM6
Q9NYY3,P62993
Q96LR5,Q8IYB3
O00192,Q14BN4
P24522,P00742
P18847,Q9H0U4
Q96L91,P05362
P15374,Q8NFH3
Q9NRA1,P08246
Q13571,Q8IXW5
Q9BY77,P12931
Q8IWV8,O60741
Q9NVC6,P01023
P61619,P40939
O60239,P20827
P08195,P62380
Q6UXN9,P15976
P52799,O00303
P49006,Q86UN6
Q99743,Q9BQ67
Q9UM07,P61978
O75061,P63241
Q8WWY3,Q00872
Q9Y333,Q9H461
Q16849,O43592
P12956,Q13094
O15553,P35858
Q9Y5K5,Q96SW2
Q9H221,Q12874
Q8TB45,Q9GZR2
P15822,P30307
Q9P0L2,Q15466
P50990,Q12929
Q16629,P49639
P53779,O14901
Q14012,P23469
Q9P000,Q5TD97
Q16650,Q02880
Q96AE4,P52945
Q9UH92,P85037
Q52LR7,P78552
Q15051,Q7L576
P30990,P18621
P43119,P41212
Q92766,O75369
Q05209,Q8NEM0
P19022,P22307
P29460,Q66GS9
Q9BWT7,Q7Z589
P84996,Q01658
P04004,Q9Y6F1
Q13474,A5YKK6
P10301,O00762
Q8WXF8,Q7L9L4
P29459,Q9UKI2
Q6TFL4,P09493
P41236,Q9HBH9
Q9NPI6,Q8ND25
O14893,Q9P0W2
P11912,O75478
P08514,O14730
O00757,Q13642
Q07890,P31949
P15391,Q8TCJ0
Q99952,Q92993
P61024,P42263
Q8TAF3,Q15811
Q9UNF0,P17342
Q07912,P12931
O15360,Q13200
Q9C029,O14862
Q9H0N5,Q8TCX1
Q9UPW8,Q14C86
Q7Z419,Q9Y271
Q9H5I1,Q9GZN8
Q9UGI0,P63010
Q99594,Q9H9Q2
O15265,Q9HAU4
P38432,Q9HBE1
Q15080,P78406
O60729,P54132
Q15942,O14730
Q8WYK2,Q8N6Y0
Q13303,Q9Y5P4
Q99081,Q14498
Q07866,Q15723
P12956,O15357
Q9HAF1,Q92570
O75955,Q9Y2Z4
P11309,Q03111
P09086,Q92519
Q9BXL5,P20702
P49716,Q9H816
P28074,P01588
Q9H0W8,Q92817
Q9HAW0,Q13443
Q8TF40,Q9NRD0
Q96L73,Q9Y4A5
Q8TEY7,Q9Y3E2
Q9H9T3,P06881
Q8TDD1,Q99962
Q13418,P62310
Q14938,P15382
P22695,Q9UMZ2
Q14019,O95460
O60610,P08514
Q9UHF4,O43187
Q6EEV6,Q96EB1
P24539,Q9Y6W6
Q96QB1,Q96C24
Q8N2W9,Q15459
P22681,Q9UPU9
Q9NPI8,O00429
Q14257,P17931
Q9BVW5,P21728
P78543,Q96M94
Q99590,O15511
P14866,Q15022
P02730,Q14145
Q13838,Q13002
P55211,Q0VG06
Q9H461,P20333
Q15375,Q92925
O60291,O14862
P25942,O75367
Q13563,O60664
Q9BRT9,P14555
P16035,Q13285
P12956,Q8WTW3
P04234,Q14C86
P61457,Q8N8B7
Q09013,P29459
Q8IZT6,P81133
Q9UHL9,P31150
Q9UIF9,Q9Y6D6
P50613,O15524
Q53T94,P46976
Q8IX03,P25788
P42261,P17252
O00585,Q8N5I2
P10451,Q99698
Q9ULV8,P23945
Q96QV1,P01579
Q8N5M1,Q13485
P13598,P18859
P49642,Q9NSE2
Q5PRF9,Q8TDY2
Q9UJV9,Q92599
P28324,Q14114
P00751,Q9H254
Q9UHQ1,P42025
Q15762,Q9Y3T9
P56589,Q9Y4B4
Q12972,Q9H8S9
P55327,P78527
O43680,O14777
Q08380,O75506
O15372,Q9Y6F1
P49795,Q13087
Q8N2W9,Q9ULV0
Q9UIB8,Q15327
P41002,Q9BQ95
P05160,O14618
P11274,Q9NS75
P24864,Q15835
Q9UFF9,Q5JY77
P42684,Q9H2G9
P53611,Q9ULR0
Q8IWY9,P62736
Q16555,P45880
Q6PIL6,O94888
O15143,P42226
O60716,O95343
Q01658,Q16667
P51693,O14492
Q99942,Q9HCS4
P43356,Q9NY27
Q8NCM8,Q8N1L9
Q99436,Q9NZJ0
Q68DK7,Q9UNE7
Q08345,P41091
O15371,Q8WUH2
P29376,P01308
O14976,O14492
P62805,P09693
P54578,Q15363
P17181,Q8WU20
Q03135,Q6GQQ9
O43542,Q8WWL7
Q9NTI5,Q9NS28
P06730,P62316
Q9Y5K6,Q9H6Z9
P48551,P12272
Q96CG3,Q13829
Q8TDW5,P01275
P68402,Q14118
Q96EK5,P68431
O14777,O95373
P07858,P30305
Q13303,Q8NI27
Q9Y5X3,Q96CF2
Q5SW79,Q09470
P29692,Q15788
Q33E94,Q8TD16
Q9Y333,Q9Y219
Q9UBF6,O95405
O75461,Q13608
O43150,Q9GZN8
Q9UBS5,O95696
P30273,P61158
Q8N3U4,Q92643
P07550,Q96MH2
Q8IWZ3,Q9BZI7
Q08345,Q9BVG8
O75052,Q9NPF4
P23297,Q96B02
Q9BSU1,P41236
Q8WWW0,Q9UBL3
P02778,P20290
Q9Y5J9,Q13470
Q99569,P35611
Q96RT8,Q9UL63
P55055,P53350
Q96AY2,P41182
P83876,Q96AX1
Q8TAF3,P40227
Q9BUZ4,P63165
P54578,P06881
P85298,O94813
Q9H2L5,P23634
P13639,Q9P2R6
P68543,O60762
P52594,Q5VV67
O00463,P40429
Q01638,Q9GZQ4
P00492,Q13618
P54136,P21810
Q92564,Q13478
Q9UQM7,O43508
P09629,Q9Y6D9
Q14746,P20618
Q9H6D7,P21728
Q8NF91,Q8NFZ5
P09914,Q9Y508
Q5T124,Q9UPT5
Q6P1J9,Q9UI09
P27348,Q9UJY5
Q8NCM8,Q9Y6W5
P63146,Q96A47
P25445,Q71DI3
Q92786,Q99871
Q96BD5,Q12778
P20908,P09668
P57078,Q9NPC8
Q99683,O00512
Q96CW5,O95297
Q86SZ2,O43521
Q99612,O75582
Q99640,Q99732
Q14739,Q9Y4K3
P30203,P16389
Q9BRT9,Q14990
Q15750,P30679
O60271,P03951
Q71F56,P00451
P27815,Q15532
P51003,P61081
O60481,P57105
Q9H257,Q8TBK2
Q13285,Q92966
Q9C0C7,P31483
Q9Y297,P20023
Q6WKZ4,Q8TF42
Q15369,P49910
P14921,Q86UL8
Q15532,O75351
P15172,O95425
Q9UGJ1,P00748
P22626,Q92973
P26441,Q99972
Q9BVI4,P50151
Q08117,P15153
Q14807,O15357
O14757,P36897
Q13596,P31994
P11047,O94906
Q9NVI1,P25787
Q6X4U4,P13612
P61225,P49761
P35228,O15145
Q15648,Q9HBZ2
O75144,P30049
P56192,P04198
Q99547,P67809
Q14242,P01308
Q9UPT5,P35670
Q99081,Q07890
O75909,P15090
Q8TES7,P16035
Q6P4Q7,P98172
Q16394,O94972
Q9BYV2,Q96KQ4
Q13113,Q9NS00
Q96IY1,Q96PF2
P29474,Q92540
Q2MKA7,P04198
P62081,P51948
P61981,P53680
P25774,Q13501
Q13347,Q4VX76
Q6P1J9,Q13469
O60488,Q8WXH0
O60729,P18827
Q8N8B7,P43627
P78395,Q9Y281
O75528,Q92585
P11308,Q86VQ0
P52952,Q00975
Q99075,P28065
Q99466,Q06830
Q9P0L0,Q13002
Q9Y5K6,Q9H6Z4
Q9Y275,Q16548
P51677,P07992
O95271,P61587
P35858,P06756
Q92904,Q96RJ3
Q99966,Q8WVB6
Q9NQT8,P62328
P62993,P08684
P07814,O14544
Q8IY92,Q9Y4K3
Q13409,Q06546
Q06187,P62995
Q13257,Q9UBK9
O75439,Q15078
P07237,O95251
P61086,Q9UKB1
Q9HCS4,Q96AX1
Q08345,Q68CZ2
Q96PF2,Q71U36
O95817,P49116
Q6IN85,O00512
P55209,Q9H2G9
O75334,P61968
Q13133,P04198
Q15291,Q96Q27
Q9GZX5,Q9UN37
P15408,Q9ULW0
Q5T4W7,P11831
P41182,Q9GZU2
Q14152,Q86TM6
O75460,Q8WZ42
P11362,Q96SN8
P36954,Q9UL63
Q13470,Q9Y3E2
Q9H9F9,Q96IF1
Q6P4R8,P42025
Q8NFT6,Q9C029
Q99653,P55196
Q9H2C0,Q16595
Q7L590,P05412
Q7Z6J0,Q99814
Q13523,O00189
P26374,P32246
Q6ZVD8,O43933
Q9UHW5,O43602
Q15022,O43318
Q01860,Q14562
P16860,Q2NKX8
P08588,P32856
Q53GL0,Q8WWL7
P30203,P78318
Q9BQB6,P06881
Q9ULT6,Q9P2Y5
Q9Y620,Q9NZN3
P15884,Q9UPZ3
Q14582,Q99618
Q14643,Q13542
P02743,Q15599
Q9NRA1,Q9H9E3
P06493,Q9P253
P98161,Q9HCE7
P29375,Q9Y3L3
Q8IY92,P10242
Q9UMX1,P09651
Q9Y3E7,P50281
Q96S44,Q9UNF0
O14511,O43432
Q9NS91,P25705
P38646,Q8TAM1
P78395,O43427
P63165,Q9UNN8
P62873,P30556
P27037,Q13873
Q96MW5,P08887
P09086,P22736
Q13469,Q9UGI9
P47755,O43852
O75865,Q96MH2
P08254,Q9Y6E0
Q9H845,P52790
P52597,Q8N122
P41002,Q15038
O15550,Q15323
P59780,Q96II8
O60675,O43597
Q05066,Q9Y271
Q9UGN5,O75530
Q14315,Q9ULB1
Q16665,P08572
Q13761,Q13507
P04070,Q9NZV8
Q6IN85,Q14565
P24588,Q9HBH9
Q15468,Q96MH2
O14599,Q12778
P07359,P35900
Q9GZZ9,Q92851
Q8NI35,O14933
Q6P1J9,O60884
P42685,Q5VTB9
Q7Z419,Q9UQE7
P49368,Q9H2X3
P42858,Q14240
Q96S59,P09086
O15164,O76041
Q9UNE0,P05388
Q9BXK1,Q9H254
Q13303,Q96FV9
Q9BUH8,Q96FW1
P08574,Q9BYG5
O00329,P55089
P42263,Q99618
P11215,Q9NZN5
Q04864,Q92918
Q03001,Q6P1J9
P52948,O94906
P16860,P55055
Q12888,P10275
Q8WXD5,Q92973
O75909,Q9NPA8
P17861,P40937
P21980,Q9NZD4
Q8TEY7,P28072
Q9UHR5,Q92889
Q9H3U1,P68871
Q92886,Q8TF40
Q9NQC3,Q8IUC6
Q8N1F7,Q9UBP0
Q6UXN9,Q8TAG9
Q9BU64,Q96CS2
P35244,P06401
Q16739,O75367
P14625,P07196
P41208,Q92542
Q86VX2,P51610
Q9HCG8,P13569
Q13950,Q9BW27
P54284,P15502
O60291,Q96JM3
P49407,O00592
Q8IU60,P23229
P20618,Q9NNW7
P18084,P52434
Q86SQ9,O43513
P57081,O14579
Q8IWL3,Q96II8
Q13144,P01583
P61923,Q13087
Q99741,O00291
Q9Y6B2,Q8NI27
O15360,P20916
O75925,P78356
Q9H840,Q8IY57
Q8WYJ6,Q14582
P61019,P49848
O14983,P11474
O60739,P00748
P47224,P42680
P22570,Q9BZI7
Q02078,Q99519
Q13435,Q13873
Q96LC9,P08709
Q8IWV8,P10589
Q9Y3A3,P49759
Q92736,Q9NZN4
Q86U06,Q86YV9
O75056,Q92538
Q02080,P28161
Q96G25,P32780
Q8N1F8,P22303
Q9Y5S2,P14555
Q5VST9,Q15365
Q9NTX7,P27348
Q9UBD5,Q8N9M5
O43516,O00762
Q9UBP6,Q9UNF0
Q9H5V7,Q13884
Q9P2M1,Q71SY5
Q9BXB1,O94813
Q15650,Q8TAA9
Q9UBX5,P18031
P31273,Q96T60
P43235,P07225
O60346,P29374
P23560,Q9Y3E2
Q9Y6R4,P09326
Q9BZD4,P35670
Q9BTW9,P02679
P07858,P49327
P16860,O43592
P51946,P21452
P07225,Q92973
P49736,Q9UGK8
Q00839,Q9UKT8
P26715,Q14C86
P01225,Q15334
Q9P2R6,Q9UBR4
O15553,Q92564
P25103,Q8N1E6
Q9NXK8,P50453
O75439,Q96T60
Q9UQ84,Q9UHD1
Q13042,Q07890
P08603,Q5JQC9
Q9NS75,Q9Y3C6
P29460,P84095
O95983,Q13113
Q8WVC0,Q9H6D7
P49792,P23469
Q29RF7,P67870
Q9H6Q3,P38117
P23467,O43353
P26010,Q15208
Q9Y333,Q9H0N5
Q96CF2,Q14289
P47928,P12755
Q14669,O60739
Q6P1J9,P20749
Q5VTB9,Q8N4P2
Q9NPH3,Q9NXV2
Q8N3F8,O15055
Q9UKL3,Q16828
P14210,Q13029
Q9C0K7,Q9NRA1
Q9H3Z4,Q6P2E9
Q9BY67,P60660
Q8NFT6,Q9NSC5
Q01638,P04075
O43566,Q9UN37
Q15672,P07766
O76021,Q9NQC1
Q9Y566,Q05066
P30626,P39905
Q8NCM8,O75817
P27695,O94985
Q9Y228,P03951
Q8IZP0,Q96AJ9
P35611,Q9Y2X3
Q9BSJ2,P32246
P17302,Q8N6Y0
P04183,Q9Y2X3
P98155,O75477
Q9H7Z6,Q9H1R3
Q9BQ15,Q9UBP5
P13611,Q9BXW9
O76070,Q9HB90
Q00610,Q969H6
Q9GZY0,Q13829
P21452,Q8IXW5
Q9BQ15,P18146
Q9UNF0,Q9H2C0
P11712,Q12874
P48357,P11831
Q15208,Q15386
Q16394,Q9Y2Y4
Q5H9F3,O15457
O00499,Q9UKT4
P04080,Q92696
Q9NPC6,O95758
Q12972,P23560
P26641,Q7Z6J0
Q7L576,Q8WXX7
O14646,P68106
P39060,Q9NZU7
P08311,Q86Y82
P62312,O15212
P08238,P13611
O00124,Q14151
Q13651,Q96B67
Q14008,O75410
P63261,P78406
Q16832,P21953
P61916,Q5VWQ8
Q12830,O60739
Q9P2W3,Q8WXX7
P08603,Q14653
Q14197,P68363
Q9Y6Q9,Q9UBT6
P04049,P16860
O60884,Q8N1L9
O95271,Q12996
Q969P0,Q96IV0
P06870,O95704
Q15485,P60033
Q96EB6,Q92797
O43181,O00628
P04141,P51149
Q12933,Q6PJG6
P11215,Q15120
O14798,P26373
Q9NP98,Q9HCS7
P49458,Q13057
Q03468,P49796
Q14257,Q00722
P09914,P31483
Q8IWZ3,Q9UBQ5
O15446,Q8N201
Q8TDB6,Q9UBN4
Q99459,P78552
P09455,P07711
O00238,Q7L2E3
Q63ZY3,Q13216
Q12879,Q14240
P23771,O43663
Q9UNY4,Q8WXE9
O75899,O94888
Q8WYJ6,Q96I34
Q08881,P12755
Q14185,P20749
Q9HBI1,Q9NNW7
Q4AC94,P13598
Q16659,Q13469
P05108,Q13427
Q5VWX1,Q53ET0
Q14004,P25024
Q92997,Q9NRG0
Q9H939,Q86VN1
Q5VVQ6,P52701
P22570,P52435
O95273,Q13469
Q9Y4Z0,Q16623
O15533,P32969
Q96G25,P45379
Q14203,P20023
Q15022,Q15562
Q9UK45,Q13555
Q15393,Q15717
Q06187,Q13895
Q9HBH7,Q9UH92
Q9H9C1,Q9BWC9
Q14498,Q13029
P08238,P04083
P19419,Q8NF91
Q9UGJ1,P32971
P27361,Q9P0P0
P17931,Q8TDD1
P16333,P10071
P10619,Q9BQ95
P34998,Q9UPN7
Q8IZQ1,Q92925
P46100,P07093
Q5T124,P01040
P56282,Q9UIV1
P61764,Q5VTL8
Q76N89,P10589
Q9NY93,Q7Z6E9
P02741,Q92569
Q8NFD5,Q9NVI1
O15212,Q16629
P26885,O75330
P19447,Q05682
P20701,P48378
Q9UFG5,Q14149
P19387,P01579
Q53GL0,Q7L5D6
Q13425,Q9NPD8
P36507,Q9Y6J9
P07954,P26441
P01130,P50990
Q8NBZ0,Q8TEP8
Q15375,P62841
Q8IX07,P00568
O60496,P53992
P16471,Q9NRY2
P48506,P49918
Q8IWL3,Q01081
Q96BD8,P63027
O60238,Q08050
P11532,P78314
P33151,P46531
Q9UQ26,Q9UKT4
Q99497,P51957
Q99743,P35080
Q16531,O95602
Q15532,Q9H0E9
Q13153,Q8TF42
Q13137,O00186
Q9NP64,P09936
P85299,Q8TAP6
Q14241,Q96SB3
P35670,Q9UHF0
Q01130,O43196
P42685,O00548
P14784,Q13485
Q9NPI6,O75396
Q9UI10,P51114
O95696,P51911
Q9Y2U8,Q9Y2Y0
Q8NFT6,Q9H9F9
P18827,Q8IYW5
Q86UQ8,P49238
P51587,Q9UI47
P13671,Q92643
Q01658,Q96J92
O75832,P62324
P61457,Q12841
P05787,Q86SZ2
Q15542,P52597
Q15633,Q8IX07
Q7RTN6,O75530
Q16394,Q9Y698
Q9Y478,Q9UKS6
O95229,O75791
Q9Y2J0,Q92564
P17931,P62244
Q9HBM1,P99999
Q15406,P55060
P50914,Q9H1D9
O15018,O00512
Q14565,P00751
P21941,Q9BW71
Q9BQQ3,Q7L2E3
P10155,Q9BVG8
P14866,Q9UKT9
Q5XPI4,P18887
Q66PJ3,Q9NQT8
P17096,Q9Y692
Q13608,Q8ND25
O75368,P35269
O75340,P39748
P20585,Q99961
Q5VWG9,O75330
Q9UJX2,P47224
Q15365,Q15700
P46976,P20807
O60568,P02792
Q53HL2,O43593
P18084,Q9H1K1
Q02763,P39060
P63010,P41743
P07814,Q9BSJ2
Q9UM47,Q9UPQ9
Q14919,O14649
Q04724,P78348
Q13347,Q8N5C8
Q15485,Q92747
P21506,Q9UNS2
P56192,Q9P0K7
Q9Y2U8,P26640
Q02790,Q8WVJ9
Q96F24,Q13322
Q15388,Q96Q07
Q13952,P22736
Q9NPH3,O94921
O14746,Q16849
Q96C03,P25116
P26006,Q9NSC2
P61619,P28161
P01303,Q9UNE0
P62820,O15519
O43364,P16104
P38646,Q9UBP0
Q96GM5,O14939
P18507,P01583
P10599,Q15323
Q00005,Q8WW01
O95140,P48551
Q96SU4,P26717
P08047,O43808
P28799,Q9BWN1
Q9H0A8,Q13936
P05787,P22223
Q8N3U4,Q92854
Q9P2B4,Q96B67
O43402,Q8N5Y2
Q09472,Q06643
P11215,P52756
P49682,Q01105
P01892,Q15428
P43356,Q8IXQ6
O75586,P01225
Q9BUX1,Q9NR33
O00716,Q9UKB1
P36956,P19086
Q99576,P40818
O14796,A8K0Z3
Q92667,Q92796
Q9UBE0,Q32P44
Q99956,Q13285
Q15418,P02549
Q96G21,P61204
Q9UQ84,Q92564
P98077,Q92843
Q9H8S9,P49821
P30679,Q14562
P20701,P10242
Q9NVP2,Q9P2G9
Q8TDB6,Q14566
Q8WVY7,P56817
P18510,Q9Y2V3
Q96CD0,Q96EB6
O14974,Q96A56
Q9H2B2,Q96IZ0
P30405,P42025
O00206,P09668
P06734,Q96I34
P04264,Q66PJ3
P00451,Q9NPJ8
Q8TCJ0,Q6W2J9
Q00526,Q9BW27
Q9HBM1,P62316
P61289,Q02297
Q53GS7,Q86U86
Q9P0U3,P05452
P46940,Q99683
P62873,Q92917
Q9Y4G8,Q9UIB8
Q01831,O14497
Q16832,Q8NF50
O75164,Q9NP97
P54764,Q9GZQ8
Q15054,Q6PH81
Q96QH2,P55347
Q16777,Q9NZJ0
Q7L8J4,Q8N684
P43356,O43597
P35237,Q9UM73
P02462,P55196
Q96J92,P09681
P20849,Q13501
Q9BXB1,Q9UH77
P16035,P05549
Q13217,Q8NB12
Q9P0U3,P04637
P22570,Q13464
P20273,Q14296
P17252,P49761
P12273,Q12996
P53803,P52701
O60826,Q3ZCQ8
P09629,P43364
P60520,Q9H9E1
P19447,Q14681
P20273,Q13555
Q8WX93,P09622
Q16181,Q8WV41
Q86SQ9,O75496
Q13422,P15941
Q9NYF8,Q9HAW4
O60763,Q2QGD7
Q9HAT0,P42701
O75563,Q9H2L5
Q8TEC5,Q9Y5B9
P46782,Q7L5Y6
P61587,Q9NVX0
P51813,P25787
Q86Y01,Q96T60
P98177,O15344
O75293,Q16630
Q8IWU2,Q14562
Q15853,Q96CA5
P63215,Q6GQQ9
P24863,Q9UBR4
O60645,O95232
Q96JN8,P42680
P11712,Q9H2G9
Q06587,Q8N5M1
Q9BUQ8,O15145
Q8WTS1,Q12967
P01563,P01130
P26010,P04075
O00192,Q969P0
Q9Y3D8,P24539
O75146,O60568
Q99832,Q7Z6Z7
P61586,Q9NRZ9
Q9Y248,Q9H1I8
P30876,O15164
P55085,Q14160
P53611,Q14814
Q15582,Q5TD97
P35555,P01023
Q969U6,Q13829
P56279,Q9NR50
Q02952,Q9HBM6
O95999,Q9Y6F1
P15036,P05546
P56282,Q13951
Q13546,Q96C03
Q70CQ1,O15400
Q9H8S9,P17655
Q9UNE7,Q8N4P2
Q96EU7,Q9P2D0
P50749,P31350
Q9UBE8,Q9H0K1
Q6PCD5,O14867
Q9H6Z9,P0CG47
Q8N531,Q13155
O94874,Q03181
Q96B97,Q14296
O00233,Q8WZ42
P27824,Q9Y5P8
Q12879,O43264
Q9UI10,Q9Y4J8
Q96B01,O00401
Q5T5X7,Q14494
P36578,Q9NP64
Q00610,O43852
Q96QK1,O43242
P49916,Q92569
Q01638,P52594
Q9BQ15,P49450
O75410,O95429
Q5S007,Q9NXR1
P30154,Q9H3P2
O15230,O60716
P30876,O15144
O75934,Q13002
Q92499,Q9UMZ2
Q30201,P35556
P60709,P81408
P10301,P21333
Q9H0C5,Q9NY27
P33151,P42574
Q9H2D6,Q8TCX1
P52594,Q9Y692
Q9HAW0,Q8TBZ3
Q9H0W5,P51825
Q8N201,P15036
Q8WVY7,O15145
P34130,Q9GZT8
P18846,Q92854
O75081,Q93063
Q9HD26,Q08AG7
O95644,P27701
Q9UJM3,P52435
Q9HC52,O75791
Q702N8,Q9BYW2
Q8TAF3,P55199
Q6ZRV2,Q9UI47
Q9H0F6,O14920
P08235,Q8TBZ3
O43734,Q9Y271
Q01105,P28328
Q9BYW2,Q92613
Q9UKL3,Q13322
Q9BUQ8,Q96QG7
Q15349,P62072
Q9BRK5,Q9H081
Q9UGN5,P26045
Q9Y375,Q15459
Q9UQR0,Q9Y3C7
Q9Y5V3,Q93008
P17844,O94829
P51965,Q9BW11
P0DI81,P19388
Q9Y281,P00533
Q9NRI5,P20618
P07858,P62070
Q06828,Q9UKL3
Q9P1U1,O60741
O60675,P35244
O75865,P50453
Q99459,Q15811
Q05513,Q14315
O75369,P38606
P01034,P51178
P31150,Q96SD1
Q9GZZ9,Q70EL2
P09086,P28360
O75925,P35368
P49207,Q14562
P11309,Q99835
P61981,P50616
P60604,Q93038
Q9H5I1,P04075
P78395,O95271
Q96QG7,P61326
P49450,Q9UI09
O00763,P57740
Q92785,O60240
Q9Y6N8,Q15599
O60763,Q13107
P62277,P38646
P25054,Q9BXH1
O75940,O43557
Q96CS2,O00165
Q13303,P0C0S5
P36896,P49368
Q01201,P20042
Q7Z6A9,P06748
Q9Y4K4,O75969
Q9UH73,Q9BXW9
Q96KP1,Q16394
Q9P0U3,P09211
P43403,Q14974
P53396,P49327
Q9NSA3,P30281
P29375,P20701
O00339,Q9P2W9
Q02790,P23582
Q9NQL2,P68104
P61204,P60484
P25787,P46019
P19105,P61970
Q9Y5X4,Q9NWF9
P07711,Q9H1D0
Q01344,P36897
Q9P2W9,P19419
P07225,O43852
O75689,Q8WXX7
P02675,Q9Y6I7
Q13557,Q7Z6E9
P05386,Q9Y3C8
P48059,Q9NZD8
Q9Y6W6,Q6PJG6
Q9P086,P61956
P62333,P24941
P07225,P07951
O43865,P60033
O00186,Q15287
Q9H444,Q96QT6
Q7RTN6,P47755
Q14019,A2RRP1
Q8WYK2,P0C0S5
P14866,P13987
P49760,P17096
P04070,P62906
Q13435,Q9NR50
P08581,Q7Z589
Q96NW7,Q06643
O60500,P04198
P04049,P09668
P61225,P0C0S5
Q96AE4,O95197
P10828,Q14145
Q9H9H4,Q9NPY3
O60684,P22736
Q15465,Q96IZ0
Q9NYB9,P27701
Q04323,Q14562
Q9UHW9,O75061
P20701,Q6S5L8
Q9NV44,P17812
P11474,O75840
P24864,P42226
P08235,P00751
Q9BVM2,P43628
Q9UHW5,Q16777
P35611,O43307
Q7Z6M1,Q7Z494
Q8IVP5,Q9NQC7
Q9Y613,P51610
Q96BD8,P61218
P07814,P09486
Q13151,Q12906
O95390,O14730
P50591,Q13478
O00213,Q5JY77
P33992,Q8NB91
Q14141,Q8NHW3
Q9UBZ9,Q02297
Q13474,Q13838
P09455,Q16082
Q9UNE2,P62873
O75368,P61081
Q6VMQ6,Q04912
Q6ZNE5,Q9BVG8
P51571,Q8TEU7
Q9NQY0,Q8N6Y0
O75175,Q99961
O60296,Q5T2T1
P34998,Q9NZJ0
P49736,O00124
P49454,Q7L5N1
O15530,Q6WKZ4
O95714,P48553
Q8IUR0,O95402
Q9NRF2,Q8N5H7
O95644,Q9UHB7
Q8WVJ9,P0CG13
Q96LD8,Q9Y6E0
Q9Y572,O75150
P07359,Q8TAA9
P49137,Q99814
Q9UBK9,P10145
Q9BUX1,Q9HC52
Q15291,Q9NVP2
Q02750,O43318
P08581,Q15118
O95208,P62328
Q14957,Q8TD31
Q16611,Q9NRG0
Q86YV9,P43489
P23327,Q9Y6F1
O14511,Q9GZV5
Q12959,P61024
P61981,Q9Y6W6
Q969P0,O75969
Q8N196,P13693
P10914,Q9P104
P30086,P11474
P50990,Q9NP64
Q9Y5X4,Q7L5Y6
Q7Z6M1,P23763
Q9H257,Q9BWW4
O43752,P29474
P14780,Q9UK41
Q15762,O75688
O95677,Q14681
Q8WXX7,O15145
P54368,P26373
Q8NG41,Q16478
Q8N1F8,Q9UJX3
Q6NZY7,Q8TF40
Q8WWW8,P38484
P24386,Q01831
Q14626,P19388
P04792,P23467
P24386,Q13332
Q14258,Q8TD31
P63279,P68402
Q9UMX0,P50990
Q9NRA8,Q9NNW7
Q9Y5B9,Q9NR12
P23588,Q9GZT8
Q969U6,O76064
O75628,Q8WXF1
Q16739,P11802
P22413,Q15465
Q9GZY0,Q9Y5K5
Q86SZ2,P50281
Q7KZF4,Q05682
Q8N9R8,Q12874
Q92854,P35080
Q9ULM6,P62995
Q2M2I8,P62314
Q5T7V8,Q96M61
P62995,Q14112
Q9H267,P05108
P49682,O43593
Q8N8A2,Q86SQ9
Q5MJ70,Q92643
Q12913,O43765
O95817,P15173
Q07021,Q92747
Q15853,P20807
P49917,P01275
Q9UQF2,O95967
P29992,Q9GZM8
P20337,Q99814
Q9NWT8,Q9NR33
A2RRP1,O14867
P60880,P09603
Q96HE7,Q9H9E3
O94952,Q14626
Q6IE81,P08311
Q12962,Q13557
Q06187,Q9BX63
P00488,O15031
O60563,Q8TAG9
Q12851,Q9BYW2
P50150,P02708
Q9NRI5,P25208
P05362,P07951
Q96NA2,O95831
Q8WYA6,Q13542
Q15311,O94776
P05388,Q4AC94
P62306,Q9UBL3
O15520,Q9NPA8
P06702,Q4AC94
Q9NZN4,Q86YC2
P12314,Q9NV31
O00329,P50151
Q01968,P13612
Q96NY7,Q15796
P30511,Q9NPD3
P01834,P25787
Q7L5D6,Q9H0A8
P05771,Q96IY1
P22626,Q13427
P04792,Q00005
O75431,Q9HD47
P19256,Q06413
P53803,Q9Y478
P43489,O95831
O60675,P19404
O00213,P55895
Q9BRK4,O60921
Q12923,P25205
O14618,O43439
Q08722,P01160
Q9P2M1,P62820
Q9UL62,P18615
Q9UNE2,P56279
P49675,Q9Y6B2
Q8IZQ8,P62906
Q96JB5,Q7L2J0
P01042,Q92813
P55039,Q96A56
P54252,Q9H0W5
P07949,O94966
Q16611,P20827
Q86SQ0,Q9NQP4
Q12778,Q07820
Q00537,Q96J02
Q8WYH8,P52756
P13861,Q9C0J8
Q96E14,Q13087
P17252,P21796
Q9P0U3,Q15366
Q8NFH8,Q96I34
O14787,Q9UBQ5
Q96A65,Q9H3M7
P62304,Q7LG56
P38606,P00751
P10644,Q14974
Q9UPT6,P20273
Q99590,Q96QH2
Q92854,Q9H334
Q16533,Q96AY2
P13051,Q9Y2K6
Q9NZL6,Q05066
O43847,Q9UNP9
Q07889,Q03933
O14965,O75592
Q13586,Q13643
Q96DX5,P15382
O14599,Q96B02
P10644,Q96BY2
O15525,P25787
P28336,P41240
P51398,P28065
P01303,Q9BZJ0
Q9UJM3,Q9NUU7
Q9BT25,Q8N1L9
O14757,Q8WXE9
P63151,Q70CQ1
O75061,P04080
Q6P1J9,Q9P2W9
Q9BYM8,Q9H9E1
Q6UWE0,Q07864
Q9Y6M7,Q9BXS5
Q6NYC1,Q13185
Q13625,Q9NR80
Q08881,O75843
P40222,Q96F44
Q86XK2,Q13542
Q6ZRS2,Q8NF91
O94842,P41180
Q92882,P62258
P14416,Q96C03
P11473,P17342
Q92574,P03951
Q9Y3C7,Q96AX1
P10301,Q92736
Q9UKL3,Q96RJ3
P25445,P11532
P46939,Q9UIV1
Q15543,Q8N122
P84022,Q7L5D6
Q9BYG3,Q8NDV7
Q13586,P01732
Q9HCU9,Q92956
P49450,Q01518
Q99958,Q9P2M7
O14613,Q7Z465
Q9H467,O00429
P63279,Q6IQ32
Q9UHQ4,O14787
P78395,Q96HR8
P78314,Q8WVY7
P62312,Q6SZW1
Q9HA65,Q96S55
P14618,Q8IXJ9
P24863,O15511
Q9NRD1,P30988
P06241,P61968
O43734,Q76L83
Q96DY7,Q9Y2Y9
P46776,Q8IXH7
P54368,P02749
P01034,Q9Y2Z9
Q99626,P40818
Q14005,P05813
Q7Z494,Q8TEL6
Q9HC29,P0C1Z6
Q9H0F6,Q92625
Q8IYJ3,P23560
Q96CF2,P63241
Q96J84,P07814
P43119,O15455
P49207,Q96NA2
Q8NFH8,Q9Y587
Q06187,P60953
P55072,P12235
Q9NPG3,Q14186
Q13435,Q9NNX6
Q7L273,Q9Y376
P61024,Q04721
O43929,Q16644
O94763,P09486
P18583,P36873
Q68DK7,Q16630
P08574,Q16478
P51693,P07737
Q92777,Q92966
Q86T24,Q8N1E6
Q9H8S9,Q9BUB5
Q8TEC5,O15061
Q14749,O00151
Q9UBP6,Q13895
Q9UI12,O75335
Q99467,Q13188
Q96MW5,Q9UBU7
Q9C005,O76021
Q05655,P01100
P07954,Q5T7V8
P49759,Q8N7R7
O75689,Q13873
P40306,P49754
Q9H1J1,Q15154
Q9NRF2,Q9BZS1
O00213,Q9Y4J8
Q01844,O43896
Q5T5C0,Q9UKJ3
P55735,Q86VQ0
Q9HBM1,P07951
P16333,Q9NZU7
Q14160,P10909
Q9HAP2,P35637
Q9UGJ0,Q8TAG9
P49238,P05452
Q14192,O75150
Q93062,P13501
Q8IWV8,O43765
O43680,P05107
Q8NEM2,Q96EZ8
Q9Y508,O75030
Q9UP52,P62487
O75367,Q9P0P0
Q9UI09,P48553
Q99743,Q6R327
P41208,O75928
Q99467,O15400
O95704,O60830
P08100,Q15349
Q16548,Q8NF50
P41161,Q13490
P14316,Q9UK41
Q15628,Q9UHL9
Q13045,Q15025
P36896,Q8IUH3
Q9C0C7,Q4G0F5
Q96MW5,P67809
P23634,Q9BRG1
Q16623,Q9Y6I7
Q9BZJ0,P83436
Q99956,Q13555
O43184,P17861
Q9Y271,P05549
P09914,O75884
P51955,Q13315
P26367,P36578
P49789,P49257
Q9C0C4,P52630
P43146,P05156
Q9BUZ4,Q16633
P08195,O00628
Q9NTI5,Q9UKL3
Q13554,Q9NRZ9
P14866,Q7Z628
O75144,P25189
P99999,P35658
Q14498,O14757
Q15287,Q96BY2
Q8WUA4,Q5T9L3
Q7Z589,Q99961
Q96PU5,Q9UKA2
P20908,Q9H6U6
Q5T6S3,P31150
O60729,Q13362
Q96A56,Q9Y5S2
Q9HBH9,P78348
Q7Z4G1,Q9P0K7
Q02388,P06396
Q8IW35,Q8NB16
O95382,P05556
P23760,O14948
P23760,Q9Y5P4
P63010,P06748
P54132,P16104
Q9UL18,P50914
P22415,P62140
Q86YP4,Q13131
Q9UM47,P07359
Q96T76,Q8N7R7
Q9NW08,Q13185
O14795,Q6PH81
Q13190,P28065
P09086,P19793
P35227,Q13011
P15391,P30260
P48357,Q96IZ0
Q7L9L4,O94985
P20333,Q5TD97
P29375,Q86Y82
Q969P0,O15372
P17693,Q4G0F5
P35222,Q13200
Q13439,O75525
Q06124,Q9Y6K9
Q13546,A5YKK6
Q14005,Q9Y6Q6
Q9HBM6,Q9NXV2
O75446,P49116
P21817,P23469
Q5JTV8,P30307
Q96RK4,Q9NVX0
Q15008,O75864
Q06190,Q9Y3C7
P62829,P28827
P13569,P06881
Q9HAT0,Q9UQ35
Q7Z434,Q05682
Q8IZP0,O43896
Q5VV67,O95343
P36507,P50151
O15068,Q01081
O60504,Q07866
P62750,P83436
O00300,Q8WW01
Q86X83,Q9UL03
P41002,P61968
Q16513,Q9NRG0
Q9Y3D8,P78357
O14613,P11142
P01127,P01130
Q9H1A4,Q8N9M5
Q9H6R0,P67775
Q6P2Q9,Q9P0W2
Q99966,Q14160
Q96LR5,Q16650
Q14190,Q9UBY9
P09681,Q14451
Q13464,P21675
P11234,Q8NC69
Q9UM07,P83436
P14778,Q9H2X6
Q14974,O75170
Q9P209,Q9NPA8
Q14BN4,Q5VWQ8
O15297,P15036
P41236,Q12840
P84022,Q53GS7
Q05066,P54646
P22059,P02774
P38432,P35557
O75376,Q8N8S7
P01834,Q6ZRS2
O95400,Q07020
Q12860,O14641
O95600,Q9H161
P25791,Q9NZD4
O00329,Q8N1F8
Q99661,Q9NRW1
P15531,O95487
Q09472,O15533
Q8IX03,P49918
Q9HBI1,Q08050
Q9NRZ9,Q12860
Q96PU5,Q9BPZ7
Q13233,P62140
Q9BVI4,Q12948
Q8N5M1,P18615
O14646,Q9BVC4
Q16630,Q53HV7
Q09472,Q99996
P16471,Q9BXL8
Q13625,O43379
Q08211,P15941
O15530,Q5T124
P16871,P68106
Q86W92,O00167
Q96E14,Q15365
Q9BXM7,P24723
P62263,O00541
Q16526,Q96T23
P62314,P43250
Q99062,Q8TEW0
Q8WXX7,Q05682
Q5XUX1,P41236
Q05682,O43251
P07858,Q96BY2
P10721,P02746
Q15029,P24588
Q9HBE1,P02745
O75643,Q9P2M7
Q12996,P0C1Z6
Q96NA2,P20701
Q9BXL7,Q8TEP8
Q14566,Q15746
Q8IVI9,Q6VAB6
Q9HCU9,Q8TDU9
Q8TAD8,O60231
Q93062,Q9UPN3
O60481,O14594
O00206,Q12789
P32942,Q9HBM1
P78362,Q9BZE4
P01374,P68871
Q92800,Q96A44
Q9UM47,Q6ZUJ8
Q8NAV1,Q5SW96
P62324,Q9NZM3
Q92696,P17252
Q9H9A7,P15172
Q6ZNE5,P57682
Q9GZQ8,Q9BW11
Q9P246,P42680
Q15233,Q14134
Q92886,P99999
P07900,Q8N122
P01236,P22692
P10109,P48378
P23467,P35637
Q9NS56,P41743
Q9H251,O75884
O14976,P49750
Q96L92,Q9GZS1
P18621,Q9UM54
O43592,Q9BWF2
P61201,P22460
P01042,Q96AP0
Q9UBP0,Q9Y263
P11142,Q13619
Q9NW08,Q8WW01
Q8N1L9,P00568
P53999,P06734
Q15120,Q9UGI9
P08833,P81133
O75369,Q6NZ67
P18545,Q969T9
P20339,Q96F07
Q9Y2H1,P05787
P50749,Q3ZCQ8
P18545,Q7RTN6
P26715,P20810
Q14152,Q8TB52
Q9Y5J7,P61956
Q9HAT0,O75496
O43572,Q9NR50
P33032,Q6FI81
P10646,O43307
O75815,P78371
P31994,P54274
P55197,P51149
Q9Y2H1,P27361
Q9H160,O95336
Q96MF7,P51172
O43292,Q09028
Q9P2B4,P04899
P04792,Q13241
Q9H0U4,Q9UJY5
P06746,Q9BTP7
Q16533,Q7Z6A9
Q96L92,Q9Y6W8
Q9Y5U5,Q02363
Q9NRZ9,Q8IWS0
Q86Y01,Q9BUN8
Q9NZL6,Q9Y5J7
P54252,O75864
O60583,P11802
O76081,Q7L5N1
O95067,Q5T9L3
Q9H3P2,O43502
P33261,Q8IWU2
P48551,Q70IA6
Q96MT8,O96020
Q8WYQ5,Q6NUQ1
P78345,Q99996
P08581,Q9UJY5
Q8IZP0,P25116
P17252,Q86UL8
Q92696,Q9Y2W7
Q01344,O95382
Q92466,Q96PF2
O75446,Q99732
Q96L92,Q92851
P25789,Q9H9E3
Q15363,Q9NP97
Q99436,P52907
Q96L92,O43307
Q8TAP6,P09382
P61758,Q8TEK3
O95613,Q6VMQ6
O60500,Q92570
P30203,Q9UKB1
Q13887,P31350
Q13596,P10415
Q6QNY0,Q9UQ88
P49918,Q92569
P54920,Q9NXV2
Q96RU7,Q9H9E3
Q8WYR1,P00742
P61289,Q9UPY6
P52565,P48730
Q96S52,Q96IZ0
P16333,O60830
Q4G0F5,P61586
O75489,P23945
Q13797,O75330
Q9GZQ3,P42262
P30533,P41227
P20719,Q9BYG5
P01375,O95373
O95677,Q96MW5
P06746,Q15386
Q05513,P25103
P00451,O43597
Q9H175,Q9Y262
Q9UMX0,P21817
P78543,Q9UJX3
Q01543,O15212
Q86Y01,P08247
P23467,P02647
P63000,Q13424
Q05469,Q9UNS2
O94905,O43681
Q86X55,P16104
P30531,Q9UBF6
Q9HD47,P15918
P04083,P14543
P31273,P17600
P56159,P08519
Q13347,Q9NRW1
P30556,P18428
Q96LD8,Q8TB52
P54136,P09493
Q15051,Q02930
Q9UNP9,Q9H553
P02746,Q9NQC1
P62873,Q5T7B8
Q93052,P17980
Q01344,Q14677
Q15696,P0C1Z6
Q9H410,Q14524
P08581,Q13061
Q0VDD7,Q9HAW4
O00253,P13987
Q13547,Q15650
P12268,P05156
P49459,O95295
Q09666,Q14240
Q12788,Q92904
O75081,Q9UHB6
Q13614,Q9P000
P50749,Q9Y2Y0
Q9P2D1,Q15562
Q13470,Q8TD08
O94992,P29460
Q96RK4,O95278
P31942,P13569
Q01970,O95271
Q9UHI6,O60869
P16871,Q13277
Q86SQ0,Q00613
Q13619,Q9P0K7
P15531,P18848
Q6NZY7,Q9C0J8
Q14790,Q9H765
Q08722,P10912
P05023,P49768
Q16611,Q9H9Q4
P29322,Q14566
P78406,P39905
Q14957,P22307
P62191,Q9H9Q4
P49716,P56817
P02748,Q8N4P2
Q96B26,Q9UPY3
P67809,Q9HB21
Q99732,Q6VY07
Q07912,P27361
P30531,Q8NB46
Q14957,Q13432
P61077,P85037
P51178,P51170
Q8IVT5,P53367
O15550,P05121
P46060,Q9BPZ7
P13010,P17600
Q96DU3,P39023
P09661,Q8WXA9
P03952,Q13905
P52952,Q6NXR4
P30626,Q07820
Q9H0N5,Q9P2F5
Q15388,Q9P2B2
P68431,O14867
P33991,Q99418
Q14957,Q02241
Q9UBY9,P52815
Q92754,Q05086
Q9NSC5,Q92747
P46821,P42680
P20138,O60885
Q9ULT6,O75531
P62834,Q86SE9
P48357,P84103
P12273,P05121
Q9UNY4,P52799
P02511,Q6P1N0
P50281,Q99466
Q8NE01,Q9H2X3
Q99593,P50453
P15918,O75800
Q03431,Q9UL18
P49716,P00568
P48145,Q9BX63
O15524,Q13115
Q96GG9,P15976
Q96A65,Q99732
Q9Y6Q6,Q9NSC2
Q53GS7,Q12874
P00751,Q13087
Q9GZZ9,P02679
P62312,Q9BXW9
P51116,P14625
P26045,Q92747
Q86XK2,O43557
Q14512,Q86X29
P60891,Q9HBH7
Q14103,Q9Y264
P23258,O95600
Q8N1F8,Q53GL0
Q96LI5,Q9UI14
O60603,Q07864
O14613,P61326
P48061,Q9Y2V3
Q02952,O43264
Q6P2E9,P26641
Q71F56,P57682
Q9UKA4,P12270
P63096,P31930
O14979,O15144
Q9Y2U8,Q13217
Q9HC77,Q9UJY5
Q9H2D6,O14862
Q8IYD1,Q8WYR1
P15813,P06748
Q14657,P29373
O75340,Q15173
Q9UPY8,Q99952
Q8N3U4,P54252
P14866,Q9GZN8
O60285,Q96MH2
O14579,Q8TCJ0
P22570,O15553
O60907,Q16656
P40306,O75147
Q5JQC9,Q9H0U4
Q9HCS4,O43181
Q13409,Q8IUH3
P61981,O60756
Q13362,P18075
Q9NP77,O60291
O60291,Q9H1K1
P27695,Q07020
Q07812,Q9HC52
Q8IYD1,Q9H2X3
P56282,Q7Z494
P61077,Q9P2K3
Q14106,Q8N5Y2
P07384,Q05516
Q05193,O75940
O95402,P60604
P09038,O75150
Q9BUL5,O94763
O00712,Q8IVI9
Q9Y5S2,Q92538
Q9C0C4,P61024
Q06609,P19387
Q8IWL3,P02749
Q01664,Q16849
Q13107,Q12962
O43502,Q7L2J0
P56589,P61006
Q14103,P01100
P49716,Q9Y2H1
Q15080,P50613
Q9NZM3,O00165
Q99590,P46087
P85299,P21333
P56192,Q15386
Q15349,O14730
O15503,O75478
P08311,Q15836
Q96MW5,P35398
Q99767,P20290
P02549,P20936
Q15021,Q9BZJ0
Q15831,P24723
Q16288,Q9GZX6
O15550,P50616
P49768,P17542
Q15436,Q96KJ9
Q9BUL9,Q9NVD7
Q9Y3E5,O15520
Q9Y2X8,Q9NP84
P21506,O60563
Q9BWC9,Q13643
Q8WVB6,Q9UL18
Q6P2E9,P56645
Q9HCE7,P13804
O96011,Q01167
Q5T2T1,Q9BUG6
P19086,Q6P0N0
P10301,Q9NY93
P31942,Q9Y478
P05230,Q96EB1
Q13045,P30542
Q9NY12,Q9UHB4
P57740,Q05682
O95155,P35080
Q5T124,Q9UPU9
Q8N684,P81408
Q03014,Q12873
Q13535,P07315
Q9UKT5,P78552
Q6R327,Q9Y2M5
O60563,P80098
O15360,Q06481
Q02543,P07998
A9UHW6,O00189
O15111,Q86XK2
Q9HC77,P23025
P08476,Q8IY18
Q9UJM3,P56817
Q8WX93,Q9UQQ2
Q96BD5,Q9UGM3
Q9UKT4,Q9UHV7
Q9NZN5,O95319
P85298,P38484
P51684,P43628
Q15120,P15880
Q12860,O75791
P55001,P09211
O76003,Q15025
P55072,Q16288
Q9BVC4,Q07325
P02452,Q9Y3T9
Q9UKF6,P61225
P02788,P16109
Q9UGI8,P09913
O95931,P20023
Q9Y2Q5,Q8IUD2
P30499,P16389
P54274,P08574
P49792,Q14781
Q9BRK4,P21333
Q9Y248,P32780
P08047,P11215
P21860,P42701
P51571,Q9H1D0
Q9BW83,Q8N531
P02751,P51610
Q86U06,Q9Y6D9
P12757,P41217
P41146,Q9Y243
Q9NPB6,O75496
P45379,P32942
Q8WUF5,Q6WKZ4
Q9H3U1,P09429
Q8TDB6,Q14746
P53999,Q96SD1
P27482,Q93096
Q9UHD9,Q01664
Q9NX70,O95197
Q9ULZ2,P62136
O43847,Q8TDW5
Q9UHR5,Q96I34
P08700,Q9H3P2
P52655,P15018
P31942,P08962
Q9GZZ9,O14770
Q8IWY9,P55196
Q92934,Q02297
Q96NE9,P36578
Q9NPI8,O15211
P30511,P50148
Q9NZN5,Q99418
P04049,P11277
P08603,Q9P2D0
Q96GM5,P00742
Q14512,Q12788
O00329,P10145
P20333,P07737
Q15393,P13987
O43184,Q92608
Q9UJF2,O00273
P10606,P50995
O15357,P18433
O75531,Q13588
P04080,P01308
P21810,O76075
Q01094,P04628
Q9H7Z6,P49757
P35368,Q96JM7
P50750,P15498
Q8IUD2,Q9UI14
Q5VTB9,Q9H0D6
Q15109,P43699
P05177,Q8NHW3
O15520,P36405
Q86UT5,P15880
P11274,P16591
P61254,Q13114
P15391,P63241
P51572,P24278
O60716,P49840
Q8WVJ9,P17544
Q92985,Q8TEB1
O14832,Q96AE4
Q13635,O75947
P05386,Q9Y2Y4
Q9HCU9,P47804
Q9NPI8,Q9HC52
Q96EY7,P05771
Q9BXB1,P10916
P08047,P41743
Q9Y3I1,P04083
O15511,P50453
Q13283,Q15562
Q86U86,P49736
Q9H0B6,Q4VX76
P61586,Q9HCG8
O60684,P51617
Q99700,Q7Z6E9
P61024,P47712
Q9P2R6,Q9BXS5
P17600,Q96DE5
P09693,Q14974
Q9NQL2,Q12906
Q9NP71,Q01167
Q6ZW49,Q9BUN8
P14784,Q3V5L5
Q14681,Q00872
O43639,P46060
Q14CW9,Q99819
Q3SYG4,Q7Z406
P35606,Q9UJW0
P15018,Q9GZQ8
Q99956,Q8TEP8
Q92985,Q7Z434
Q13303,P05549
P04406,Q8IY57
Q674X7,Q9HBE1
P20336,Q13042
P10275,P09486
O43353,Q13315
Q16586,P60709
P16471,P62633
P36507,O95977
Q93008,P02511
Q00536,P17661
P16112,Q6IAA8
Q99590,P26885
Q9NRR4,Q9UBI1
Q14449,Q8NF50
Q9NQG5,Q6ZRV2
Q9Y4B4,P52435
Q6PJG6,P84095
O15143,O14832
Q9H015,P68032
Q14444,Q8NFJ9
P84077,Q5TCZ1
Q9BV73,Q13619
Q9H9C1,Q8IW19
P31273,P20337
Q8WX92,Q86WV1
Q9NP97,O43683
Q14145,P47712
Q96DU3,Q9H6U6
Q9Y4C1,Q9UBP6
Q7RTV0,P52594
O43184,Q86XE0
Q9BPZ7,Q02880
Q12906,Q92530
P50402,O43502
P61371,Q96QG7
Q9HD36,Q8IZJ1
Q02080,Q15388
Q9P104,P49910
Q12906,P78348
Q04759,Q16478
Q9HAU4,Q8IXQ6
Q9BWT7,Q9H5I1
Q96NY7,P51668
P14653,Q96PF2
O15031,P17152
P16234,Q96JM7
Q02543,Q9HBZ2
P22392,P01116
O75170,P55196
Q00839,Q12873
O15372,P28074
P18846,Q3LFD5
P51587,Q14494
Q15572,P49354
P48556,Q7Z6J0
Q9UBP0,P27361
Q9C0K7,Q8NF50
O95210,Q92888
Q16623,P50591
Q2T9J0,P07951
Q16531,P19174
Q9Y6D9,Q9NSE2
P57081,Q68CZ2
Q12840,Q9HC52
Q9HBI1,Q96PF2
P01236,Q14451
P78362,O75717
P62873,Q53G59
Q6NVH7,P10124
Q8NFD5,P36954
P04070,P15391
P09086,Q9H147
O60664,Q9BYG3
P83876,P01588
Q9UHD8,Q9UGK8
Q9GZR7,P00533
P10415,Q8TDN4
Q8N5C8,P48553
P43235,P52434
Q16799,O15020
P52945,Q4VX76
Q9NUG6,Q9H4B4
O43734,P56693
P49459,P19878
Q96MT8,Q13635
P29320,Q9H2X6
Q96EB6,Q9NSE2
Q8NF50,P62873
Q13470,Q5T4W7
Q8N729,Q96JM7
Q9Y6W3,P12273
Q96EY7,Q9NRW1
P20248,P54725
Q92802,O60741
O94973,Q9ULV8
O43353,P07947
Q92538,Q07820
O14599,P01588
Q9Y2H1,Q92542
O00220,Q92585
P12259,Q9P246
Q99081,Q9NY61
Q99547,O43719
Q16665,Q15834
Q9NZN4,Q9NPD8
P51172,Q9Y4Y9
O00329,Q68CP9
P52790,Q9P2F5
P14780,Q9H0M0
Q8WUD4,P50453
Q92754,Q9NR55
O75956,Q03181
Q9HCG8,Q96D46
P09603,O60678
O00512,Q96IZ0
O14795,P01023
P06734,Q9UQB8
P53803,Q03001
Q13283,P57682
Q12982,P51178
P19474,Q15386
P40306,Q8IVP5
P35222,Q9NPD8
P69905,P49458
Q9UQN3,Q06546
P22830,P01019
Q99700,Q96H20
O43396,Q15038
P04637,P50213
Q8WYH8,P10124
P11277,Q96I34
O43150,Q14573
Q05066,P00451
Q9GZQ3,Q13107
Q9C0C9,Q9BPZ7
O14980,P49682
Q9GZV8,Q02880
Q99996,Q6P1N0
Q9Y2A7,P18075
P07996,Q9P246
O00566,P49327
P41236,Q9NWS0
P52799,P17181
P29320,Q15796
Q00839,P40227
Q15013,P15941
O15371,P22301
P19388,P42701
P46934,Q9BRG1
P18887,Q6EEV6
Q13352,P09651
P38432,P10589
Q86SQ9,Q9NNX6
Q99574,Q9NPQ8
P78337,P33993
O43734,Q8WWY3
Q9BVM2,Q6N043
P51572,Q9NPG3
Q6NXR4,Q96T23
P13693,O94829
P61457,P52907
Q16849,Q13332
Q9BTW9,O15211
Q00534,Q96RU3
Q9UBP5,P55196
P30154,Q9Y5S2
P47928,Q92781
P26951,P15153
Q99471,Q6FIF0
O95197,P38117
P26368,Q6N043
O95999,Q86SQ0
P16104,P15498
Q13576,O00712
P10244,P78357
O95232,Q14494
Q14677,P32856
P40222,Q09470
Q8NBW4,Q92817
Q9UI12,Q09470
P09914,Q15744
P07948,P20702
Q15323,Q9Y6J9
Q86Y91,P55273
Q99519,P13598
Q6PI26,P53367
O14901,P01275
P26842,O15392
O75914,P25787
Q15528,Q12860
P02760,Q9UBZ4
P38117,Q13233
Q96BD5,O43933
Q9UBT2,P43320
P43626,Q02548
Q9UJF2,P01588
Q9UBL3,P52756
P40306,Q9H2G4
Q9H4L5,P01583
Q9Y4Y9,P28827
Q9UJF2,P18846
Q99497,P31150
Q13137,Q6UXN9
Q96T23,Q9UK41
Q99081,O15061
Q01892,P36897
Q96QB1,Q15723
Q99700,Q12815
Q9Y3E5,Q2NKX8
Q15172,P78395
P55085,A0JLT2
Q99590,O75396
Q96PB7,O15145
P51172,Q96T58
P14866,P35398
Q99714,Q96L14
Q9C0C9,O95977
Q15019,P17812
Q9NSE2,P21580
Q02952,P25774
Q9H8Y5,Q96PK6
P57740,P01275
P09884,Q9H9Q4
Q04756,P62913
P62906,P51532
Q01658,Q8NI27
P22303,Q12769
P47874,P49336
P01111,Q9UP52
Q30201,Q05682
P47928,P31930
Q96S59,Q16548
P48556,O43491
Q13241,Q9NR50
O75689,O15304
Q02241,P18031
Q8WYH8,Q14240
Q12851,P62380
Q9P2W3,Q6N043
Q96NE9,Q13884
Q99666,Q8TD46
Q9Y2W1,Q9P2N7
Q9H8S9,Q9Y4Z0
Q9HAT0,P30405
P09496,Q8NHW3
Q9Y239,Q8NHG7
Q9Y383,Q05048
P55211,Q9HB90
Q9H0E7,Q96FW1
Q9UBP6,Q00526
P98155,O94813
P46934,Q96HS1
P07332,Q6NZY7
Q9H461,P81274
P26640,Q9Y4Y9
Q08043,Q14204
P54764,O75940
Q13438,P02730
O43602,O95571
P00167,Q9Y2Y4
Q9BW83,P02747
O43402,P22460
Q5MJ70,P80098
Q8WTR2,Q9UL54
O60486,P00505
P25205,P52298
Q99832,Q16666
O75061,Q969G3
Q9BUI4,P30154
Q9NQC7,P68032
Q8IYW5,Q9NV56
P36956,P68032
Q8WXF1,O14867
P31689,Q96FJ2
Q8NFH4,Q9H6U6
O75925,Q9H2X6
P33076,Q9NVX0
Q12947,Q01968
Q9BUL5,Q03188
Q9H840,Q96DB2
Q86YT6,Q96C24
P42685,P27361
Q7RTV0,Q9NZC9
P46940,Q05397
O95278,Q9UBZ4
Q96A47,P48382
Q02930,Q86US8
P31751,Q15642
Q96Q27,Q9UHB7
P07954,P01189
Q92834,Q13227
Q8WZ42,Q9UJF2
Q7L273,Q15554
Q96DU3,O14901
Q13573,P37198
Q9NP85,P63010
Q9BYG3,Q13490
Q92585,Q8WWW8
P48995,Q9H0E7
Q14C86,P06756
Q6ZN18,P08575
P07315,Q15700
Q96L73,P32942
P54578,P51170
P31689,Q16537
P01106,P09429
Q6PGQ7,P06858
Q93074,Q14192
O43318,P53992
Q00839,P20749
O60500,P00374
P05112,Q9NSK0
Q14118,O43681
P14618,O00762
Q15465,P61956
Q01130,P49736
P45983,P61077
P61371,Q96MH2
Q9UQK1,P38432
Q9Y6N7,P55197
Q96SW2,Q15468
O60927,O94927
Q9C005,P10747
Q9Y5X4,Q9UIF7
P47874,P63096
Q5VWG9,P49917
P24588,Q99519
Q9Y570,P41161
Q9Y2U8,Q9Y6W5
Q9GZQ4,Q15078
Q15021,Q9NP85
Q15020,Q6N021
Q00535,Q3V5L5
P62937,Q9BVC4
Q9BYH8,Q9ULC4
Q8NHZ8,P60660
Q8N8B7,Q86UL8
Q9H9E1,Q06455
Q92781,P52435
Q9Y4H2,Q13011
Q96DX5,Q9UL46
O75563,Q9BUE0
Q99996,P50914
P41743,Q8IXH7
Q8N6T3,Q86US8
Q3KNV8,Q12834
O15550,P19256
P48556,Q9H7Z6
Q9Y613,Q969T9
Q15762,P15692
Q96S96,P85037
Q9UNS2,P38484
P00488,Q9NW38
Q5PRF9,P49716
Q92997,P35611
O43292,P06746
P11912,P28336
P00167,P03973
Q14012,Q53EL6
Q07352,Q16288
Q8TD08,P01023
Q6P2C8,O60232
P20290,Q7KZ85
O43186,Q8WWN9
P38117,P67870
Q14657,P35580
P49459,Q12996
Q9Y5J7,Q13635
P22674,Q15109
Q05086,P18031
P49639,P01241
Q14865,Q13505
P01303,Q9HCJ0
O76021,P13688
Q13614,Q96RR4
O15457,Q9HAU4
Q8TD16,Q8TAP6
Q9UI10,P01189
P31749,Q05516
Q9NRP7,Q8N488
P22695,Q5XPI4
Q14626,P85037
Q9Y248,O76075
Q9BYM8,P53611
Q9P2J5,Q9NZ43
O75494,Q9Y2D8
Q9UJX2,Q13285
Q9NP77,P25705
P57740,Q14562
P20337,P51693
Q16204,Q9UKJ3
O43765,P16278
Q8N5V2,Q9UNH7
Q99741,Q53HV7
Q02487,Q5T4W7
P18510,Q96L34
P10147,Q9BXK1
O94889,O43427
Q96JM2,P19404
O00167,Q15173
P35052,Q99418
Q9BXW4,Q9UMW8
P62487,P07204
O00273,Q9H254
P09972,Q15796
Q13303,Q9C0C2
Q02952,P83436
Q7Z628,P23769
P31150,Q06546
Q86UP2,Q9NZU7
Q7L804,Q13131
Q96RU2,O94776
O75604,Q9UGK8
Q9NR46,P01019
Q15582,P27658
Q13507,O75530
P31785,P06454
Q9H8Y8,Q14686
P29322,Q14112
Q9Y275,Q8WVJ9
Q969H6,Q8TEL6
Q86X83,O00628
Q8TBZ3,Q9NY27
P24385,Q13867
Q15262,P14543
Q8IUH3,P83436
Q9NYF0,Q9P253
O14965,Q70IA6
Q00536,P55089
Q6EEV6,Q9C0J8
P35579,Q9Y2V7
Q9NPB6,P09326
P49716,Q9H2G9
P10124,Q07960
Q13555,Q16478
O15230,P46736
Q14994,Q9HD67
Q96KN7,Q9Y376
P56645,O95257
Q86SX6,Q86UN6
O43815,Q9UP52
Q68D85,O14836
P48167,P30499
Q96HS1,P16389
P00750,O14925
Q96B26,Q14197
P60033,Q99584
Q86VN1,P28072
P36402,Q9NVX0
O60927,O75558
O75460,P02768
O76003,O43257
P49721,A8K8P3
P61981,O75800
Q15025,Q9NWS0
O95297,O94829
P05108,Q15389
Q16586,O75477
Q99575,P35900
Q66GS9,P62913
Q14831,P42772
O95677,O14497
O00213,P02774
O75061,Q9NR55
Q9UMD9,Q9HBE1
Q9BZD4,Q9ULB1
Q49AN0,Q9H4B4
Q14749,Q8N1L9
P22570,Q9Y262
Q12830,Q14289
P35237,Q13131
O14981,O60488
O60826,P06576
P32927,Q9NVX0
Q9Y4E8,O43896
P21941,Q7L5N1
Q9NZC7,P09683
Q96KJ9,Q96JC9
Q9BXK1,Q92608
Q92614,O94907
Q9UBP6,Q9Y3C7
P35250,P50213
Q9UKN8,P53611
O43187,O43734
Q9UPW8,Q96F86
P36542,Q9UJW3
O94782,O75531
Q07157,Q9UJW3
P62277,P62140
P33240,O75144
Q5T2T1,P15941
Q9GZQ8,Q19AV6
Q9Y4Z0,P54136
Q9H6T3,P13612
O43592,Q8TAD8
Q92904,Q9Y6E0
P41091,P61020
O95983,Q9H204
Q14241,P83876
Q969H6,P29460
Q05516,Q9Y2J2
O00244,P06730
P39023,Q9Y6R0
P30049,P05107
Q9P0R6,Q13107
Q66GS9,Q14582
Q8N6M0,P61952
Q14149,Q9UBP6
Q9Y6N8,Q9HB90
Q02833,P39019
Q15233,Q8NF91
Q5VTL8,P56178
Q12929,Q3V5L5
P05787,Q9H7C4
Q9HAP6,Q9UNS2
Q13188,Q9H8S9
P50991,Q8TAG9
P31152,Q3LFD5
P13760,P50990
Q14168,Q6IA86
O60664,Q92985
Q8TD08,P35613
P11362,Q9H981
Q9UBP5,P25789
P49459,Q9H2D6
O14836,P15153
Q9UKK6,Q9H334
Q13889,Q9UK58
Q9NPC6,Q9UBI1
Q9BTC8,O15539
P49675,Q9NPF7
P78346,Q96Q27
Q9Y230,P26373
Q9UBZ4,P40926
Q15831,P43364
Q96CF2,P22301
Q9UQR0,Q8IVI9
P47928,O75489
Q6ZU15,Q9Y5Z7
P52655,Q13216
O00625,P13725
P19256,Q9H2X3
Q9HB19,Q15365
Q9Y333,Q9UKK6
Q15819,O43896
P27361,O94817
Q15691,O15539
Q8IX03,Q8WWL7
Q7L273,P63220
Q13107,Q6VVB1
Q8WV28,P30679
O75164,Q96F07
Q99081,Q92625
Q13356,P02748
O15230,Q86T24
P49354,O14492
P46734,P15172
Q96SW2,Q8N5R6
Q96JB5,Q9H1J1
P06396,Q15459
Q9Y5U5,P09486
P63279,O75197
Q96CW1,P57796
P13807,P80098
O95831,P18848
P57678,Q9Y2S7
Q13387,Q96SD1
Q68EM7,P35658
P78345,Q13163
Q9Y2D1,Q8IZD9
O95544,P41240
O00329,P30305
O43255,Q7RTV0
Q8TDB6,Q9Y6Q6
Q9Y613,P42166
P16860,A8K8P3
P49715,O14579
Q9UNS2,O00189
P00505,Q96HS1
P11802,O60231
Q96II8,O14662
O15018,Q13322
P41091,P78314
Q8NHG8,Q8TD46
O14798,P62993
P35611,Q66GS9
O60826,P38432
P52594,Q16656
Q8IY57,P62070
Q7Z406,Q8N5I2
Q9UBT2,Q9Y2X0
P33151,P17096
P49591,O75940
Q14643,Q6IBW4
P62942,P15407
Q9NQ66,P46060
Q9UHL9,P02792
Q6ZN18,P04406
P02679,Q8IWY9
P62829,P42336
Q99523,Q9UHN1
Q8NFT6,Q9Y4Z0
Q9Y6W8,Q96QT6
Q8WUD4,Q06643
Q16555,Q9Y239
P17661,Q8TEP8
P54577,Q9BRQ0
P40616,Q16611
Q96CS4,Q15555
Q13029,Q8N6Y0
Q9NQG5,Q9UNF0
Q6QNY0,P36507
Q99819,Q9NZD8
O94915,P10515
Q9H9G7,Q13444
Q8N3V7,Q9Y243
Q9UQQ2,P06858
Q9UM47,Q8N3F8
Q6ZW49,Q9UBC2
Q96F44,P49910
Q99996,Q9H765
Q6GTX8,O00762
P16152,Q9UHV7
Q75N03,Q9H334
P19320,P61587
O75147,O75525
Q9Y6Y9,Q15942
Q6P1J9,Q6UN15
P23526,P62316
Q14524,Q13153
Q8TDY2,Q02388
Q9UJT2,Q9NZC7
P62310,Q9H081
Q96PB7,Q8IZQ1
O95571,Q96IF1
P52945,Q86Y01
Q02750,P54725
Q16665,P46934
P62750,Q53ET0
P28328,O75330
Q14008,O00141
Q96RL1,P35998
Q9Y271,Q6NZY4
O14649,Q9NQC1
P07332,O00329
Q9UKV3,Q9NY61
Q14686,Q9UJY4
Q14103,P09874
P61626,P02768
O43927,P60953
P63151,Q96CW5
P00505,P30153
Q15696,O43593
P49454,Q04656
Q70IA6,P13987
Q9Y2U5,Q14494
Q12815,Q9Y6X3
Q8WUF5,P67809
P35659,Q96IT1
P67936,P60660
O95390,P52815
Q9UQQ2,Q8TDN4
Q9BUI4,P01019
Q8TAG9,Q9UQM7
Q99661,Q9BW71
Q14790,P41273
Q13085,Q15003
Q13474,P62318
Q9NZJ0,O43251
Q9NRD5,P45985
P27037,Q99574
A5YKK6,Q8IXH7
O15553,O75582
Q6IA86,O75496
Q53EL6,P05556
Q5T5C0,Q9UM54
P10916,P49757
Q96B97,P41180
P36956,Q12948
P17275,Q96CS4
Q9Y3D8,P07237
Q08209,Q7Z4I7
Q06643,Q99584
P49407,P05813
Q9GZL7,O94817
Q06190,Q9NXK8
Q9NPY3,P62913
Q13428,P32971
Q01638,Q9UIU6
Q8N5V2,O14979
Q96EF6,Q12830
Q16777,Q9HBZ2
Q00535,Q15406
P35670,O75955
O95376,Q9UHD1
Q99436,P06703
P31994,Q8IWV8
P46940,Q13185
O15018,Q13557
O75558,O95704
Q4VCS5,Q02548
Q5PRF9,Q86WB0
Q7Z4H7,Q9UNH7
Q9UHV2,Q2NKJ3
P13051,Q6P1N0
P62841,P35568
P16591,Q92747
P42081,Q9UNM6
P49639,O75582
Q92844,P30050
P09913,P01732
P26715,Q7Z3B3
P12268,Q9Y4J8
Q96NE9,O75506
P48643,Q8IZD4
Q9NRH3,Q9BPZ7
P13056,P11047
P15923,Q8TAP6
P02795,P62834
P01584,Q15361
P31930,P60842
Q96ES7,P15173
Q96C24,Q9BPZ7
O95816,Q9H7C4
Q13595,O43593
P54132,Q9GZQ8
P24522,P10124
Q9NV44,Q99748
P02749,Q9UGK8
P52948,Q96II8
P10644,P20226
O60232,Q96AH0
P13671,Q7KZF4
P98177,P49910
P12830,P12235
P31629,Q16082
P39019,O95967
Q96RR4,Q7Z494
Q9Y2Y1,Q15327
P62829,P50749
Q9UBE0,P51636
Q8WU17,O15055
P37231,P22307
Q86XE0,P06748
Q9H582,P08754
Q9H4H8,Q8IY92
Q8IZJ6,Q9UNP9
O43364,Q9H257
O95155,Q9Y6D9
Q01518,Q9HB21
P23458,Q15650
Q15528,Q06323
Q13651,P29692
Q07912,P24539
P09913,Q05639
Q15375,O15372
P19544,Q96T58
Q9NTJ3,Q14566
P18621,O15211
Q9H165,Q16890
P35609,Q13740
O15457,Q9Y345
Q9BWU1,Q8WWN9
Q96P70,Q8WXH0
P22392,Q76N89
O76021,Q15428
Q14149,Q96PF2
Q9Y2W2,P68402
Q06187,Q9NY33
P07998,Q8IY18
O76064,Q9H2X6
Q9H8S9,P33076
P40222,Q9NPG3
Q13554,Q9H2D6
P09622,Q13501
Q86SQ9,P08138
P08962,Q15506
P42684,P01023
O60481,Q9Y508
Q9H307,Q12948
P62072,P61163
P13056,P68106
P07711,O00273
P15880,O14925
Q9HCI7,Q7L5D6
Q9H078,Q99615
P52597,O95251
Q8NFD5,P02774
Q8TD46,P43489
Q9H7Z6,P49848
O60271,Q9Y297
P49643,Q8TBB1
Q9UKT5,Q06481
Q9BXK1,O95433
P61081,P41227
P78395,P56282
Q8NCE0,O75676
P50995,P55196
O60741,P56645
P61981,Q8N684
Q8N1L9,P19793
Q9H2C0,Q9P253
Q8N2W9,O43920
Q13443,P35236
P51116,P00736
Q96A47,P02511
Q66LE6,Q13111
Q13098,O15123
O95297,P78345
O95190,Q9GZN8
Q9HCS4,P55010
P05067,O94906
P46695,P05106
Q99962,P17152
Q86VX2,Q9Y6N7
Q13291,Q9HAU4
O95235,Q6QNY0
Q9UKT8,Q6W2J9
Q92817,P78552
Q92889,P48023
Q15642,Q99418
Q96BD5,Q9H1D0
P13945,Q9UKJ3
Q53TQ3,Q96AJ9
O00422,P17812
Q86U86,P41743
Q8TAQ2,P07814
Q6P2Q9,Q6P1N0
P15502,O15205
Q9NYB9,O94782
Q00537,P02730
Q15653,Q13887
O75928,P61086
Q96D46,Q9UM73
P24386,O15455
O15126,P28074
Q9NP84,O95944
Q9UKT9,P46087
Q9GZR7,Q8NB12
P21810,Q99719
Q14457,Q9UMD9
Q15650,P42261
P50747,Q9UBL3
Q15633,Q9Y4K3
P41161,P04198
P16234,P62136
Q8IWI9,Q07325
Q14241,O43707
Q13085,Q96A44
Q16620,P50281
Q9Y5U5,P21728
Q8IVI9,P24723
P15173,P21817
Q9Y228,O14492
Q96EY7,Q9UQ35
O75369,P62906
Q8IWZ3,Q9UHV2
P02686,Q9Y6D9
Q9UJY5,P55199
P62875,Q96JN8
Q9HCJ0,Q92993
P33897,Q8N5C8
Q15466,Q96EZ8
O75628,Q13156
Q9NYB9,Q93063
Q8IZQ1,Q07889
Q8NG27,Q13451
P09326,Q15046
Q99933,Q92956
P14373,O75190
Q15008,Q8TAP6
Q9Y297,O75334
P28562,P29374
O00716,Q15365
O75081,P68106
Q4LE39,P15090
Q8TDY2,Q9H4P4
P51809,Q9NYB0
P08195,P42226
P10916,O00401
Q15785,O75955
Q8WYR1,P51957
O96013,Q9BQF6
Q71DI3,P02763
Q9UNE0,P40818
P62249,Q53HL2
P52597,P14859
O15020,Q99519
P14316,Q00975
O60481,O75312
P50995,Q9NQT8
O95257,P13987
Q06265,Q13478
O60832,P49327
P61978,Q8TEP8
Q86T82,P31273
Q9Y239,O00165
Q7L8J4,P26374
O14818,Q9Y6E0
Q9GZL7,O94927
P98170,Q53HL2
P78556,P78371
Q13635,Q15723
Q8WUF5,Q8NB91
Q8IZJ1,P09429
P35659,Q8IUH3
P35080,Q92837
Q8IY18,P78552
Q02790,Q9GZN8
Q99460,P99999
Q13303,O75030
P52735,Q06546
O95967,Q9UKB1
Q9H2S9,Q8IY18
Q9H0W5,Q9NPP4
P01100,O96020
P26374,Q8WX92
Q99727,P32942
Q15406,Q86SZ2
O43294,O75170
Q16548,Q15262
Q9BRT9,P24723
Q8WX93,P52735
Q9BXL8,P60842
O14662,Q15361
Q15475,O43765
Q7Z465,Q15796
O75164,O75956
Q9NQX3,P23297
Q9UHD1,P24278
Q16739,Q9ULT6
Q8IY57,Q6VAB6
Q8NAV1,P23469
Q9NRA1,O60729
P62191,Q9P2G9
P82979,P63010
O60238,Q96D46
O43447,Q12815
Q9BXK1,Q9BVG8
Q92625,O75334
Q8IUH5,P37840
Q8NBZ0,Q9UMW8
P09651,P43364
Q9BTE3,O75326
O14511,P30307
Q8TEC5,P55735
Q14112,Q13322
Q04724,O00585
P52597,Q06643
P46736,Q3ZCQ8
Q08999,Q9UHL9
Q13352,Q9Y2W1
P61244,Q19AV6
O14713,Q8IX90
P37108,P22307
O75410,O75663
P62273,Q15762
Q86YV9,P01730
P22223,Q8TF40
Q96B97,Q9Y4J8
Q16832,P25774
Q99665,Q8TB52
Q9H832,Q9H0N5
Q96EV8,P62072
P61328,Q9Y6X3
Q13443,P01275
Q96SW2,Q9NPD8
Q8IUD2,P05783
Q9UI09,Q13936
Q96CF2,Q96QG7
P49736,Q14203
Q5VVQ6,Q8IXQ6
Q9P2B4,O14939
P01834,Q7Z7L7
Q14683,P78406
Q93062,P55273
Q12816,Q15796
P62195,P43629
Q9UPY8,O15516
P23193,Q6NZY4
P30086,Q9UQB8
P42226,Q99952
Q6ZYL4,Q16478
P49711,P26885
Q8IZJ6,P17181
P01375,Q92667
Q15796,Q9UQB3
Q16543,P31350
Q15038,O15344
Q9HBG7,Q8N531
O00472,Q9BXC9
Q13470,P35354
Q9NWZ3,P29083
Q7L1Q6,P25789
Q6EEV6,Q8WYJ6
P42224,Q9HB21
P28336,Q15466
P53999,O95613
P02746,Q9Y3C8
Q15363,Q8IU81
O43307,Q99732
P51587,Q96L73
P08514,P49327
Q9H6T3,Q6PIJ6
Q16659,Q96SD1
Q9H334,Q9HB21
O95198,Q13608
Q96E14,Q96HE7
Q16739,Q86XK2
Q14683,Q9UPS6
P63279,O75506
P13760,Q9UH73
O60645,O75817
Q8WYH8,P49761
P31350,P21728
Q96DX5,P49238
P20273,P62906
Q9BTW9,Q5H9F3
Q96HR3,O75317
O75449,Q15459
P41161,Q9Y6E0
Q9NZJ0,Q92830
O00339,P15941
P61086,P09874
Q9P287,Q9UKA2
P04626,Q9Y2K6
Q71F23,O00151
Q53G59,P49754
Q9NX08,Q9H211
Q06187,Q9UHW5
Q01968,P63096
P28360,P09211
P00505,P00918
Q9Y3B2,P42773
P17535,Q14562
Q16526,Q9HD67
Q9H668,Q9UQQ2
P01011,P24941
P09326,Q6NXR4
O00198,Q15853
Q96RN5,Q9Y5X3
Q5VZM2,Q01081
Q8N1E6,Q6PD62
Q9H3U1,O43293
O95704,Q92538
Q9UH77,Q9UK41
P29322,P32942
Q9P0N9,P32246
P62277,Q4VCS5
Q13873,Q96QC0
P47712,O75934
O75348,P17152
Q9H3M7,Q9BYW2
O75928,Q12996
Q5VV67,P30679
P15923,Q8N6Y0
O14974,P67870
Q9NQX5,O75494
Q9ULM6,P35236
P33151,P22692
Q6P2Q9,Q9Y3E7
O00329,P55317
Q9BWU0,Q96M61
Q9GZY6,Q96A56
Q9HCN4,Q13432
Q8N531,O00308
P49354,P41208
Q86VN1,Q99523
Q15645,Q9H6D7
P54764,Q06587
Q96SB8,P20702
P11142,Q19AV6
Q99623,P13671
Q99523,P04628
Q2T9J0,Q9H8T0
Q15942,P49736
O95983,Q7L576
Q13118,O60645
Q9H8V3,P55010
Q8IUD2,P55347
Q9BUH8,Q9P2M1
Q86X83,P14923
O60762,Q9HB21
P05112,Q8IZD9
Q9H492,Q15389
P52298,Q13351
O75436,P53365
Q9NZN4,O43707
Q6QNY0,Q8TBB1
P27695,Q9H553
P02748,P62244
P31994,P50616
O15169,Q9Y6B2
Q8WUF5,P15391
Q9BY77,P15502
P61626,Q8WW01
Q9HD47,Q9H257
Q96T88,P10644
Q13332,Q8NCM8
Q9C0J8,Q7Z7L7
O00763,Q9HC77
Q7Z460,Q9H469
Q5XUX1,P51003
Q9Y2X0,O94813
P41180,Q9P275
P53985,Q9UER7
Q7L9L4,Q9Y297
Q9UJM3,O14979
O60516,Q92973
P05412,O95400
P10155,Q9Y2J0
Q9Y271,P41236
Q05513,Q16611
O15264,P51114
Q9UPT5,P04150
Q86SQ9,Q96MH2
O00231,P28827
O95405,Q6NXR4
O60729,P17480
P48145,Q12962
Q6IPU0,P51825
Q6ZU15,P36578
Q9NZL9,Q8TDY2
Q9H3M7,P35611
Q96EY7,P01583
O00716,Q16667
P28702,Q92777
O60232,P19174
O43307,Q96RJ3
Q01831,Q86VS8
P16104,P17813
P30626,Q9P0K7
Q8WTS1,P51679
Q5H9F3,Q9Y3B2
Q92797,Q5W0Q7
O43292,P41217
P63215,P11940
O75676,Q86YR5
P48039,O43447
O95273,Q9BXS5
P02654,Q9NZN9
Q16555,Q9Y2X3
O00566,Q13153
Q16254,Q5SWA1
P35606,Q9BTP7
P13224,P43250
O60563,O95190
Q5VTB9,P52735
Q13347,P18428
Q92747,Q12824
Q5XUX1,P62820
Q02388,P50151
P29459,Q15406
P04075,Q9H4B6
Q9NVR7,Q96EP0
O75175,P12980
P29992,Q9BV36
P63167,Q8N1E6
P56270,Q86SZ2
Q96S44,Q9UBQ5
P10588,Q9NZJ0
P30307,Q13557
Q8WUM0,O94889
Q9UQQ2,Q96JB2
O95429,Q8IWZ8
Q969H0,O14730
P03951,Q8WVM7
Q9H334,P22736
P00374,P55199
P07766,P50990
Q9Y4D1,Q9NRG0
P09913,Q06413
P11712,Q9H3S7
O60895,Q13347
Q14566,Q5QJE6
P33991,P01579
Q6IE81,P51571
P0CG13,Q99618
P36896,Q08722
Q5T5X7,Q9Y3U8
P14784,O75146
Q14683,P51681
P78347,P78527
Q16401,P37173
Q9UBQ5,Q8NC69
P02795,P02765
Q9UHR5,P48546
Q9H078,O14544
Q99653,P60660
Q99836,P07333
Q8WW01,Q8WVM0
Q3KNV8,O14744
Q96LC9,P27695
Q15025,P11171
O95273,P23469
Q63ZY3,P67870
Q01658,Q9NZN3
P00167,Q8N3X1
Q9UNP9,P42679
O43597,P84095
P35354,Q96KJ9
P07948,O60741
P09629,P17980
P53803,Q9Y297
P21452,Q9P2Y5
Q12906,Q9UKV8
Q3KNV8,Q13618
P62263,O43353
Q9NQT5,Q92800
Q6UXN9,O75334
Q01831,Q86XR7
P10644,Q9BUL9
Q99593,P35658
Q9Y6B7,Q8N3Y1
O75363,Q8IY92
O43402,P15260
P39019,Q01167
Q9HAV5,P14625
Q13188,Q13936
Q96CS3,Q96EZ8
P60880,P57078
Q14112,P00742
Q9GZQ4,Q14974
P28072,Q13464
O75626,O60285
O14976,P00742
Q5T1C6,Q02156
Q9P0R6,Q01518
Q9H461,P08195
O94875,O95997
P07101,Q9UPT6
O60941,P08246
Q9C0C4,P35225
Q9Y230,Q96T60
P53355,P17152
P63010,P31350
Q13362,Q13761
Q99719,A9UHW6
Q9C0C9,P55316
Q9NRF9,Q96MW5
P32302,Q2T9J0
Q13889,Q8IWS0
Q04656,P61247
Q8TEC5,Q9UPN7
Q15389,O00273
Q15363,Q7Z417
P46976,P28065
Q02952,Q4VCS5
P04198,Q13480
O15455,P59768
P11912,O15111
Q14457,P43627
Q13107,P19419
P09958,Q14C86
P49407,Q96LK0
Q99590,P35222
Q13303,Q92870
Q6P2Q9,Q8N8S7
P82979,P13612
P48431,P23469
P36896,Q9Y6R0
P41182,P01732
Q01844,O94985
P30542,P26715
O14893,O43719
P62072,P16615
Q8NDX5,Q04912
Q9Y535,Q8WVB6
Q15645,O60285
Q9Y4H2,Q9UQM7
P07225,P00751
Q96JN8,Q9UN37
Q13586,P20749
Q13614,Q71DI3
P55854,P61077
Q06587,Q9BTP7
Q9NPD3,Q8IYW5
P49639,Q9H668
Q16739,O95149
O15164,O00151
Q9P0U4,Q9NVF7
P09496,Q15361
Q9NRF9,P61077
Q9HCU9,Q99759
Q8WVY7,Q15836
Q9UFG5,Q9UKV3
P42261,O95243
Q7RTV0,P35637
Q9NRD1,Q63ZY3
P51679,Q86SZ2
P62081,Q8WU20
Q9H0E2,P35916
Q12947,P48556
P16615,Q99519
O14492,P06730
P60604,Q04756
Q33E94,P08754
O75112,P50613
P25445,Q8IUR0
O15230,Q9NZC9
Q9NRH3,Q92696
O95721,P61077
P34998,O75530
Q9NW38,Q9UKA2
P28336,P15151
P49238,P54253
P01127,Q96DX5
O43196,Q8NHG7
Q9H4P4,P19419
P10914,P10809
Q8N488,P78527
P16104,P53805
O43924,Q8NB91
Q15019,O60296
Q86XK2,Q92730
P15018,Q9UPS6
Q96B26,P62487
Q7L804,Q8IX90
Q8N201,O75553
Q9ULX9,Q9NVK5
P20701,O60264
Q5VT25,Q06546
Q13422,Q8TDY2
O75969,Q8N201
Q99594,Q9NZC9
P56645,P17535
Q9Y4G8,P41273
Q9H6R0,Q15836
P46782,P48167
P63000,P15382
P02794,P10451
P23769,Q9H816
Q92754,P15924
P18428,Q15386
Q9NQG5,Q8WVB6
P05362,Q9NQ66
Q9Y2Z9,P41002
P09564,Q96B67
P62942,Q92925
Q12789,P06748
Q9BWT7,Q99547
Q9HBI0,P23297
P07711,P43026
P62380,Q92570
P49917,P68402
Q14683,Q13233
Q13642,Q14232
Q9NY27,Q9NYJ8
O00716,P19838
O95278,P57775
Q9HBI0,P40939
Q96DY7,P61204
Q92529,Q99519
P51572,P61970
Q9H3Z4,Q13936
Q8WV24,Q9NV70
P51571,P21980
P09874,P28827
O75150,P22692
O75376,P14784
Q96MF7,Q9H0K1
P02743,Q06587
Q16795,O75529
Q6P2Q9,P46939
Q13347,O75431
O94927,P0C0S5
P15170,Q5VV67
Q8N8S7,P20827
Q92834,Q9H832
Q9NSA3,P06493
Q9H9S0,Q3ZCQ8
Q9UQ35,Q9NT62
Q9NRZ9,P61326
Q14765,P05787
O15169,Q16740
P55085,O60232
Q9NPY3,O14893
Q16548,Q8IXJ9
Q9NRZ9,P68363
Q5T4W7,Q9H6U6
O43196,P49789
O60516,Q15262
Q9H2X3,Q9UPT9
P07225,Q01892
Q96SB3,Q8NEM0
Q02535,P08962
O75832,Q6IE81
Q9Y3I1,P09234
Q86YV9,Q16644
Q9H307,P15941
Q9H461,Q9NWF9
O60675,Q9Y6D6
Q96L92,Q9BUL8
P52701,Q9NZ43
P25815,Q9BQE4
Q9H4B4,Q86UP2
P50748,O15155
P04049,P08581
P26368,P25800
Q86WT1,P61163
P24863,Q01658
P10588,P52597
Q96LD8,P08684
Q9BXL5,Q13332
P07101,Q9H270
P15336,Q8NEM2
P21926,Q9UGK8
Q6FI81,Q9NW38
P03951,P35557
P43246,Q0VDD7
Q9NVR7,P42262
Q9UKY1,Q13541
Q92747,Q6FI81
O00429,Q9UPS6
Q9Y283,Q03181
Q4LE39,P67870
P46934,Q15642
P15863,Q9H845
P61764,Q16650
P60891,Q99728
O00268,Q9BRT9
Q9HB89,Q96KJ9
O15392,Q96T60
Q5D1E8,Q9UQM7
O75431,Q9H9E1
P99999,P10747
O00167,O75688
O43294,Q14203
Q99623,Q96SN8
Q9H4X1,Q9UGJ0
Q13492,Q8N5R6
P16278,O60609
P54259,Q8TAG9
Q76LX8,Q9UNN8
P02545,O75030
P68543,P62753
P16435,Q8NBW4
P55895,P49759
Q9HAW0,P37023
Q9NWB7,Q14C86
Q8NCM8,Q9UQB3
Q15078,Q9UNH7
P49821,Q53EV4
Q9NVV5,Q86U42
P35346,P07951
Q29983,O60488
P20151,P10144
P18054,O43488
Q9UHQ4,P04085
P21580,P10515
Q9UHQ1,Q9Y4A5
Q9BUL5,O95475
P33240,P98164
O75528,Q13838
Q8NDX5,Q13287
O43402,Q9ULJ8
Q8NHG8,Q9BZK7
Q6TFL4,Q9BXK1
Q5PRF9,P24928
Q8WW01,P20810
O15205,P30626
P68871,Q96IY1
P11362,Q9H816
Q8N531,P53350
Q9UKA4,P50616
P09132,P46019
Q9GZX9,Q14160
Q9Y620,P30542
P37231,P49736
Q9Y271,Q9H2D6
P02746,P36894
P17936,P13569
Q15653,P38432
Q969T9,Q9UGL1
P19086,Q04912
Q96FZ7,Q8NB16
P05023,P17181
Q9NPI8,P13501
P23510,Q9UPT5
Q9P2M1,Q9Y5Q8
Q9NYB9,P26885
P42336,Q13523
Q96N96,Q9UQE7
P02671,Q16543
Q2TAY7,P21728
P49716,Q96JN8
P49682,P27986
P09603,Q15291
Q99594,P10909
O76070,Q7LG56
O95967,Q9NY93
O75575,Q12913
P07737,O95573
Q3KNV8,Q6P2C8
P49368,P61587
P52701,Q9BXW9
P27701,P19404
P18850,O76064
Q96IV0,P46019
Q9H4M9,Q96EV8
P10606,P43320
Q8TF42,Q96HS1
Q9Y228,Q8TD08
Q03135,P05156
Q13574,Q9NRD0
P31942,P33991
P41220,P51679
Q02763,Q9NUX5
P32302,Q99750
Q5T1C6,Q92838
P08311,P63241
P54136,O76075
P47874,Q8IZJ6
O14976,Q16740
Q15528,P01019
Q12967,O15144
P18887,Q8WXA9
Q9UBQ0,P98160
P05412,P04141
O43292,O15265
P12757,P40227
P04049,P63096
Q6NXR4,Q96BR1
P02760,Q13586
O60256,Q9NNW7
Q9Y271,Q9Y264
P60842,O75509
Q02878,Q8WUF5
Q9BSV6,P25789
Q14106,O14879
P61769,Q96SB3
Q99666,P07093
O75147,P36954
O14579,Q9NZM3
P17252,Q9NSC2
P42229,O96013
Q8N729,Q14BN4
O75179,P52815
Q8WV41,P51398
Q9NRD0,P30988
Q12860,Q9UJW0
O95816,Q9BZW8
Q14691,Q13469
P61204,Q9H204
Q9NZN8,P35638
Q92673,Q9Y692
Q9UJT2,P62380
Q9H221,O75791
O00220,Q00987
Q9UKX7,P49759
P01225,P01275
Q04656,Q13042
Q5JVS0,P23142
P04070,O75477
Q9NY61,P55089
P53611,P10244
P10646,O75448
Q9UL33,Q9H6D7
Q13156,P22674
Q8NB46,Q9Y2V0
P04080,P52815
O15211,Q7Z6E9
Q86YS3,P51170
O43463,O14786
Q8IX90,Q9NT62
Q92783,P13987
Q01130,P35612
O43913,O95071
P12235,P15813
P05412,P04628
Q01344,Q92529
Q9H0Y0,Q7Z494
Q8WYQ5,Q9H6Z4
Q9Y4I1,Q8N5I2
O00623,P52594
P06753,Q96Q42
Q9H6D7,P06730
O43815,Q13233
O60486,P01112
P20849,O43593
Q58A45,Q86XL3
Q96ES7,O75817
P21127,P10147
Q04637,Q9UPY6
Q13151,Q8TF74
P09564,P31350
Q5PRF9,Q9P0U4
Q5D1E8,P13010
Q9UL62,Q8N1I0
Q8NEU8,Q13387
P05412,Q9NVR7
Q99593,Q86UP2
Q8WV41,Q86SX6
P25774,P35080
Q15811,Q969H4
P17544,Q14240
P41182,P16284
Q96NY7,Q9ULV0
Q96CD0,P49591
Q9BQ52,Q03518
Q96HS1,P45880
O00716,Q4VX76
O43913,Q969H4
O60759,Q6S5L8
O75179,Q9UHB4
Q9UNL4,O75478
O94763,Q8N5R6
Q16777,P01275
P26022,Q12834
P38936,Q15404
P33681,P01583
Q96QV1,Q76N89
Q9UNE2,P08588
Q12851,Q9NYB9
Q01081,Q8IYI6
Q96EU7,Q13951
P50542,Q66PJ3
O75164,P16949
Q6ZYL4,Q9BQ52
Q92870,Q92834
Q92558,Q9NVX0
P04275,O00308
P12830,Q9Y2Y1
Q9UMX1,Q13505
P31751,Q9BQA1
Q16595,O00429
Q15633,Q7Z6A9
Q7L9L4,Q9UBR4
Q92997,Q96FJ0
Q13347,P37287
Q9NWB7,Q99942
Q9H2L5,P20594
Q9NX70,P36507
O75410,Q14526
P04275,O75928
Q96E14,Q14814
Q9NYA1,P19404
P22059,Q6UXN9
Q15118,O43513
Q99956,Q9NZN3
P18465,P01892
Q9NVR0,P01040
P13611,Q9BVW5
P31152,O95257
Q9NRH3,Q9NX70
P01137,O00592
P49368,Q96KJ9
Q8NFH4,P49810
O60941,P49238
P41146,Q9NW08
Q9Y2U8,Q86Y01
Q99519,P51532
Q9BTW9,P30305
Q8NFZ5,O94985
Q9Y5K6,P15976
O95460,P12272
P59998,P98161
Q9NPI6,Q9UQC2
P49755,Q9NP85
Q8NHG8,Q9UIU6
P35225,Q8WYR1
Q9UKW4,Q9BYW2
Q9H0E7,P14770
P18206,O15516
P27986,P20618
Q9NP77,Q15334
P67809,Q9NVI1
Q7Z589,P30279
O15520,P12814
P01834,P84103
O60238,Q8WTR2
P48509,Q9BW27
Q99801,O43482
Q96DB2,P78348
Q8WWM7,P15153
Q04864,Q5JQC9
Q9BUL9,Q15406
Q9BRT9,Q01167
P01135,Q13061
O60506,P50148
Q9UHV7,P01892
Q9Y230,P32004
P62750,Q9GZS1
Q96EB6,Q9ULZ2
Q7L5D6,P61081
O75496,Q9HBH9
P50570,P52434
Q9NPG3,Q6NYC1
Q9H446,O75496
Q12888,Q9Y6W5
P62829,O95336
P78364,Q13163
Q15466,Q9P0P0
P37198,Q13011
Q13200,Q15459
O60884,P32004
Q9Y343,P55273
Q8IYD1,Q5U5X0
O14979,Q7L576
P35241,O75326
O95600,Q9NSK0
P26992,Q00534
P37840,Q13427
Q9NZ43,Q16478
P19438,Q13936
Q14657,Q86VP6
Q53G59,O75030
Q14974,O75506
P48509,Q9ULZ2
P62273,O60285
P00167,Q86V97
Q9H4I2,Q8NF91
Q8TDB6,Q969Z4
Q8TDR0,O95352
P27448,P50453
Q13428,P20701
Q9UKK6,P13598
Q9Y3A3,Q13501
P00751,Q8IXH7
O14798,Q96T60
P06576,Q92781
P10599,Q8N488
Q9Y5R8,O14662
Q07325,Q15723
P46020,O00585
P23396,Q6IBW4
Q15562,Q6VAB6
O00623,O95319
P47224,P0CG47
P43246,P10606
Q9UI09,P35244
Q08881,O95630
P63215,O75164
P38919,P13726
Q96KQ4,Q8TAM1
P02788,Q02548
Q9H211,P19419
P38936,P05230
P09086,P61086
Q9Y6D9,P17480
Q8IVP5,P10451
Q9NS75,O95602
P03952,P57740
Q9BQQ3,O15519
P07101,Q92800
P17693,P42261
O43602,Q15262
P25942,P30405
P48506,Q9NQ55
P78395,Q9UPT6
Q6N021,P54132
P62249,P09382
Q08752,Q9H7L9
O75164,Q9UQM7
Q14494,Q9H845
P09382,Q13761
Q9Y5P4,O43242
Q86X29,Q7L0Q8
P17844,Q8IY18
P61204,Q14118
P53985,Q9UL62
O94782,P62273
Q9UHA4,P43320
Q7Z6L1,P52597
P33240,Q9HCE7
Q92696,O94888
Q9NZC9,Q92556
Q5VVQ6,Q12905
Q8WYL5,Q9P2B2
P12004,P51532
P09661,P34998
Q96CS3,P20701
O75293,P42680
Q96G21,P29274
P01563,A9UHW6
Q13428,P25103
Q4AC94,P17813
Q6GQQ9,Q14681
Q96F44,Q9H553
Q9NRI5,Q9NRZ9
Q99594,O95977
O75800,P06730
Q71DI3,Q9UBT6
O75832,P42679
P40306,Q9UQ35
Q92673,O14901
Q99698,Q71SY5
P17936,O15533
P02730,P21580
P24588,Q16478
Q9Y3C4,P22001
Q92813,Q16644
O95600,Q9C0J8
Q9H9C1,P50461
Q8WU17,Q14257
P68400,Q96J02
Q5SW79,P15382
O75626,P54920
O75925,Q92830
P18621,O95405
Q9UBY0,P67775
Q8IZP0,Q9NRG0
Q9UDY2,Q8WVM7
O94889,P16949
P28072,P16591
Q96QG7,Q9BQ52
O00220,Q92608
O15524,Q9P275
P17301,O60921
P62820,P49643
Q14990,O14757
Q07352,Q96BH3
Q9UJU6,Q9H9E1
P61158,P50990
P23025,Q9H147
P31689,Q9H6R0
Q14008,Q9UPN3
Q9H3U1,Q04912
Q13362,Q96CA5
P55771,Q9NVD7
Q13023,P52815
Q13158,Q9UL15
Q15366,P55347
Q8N9R8,Q9UNH7
P08962,P10747
P50539,Q7L0Q8
Q7Z628,Q7Z6Z7
Q7Z6M1,Q15118
P11474,Q9ULZ2
Q6UXN9,P61587
Q14318,P40818
Q8WWY3,P16615
P0C2W1,O15516
Q9BYM8,P42262
P33897,O60504
P55197,P02549
Q96L14,P35236
O95460,P35221
Q92625,P54136
Q96JB5,Q66K74
P17947,O60683
P61289,Q86U42
P16410,Q96IZ0
Q14512,Q9NVD7
O15164,O14939
O00548,Q9NSC2
P04080,O75326
P31930,Q96FV9
O00167,Q15303
Q15406,P17535
P02768,P62140
P05231,P18054
P63211,P19438
Q13310,Q92529
Q6NZY7,P25116
P01889,Q9BVG8
Q01658,P07942
P20594,Q07866
O15211,P31948
O75925,Q9UNE0
P48506,P09326
P02686,O60830
Q13393,Q86T24
Q15582,Q16533
Q13509,Q9NWS0
Q8WXI2,P24723
Q96FJ0,P85037
Q9NVD7,Q6FI81
P11362,Q9UL03
P08621,O75955
P09917,P35658
O15527,Q92888
O43557,Q8NG41
P22087,Q16659
P78317,Q9UNP9
Q9UBI6,Q13277
Q99683,O95149
P45985,Q96RR4
Q14318,P02747
P41236,P25787
P48551,Q9Y3U8
Q13523,Q96AY2
P57081,P19438
Q99497,Q14526
P85299,Q0VDD7
Q92887,Q99497
Q9NWT6,P49768
Q9UQ88,Q14145
P61371,O60664
O15550,Q9NWT8
Q9UBI1,Q13427
P31314,Q96AH0
P09693,Q9HBZ2
P07737,O95319
Q12815,P30153
P15863,P48509
P49821,P27695
Q96HR3,Q68DK7
Q8TCJ0,Q9UIG0
P49796,P09622
Q9BQ95,P43320
P22059,Q9UBY9
Q9NZM3,P35557
Q86SZ2,P04229
Q9BQB6,O43482
P20042,Q8NF91
O00268,Q8WYR1
Q14019,Q03181
Q14192,Q92781
O95376,Q8IW35
Q9H832,Q9HCE7
Q3KNV8,P49959
Q15717,O43521
Q8WWW0,P49675
Q9BZD4,P05129
Q8N531,Q9NWS0
O95999,Q9NVI1
Q9H4M9,Q9UJM3
O75448,Q96RT8
Q9H467,Q13351
P04234,O43896
Q04759,O75439
P68400,P40818
P02545,P25189
Q9BS18,O95817
Q53G59,Q9H334
Q9HBH7,O95067
Q9H467,P24723
P35606,Q9NW38
Q8IZT6,Q9H6D7
Q9UQR0,P26371
P36956,Q9H9G7
O75431,O00141
P35241,Q9NQ29
P29460,P21333
Q9C026,P54132
O15068,Q6S5L8
P33240,P05121
P43146,Q13936
Q92696,P61587
P46734,Q14005
P42568,Q14BN4
P36402,Q9H2X6
Q14449,P60660
O60239,Q96M94
Q92696,Q9NQC1
Q8TDB6,P25815
P18545,Q12816
Q99956,Q9NS28
Q9UPM8,Q70EL2
P11047,Q86YV9
Q7Z6J0,P12980
Q12913,Q9UHB7
Q99623,Q92870
Q9HBM1,Q8N5C8
Q9UBW7,Q13541
P08069,Q14814
Q01344,Q13217
Q92843,Q9H2X0
O00623,O15550
P62304,Q6NYC1
P61923,P19022
P61457,Q16478
P46939,Q99732
Q9BZE9,P24539
Q9UBZ4,Q9UBY9
Q9UHD8,P08559
P54274,P02679
Q8N5Y2,Q9NQH7
Q14457,Q13895
P50991,Q9C086
Q15311,Q9Y239
Q9Y2K6,Q1KMD3
P48556,O14770
Q14919,P06756
P48509,P39748
P31930,O14939
Q14241,O43913
O60291,Q9UM54
Q8IU60,P11684
O94979,Q13011
Q96RK0,Q99640
O14933,P21728
Q15120,Q13009
P84996,Q8TAC2
Q9UHL9,P16591
O15520,P18433
Q12906,Q9UPT9
O43379,P08574
O94888,P33993
P27037,P54253
P62841,P05546
P13639,P22059
Q9Y243,P43250
P42262,Q9BWF2
O95831,P56645
P51668,O00541
Q33E94,Q9Y3C7
Q8WYP5,P02768
P55347,O43670
Q9BYV2,P38606
P36404,Q08043
Q9Y2J0,P09326
Q9H9C1,P62318
Q02543,P25103
O60840,P22460
Q99653,O15164
Q7Z6M1,P06746
O60896,Q9H6T3
Q02078,Q8NFJ9
Q13884,P47224
Q9NTG7,P07942
Q9NZN4,P23468
Q15020,Q14011
Q9H7D7,Q9Y6R4
Q7Z6A9,P08908
P50213,Q9NZJ0
Q969Z4,Q15118
P19883,Q9Y6J9
Q9Y283,P18075
O60675,O15265
P09211,Q8N6Y0
Q96SB3,Q9UL54
O75832,Q9NV31
P55327,Q9NQ94
P42685,Q9UBN6
Q16548,Q969P5
Q13563,Q9BTW9
P61923,Q8IU81
Q3SYG4,Q96IZ0
Q14318,P38432
P01834,P23560
Q6P4R8,P17706
P45985,Q06546
O15230,Q6WKZ4
O95819,P39905
Q6ZW49,P35244
Q9BPX3,Q9Y263
Q969G3,Q13427
Q9NPY3,Q8NB91
Q9UKL3,P43005
P10147,O43933
Q9BZS1,Q9P0U3
P06576,Q12929
O60711,P23588
Q9Y2X0,P24390
P00748,O43439
Q96DX5,Q07889
Q96J84,P48167
Q9NYG5,P28360
Q96J92,P35670
O14795,P30542
P78344,Q9BXH1
O95460,O15164
O14980,Q15650
P61247,Q16828
Q9BVM2,P34130
O95997,Q9H4B6
Q9NPG3,Q9Y4J8
Q9NRD1,P19388
P09651,P07315
Q9H832,Q86Y82
Q01344,Q92973
Q8WZA2,P35236
Q8WWW0,O14795
Q08752,O43432
O14832,Q96T76
P26992,Q9NWA0
Q9NQ55,P41236
O94905,A5YKK6
Q9P2M1,O94927
Q16543,Q9NX24
Q9BYG5,Q9GZX6
Q12851,P41227
Q8IWZ3,Q9H9F9
Q8TCG1,O60216
Q9P246,Q9NXR8
P49354,Q9BYG5
P26373,P43626
Q8N5R6,P50995
Q6NYC8,O95696
P18031,P46821
P01137,P27361
Q16739,P31150
Q8N2Z9,O00762
Q6R327,Q9NV70
P17252,P08151
P42226,P42574
Q96P09,P19438
Q9BPX3,Q99618
P14210,Q16082
P41208,P05549
P29692,O95758
P01308,P51608
Q9C026,Q9UL63
O95677,Q13002
Q9Y6B2,P08588
Q93063,Q01081
Q13144,O95382
P36957,Q9Y3R0
P36404,Q9NZM3
Q8IY57,P68363
O95613,Q07666
Q96TC7,P35228
P09382,Q13619
P15884,O15400
P34130,P19404
Q6R327,P56282
Q7Z3Z4,Q00526
Q9BQY4,P35712
Q71F23,P02747
P50914,Q9BRG1
P52306,P32239
P08962,P06881
Q13635,Q9UKJ3
Q9NY33,Q96RJ3
Q9Y5S2,P98160
O95714,O60674
P22314,P10515
P13671,O95997
Q8NAV1,P07992
Q12947,P39086
Q7Z6A9,P35557
Q96IV0,Q13155
Q9NX70,O95573
Q04637,Q9NV70
Q9UKL3,Q9NXV2
Q8TF40,Q9BPZ3
Q14194,P05386
Q96MF7,O96013
O95218,Q6VAB6
Q09472,Q9H816
P28072,Q9BYE7
Q9Y5K6,P42704
Q9H9A7,Q9UNN8
O95190,Q9UBU8
P01130,P49591
Q9UQ26,Q9Y570
Q9C0C7,Q07820
Q08209,Q14168
P16070,Q3ZCQ8
Q99081,Q15025
Q9Y261,Q9UJF2
Q9Y345,P14780
P23771,P13569
P42345,P05230
Q9H8V3,Q05682
O15530,P36578
P35612,P20618
Q8TAF3,P32856
Q08209,Q9UGI9
P26842,P61201
P61204,P57796
Q674X7,P46934
Q12770,P41229
Q8TD46,P21452
Q8WUF5,Q96HS1
O75197,Q9H3P2
Q96DB2,Q16537
P01111,P09564
Q9H0Y0,Q86Y82
P59780,P12004
Q16890,Q3ZCQ8
Q12923,Q9BWF2
Q96DU3,P42345
Q6P2E9,P68400
P38117,Q9BQ95
Q15014,O00541
Q8N5M4,Q9NPF7
Q9UNK0,O15539
P43629,O14979
Q9BZI7,Q9UMW8
Q9UPY8,P08519
Q9UJX2,O60271
Q9BRK4,Q9NNW7
Q8NBZ0,P35219
Q96HN2,P43320
Q99594,Q9Y692
P38117,O60264
Q9NQT5,P61158
P42229,Q9BS18
O75052,Q9Y3E2
Q9HC77,Q99519
Q9BUL9,Q9UPM8
Q9NRP7,Q9P086
Q15051,Q8TD31
Q9Y2U8,P23582
Q99714,P28161
O43542,P28827
Q9UJA5,O43933
Q8WYK2,P62979
Q969P0,O95297
P68543,P16234
Q96IF1,P10827
Q9Y5X4,Q92608
P13612,O75817
Q7Z6M1,Q13217
Q9NZM3,Q86US8
Q96E09,Q05639
Q13439,Q7Z569
P32302,O14983
Q9Y535,Q9NVP2
O94889,P62380
Q9NPE3,Q9UI14
O75586,Q9UJV3
Q6P4R8,O75489
P13805,P26717
Q96Q27,Q9HAF1
Q9UH77,O43597
Q9UKW4,P05181
P56589,Q9HAU4
O60516,P20749
P50613,Q8WWL7
Q15008,Q14686
O43318,Q9UNM6
P49459,Q5T5C0
Q16825,Q9NQT8
Q13438,Q15532
P40222,Q9Y3B2
Q03519,P05156
Q68CP9,P52434
Q8IYF3,Q16595
Q13113,P43005
Q8IZQ1,Q8NBW4
Q8WWY3,P46695
P09486,Q13011
Q15022,Q8NC69
Q14938,Q15562
Q99819,Q7Z6E9
Q9UJW0,Q9UJY4
Q15554,O95297
Q13303,P62081
Q07889,P41143
Q9Y6M7,Q3ZCQ8
P35916,Q9P2K3
O95235,P50539
O00716,Q8IVT5
Q06418,P15407
P01130,P84243
P13056,Q8NI27
P07954,Q8N4P2
Q96P71,P45880
P07333,Q9H081
P47224,O75934
Q9C086,O75592
Q96ES7,P54098
Q13596,O95190
P02647,Q99835
Q96KQ4,P20618
P18583,P18077
Q9H0N5,Q8TDN4
O43765,P42679
Q92696,P25705
O94763,Q8TF05
P15502,P15976
O75431,O75864
Q15723,Q9Y508
Q15025,P52435
Q99471,O75943
Q9Y3C4,Q9NVI1
O94888,Q15365
P30511,P01730
Q92997,Q13557
Q14151,P56178
Q8WUI4,P56537
Q6GQQ9,P54646
P11831,Q93063
O43491,O60291
Q01082,Q9Y6D6
Q9BVC4,Q14296
Q13188,Q8N3V7
Q9H4E7,Q14242
P13611,Q2NKJ3
Q96I99,P07237
P20265,P61619
P62312,Q8WUH2
Q9BT25,Q9NPF7
Q9GZN8,Q53EL6
P18827,P49450
Q8N3I7,Q9UNN8
Q9UJX6,P51451
Q9Y5Q8,Q9NRR4
Q92636,P25789
Q96F44,Q9NQC1
Q99615,Q92838
Q9ULK4,Q13185
Q9HAZ1,Q8IYI6
Q86UT5,Q9HBZ2
O14578,Q9BTE3
Q9P086,P17542
Q8NBP7,O43402
Q9NZJ0,P41279
Q03135,Q00613
P13611,P49750
O60921,P16109
Q6ZRV2,Q29RF7
Q6GQQ9,Q8TD46
Q8TAQ2,Q96I25
P16860,Q9UQE7
Q7Z3Z4,O95758
Q9NRD1,O94973
Q5VTR2,P55001
P81877,Q9Y587
Q86X83,O15511
P53990,Q9BUE0
O94842,O94985
Q68CP9,P35658
Q99750,Q02363
Q9UJF2,Q9Y5P8
Q5TGY3,Q9NRD1
O95190,P16112
P05386,Q14397
Q8N8B7,P29376
Q96QG7,P17542
P11047,Q9NS91
Q9P104,Q9HD42
P61019,Q9GZM8
P19838,Q9H469
P55072,P31942
Q9H6Z9,O60240
Q14008,P07947
Q6ZRS2,Q9BRK5
P28702,Q96RT8
O75334,O60437
Q53HL2,P00736
P61968,Q5TD97
Q9UHR5,P52597
P37108,Q9UBB5
Q9BVC4,O75170
P24385,O14511
Q6UWE0,P45880
Q14919,P16152
P32121,Q9UBR4
Q12929,P27986
P08238,O95278
P46060,Q15327
Q13868,Q9NP97
P78395,P26640
Q96HA7,P35658
Q9Y6B2,P18859
Q9ULM6,Q96J92
P47874,Q9H2X3
P49207,O95819
O60583,P43627
Q9BRT9,P51787
Q15120,Q8IUD2
Q96A65,O75529
Q9P2M1,Q7L3B6
P84996,O60296
P29353,Q9UJW3
P51946,P13725
Q14807,Q9UHN1
P63167,P15924
Q7L1Q6,Q5T9L3
Q9UBU9,Q7L273
P06753,Q71U36
P63000,P53992
P00918,P28328
Q8NDX5,Q13740
Q8NEM0,Q71U36
P20783,P06730
Q99759,P09486
O75832,Q7L014
P19022,P04080
P07814,P98164
O15164,Q6P1N0
Q9BW83,Q13505
O95297,Q13029
P17693,O43521
P35240,Q9BZD4
P05129,Q9UNN5
O60683,Q9Y2W7
Q9NPA8,Q8TAA9
P26715,P16284
Q9UHL9,P26373
P19878,P23582
P55211,Q15386
O75563,Q9Y6R4
Q15649,Q9Y239
P36896,Q5MJ70
P42858,P60228
P62314,Q8WXX7
Q13285,Q9UHX1
Q7L804,Q99956
Q5H9F3,Q9Y3L3
P02538,Q8N556
Q9UMF0,P11166
Q9NQ94,Q5TD97
Q9Y275,P30531
Q96L91,P00748
Q9UGJ0,Q12906
Q9UM13,P61006
P61923,Q92833
O60729,Q9Y2W1
Q8IZJ1,P00533
Q9UHF0,P42701
Q8WYL5,Q9UBC3
Q9NPC6,Q9BX63
Q9BT25,Q7L2J0
Q9Y2Y4,P09086
Q9BQY4,O75369
P02545,P52790
Q9H307,Q92838
Q9H7D7,P17542
Q9Y215,P54646
Q07325,Q13185
P19022,Q02078
Q9NRW1,Q86SZ2
Q15717,P16104
Q5T5X7,P10747
P60891,Q9BSL1
O14618,Q6R327
P15018,P19387
P50150,Q86WX3
Q969R2,Q9HAW4
Q9BT25,P24522
P09455,P07942
Q00597,Q9BTP7
Q9NR55,O00592
P00918,P28161
P16885,Q16539
P13805,O15027
Q8NG27,P53992
Q9UN37,Q3LFD5
Q53HV7,Q1KMD3
O60832,Q969G3
Q07021,Q9BY84
O15111,Q6IA86
Q86WX3,Q86Y91
P01116,P54646
Q01831,Q6ZRV2
P09913,O43482
Q86UT5,P63010
Q8WYR1,P61925
Q96SW2,Q7Z3B3
P45985,Q99638
Q9BTE3,O00762
Q969F2,O43439
Q01082,P28062
P12931,P18564
P49761,Q92817
O60921,P47755
Q15008,Q9H257
Q96PU5,Q7Z5K2
Q86Y82,P14635
Q70IA6,Q9NRD0
Q96EP0,P01019
Q99814,P09038
P43026,Q13133
P60660,Q06830
Q9Y3Q8,O75864
P04406,Q8ND25
Q05193,Q13761
Q96T76,Q96CA5
Q8N196,Q8WUA4
P04626,Q13011
Q96L92,Q6ZSG1
Q9H9C1,Q13571
P07858,Q5VWG9
P28907,Q12905
P29622,Q9Y230
P14136,Q8NC51
Q8N8A2,P46060
Q9UKF6,P10275
Q86VN1,Q9NRI5
Q9BVC4,P31321
O00268,Q9NS00
O00716,P63220
Q9Y2X8,P07998
Q00526,P08559
Q13472,Q9GZS3
P63151,O14867
O95644,P30542
Q9UJM3,Q02156
O75144,Q9NV92
Q6PIL6,Q8IU60
P05106,Q9BW11
Q03001,O43432
Q96A47,Q9HD42
P25445,P33240
P39748,Q9BW27
Q04759,Q5JQC9
P16619,O43513
P35658,P51148
P51965,O15123
Q9Y5R8,O43292
P61289,Q9BWN1
Q8IW35,Q9H0K1
Q15022,P00568
P19086,O00167
P27695,A5YKK6
P09769,Q9UKB1
Q7L273,P02760
Q5JTV8,Q7Z6M2
Q96SN8,Q99466
Q8WV41,Q16740
Q9BUL9,Q86SQ0
Q96SB3,O75843
P06241,P56693
P41091,P28324
Q6UWE0,Q9Y4Y9
Q15465,P12004
Q9UJT2,Q9NQ66
Q9BZJ0,P15172
O95630,Q9BWW4
Q9Y2V0,Q8WVK2
Q9UBZ4,O14594
P61586,Q9UBR4
P62829,Q9Y297
O95477,Q9H8T0
Q9NPQ8,O96020
Q6ZRS2,P62834
Q86X83,Q9UL18
P16444,Q9Y2X3
Q9UJF2,P10244
Q15291,P06401
Q8N3F8,Q9H2X6
O75618,Q9H9S0
Q9NS75,P08575
Q9NTI5,O43670
Q96S44,O95931
Q6PD62,Q9P2K3
Q99750,P10147
P25815,Q96FV9
Q9HAF1,Q70IA6
P51809,O43156
Q9H9C1,P13688
P04049,Q01130
Q9NWF9,P51843
O60486,P36402
P54259,Q9HB21
Q12906,O95613
O43847,P38432
P27348,Q9UPN3
Q9H4B4,Q5T9L3
Q8WXF8,P04229
P22413,P62633
P01303,Q99871
P00167,P30988
Q9Y4R8,O75865
P49841,P41091
Q5T4F4,Q09013
Q9BUN8,Q9Y243
P15531,Q5JQC9
P98177,Q12815
Q93063,Q15459
P43686,Q9Y219
Q9H2K2,Q8N668
Q9UQK1,Q9UQB3
P07949,Q8WYR1
Q9UKW4,P41743
Q4G0J3,O60884
P50281,Q9UBT6
Q9UHQ1,Q02224
Q9BVI4,P16410
Q13257,P17661
P61978,P53992
Q2M1K9,Q9UNS1
Q9NVP1,P33993
Q96JB2,O14594
P50747,O15066
O60262,Q6NWY9
Q9HD26,Q9UK73
Q96L92,P28069
Q13418,Q9UBQ5
Q99727,P31483
P14780,Q9UHP3
Q13409,Q13322
P60903,Q9H0Y0
Q15672,Q96FZ7
O75864,Q8WVM0
Q8N4P2,O95704
Q9NYG5,Q9NRD1
P20248,O75530
Q8TAA9,Q96A44
Q15468,Q9UL18
Q5RKV6,Q00872
P47224,O75179
Q9UBQ0,P11308
Q9H2S9,Q8IWZ8
P12931,O15304
O95639,Q9UBP0
Q15349,O43896
P55085,Q08050
Q7Z628,Q12948
P63279,Q8TAM2
Q8NDX5,Q15393
Q15633,Q9NVD7
P02766,Q9H1I8
Q8TDY2,P51884
P55773,Q6ICG6
P54105,Q92854
Q14444,Q9UMW8
P51398,Q12906
Q99741,P62491
P36956,Q96CA5
Q8WUH2,Q9UHP3
P61962,O75150
O75626,P45880
Q99958,Q15596
Q6GQQ9,Q9H1R3
P26006,P41217
Q9H0N5,Q9UDY2
Q9UBE0,Q9UBP0
Q92797,P19532
Q9H2K2,Q13451
P49760,Q9UBS0
P55895,Q96BD8
O00716,P21453
P29375,P01241
Q14318,Q9Y6Q5
Q14957,Q9NPD3
P49459,P28702
O95644,Q15208
O94829,Q6IAA8
P16278,Q4VX76
Q9Y5R8,P16104
O95271,Q8TBK2
Q9UPY8,Q9H204
P60604,P01019
Q9Y6K9,P46087
O95600,Q9NY93
Q8NCM8,O75489
Q13114,Q8IUH3
P04075,P38484
O60583,Q12824
P43629,Q9Y6W5
Q9H4E5,Q96BD8
P68400,P02788
P13010,Q15723
Q08945,Q5T1R4
Q15544,Q9H0W8
Q9C0C4,Q12815
P49841,Q9NVV5
Q9BWU0,Q15386
Q99728,P61081
Q8IWZ3,Q9UJY5
P17947,Q9NSC2
P08631,Q9GZM8
Q13137,Q9BW71
P43628,Q14204
Q5VSY0,Q9BW61
Q9H845,Q08722
Q9Y271,Q99436
P33681,Q6NZY4
Q68CP9,P49768
O95785,O95197
Q14019,P29375
P35613,Q15046
O14983,Q8WW01
Q9NQ55,P25189
Q96A44,Q86VQ0
Q00872,Q8WXA9
Q8N729,Q08050
Q8ND04,P06730
Q3KNV8,Q15762
Q12888,Q96KQ4
Q9NV44,O15055
P13796,Q92838
Q00577,Q9UBT2
P03951,Q9UPN7
P39019,Q7L804
Q7Z3Z4,P29459
P18827,O75461
Q96QG7,O15297
Q9H7C4,P55010
P13611,O00566
Q07889,Q13432
O95352,Q96J02
Q9UI09,Q9ULB1
O75448,Q13485
O14746,O43379
O00716,O75410
Q96PU5,Q63ZY3
Q9Y5V3,Q86WX3
P54577,Q92564
Q9P2Y5,Q9UHN1
Q86YP4,O95831
Q9UN37,Q9BQ95
O15212,O14920
Q4G0J3,P78314
Q9H1J1,Q9BXK1
P09326,Q15173
P14373,O43913
P09668,Q96JM3
P33151,O43852
Q9Y3C8,P60033
P60709,Q9NWZ3
Q9Y3Y4,Q9NQB0
Q14192,Q16630
Q9UBZ4,Q9HAF1
P14770,Q8IXQ6
Q12851,Q96RU3
Q96II8,P61020
P42226,Q7L0Q8
O60683,Q96I34
Q8N3R9,P35916
P49810,O75688
P26441,O43432
Q86X29,Q969Z4
P07093,P17535
Q13546,P07942
Q9BVA0,P51965
P29083,Q9Y281
O75914,Q5T1R4
Q96S52,Q9UBP6
Q9BY77,Q07955
Q14749,Q16539
O75832,Q8WWN9
Q96KN7,P35670
P20719,Q13002
P18031,P51114
Q9H7Z6,Q6N043
Q9UNE0,Q96AH0
O00232,P10144
Q9BVI0,Q13188
Q16656,P55010
Q9NRR4,P20337
O60826,P14210
Q6ZNE5,Q9NS00
Q8WW01,Q13555
Q86VS8,P67870
P46734,P12644
P18146,Q8IUH3
P61923,O43566
Q9Y5Y5,P56537
O75317,Q15811
P23193,P35579
Q15645,Q9NZN5
Q9UBE0,P02708
Q02447,Q13740
Q9UJ41,Q9H9E3
O95433,O15516
Q07912,Q08117
Q13503,O75528
P26374,P24522
Q5VTB9,Q9P246
P11940,Q12934
Q9BU61,O75947
O95155,P29274
O00429,Q9UPN3
P27797,Q04721
P56159,P42081
P19838,Q9NV56
Q96CA5,Q8N4P2
O95067,P49754
P08235,P55209
P11712,O75164
O15360,Q9UI08
P25815,P22001
P31785,Q12913
Q0VG06,P35269
P68431,P56159
P54252,P18507
P39023,P03973
Q9Y230,Q8NF91
Q08117,Q9NZU7
Q9Y6Q6,Q9NVK5
P06850,P29350
P40222,P24390
O75330,Q96I34
Q8N1F8,O95613
Q16799,Q13114
P31350,Q92934
Q9Y5B8,Q86SZ2
P20827,Q9P2G9
Q9UK58,Q9UBP5
O95997,P19438
Q9Y5K5,Q99748
O75367,O95573
P42226,Q8N684
Q01082,Q8TEP8
P49006,Q9P0U3
Q8NHZ8,Q96M94
Q13586,O14879
Q9UPQ9,O15123
P30533,P17480
Q99496,Q9NS23
P19438,Q6SZW1
O95198,Q96CS3
Q8TAD8,Q8WVZ9
Q9UJ70,P02452
O95390,P06734
Q13829,Q9BY11
P34897,Q8WUI4
Q9UBK2,Q96NE9
Q9Y272,O43307
Q9UNE0,P55001
P12830,Q99801
P20719,P43005
O75161,Q71SY5
Q14CW9,Q9UQK1
P54578,P30050
Q7Z4G1,P16035
P24863,Q9UPT5
P0DI81,P10515
Q9Y283,Q9HC52
O14613,P30988
Q15436,O00628
Q6AHZ1,P62736
O43572,P19532
Q16555,Q9NQG5
P57740,Q8IUH3
Q01664,P11940
Q8WYQ5,P16152
Q13469,P52630
P18887,P02461
O75628,P51114
O14965,P15090
Q5T4F4,Q14203
O00151,Q02223
Q99814,P26367
Q9UKV3,Q9UJX3
P42262,Q9UM73
Q9UM47,Q9BWT7
O75052,P61587
Q8NB16,Q96F86
P18146,O15344
Q96JB5,Q86US8
Q9NPQ8,P51617
Q6ZVD8,Q96M61
P11233,Q96PB7
P07900,O75461
P47928,Q8N5R6
P10721,P00488
Q06828,Q53EV4
P14778,Q53ET0
Q14691,Q99640
Q86YS3,P14921
Q7Z419,Q9H1K1
P08047,Q9H1D0
O60256,P25705
Q9Y6R4,Q9H0W5
O14733,Q02388
Q99496,P10916
Q7KZ85,Q9NZD8
P08572,Q86SX6
Q14494,Q8WXE9
Q99618,Q92925
O75348,Q96C24
P01834,Q96AJ9
P61626,P00492
P20594,Q9BW71
O95295,Q9Y2X8
Q8WYR1,O00189
P84077,Q9NUU7
O95197,Q6IAA8
Q14149,P31942
Q96F07,P53618
Q9NV44,P41217
Q9H9C1,P46087
Q9UBV8,P42025
Q8TAA9,O75506
Q7Z419,Q9NVK5
Q9NUX5,Q96L73
Q9UBI1,Q6P1N0
P52701,P50542
Q9NQ66,P38484
P08195,Q9H257
O96013,P13612
P52948,O75340
P01563,Q9UIV1
P78346,P13612
Q15428,P43250
Q9Y2Z9,O75367
P30511,Q99961
P02730,P36402
O00541,P84095
Q71F56,Q9UBT2
Q8NHM5,Q9UBY0
P55039,P42166
O15259,Q96RT8
Q9P275,P16109
Q96RU7,Q9BZK7
Q13485,Q08050
P60891,P67809
Q7RTN6,P52799
P00492,P41236
P84022,Q14512
Q9BTP7,P20810
Q9H1K1,P16278
Q05513,P09683
Q00403,O14641
O43488,P48023
Q6P2E9,P09326
Q96BD5,Q9P275
P62314,P51884
P53999,Q9UQ35
Q8IZD9,P61163
Q14005,Q9UGJ1
Q15696,P16284
Q5T124,Q29RF7
Q9UPT6,Q9H1I8
O00541,O00165
Q13884,P52735
O43927,Q8NC51
Q9H267,Q7Z589
O15078,Q9Y5V3
P31994,P54920
P51888,Q86SZ2
O75030,Q5T9L3
Q7L523,O00626
Q92834,Q86UE8
Q02241,P54253
Q13705,P05108
P23771,P15260
Q14103,O43447
Q14683,Q9H0W8
O15066,P55795
Q13635,Q9NQ29
P48443,P18510
Q9UJC3,Q9NSK0
P24001,Q53EL6
O95835,Q92614
Q13347,Q13873
Q8IWZ3,O00757
Q13625,P21796
Q16739,Q9BXM7
P31749,O95149
Q9H944,Q99460
Q12996,Q13163
Q9Y483,Q9NW38
O43364,Q9UBL3
P00167,P62820
Q13595,Q92870
P78337,O14976
Q13438,Q71F23
O76070,Q14565
Q14161,P23467
O75864,O43432
P04626,Q6NYC8
Q9H446,O43156
Q9H410,P30679
Q06609,P84085
Q9Y570,P10809
O00167,Q9UM07
Q15696,Q70EL2
Q9UMX0,P42226
P07900,P25116
O76075,P49848
Q9Y3E7,P39748
Q8TF74,Q86UL8
Q9BQ95,P10242
P19793,O43924
Q9NQU5,Q9UKJ1
Q7Z465,Q00975
P05181,O43933
Q92542,Q8TAA9
Q8N7R7,Q96EP0
Q9NYF8,Q52LR7
Q99958,Q9NS75
Q15555,Q92973
P11912,Q6X4U4
Q9UHF0,P30499
Q9NRW7,Q9NPC6
Q9H9F9,Q15118
O14653,P78314
P42336,P31321
P29323,Q15942
P51532,Q03933
O14836,Q9UL18
Q96BD8,Q96F07
O60927,P11362
Q7RTN6,Q2M1K9
P02545,O14893
Q9BUZ4,Q15334
Q9Y6A5,P62316
P41220,Q96B67
P28562,O75582
P22001,P55317
P41229,Q99459
P14416,Q86WX3
Q9NYF8,Q9H0N5
P07333,Q70IA6
Q13156,Q7KZ85
Q86SZ2,Q9UHX1
P42858,Q03933
Q8WWW0,O00305
Q7Z419,O60934
Q99418,Q53EL6
Q9HB21,Q8WXE9
P24941,Q14289
P23510,O75477
Q29RF7,Q9H4I2
P98155,P60484
O60763,Q9C029
Q6IE81,Q09666
Q13439,Q9UKL3
P81877,P00748
Q92913,Q5VTB9
Q16832,P24588
P09496,P13498
P30273,Q14686
P37198,Q53HL2
Q9HCH5,Q15468
Q06124,P48546
Q8WV28,Q15796
P07101,Q7Z406
P11474,Q9BYG5
Q8IUD2,O00308
P36896,Q96L73
Q9Y2Z9,Q9UQQ2
P78413,P61956
O75446,P49137
P02549,P25800
P62249,Q02880
P19256,P56178
P22460,Q53ET0
P11362,O75695
P16860,Q9Y2J0
O95931,Q13884
Q9UKB1,Q9NVP1
P40306,P61254
P55039,P21583
P10646,P15018
P15090,P21580
Q9H816,P56817
Q9NQC3,Q9NVP2
P06576,Q96T60
Q0VDD7,Q9BRQ0
Q2T9J0,P61978
P20618,Q13541
Q5JTV8,P57682
P08621,P02549
P59780,O00451
Q9UMX1,P09086
Q9UKF6,Q15562
O00213,P01031
O43896,Q30201
Q07666,Q9NZM3
P18031,Q9H816
Q16740,P52630
Q99700,O75179
P16615,O95243
Q15375,Q9UPY6
Q13163,Q9Y3T9
Q9BYH8,O00255
Q9UIV1,Q14112
Q12906,Q9Y5B0
Q14674,P43026
Q00597,O14730
O43264,Q92730
P07900,P04264
Q13469,Q9Y2X3
Q9UKW4,P04628
P07550,Q9H2C0
Q9Y3Q8,P16112
Q9BVW5,P20916
Q13191,Q96AH0
Q8WXF8,Q9Y2V3
Q9NRY2,Q13094
O00311,Q9UKS6
Q15375,Q96AP0
Q6IE81,Q15650
Q13740,Q13409
Q9BYG3,P13598
Q8NI35,Q13009
P63151,P80098
O15273,O15205
Q03135,Q99933
P41208,P36954
Q8WUF5,Q6IA86
O43491,P49458
P62714,Q9Y5R8
P24593,O95257
Q9H3U1,Q6S5L8
O14980,P59998
P38919,P35637
Q92882,Q2M1K9
Q09470,Q9BXH1
P30203,P17480
Q969T9,P03951
P35219,O14879
Q14957,O43143
Q99574,Q15025
P27482,Q9GZN8
O60716,Q9BY43
P46695,P48546
Q5VZM2,P49257
P62244,Q68CZ1
Q8NCE0,P56192
Q9Y5J7,P09382
P49910,Q15361
Q96L73,Q16656
Q9Y4E8,Q9UPS6
O95140,Q9UGL1
O00512,Q15386
P54253,Q13895
Q9UM47,P38398
P15502,Q86SE9
Q96AJ9,P51884
Q02241,P06756
Q9Y698,P23025
Q6EEV6,Q13444
Q86VP6,P35557
Q9NP98,O43292
Q99459,Q04912
Q14444,P30203
P20700,Q13608
Q9Y4C1,P41273
A0JLT2,Q9HCS7
P57078,Q9Y6A5
Q13546,P51178
P50591,Q9Y2D1
Q9NUG6,Q9UHD1
Q9UJV3,Q9Y3R0
P50749,P29350
O14649,Q86TM6
Q14764,P10147
Q96KP1,O43439
Q6EEV6,Q9NP71
Q8TAF3,O15205
Q15054,O75170
Q9NYG5,Q8TAD8
P33261,Q9Y2Q5
O76003,P19320
P17931,Q9NQ25
Q4LE39,O43924
Q9BRT9,Q92696
Q01638,O75676
Q92833,O43681
Q06587,Q14114
Q9UKJ1,Q9H1I8
O14974,Q13761
O43294,Q8NB91
Q15645,Q96JB2
Q9H2L5,Q96IT1
Q9H9H4,P51149
Q02750,P63279
P20042,Q9NPF5
Q5D1E8,P68871
O14599,Q9NVI1
Q8TDU9,Q8N1L9
P42858,O43264
Q05397,Q13490
P62304,Q02413
P20290,Q9UPT5
Q14103,Q14397
Q02790,P29083
Q9Y6K9,Q7Z3Z4
O15018,P28482
O14618,P29350
O43847,Q8N3U4
Q14012,Q02388
Q14134,O14979
Q6NWY9,P43628
Q9H9C1,Q9Y698
P37173,Q92747
Q6VMQ6,P25116
P61289,Q8IZD9
Q8NI27,Q15173
P18084,P23025
Q49AN0,Q71DI3
Q9NSK0,Q8TEP8
P07093,P31314
P57796,Q9Y2X0
Q6QNY1,Q6NYC1
Q8TAM2,P16144
Q6WKZ4,P16112
Q13936,Q9UHC6
Q01105,Q16644
P43628,Q9H2X6
Q13595,P49959
P31930,P25685
Q16665,P18428
P20749,Q8N684
O75461,O15392
Q92673,Q9HD42
Q9Y5R8,Q9P253
O43294,Q9UL18
Q9BT67,Q9UHD1
P61244,P30876
P07332,P31994
P07954,P50990
Q9H9Y6,Q16595
P42336,Q9UMZ2
Q5JY77,Q96BR1
Q9NRL2,O95573
Q9HAT0,P41743
P02747,P56282
Q14990,O43933
Q13190,Q8NEM2
Q96S52,Q13574
Q5VWG9,Q06413
P28324,Q9UBY0
Q9H845,Q7Z6Z7
Q15942,P55010
Q9H267,P17812
Q9UPY6,Q71F23
Q9BXC9,Q9HC77
Q9NRA8,Q13546
Q2M1K9,Q96B26
Q15645,P19387
O75592,P61952
Q9H1K0,Q9UMD9
P56279,O14576
Q92843,Q9NSC2
Q9Y281,P10515
Q14669,Q9H0W8
Q96SB3,P01042
O60739,P08637
Q05397,Q7Z6E9
Q10570,P50616
P98164,Q9BY43
Q14BN4,P61619
Q8IX03,P24385
Q12816,P02538
P33240,P54253
P30520,P25189
P40424,Q2T9J0
P12980,Q9H469
P11309,P00533
Q93052,Q8TAC2
Q6P2E9,Q8NHL6
Q96PN7,O43251
Q96EK5,Q96RU2
O00198,Q8N5Y2
P49918,Q86VS8
Q15363,P18433
Q66K74,P18859
P31629,Q9NVF7
P10588,P78552
Q96M94,Q96T37
Q9UJF2,Q96D31
O95544,Q00722
O00192,Q01970
Q9Y4D1,Q99835
Q86VN1,Q9NNW7
Q96S52,O15344
Q9UKT9,Q14807
Q9NUX5,P22307
Q9BVM2,P36897
Q8TF42,Q7KZF4
Q6IN85,Q96QH2
A2RRP1,P50914
P51178,P62316
P37088,P49750
Q9H2F5,O75446
Q14677,O00762
P30405,Q9NS91
Q14865,O75197
Q9BXK1,Q92730
Q9H4H8,P50613
P02778,P42224
Q14691,Q16629
Q16531,Q9ULB1
O60238,Q86XL3
Q9NVR0,Q9UIF7
P07711,Q5VTB9
Q99640,O15027
O43447,Q14289
Q8IWV8,Q9UHP3
Q9NPI6,P27361
Q9NS28,Q13901
Q9BPZ3,Q92569
O00522,P14543
P22059,Q9BRK5
Q8TD16,P28340
P57087,Q15365
Q4KMQ1,Q9Y3A3
Q14209,O14867
P17544,O15392
Q13156,O15392
Q9BQQ3,P49642
P11234,Q969P5
Q92558,Q15208
P50895,Q02297
P20333,P14678
Q8TEC5,O14939
P51178,O95149
P11308,P02747
Q9NQG5,P14316
Q9P2N7,Q12996
Q15366,P33032
Q9H4L4,Q86SZ2
P17980,P15173
P07766,Q8NHL6
Q9NZN4,P49750
Q9BRK5,Q9NPF4
P24390,Q68CZ1
P21980,P55273
P35222,P07315
P18887,O96020
P49257,P23025
Q13435,P63279
O15360,P35900
Q13451,Q9ULZ2
P26045,O60291
P78504,P61081
Q9BYE7,P62316
P55198,P02741
Q96BH1,Q9NRY2
P19438,O43307
P24386,Q8IWI9
P49711,P10747
Q9UPT5,Q99942
P55735,P53805
P15407,Q9UBI1
P11362,Q07890
Q99594,P06858
Q9NV44,P55773
Q9H165,Q9Y345
Q96N96,Q8WVK2
P42685,O14920
P53396,P08709
Q09013,P57682
Q00872,O96017
P0C2W1,Q96E14
Q96ES7,Q9UHF0
Q9UBT6,Q9HBE1
P35606,O14730
P31948,Q9P104
O75604,Q9Y2M5
O60285,Q9HCS4
Q13474,Q86Y82
O75334,Q9HAZ1
P78356,O95382
P09683,Q96AX1
Q96AE4,Q9BZL4
Q99547,O60885
Q13144,Q03111
P53805,Q9BW27
Q86SX6,Q7Z5K2
Q6P2E9,Q9BXL7
P09493,P60484
Q5XPI4,Q9Y6M7
Q16650,Q9H6Q3
Q6SPF0,Q9ULB1
Q93038,O75478
Q99665,O43924
Q14749,P80098
Q9Y2Y1,P61086
Q8IW19,Q8NHW3
O14836,P63000
Q03188,P21926
Q14134,O43390
Q9UQE7,Q71U36
Q8ND04,Q02080
Q99590,P22059
Q9NVU0,Q86SZ2
Q9UBZ9,P25787
P54578,Q7KZ85
O14795,P51809
P09661,Q9P000
Q14C86,Q9UBT6
Q14677,Q9UNP9
Q9Y2Q5,P36578
P47804,P15173
P62633,P62273
Q4G0F5,Q8NHW3
Q13705,P41217
Q8NHM5,Q12905
P41208,Q9Y3T9
P61371,P61956
O95999,P50453
Q66PJ3,Q13190
P01130,O00762
Q15831,Q9NQC1
Q92956,Q9NQB0
Q01974,Q13285
Q9Y265,O60291
P32302,Q8IVH8
Q12906,P23396
P62487,O14579
Q9HC98,O00189
P62314,P18859
Q13402,P12270
Q969G2,P08670
P08651,Q9H270
P34741,P10809
P49796,Q68CZ2
Q9H4E5,Q12913
P46934,O95243
Q96JM2,Q9Y2K6
Q15653,Q9Y2K6
P28328,P42679
Q9NPB6,P60763
P20827,Q92783
Q9UBQ0,P49840
P15018,Q13404
Q68CZ6,Q9BRG1
Q7L804,P38159
P36542,O15511
Q86Y82,P24539
O60296,Q04912
Q8ND04,Q96C24
Q7Z5K2,O00443
Q07912,Q969G3
Q16739,P61326
Q9UHV8,Q9Y3M2
O60500,Q8TAD8
P40424,Q9Y3C8
Q8N2Q7,P30154
P30542,Q86US8
O75081,Q96GG9
P62266,P17931
Q96GY3,Q86UP2
P52306,Q9Y383
Q68CP9,Q9NVI1
P61006,P41217
Q07021,P02788
P54727,Q9P2J5
P78395,Q9ULB1
Q96L91,Q9NR50
P13232,Q07820
Q33E94,O00273
P50542,P21926
O15169,Q9HB90
Q7Z628,Q16613
P10644,P81133
Q9GZU2,P15813
P53567,Q15361
Q86T24,Q13887
Q9H7Z6,P01023
Q96EF6,P29320
Q9Y3E5,P09486
Q9H446,P53365
P59768,Q9UQE7
Q15013,P01892
Q9H9A7,Q5VSY0
Q9NTX7,Q9UPY6
Q9UGL1,Q13618
Q15172,Q9UPU9
Q9UKI2,Q8N5I2
Q5SW96,Q7Z4I7
P09001,Q86X29
Q14192,Q9P2M1
P60891,P10147
P13861,Q9C0C2
Q8N5R6,Q9Y279
Q92564,Q13285
Q13216,Q08334
Q15528,Q5JY77
P03952,O60927
P16035,Q9NZM3
Q76L83,Q96QT6
Q96A47,Q13418
Q15233,Q9C086
Q13356,Q14160
O15520,Q92917
P54368,O14662
O43172,O00762
Q86U42,Q9BZW8
Q93009,P11171
Q13347,Q13557
O95931,P53567
Q14990,Q8IY18
Q9BVI4,Q76N89
P35250,Q96NA2
O00148,O15116
Q96EZ8,P49763
Q8TD46,P01040
P08670,P00742
P01127,P47755
Q86YP4,Q9UKV8
Q01970,Q08043
P11362,Q9Y5B9
P51178,P61970
Q9BXL8,Q9H2X6
Q7Z7C8,P22001
P24855,P17480
Q05516,P30556
P78537,O43390
Q86UT5,O00712
Q86XR7,P35556
Q5JQC9,Q16537
Q14807,P38606
Q9BZE4,P35658
Q92636,Q16478
Q13563,Q5T5C0
P07225,P67775
Q9BVI0,Q15833
Q8WWW0,P31323
Q13043,Q15717
P41091,Q8WVM0
P51817,Q9Y3C7
P43246,Q9ULT6
Q9BQ67,Q9H9E3
P02647,Q8N9N5
O75899,P51148
P23771,Q9H6Q3
P84103,Q92783
Q9Y2U5,Q02224
Q8N3F8,Q13635
Q5H9F3,Q92736
P68104,O00548
Q8N201,O75478
Q13761,P11166
Q04695,O75323
Q13045,Q9UER7
Q92973,Q8TB52
O00220,Q5VWQ8
P30273,Q15788
O75351,P16112
P50591,P46934
O75689,Q14974
P05386,P42263
P49792,Q13107
O75955,Q86VS8
Q9NYG5,O94972
Q14194,Q13651
Q03431,Q9Y6J9
Q9H175,Q13895
P20336,P60033
P33552,P10747
Q14106,P26441
Q9H422,O60741
Q92696,Q8N9M5
P61158,O14654
P02766,Q8NBW4
Q9Y2Q5,Q8IUH5
Q9Y2M5,P24522
P19544,P57796
Q15366,Q8ND25
O95232,Q99835
O60296,Q96JB2
P13725,O14948
P84022,P48357
P46940,Q5T5X7
P49643,Q96A44
Q15834,Q5JTV8
Q8NFH3,Q7Z5K2
Q6GPH4,Q6P1J9
P61326,Q96PK6
Q99466,Q9UBR4
O15155,P07315
P55072,Q9BVP2
Q12913,P25789
P40616,Q86Y82
P50542,Q13619
P11362,Q9NRW1
P08151,Q92837
Q8N5R6,O15027
Q9Y3A3,Q9H8T0
P05771,P28328
P32121,Q9H0A8
Q96A56,Q8WX92
Q01638,Q13557
Q9Y574,P61586
P54136,P41240
O75446,Q8TAA9
P51170,Q6UN15
Q13057,Q9UM73
P24386,P13671
Q16656,Q9UPY3
P12757,P46019
Q9UBU9,P43250
Q9NYB9,Q8IZT6
P29353,Q86T24
Q9NSA3,P55197
Q12840,O95573
Q99615,Q9UQQ2
Q53GS7,P02452
P35221,Q969T4
P62805,Q04724
Q01892,Q9ULZ2
P51843,Q9UBI1
Q9NPJ8,Q15428
Q9P0L2,P05230
Q13151,Q9UI47
P38646,Q969U6
P20337,O60504
Q6PI26,P13693
P51959,Q9H3U1
Q9H4E5,P36873
Q9H1K0,Q8WXH0
O75351,P04198
P08908,Q92599
P11831,Q07325
Q14005,O95487
P51946,Q8N729
P20290,Q15406
Q96F24,Q07864
Q8WTS1,Q92558
O15018,P41208
Q9HAW4,P51532
Q68DK7,P02768
O95405,Q9BRG1
P51813,Q96FV9
Q9Y2X8,O00141
Q03167,Q6ZSG1
Q96G21,Q09019
P37198,Q00534
P46939,P09622
Q9UIF9,Q9Y535
Q9BUN8,P85037
Q08397,Q9UKJ1
Q9NPC6,P51684
Q9Y6D9,P02763
P57081,Q9UQ88
O75056,O75509
P41134,P14625
P08621,Q9Y2A7
Q86YT6,O00763
Q7Z3Z4,Q6ZSG1
P25490,Q9BPZ7
Q99741,Q6PI26
P51172,P51684
P05412,Q9GZX5
Q99714,Q92904
P18887,Q7Z589
Q9C0C7,P01130
P33151,P42679
Q9NX70,Q6UN15
Q96AE4,Q00872
O14976,Q4VX76
Q9Y4D1,O14745
P43034,Q96KJ9
P23771,P68431
Q9Y2X3,Q9H4B6
O75312,Q9Y3A3
P20594,Q9H1R3
P31948,P30626
P39023,Q8TBB1
Q8N5H7,Q16539
P23284,Q92797
P32969,Q9C029
Q92643,Q92830
P16070,O43318
Q6X4U4,O75955
Q6X4U4,P23469
Q8N5I2,Q16644
P31946,Q13505
P28074,Q12860
P61923,Q5SW79
Q9Y210,Q8TDX7
P14316,Q8IUH3
O15372,Q9Y345
P28074,Q9Y508
P62913,P04150
P15863,Q8WXF1
Q14103,Q13438
Q07325,O00255
Q9NQL2,O00548
P09661,O75179
O60296,P22223
Q9NS56,P12830
Q9NPF5,Q9UL46
Q99714,P51790
P49450,Q12834
P13611,P41236
Q08334,Q9Y6W5
Q6ZN18,P52735
Q7L804,P35998
P00505,P36578
O95644,O60840
O75592,Q8WXX7
P14784,P28072
P13639,P61457
Q9H765,Q9UJY4
O60684,P09038
Q13501,Q13643
Q01664,P52907
Q13402,Q12860
P08100,Q9UBU8
Q14008,Q6NUQ1
O75146,O43734
Q13387,P15382
P23945,P39905
Q6P2Q9,Q96J02
Q8N2Q7,P61218
Q9UBV8,P51114
Q9GZU2,Q13889
Q9NP98,P99999
Q9BXL8,Q9UG01
P47897,Q99618
O60756,Q9UBR4
P61586,O95343
P35556,P98160
Q92797,P15884
P41279,Q8TCX1
Q6P1J9,Q05516
Q9H160,P16035
P42772,P06396
P07355,P62277
P42701,Q9NP64
Q06609,Q96J92
P03973,P55273
P30405,Q9UI47
P17275,Q15075
Q93063,Q9H4B4
P35222,Q03518
P07332,P02748
Q8IX07,Q9GZM8
Q9BWT7,P01019
Q9H9Q4,P41240
P42701,P78527
P62805,P61289
Q8IY57,P41217
Q04756,Q00975
Q9H4M9,P42773
Q16739,P41208
Q9Y587,Q15428
Q86YP4,O76064
P11474,P05813
Q07352,Q96EP0
Q9H3M7,O94941
P61981,Q2QGD7
O75865,Q8N8A2
P25942,Q13509
Q9UI36,Q9UHN1
O75368,Q8N5R6
Q96QK1,P22681
O60674,P61925
P61962,P05783
Q99966,P53350
P49356,P17181
Q9UQF2,Q9P2M1
P12755,Q96SU4
Q13158,P15927
Q7Z434,P31150
Q07157,P02768
Q92736,P08684
O15055,O75528
P51813,P60484
Q7Z417,Q86WV1
Q14194,Q9NT62
Q9H1J1,Q7LG56
Q12996,Q9Y281
Q8WYL5,Q9GZU2
P61081,Q92966
Q14155,O14727
Q9NYY1,P50553
Q9Y3E2,P35368
O75575,O14727
Q9H257,P30626
P43487,Q9NP85
Q06190,Q9UPY8
P62081,O75791
Q8NHM5,Q8TB52
Q8WVM8,Q15365
Q8N3F8,P12814
Q15025,Q5VTL8
Q7Z465,O43513
P24385,Q8TAG9
Q9H9C1,P01019
Q9NZD4,P36405
Q96PU5,O75884
Q13439,Q96CS2
P16284,O00189
P14618,Q8IZQ8
P61204,Q9ULV0
O43395,P61457
Q12789,Q5T4W7
Q00975,Q9P2Y5
Q5D1E8,P30260
Q9NVK5,P28161
Q7Z4G1,P27658
Q14790,Q9NP64
A0JLT2,Q9H4I2
Q14168,Q9UPY8
O00311,P43026
Q16204,P07951
P49918,Q96RK4
O75146,O95336
Q5QJE6,O14948
Q01892,P15260
Q13216,Q8N7R7
Q9H9A7,Q9UQ35
Q6ZU15,P42679
P51571,Q63ZY3
Q96EK5,P35372
P31751,P43250
Q03014,Q9HAQ2
Q86VN1,O75367
Q8NFD5,Q9UIV1
P35609,P13612
Q14974,Q9Y2V0
Q9BSV6,Q96PK6
P57678,P10828
Q13190,Q92966
Q9Y508,Q9Y3T9
Q969H6,P06401
P78395,P26010
Q92783,P62316
Q16832,P36578
Q8NFT6,Q7L523
O60486,P49917
Q6R327,Q08043
P02778,Q9H8T0
P48061,Q8WVM0
Q15831,Q93038
P02743,O43156
Q9NX24,O75506
Q8N5I2,P78348
P02766,P51532
Q7L2E3,Q96IZ0
P13671,Q9UBK9
Q9NQG5,P16144
P00750,O75506
P07814,Q969U6
Q8WXA9,Q8IWY9
P29375,P55273
Q9UPZ3,P33993
Q9BUE0,Q12962
O75112,P02774
Q6GQQ9,P17152
P36894,Q9UL33
P48378,P04085
Q96A72,P17542
Q99819,Q99075
Q14C86,Q06830
P37023,Q4VCS5
Q96JB5,Q96KJ9
Q86VN1,Q6ZRS2
Q99075,P08476
Q8NBT2,P26367
P27348,O43815
P02765,O00443
Q8WVY7,Q13555
Q8TAF3,P06702
Q6ZVD8,P21796
Q96PN7,Q16288
P32971,Q15599
Q9UBQ0,Q8IXJ9
Q9NQ29,Q9Y281
P41161,Q92730
Q96P71,P54619
Q8NE01,O95997
Q13547,Q9NVX0
P62304,O95155
Q96QH2,Q99972
Q9Y4K3,Q01860
Q6PCD5,Q13002
P62841,P54646
Q14990,Q5JVS0
P23193,Q9UL33
P68431,Q7L0Q8
P08247,Q96PK6
O96013,Q9UPS6
O75052,Q15468
O43307,Q9H2G9
P83916,Q9P104
P01375,Q7Z4I7
Q8NFD5,P28062
Q9NRH3,Q03518
Q86Y82,Q8WU20
P07711,O75348
P05787,Q16825
Q92834,Q8WYJ6
Q66K74,P05388
Q96DB2,Q4AC94
Q9NZL6,Q8TF40
Q9UBW7,Q96JC9
Q9UQ84,Q9Y6Q5
Q00610,P10589
P30101,O15511
P81877,O60603
Q9Y2Z9,P28328
Q8NHY5,Q16478
Q13387,P40424
Q15672,Q14C86
O43752,P49682
O43379,Q53EV4
P53355,P15408
Q14498,O60264
O95544,Q8N1I0
Q9H8S9,P05549
Q9NWV8,P38484
O14646,Q15562
Q07021,P02768
Q9Y478,P25391
Q9Y6W3,P05549
Q8NB91,P04085
Q9UK45,P21333
Q7Z569,Q16602
P18827,O00585
Q9NR55,Q9BW71
P19438,Q9HD26
P01236,P09211
P48553,Q9GZX6
Q8TES7,O15259
Q8NI35,P12272
O00124,Q96L14
O60610,Q92870
Q8IYD1,P13056
Q6PIJ6,Q5S007
Q9Y215,Q13163
Q9C026,Q13485
Q9BZS1,Q7Z412
P62879,P16591
Q7Z417,Q13002
Q9NY61,P09486
O94776,P49754
Q9UPY3,P23469
O95831,Q01860
O00763,Q6NXR4
Q9UHQ4,Q7Z6Z7
O95793,P49711
Q86Y91,Q9NZJ0
P23582,O00451
O15527,Q04721
Q9UBB5,P08588
P47755,Q96LR5
Q7Z406,P51825
P05067,Q9BPW8
Q9H444,O75689
Q9UNE2,Q99062
Q99594,P46695
P29350,Q9UBI1
O14836,Q9UL03
Q9P209,Q9Y376
Q96BY2,Q07889
Q9Y275,Q9NWB6
P85299,Q9NX24
P52803,O00451
O95677,Q13303
Q9H8V3,Q86YC2
Q96EQ8,P48023
P63104,Q8NC69
P07384,Q9P2J5
O00151,Q9P2G9
P17936,P30626
Q9UKW4,Q7L0Q8
Q14114,Q9UBR4
Q07864,Q9Y2J2
P33991,P32942
Q96J84,Q9Y6H5
Q9Y2V3,Q9Y262
Q9H2X0,Q9UJX5
Q8NFH3,Q99497
P04070,O43447
Q9UBF1,Q14197
Q9H074,Q9Y6I7
O14618,Q9Y3U8
Q9Y6N9,O14662
O94874,Q02388
Q9BYH8,Q9UI09
Q9GZL7,P50616
Q9GZX6,O95249
P04275,Q9UKV8
Q9BUL8,Q9BYG3
O14543,P33032
Q9H9F9,Q9ULC4
Q9NPI8,P48378
P78347,P13725
Q9ULM6,O00626
P78356,Q99996
P41161,O00303
Q99836,P39748
P15924,Q7Z6Z7
P15056,P62820
Q9NTI5,Q16236
Q01094,O15357
Q9H9S0,P50539
P10415,Q14974
P30305,P11277
O95816,Q9UBC3
Q00987,Q9H8T0
O15116,Q15599
Q9UKW4,P17544
P08754,O76041
P52799,Q9H0D6
O75175,Q8NB91
Q04724,Q05682
P08571,Q9Y297
P07737,Q969G2
P59998,Q99748
Q9UPT5,P08514
Q16401,P35900
Q93074,P54252
P56589,Q6ZSG1
Q9Y275,Q9Y2Q5
O95376,P22570
Q01664,Q9NUG6
Q5T6S3,Q12996
Q6NWY9,Q04756
Q15910,O15078
Q09470,P61081
Q7Z3Z4,Q86XK2
P35858,O75934
P50570,P84996
P57740,Q5TD97
P31689,Q9H9H4
O14543,P61081
Q14807,P19388
O15078,Q9NZ94
O43566,Q3ZCQ8
Q02078,Q9H0U4
O43353,Q33E94
Q13563,Q8WVY7
Q01658,Q8N9M5
O95273,O60232
Q9Y6R4,P33552
P00374,Q9UHQ1
P02452,Q13115
Q13561,Q5T7B8
P46108,Q96SD1
Q08345,O43557
Q99828,Q9UKJ3
O75663,Q9P0L0
P67870,P10124
Q86UP2,Q86Y01
Q9HCI7,P13010
Q16623,Q9Y698
P20336,Q9Y3R0
P17600,O95863
P21953,P54829
P41146,P06702
P00748,Q9NS28
P07315,O75030
Q13523,P35637
O14965,Q8NB16
Q8NCE0,Q9Y2M5
Q969Z4,Q9UQC2
Q9NPG3,Q8IX90
Q9H8T0,P16152
P15941,O95343
Q16533,P50749
Q14318,P78356
P41002,P18428
Q92870,P61587
Q14241,Q8TAP6
P05231,Q9H6D7
O43852,Q14204
P09884,P60953
Q7Z6J0,P49137
P62380,P78527
P54257,Q969T4
Q15672,O95373
Q99594,Q9NZN4
Q9ULC4,Q9UNN5
Q15102,O75940
P49711,P21731
Q15633,Q9H334
Q9NP71,P23025
P50991,P16410
P52298,Q8NA54
Q06828,P42336
Q4KMQ1,Q9H334
O43865,O00763
P61024,Q07890
O75351,P31949
O75150,O00626
Q8IY92,O95405
O60826,Q9NPF4
Q96RK4,Q86UT5
Q13057,Q8IUH3
Q13867,Q01860
P41212,Q5T7B8
O14980,P55317
Q14974,Q15118
Q15831,Q7Z6B0
O75460,Q8IXI2
Q9H0E3,P35250
P52306,Q8IY18
P05787,Q14C86
Q14674,P78371
O75147,Q92838
P16615,Q00526
Q96EK5,Q01105
P00505,P06401
P13056,P17252
O00463,P20618
Q13029,Q07890
Q9NZN5,Q05048
P51684,O14579
P09486,P56159
P49642,P35612
P35398,Q15386
Q9UKT7,Q6W2J9
P50991,Q07352
P29353,P48645
Q9UKT4,Q9NVF7
Q15648,P42680
Q9P2R6,O43929
Q15323,Q03014
P37108,Q99519
O14641,Q9BW27
Q8WTW3,O00592
Q96EB6,P03951
O95677,Q15691
P04628,P30291
P51948,P68402
O75914,Q15327
Q9NRL2,Q8WVZ9
P62877,Q5JY77
O00165,Q9GZM8
Q66K74,P09493
Q8NDX5,Q9NX24
P01040,O43508
O00763,O95163
P60891,P32302
Q9Y463,Q8N8A2
Q13485,O14920
P43629,Q5JY77
P12081,Q02880
P46734,Q9UQB3
O43427,Q71SY5
Q9H8Y5,Q9UH77
Q15465,Q8IZQ8
Q5MJ70,O43251
Q19AV6,Q13061
P60520,Q13217
Q92834,O75791
P54920,Q9UBY9
Q96H20,P51911
P61586,Q96MW5
Q9H633,Q9Y6X3
Q8NI35,Q15833
P51610,P15090
P31930,Q8WVM7
Q92556,Q14562
P78504,Q99942
Q13888,Q15291
Q9UGL1,O00470
Q9UPY3,Q9P0L0
P48145,Q15038
Q96CD0,Q9UJF2
Q92844,Q9NTJ3
Q9H251,P10747
P81877,Q6W2J9
Q8NCM8,Q86VQ0
P05412,Q07352
P22301,Q5TD97
O43592,O15155
Q9Y6N8,Q15029
Q9UGL1,P56279
P36896,Q9BUG6
P41002,Q14582
Q15762,Q9NPJ8
P50570,Q6TFL4
Q13888,Q9Y6E0
Q02487,Q01094
Q96LD8,P19404
Q9H6D7,Q9Y2Y9
Q9H0F6,P32245
Q16633,Q9NPF4
Q5RKV6,Q9UKJ3
Q13217,P85037
Q15311,P51948
P48643,P20618
O75909,P37173
Q9Y3C8,O14879
Q6NZY7,O14511
Q9BUB5,Q9H7L9
P31273,Q9H4B6
Q15672,P42679
P52565,Q99598
Q9NQU5,Q9NPD8
P42858,Q13422
Q8NCQ7,Q9NT62
P60604,O00124
P23258,O43745
Q13217,P35625
P02795,Q9ULV3
P43246,O95243
P30048,Q92889
P16860,Q9NTJ3
Q9HAV0,Q96JH7
Q8WUF5,P04234
Q02078,P26599
Q8N3Y1,P54252
O15371,Q9UBY0
P49792,P16104
P14555,Q15562
P51684,Q9H553
Q96RU2,O15211
Q5VZL5,Q9BXK1
P13611,Q9NPB6
Q7L8J4,O15055
Q8IVP5,Q9UBD5
Q9NUU7,Q9H0M0
Q9NWV8,P52434
Q5H9F3,O95999
P63151,Q6WKZ4
Q9UBL3,Q13217
Q09028,P14373
P61326,P25787
Q9Y613,Q07352
A0JLT2,O75947
P61158,Q6NZ67
Q9H5V7,Q9H469
P32121,P21796
P27797,Q9UK97
P62714,Q9UBU9
Q15475,Q9NQ94
P33076,Q96QT6
Q9Y478,Q9Y5X4
Q8N4C6,O14920
Q9NQG5,Q96EB1
Q13547,Q96PK6
Q92887,Q9Y343
P49840,Q92667
Q13233,P21810
Q96C24,Q9UNM6
O15111,P35354
Q9Y4Z0,P50539
P27815,Q9Y6E0
P49841,P38919
P54578,P05156
P49459,Q14681
Q9H8V3,P51957
P09603,P35712
P18465,Q14011
O75943,Q3KNV8
Q3SYG4,Q14BN4
Q8WWL7,P19838
Q9Y698,Q5U5X0
Q8NFH4,P25788
Q9HAW0,P17181
Q6P1M3,Q8TD46
Q8TEC5,Q9C005
Q9UBF8,P08574
P35900,Q14151
O95149,Q96KJ9
Q15717,O00287
P01031,P32246
Q14669,P61225
P07948,P05161
Q96KB5,Q9Y279
Q99683,Q9BYG3
O60762,Q6PJG6
O96013,P51884
P50995,Q96JB2
P05112,O60486
O60500,P17096
Q8TDB6,O60609
O15055,Q8IXH7
Q86T24,P36873
P47874,Q86UP2
Q9NVR0,Q8N8A2
Q9Y5Y5,P51532
Q15650,Q9NQT5
Q9Y2U5,O95163
Q9NPI6,O15027
P04792,O94906
Q14566,P78406
Q13217,P50749
P02778,P42336
Q14005,Q9UBI1
O14796,Q9NWA0
Q13614,P35241
P49642,P15408
P31749,Q6ZVD8
Q9UBC3,P68543
Q9NX08,Q15022
Q96JN8,Q9UBN6
Q9HAU4,Q9HD26
P62273,Q8WXE9
P84022,Q15349
Q7L8J4,P04183
O60674,O95382
Q8WXF8,O00716
Q9UJ41,Q12959
Q969R2,Q14814
Q96F86,Q7L0Q8
Q15785,Q13200
Q9Y275,Q99418
Q02763,Q13113
Q9BQG0,P49763
Q8NE01,P61619
Q13387,P45379
P08581,P36578
Q14181,Q86SZ2
Q13868,Q8IX07
Q9Y6I3,Q5T4F4
Q14103,Q9Y2D8
Q9NPI8,O75531
Q5QJE6,Q9BRQ0
P46087,Q92783
P09914,P51451
Q9H2S9,P23025
Q8TEP8,O15151
P12755,P55884
Q05048,P25189
O95602,Q15506
Q9BUL8,P62834
Q9UKA4,Q8TB52
O60729,P27986
Q9Y253,O75170
Q8N5Y2,P18433
Q9P086,Q00536
P26045,O14936
P26992,Q13227
Q13409,Q9BXH1
P56817,Q9UNN5
Q9BS18,P28065
Q13595,Q14746
Q9NYY3,P22736
P0C2W1,P35638
Q15759,Q9UQB8
Q8NHZ8,Q96HE7
P49368,O43390
Q9Y2I1,P15813
Q14457,P01584
P84996,Q9Y3A3
Q13705,P22303
Q93038,Q96B02
P59998,Q8IY31
Q9Y3Q8,Q9UIU6
Q7Z6A9,Q9NYJ8
Q9H074,Q13542
P49916,O60840
P48509,O95343
Q16586,P23025
P78347,O43482
Q13332,P06702
Q14498,Q66GS9
Q9UJX5,Q96JH7
P38646,Q99871
P04234,O95336
Q9BTC8,Q13277
P15692,Q13588
P29466,Q9H6D7
Q92870,Q9UI08
P56159,P51884
O75147,O95257
Q6PI26,P36405
O14924,P25685
P00533,P10398
P27815,Q9H0E3
O00418,Q9Y279
P09467,Q9H765
Q16777,O75170
Q7L3B6,Q99075
Q8IYD1,P49591
Q06413,P15260
P23560,Q9P287
Q96L14,O95425
Q9NRW4,Q13163
Q8IWU2,Q9NVF7
P62166,P12004
P30531,P01225
Q92838,Q15788
Q13042,P15880
Q96EK5,Q9NXR8
O94874,O60232
P32856,Q2QGD7
P02786,Q13643
P15918,Q13469
Q9Y3C6,O00429
Q9Y263,P17706
P42772,P52657
Q04637,Q99640
O43156,Q9BWF2
Q96HR8,P05546
Q15843,Q9Y698
P10147,P57740
Q9UJU6,Q92934
Q9Y5J7,Q8N9M5
Q8TES7,Q9NZD8
Q9Y6M7,Q96BH3
O43184,Q9H8T0
Q9UBP6,P98172
Q9Y6X3,Q8NFH8
P11142,Q9P0P0
P60033,Q99618
O75376,Q86SX6
P09382,Q9Y2R2
O60684,Q6IA86
Q13642,P15813
P23396,Q9NPD8
Q96AJ1,P20333
Q14149,Q92696
P49642,O43242
Q8N3U4,P42025
Q9Y2W1,Q86XK2
Q9H015,Q7Z4S6
P55884,Q96A47
P09622,P40818
O60684,Q9BV36
Q9HAT8,P98172
P42704,Q7Z6A9
P51813,Q13163
P47224,P23763
Q96IF1,Q14296
P61769,Q15233
Q8N729,P61158
Q9NZN9,Q9UK73
P31942,Q8N9M5
Q9GZX9,Q9NYG5
Q9XRX5,Q2M1K9
O75477,Q9UKY1
P25774,Q9NYY1
P16885,Q8NC69
P08311,Q9UPZ3
Q969G3,Q9NZU7
P17693,O14879
P08758,O95433
Q9Y698,Q00975
Q93063,Q14974
P24390,Q9NR33
Q14185,P08754
Q9Y5R8,P49795
Q9BT25,P02671
P55789,Q4AC94
P30876,Q8N5C8
P13760,O14744
Q9ULM6,P80098
P05362,O75791
P46939,Q9UNN8
Q8WTW3,O60216
P47813,P29992
Q86UN6,P02741
Q96Q27,P25103
P22001,O75592
O75461,O43933
Q9Y215,O75334
Q15436,P10589
P55789,Q15334
Q9UBU9,Q9NP77
Q8WUF5,Q9H0A8
O00625,Q7L9L4
Q12846,P84103
Q92785,Q96GG9
P04626,O94927
P49760,P62995
Q8N8A2,Q9UHC6
Q8NDV3,P41134
Q92974,Q07352
Q08345,Q86YP4
Q15746,P46821
O60504,Q9H1A4
Q9P0R6,Q07912
Q9H4L4,Q8NEM0
O14599,Q9NW08
Q8IWZ8,P31314
Q01130,Q92519
Q8NFH3,O75955
Q8WU17,Q9NZD4
Q7Z419,Q9GZN8
P36896,P15090
O00253,P10242
O00167,P60842
O43439,Q9UBR4
P61962,Q15303
Q99996,Q9BXK1
P28799,O43847
Q9UJX3,Q4AC94
Q9NWA0,Q96IZ0
P03956,P19438
Q9UPU9,P00736
Q9NZC9,Q9Y2D8
Q9UBP6,Q96L73
P38159,Q9UBT6
P81877,O43196
Q8N5M4,P29466
P35568,Q9NXV2
Q9UNL4,Q9UBU7
Q8NI35,O95249
P78352,P10644
O60895,P13639
Q96C24,Q14240
Q9UPW8,P17706
P12830,P28161
Q9NS00,P10912
O15212,Q9UHD8
Q92918,P46531
Q8WVJ9,Q9NZN9
P41208,Q15025
Q8NC51,Q15208
Q9H0E7,Q9H3S7
O15503,Q96DE5
Q00535,Q96AP0
Q8IVH8,Q86SE9
Q9NZ94,Q08AG7
Q06828,Q8TEW0
Q15543,Q53ET0
Q14449,Q9BXW9
P22570,Q96F07
P28482,P50553
P49354,P23763
P05388,Q9UL54
Q99547,P35080
P46020,P50453
O95931,P35241
O43150,Q9UGI8
Q9H2L5,Q96B97
P61201,Q04721
Q96RK4,P14780
P53803,Q9ULZ3
Q9HB89,Q86SZ2
Q9BTW9,Q96KJ9
Q01638,P13671
O75489,Q92530
P31323,Q9UIB8
O94842,Q7Z4H7
O00451,Q9UQM7
Q15388,Q8IXW5
Q15785,Q15118
Q9UHW5,Q8TEK3
P16885,Q13029
P53999,P06401
P32246,P23945
Q9HAT8,P23469
Q16695,O75190
O60271,P01730
P05386,Q00722
Q9NQ55,Q9NQP4
Q9H160,Q8TEP8
Q9UNE7,P09486
P20936,Q6NZY4
P26927,P02708
Q13952,O95257
O75925,Q9H6U6
Q9BVA0,Q9UNM6
Q9H832,Q05639
P49069,Q8N5M1
Q7L5Y6,P27824
Q96Q27,P46060
P16860,Q96IV0
P17861,O14730
Q99683,Q9Y2X3
P49407,Q9NV44
P42685,Q15723
P78362,P41229
Q9H3M7,P57105
Q9UBC3,Q96SD1
P09914,Q9NS00
Q9HBH7,Q9Y2M5
Q02763,Q9BRK4
O60763,Q13043
Q03001,O15539
P01834,P08684
O43143,Q99698
Q9UGI8,Q9UKT7
Q969K4,O75956
Q53HL2,Q96D31
P00918,Q8IVI9
P42345,Q96CW1
O00241,Q8TAM1
P55209,P24522
Q16514,Q8NEB9
O00622,P30556
Q7Z6Z7,P55199
P84996,P50616
Q9BUQ8,P18146
O43680,O94927
Q9HB89,Q96E09
Q92519,Q9UM73
P54578,P40818
Q9Y2V7,Q53EL6
Q92754,Q0VG06
P20783,P36896
Q02880,Q9H147
O43583,P24588
O14511,O94817
P51813,P42336
Q58A45,Q16595
Q8TCG1,P09651
P49917,O75530
Q86YM7,O14948
Q14188,Q9BW83
P52945,P29474
Q5T2W1,Q99626
Q9UQ26,P07237
P40222,Q71F23
Q5MJ70,P62310
Q9NVR0,P08700
Q7Z6M2,P24522
Q9UBD5,P52298
Q9P0L0,P07196
Q99575,Q9H3P2
O75147,Q9Y2R2
P32927,P31273
Q92585,Q96IV0
P0CG13,Q15154
Q8NI27,Q9HAU4
O43184,P41743
P07954,P42081
P01135,P30260
Q9P0R6,Q9Y6D9
Q9UHQ4,O60664
Q8N556,O00626
P78344,Q5JY77
P00747,Q9Y6Q9
Q9BTW9,O75970
Q99661,Q9Y2R2
Q9Y4K3,Q8NI35
Q8IZD4,Q9UJY4
Q14494,Q9P287
Q8N5F7,Q99466
Q13043,Q9Y2U5
P40337,Q92796
Q9HCI7,P22223
Q9Y6Y9,Q13303
Q06587,Q9HC77
P19022,Q96BY2
P13760,Q9NPF4
O43313,Q8N5R6
P63167,Q9UMZ2
P11831,Q9Y508
P15918,P14921
Q16513,P05230
Q15554,Q99523
Q9NS00,Q96QT6
Q13217,Q9ULV3
Q15796,O75477
O96013,P17544
O43639,Q96EB1
Q92851,Q8TAP6
Q5T4F4,Q92837
Q14512,O60486
O00625,P28347
P26992,Q01718
Q9H4M3,Q9NPQ8
O43542,Q16533
O75832,Q9NR55
Q99731,P23560
Q8WU17,Q8NEM0
P67809,Q16602
Q03188,Q96N96
Q9NSC5,O15205
Q07889,Q15744
P46934,Q9NQT8
Q9P2J5,P06396
Q02543,P26927
P03952,A5YKK6
O95600,Q13418
P15822,Q9Y2Z4
Q9UQ88,O75530
P61962,P55795
Q13951,Q8TB52
P20645,O95402
Q99497,Q00722
Q00535,Q9Y3C4
P51116,Q9Y281
Q96KP1,P05107
O95402,P32246
Q9Y244,P23229
P15863,Q9BYE7
Q8IVP5,Q8WX92
Q13474,O95613
Q9H161,Q96T60
Q8IZJ1,P42701
P52952,P17342
Q9NXK8,P18615
Q9H845,Q8IYB3
Q9NRI5,P43628
Q03113,Q8TAQ2
Q96C24,Q8WXF1
O43516,P45880
Q9UJV9,P40926
P48145,Q15642
Q9BUE0,Q8NF50
Q9ULK4,P20849
Q15418,Q12996
Q9Y6Q6,P07998
P08962,P41143
P07996,O60741
Q15366,O75582
O43396,P54764
P31314,Q9BWF2
Q9H981,P31314
P08238,P35080
Q96PN7,Q8N556
P30279,Q9Y2V3
Q9NPH3,P21731
Q9H3M7,Q96AJ9
Q02078,Q13042
Q9NZL6,Q92813
P51812,Q4AC94
P19256,Q9BUL9
P78356,Q16890
Q6P4Q7,Q9BYW2
Q9Y3E7,Q9BUE0
P50991,Q9Y297
O75449,Q9UQE7
P30154,Q6ZYL4
O00410,Q8TD46
P11387,Q86SQ0
P63000,Q92585
Q96AY2,P03973
P49841,Q9HD47
Q9P2W3,Q8WUI4
P50991,Q9BUE0
P01892,Q96PK6
Q9H9Y6,P35269
P42166,Q15427
Q9NRL2,Q13895
P06746,Q05516
P40222,P11474
P51813,P51825
O95229,Q9P0L2
P67809,O60678
Q9Y4G8,Q13568
P14653,P08709
Q5XPI4,P49759
O60675,Q15788
P11047,Q9P2G9
Q13257,P99999
Q13769,Q6SZW1
Q9NRI5,Q13761
O15553,O15145
O15018,P57682
Q13416,P61247
Q02413,Q15109
Q9Y4E8,P0C0S5
Q8IXI2,P19256
Q9HAT0,P36897
Q13362,Q13485
O95197,Q9Y4B4
Q9UHI6,Q9HAJ7
Q15375,P11831
O60356,O95613
O43150,Q92540
Q9GZT8,Q5TD97
P46734,Q9Y210
O94905,P49761
Q8NFH4,P61925
P62318,Q92569
P21980,P55795
Q8TEY7,Q96AJ9
Q01658,Q9Y3I1
Q9BV68,P01019
P49589,O75694
Q16629,Q13239
Q96N96,P40937
P15531,P41208
Q9H461,P41212
Q13829,Q14C86
Q14865,Q8N6Y0
Q9HAP6,P85298
P62140,O43427
Q3SYG4,Q04756
P52907,Q9Y343
Q4G0J3,O95997
P61981,Q9C0C2
P01135,Q9UJV9
Q7Z465,O43491
Q9Y5J7,Q99996
P13010,Q96HR8
Q9ULC4,P51532
O75436,P05787
Q13153,P04183
Q14019,P52815
Q00534,P11166
Q99436,O60488
P16234,Q14240
Q9ULM6,P57078
P08603,Q92614
Q99459,P49116
P08581,P05771
Q96KN7,P25800
Q9Y613,Q07820
Q99741,O43927
O00255,Q02297
Q9BUQ8,Q8NCM8
Q5JSH3,Q99996
Q96E14,P24522
O15392,P14678
Q9Y6W8,Q07866
O43187,Q99996
O75340,Q96L91
Q8N5I2,O75717
Q9H6T3,P05452
Q5VZM2,P55001
Q9NWA0,Q14204
Q96AH0,Q9UNM6
Q9GZX9,O75448
Q9Y294,P15924
O14511,O00189
P05120,P28161
Q15418,Q9UBF1
Q96QK1,Q12874
Q9H939,O75146
O75531,Q8NG41
Q16555,O00716
P25788,P15260
Q14626,P49768
P22223,Q99996
Q12789,A8K0Z3
P62195,P06702
Q9NS56,O94817
P02788,O43251
Q5VT25,O60832
P23297,P30460
Q9UHD1,P51149
P49675,Q9UK41
O75197,P13010
Q16548,P25705
Q9Y2S7,Q8TAM2
P10242,P51843
Q6UWE0,Q9BPZ3
P01588,P62328
Q9Y295,P46019
O75293,Q13303
P98155,Q9BX59
P51531,Q14789
Q9H633,P16615
Q99956,Q02078
P30499,P16109
P01042,Q9HAJ7
Q9UJX2,Q14681
P02743,Q9NXV2
O14492,Q99719
Q93052,Q99598
Q93009,Q15436
P40227,O75509
Q9UPW8,O95714
Q7L590,P38432
Q9UKT9,Q969G2
Q08881,Q8IXH7
Q14677,Q15506
Q9BV68,Q7L9L4
P16619,O43156
Q9BPX3,O75439
P46976,P01225
Q01718,P61247
O95477,P40818
Q02930,Q9UPM8
P05412,Q8IZT6
P50749,P21453
P98164,P62841
Q9HB19,Q05193
Q9NPF4,Q05682
P07900,P04085
O00206,P16615
Q16513,O95793
Q14005,Q96DE5
Q9UKT9,P51668
Q9Y5S2,Q8WXH0
P78413,P29992
Q13625,Q9UL46
Q05513,O76031
P02774,Q07020
Q92564,Q8WWW8
Q9H2K2,P10909
P31629,Q99958
Q9H832,Q86UL8
Q8WYP5,P02746
Q9UNN8,P35670
Q8NG41,Q8WVM8
P35250,P02671
Q9GZL7,O60437
Q9UBU7,Q9H981
O95999,P01730
O15126,Q9UER7
Q9Y2T3,A2RRP1
O43929,Q9Y2J2
P78371,Q8N5I2
Q04695,Q96AX1
P05129,Q9BW61
Q9UBS5,P07225
Q9NV56,Q00534
Q14669,Q99459
Q6QNY1,P78356
Q7L591,Q13523
Q9BY67,P84085
Q9H1K0,Q07890
P30499,Q86VP6
A5D8V6,Q7L5N1
Q9BXS0,Q9NWZ3
P51451,Q13155
P04075,P42262
Q9BQQ3,Q8N5R6
P11802,P08514
P21127,P01563
Q9BQQ3,P16949
O43583,P56159
P28072,O00443
Q6NWY9,Q7Z6A9
O00213,P26367
Q96PN7,Q13769
Q05516,Q7Z3B3
Q9NVR0,P50539
O43396,P30281
Q969F2,Q96L14
Q9UBP6,Q9HBH7
P10599,P05771
Q8TEP8,O60832
Q12840,P35658
Q9C005,P07992
O75317,P41236
O14578,O75323
Q969U6,P68871
P08758,P04075
P55039,Q9BWT7
Q9NPG3,O15164
P15884,O00429
P53803,Q9BXB1
P00374,Q96RU3
Q86VN1,P13726
Q12913,P01040
Q8IXW5,A9UHW6
P19447,P22692
P19838,P61006
P07101,Q96QB1
P17252,Q9NQC1
Q9Y6M7,P10275
Q96E09,P21980
Q07021,P41240
Q9UHV2,P15880
Q9GZZ9,P14625
P29622,Q92747
O43513,Q6ICG6
Q9Y6W5,Q01167
Q9H553,O75525
Q04206,O60826
Q86XK2,Q96JC9
P27540,Q9Y262
Q15562,P30050
O60486,Q99593
Q13642,P42574
P0DI81,Q96IT1
P29475,Q12905
Q8TDN4,P98172
P18887,Q9H7C4
P15918,Q9HBH7
O95198,P28715
Q13573,P11234
Q9C0C7,Q9Y281
Q14155,Q9P0R6
O75431,P23921
Q9NYA1,Q9NPF7
O75629,Q92530
P35251,Q6PH81
P46777,P02730
O43592,P53992
Q7L8J4,Q9H845
Q9BYG3,P05783
O95931,Q2T9J0
Q14764,P27361
P10109,P50553
Q15485,Q92754
Q9NVU0,Q71U36
Q9BUE0,P49759
P33151,Q9NPG3
Q9H221,Q15118
P49682,Q969G2
Q06187,P12081
P49454,P80098
Q9UBQ5,P04628
O95817,P49736
Q9UL18,P21926
Q8WYJ6,Q8NFJ9
P07711,O15085
P35237,Q9ULC4
Q9NPB6,P55273
Q8IZD4,Q8IZT6
Q13144,Q8WXA9
P54259,Q9HCJ0
O00192,Q8WVM8
Q68CP9,Q8WVJ9
P47874,Q8N4P2
P02760,P23511
Q00536,Q9NRL2
Q99497,Q9UJW3
P10244,Q04721
P00374,Q9UNP9
P27695,O75840
O43186,P28069
P49207,P15880
Q9H3Z4,Q96MT8
Q96L91,Q9UPT9
P48643,Q13595
Q9Y6N8,Q13303
P14866,P61019
P17947,Q9Y264
Q9NZL6,Q13043
Q08752,P43320
Q68D85,O60216
P09629,Q9UI08
Q9H0W5,Q14145
P55773,Q9NWZ3
P60520,P30086
Q99569,P02748
P32971,Q5TD97
O75478,P14778
Q9BUI4,Q15038
Q06187,Q16613
P21452,P05556
Q13347,O75506
Q99728,P04150
Q9NWT8,O15357
O75461,O60832
Q8N9R8,O75056
Q9UNY4,Q9H7C4
P01042,Q9Y6R0
P32969,Q96JM7
Q9BQ52,P41252
O95644,Q9Y4Z0
Q06265,P55347
Q99967,Q9Y2M5
P33897,P55347
Q12962,Q9UKS6
Q8TAF3,Q2NKJ3
Q9Y570,Q8NI27
P46940,P46782
P23560,O43670
P43403,P49754
Q15485,O75460
Q9BUL8,Q9H9Q4
Q9UPT9,Q07820
P07359,Q9UNK0
Q9H765,P25189
O95793,Q8NHW3
P10144,Q92570
Q9NUU7,Q08752
P22570,Q9BUJ2
Q02930,O60609
P61328,Q8TCJ0
P51946,P51149
Q99590,Q13424
O94782,Q96JM7
Q99653,Q9NQT5
Q96BD5,P01303
P31629,O75030
Q9BSJ2,Q9H2G9
Q9BVC4,Q15811
Q01094,Q92754
P09493,Q8NA54
Q99750,O94817
P51946,Q9UBZ4
O43815,Q96A47
Q9BTV7,P09234
O00716,O14795
P49682,P25788
O00548,Q13509
P48552,Q06455
Q9Y2A7,P12814
P56537,P35998
Q8NBT2,Q9H1R3
Q99828,Q15562
Q13950,Q9NZN9
Q9UNE7,Q9H6R0
Q12800,Q7Z2E3
Q9H4I2,Q8N488
P29692,Q9H6U6
Q01974,Q8IZQ8
Q12913,Q9NT62
Q92997,Q9H9E1
Q7L5N1,Q9BRK5
Q9C005,Q13233
Q9H2G9,Q6NYC1
Q9Y5U5,P10828
Q9Y6Q6,P54725
Q8IUH3,Q6P1N0
O14802,O60216
Q9UKN8,Q14106
P05023,Q9H161
Q8NBW4,Q32P44
Q99574,Q8NB16
Q9Y6I3,O95677
Q9BUZ4,P50749
P84996,P22303
P01225,Q08050
Q13492,Q9H4L5
Q9UNL4,P09234
Q13868,O75448
P17600,Q8NFJ9
Q9NVR7,Q8NB46
O43670,Q96AX1
Q9UJX4,Q14582
Q13425,P60763
Q15051,P24941
O95967,O94889
Q7L590,P13612
P52565,P13671
P39019,Q16849
P41180,O60832
Q9HC29,P56537
Q15485,Q9UKK3
P04070,Q6ZU15
O75312,Q15334
Q12846,Q13887
Q2MKA7,Q9UNM6
Q96E09,P52597
Q9NRR4,Q7Z3B3
Q9Y271,Q96Q15
P34998,P51843
O00220,O14958
Q9Y228,P51170
Q8WU90,Q9BPZ7
O60927,P00748
O95793,Q9NS28
P78543,P25800
P42345,O43896
O43189,Q9UMW8
Q9NQ66,O15145
Q9NUX5,O00151
Q9H165,O15205
Q92781,Q14112
O75368,P09486
P12273,Q99618
Q13347,P52799
Q9NTJ3,P24588
Q9NVR7,O43597
O43353,P28161
Q8N5H7,Q8TBZ3
O60437,Q8TAM1
Q8WTS1,P62491
P54257,Q15022
Q07021,P61587
Q9H7D7,O43251
Q16667,Q5T7V8
Q8TBZ2,Q15078
P0C2W1,P26441
Q9UHA4,Q8IUC6
O95460,Q5JY77
Q9Y3E5,Q4LE39
Q8N5M4,P14543
Q96L91,Q8WUI4
P84243,P10589
P02679,P45880
P51681,P07947
Q9NZJ0,Q9H9E3
P41238,Q9Y2X3
Q9Y6N9,P46531
P63261,P52435
O94966,Q9Y3C8
Q9H0F6,P46976
Q5H9F3,Q00872
P32302,Q9UNY4
Q9H307,Q9BQ67
Q9UJC3,P62906
O95218,Q68DK7
O75369,O95197
Q9UJV9,O14920
Q14168,O15511
O15371,P49591
P31629,P39060
P61328,O43516
O75925,Q9Y3C8
Q13563,P48556
O00472,Q9Y2Y1
Q16630,P00742
P28074,Q05516
P02452,Q9UIU6
Q9H8Y5,Q9P0V9
P35221,O14979
P15151,Q9Y3Q8
O43264,P81133
O43156,Q14676
Q9NWB7,Q9H0M0
Q04323,P61163
P54105,Q01638
Q8N6Y0,P39905
Q9H467,P05546
Q9HBW0,P59768
P33681,Q9NZC9
P62306,P13569
Q9Y2V3,Q13501
P02654,P07359
P01375,Q9UKA2
O43639,Q969T4
Q9Y508,P18615
O43557,P62508
P01031,P05388
P62633,P51948
Q02156,P26885
Q86XR7,P33032
O43402,P18077
P16333,Q9Y692
O60504,P08833
Q9NRG0,Q6NYC1
Q8NFH3,Q8WTR2
P62070,P07947
P61956,P67809
P63316,Q9UPT5
Q86XK2,P20807
Q00597,Q9UPN3
Q9Y2J0,Q9NPC6
Q96QK1,P49768
Q6P1J9,Q9UQE7
P16871,P15151
O60741,Q05048
P25103,P08151
Q7Z419,Q93052
P51813,Q96M94
Q9Y6I3,Q86XL3
P54725,P46019
Q13705,Q9HBM1
Q9NQL2,Q13619
Q96RU7,Q9Y6K9
Q99594,O75592
Q8N488,P57775
Q6ZRV2,Q9H074
Q05086,Q9H0M0
P49736,Q86VS8
P32121,O14579
P49450,Q9UBS0
Q96RK4,Q92796
Q9H334,P06748
Q9H840,P02708
Q99466,O43597
Q6NYC8,P02765
Q8N196,Q9UBQ5
P40238,Q86SX6
Q53HL2,Q7Z4I7
P68543,Q9UBC2
Q9BQG0,Q71SY5
P46934,Q9NVI1
O15524,Q9UNN5
P08922,P23582
P12755,Q8IZD9
P00167,P41208
Q9H9S0,Q96AH0
Q13416,P09234
P63279,Q8WVM0
Q92843,P54252
P30679,P61968
Q8IWZ3,Q96F07
Q16629,Q9NS91
Q7Z5K2,P41240
Q9HCG8,O43815
Q66PJ3,P17096
Q63ZY3,Q8N201
P11047,P38432
Q9Y2Y9,Q8WW38
Q99665,Q01105
Q14653,P25787
Q9HAZ1,Q13185
P49427,P30988
P62879,Q8N5I2
Q5VV67,Q16526
P53367,Q6W2J9
Q13011,P00568
P01563,Q86U42
Q7Z3Z4,Q13151
P37088,Q92925
Q7Z419,P07333
Q09472,Q8TEP8
O94915,P29373
Q9NPH3,Q2MKA7
O75528,Q12873
Q9NWB6,Q13895
Q9Y2U5,Q9NQT5
Q01831,O75317
Q5VT25,P28328
Q15349,O43639
P46782,Q16633
Q96SU4,Q2QGD7
P25208,P49795
Q9H307,P55273
P14416,Q8IYD8
Q9H160,Q9UH73
Q13283,P50553
Q9H633,P42345
P46100,O75461
Q969T9,Q96NY9
Q96GM5,O60763
Q9Y2H1,Q96DI7
Q01892,Q15361
O95571,P68106
P49642,P38484
Q5XPI4,Q8IUQ4
Q96A44,O75840
Q9NYY3,P10636
P10914,Q53HV7
Q9C005,O43566
Q14498,P61619
Q9Y3E7,Q9Y265
O75494,Q9GZL7
Q9BTW9,P05546
P40222,Q14194
Q9GZY0,Q14764
Q96A72,Q9H4L5
Q9NZV8,P21333
Q8TDR0,Q8N201
Q9H8S9,P60842
P61619,P12272
Q9P287,P40937
Q13554,Q14789
Q9H2S9,P55347
Q9C029,P41279
O00339,Q92781
P46940,P16333
Q00526,Q9Y3B2
P42684,O15031
Q14C86,Q9BVG8
P07550,P02768
Q9UBS0,Q9UPS6
Q9H944,P60880
P30626,P40429
Q9BYW2,P51636
Q99966,Q9NWQ8
O15287,Q9UJF2
P51948,Q9Y2V0
O43156,Q9Y243
Q99661,P62318
P11926,P08579
Q9HA65,Q9H6T3
O00487,Q9UPY6
P78345,Q8NI27
P62906,Q9NQT8
Q96EK5,Q15645
Q9UKL3,O15031
Q9UKL3,Q9Y3E2
Q96CV9,Q9UKV3
Q9H4I2,Q96SN8
P16109,P11171
Q9H9E1,Q86YC2
O95544,Q8IVI9
P05230,P84085
Q99871,P32780
Q92625,P40429
O60506,P16112
O95721,P16234
Q04724,Q13901
Q969T4,P08151
Q9NPB6,P41146
P25791,O75410
Q15645,Q9H0E9
Q9XRX5,Q8WXA9
Q13705,P78348
O96013,P85298
Q14257,Q15021
Q96S52,Q15653
Q99062,Q9UH92
P60880,P01241
Q96MF7,O96017
P02545,P62491
P28340,Q5T9L3
P06870,P36405
P16871,O00401
P16070,O94813
Q9Y679,P78314
P51451,P02647
Q9Y2Z4,P53992
Q01970,P63220
Q9Y5Q8,O43432
Q92882,Q7Z3B3
P22626,Q9NPC8
Q9Y3C8,Q01081
P10828,Q15466
Q13596,Q96JB2
P63000,P52630
Q8NAV1,P08238
Q9H175,P98160
P06400,P18077
O95352,P17813
O75147,P29992
P52948,Q9H2K2
P40306,P35606
Q9Y6W3,Q8NFH3
Q13492,Q9H6Z9
P30279,O94817
P47755,O43427
Q6ZYL4,Q9UKJ3
O95571,Q9Y3C7
Q9ULM6,O15155
P78371,Q1KMD3
Q9UKJ1,P56159
Q7L5D6,O75940
Q9H9H4,Q9ULV0
O60239,Q99459
P36507,P36941
O00291,O75969
Q9HBW0,Q07866
Q12874,Q96JB2
Q9Y6N7,Q92529
Q70EL2,Q9HD42
Q15582,Q14814
O60271,Q9Y2I1
Q13554,Q9NQT5
Q9UBZ4,O15446
P11940,O75840
P49792,Q2NKX8
P61626,O96013
Q8IZH2,Q99961
Q8N8A2,Q9H0W5
P40424,P15018
P28328,Q5U5X0
Q9NQY0,Q13523
Q86XE0,Q9HBM1
Q12860,P42701
P35346,Q9BY67
O95297,Q99466
Q12846,P14543
P14866,Q14524
Q9UHW5,Q14118
Q9NVR7,P02545
Q9UHD9,P06702
Q16739,Q8N684
O95257,Q6NYC1
O60583,P62328
Q01974,P29474
P51679,P51948
Q8IVT5,Q13153
O14745,P10515
P31994,P29350
P08758,Q53HL2
P41208,Q8TDN4
Q96S52,O75330
O15371,Q06187
P16471,Q9UP52
O60239,P50150
Q96Q42,Q9UMX1
Q6GPH4,O43592
P08047,Q2M1K9
Q8NI27,Q07666
P25063,P23142
P35625,P50213
P35869,P15056
P05362,Q92530
P49137,O60762
Q9NZC7,Q7L5N1
P62979,P29320
Q9H4E7,P07951
Q9C026,O75182
Q9NWV8,P01241
Q9HD26,P56178
Q9Y3A3,Q9HBM1
O95819,Q96T37
P43356,P12272
Q9BUL8,P14678
Q12967,O75496
Q13352,O43913
Q8TDD1,Q8NHG7
P62942,Q13233
P05160,Q9H0F6
Q9UBN4,P17706
Q9UJV9,P22001
P57081,P52735
P78352,P13569
Q96QH2,Q9H257
P19474,P05771
O00148,Q86XK2
O00567,P25789
P39687,Q06455
P07737,P15813
P05412,Q9NP84
P18084,Q00526
P01563,Q13501
Q96Q42,Q9NP97
P38919,Q15723
Q9NWQ8,P15374
P61956,Q14186
Q99547,O94817
Q9BYG5,Q2TAY7
Q16630,Q15759
O95817,Q86TM6
O95544,Q9P0W2
P17302,Q5VST9
O75448,Q9GZQ8
Q12947,Q86VP6
Q00610,Q12769
P02649,Q03518
P28161,Q16828
O15259,Q9Y3R0
Q9UNE2,Q9H845
P19544,Q99638
Q13625,P55795
Q15717,Q9NWA0
Q93074,P10721
Q6GPH4,Q12934
O60880,P09234
O75368,Q15287
Q9Y333,Q9BW11
Q8TAD8,P49327
Q9Y230,O94889
Q03431,Q13557
Q14185,Q7Z6J0
O95816,Q9HD67
O43516,Q92925
Q9GZS3,Q9H6Z4
O94782,P29374
P01031,P21796
Q7Z434,O75477
Q9NUX5,P41161
O75914,Q01453
Q9GZS3,P49917
Q9H165,P49754
O75145,Q92538
P23469,Q5JVS0
Q8N3X1,P43628
Q8NFD5,Q6VY07
Q9NPF5,Q15404
P36542,Q9Y3L3
A8K0Z3,P19174
P16070,Q9NYA1
P78413,Q14565
Q9BQA1,Q06643
P49790,Q14112
Q99640,O43933
Q8NAV1,Q8TAD8
Q02388,O95243
P13805,P61604
P57740,P46531
Q9H0W5,Q92673
P46695,Q9NVP1
Q01638,Q9NPD8
P42229,P49760
Q6ZN18,Q9Y345
Q96HN2,Q9BU61
Q9H492,P20042
Q7Z7L7,Q06546
Q9HD67,Q9BW71
P08571,P21953
P02686,P23297
Q12830,P24390
P55039,P59780
O60880,P49459
Q9BRT9,O43293
P35221,Q12906
P15863,P21926
P19419,Q96IV0
Q9UPY8,O14958
P20783,P50749
Q99661,Q9NT62
Q13332,P41240
Q9Y3Y4,P15173
Q9ULZ2,Q96A44
P45379,P43034
P13611,P10827
P25774,P55060
O15212,P01019
Q01344,Q9Y263
Q92800,O15205
Q9C0C4,Q13362
P62820,P12272
Q9UBI6,Q9Y264
O75928,P49763
P20701,Q5S007
Q8TD08,Q13901
P49459,Q02388
P17980,O43488
Q7L273,P31949
Q8NI27,P39905
Q92889,P78552
Q9NYY3,Q05193
P61328,Q76N89
P52799,O15066
Q13474,Q9P086
P01112,P43320
P17661,Q96SW2
Q16629,Q86U70
Q5JSH3,Q9UBU8
Q08AG7,Q13619
P30542,Q92925
O75592,Q9NQP4
Q8TBK2,Q86WV1
Q93038,P55199
P19388,Q14011
Q96NY7,P17542
P35241,P14921
Q96S52,Q9BWU0
Q5VTR2,P67870
Q8TDR0,P08887
P61326,Q9Y6A5
P57081,Q9Y3B2
O95793,P20138
P10275,Q9H7C4
Q13889,Q8TF05
O14654,Q9NW38
P10914,P50150
Q9UBU7,P25789
P01040,P01100
Q07866,P13726
P48145,P10606
Q13474,Q02880
Q969G2,Q96H20
Q96NE9,Q9UNZ2
Q9UQK1,Q9H9H4
Q04724,Q5VTB9
P31321,P25787
Q01826,Q92530
Q7Z6J0,Q8NCE0
Q13617,Q9Y535
P04275,Q13163
P52655,Q86Y91
Q8WWW8,Q96T58
P19544,Q14183
Q9NRP7,P48551
P63279,P02545
P35398,O75530
Q6PI26,Q76FK4
Q7Z6G3,Q15596
Q969H6,Q96C24
P20138,P40227
Q53HV7,Q99961
Q96CV9,Q5T7B8
P49137,P55055
P50542,P57682
P62273,P26441
O75112,P30499
P26715,Q8N1E6
Q9UQB9,O14879
P61289,P18077
P55085,Q8N6Y0
Q5JQC9,Q53EL6
Q9BXL5,O75865
P51531,P56192
Q96L91,Q9P209
P11362,P06756
Q99832,Q9H9Q2
P08238,Q9UBS0
Q8NFH3,P52952
P21860,Q96IF1
Q99594,Q8NFH3
Q9H3M7,O75506
Q58A45,Q9UKS6
P49356,Q13509
Q13952,Q9C029
Q9NX24,Q96I34
O15078,Q9NZN3
P54764,P56645
P13611,Q13884
P61244,Q15154
P62834,P06756
Q16650,P61952
Q8NC51,P15090
P59998,O00220
P02746,Q15723
Q08380,Q15746
P12644,P15941
P01583,Q15361
Q13586,Q9NZ43
Q06265,Q53HL2
Q99460,Q9NV44
Q02763,Q14019
Q13239,Q9Y5S2
Q9UMX1,Q16543
P55884,Q14106
P61457,Q9Y2T3
P23193,Q8IVH8
Q8NDX5,Q9NW08
Q9BQE4,Q9UHN1
Q96HN2,P28336
P50150,Q8IWZ8
O75477,P0C1Z6
Q13573,P98160
P49917,P78318
Q8NB16,Q9Y263
Q14562,Q13009
Q9NY93,Q9BXL7
Q9H3U1,P62072
Q96FJ0,P43627
P62136,Q9HAZ1
Q14865,Q9NNW7
O43293,P34932
P78347,Q96BH3
Q96LR5,P24522
Q5T4F4,O14925
Q9H3Z4,P01236
Q96E14,Q8TEW0
P60660,P0C0S5
Q8TEQ6,Q15118
P22681,Q9UBQ5
P21127,Q9BW11
Q9NZV8,Q9BW71
Q9H410,P08700
P49639,P11308
Q9NVC6,Q9BYG3
P49427,Q9H2K2
Q07325,Q14151
Q9ULC4,Q96SN8
Q14674,Q9HC77
P33032,P39905
Q08117,Q96FW1
P02452,Q9UPN7
P09651,Q9P287
Q86U06,P22059
P50150,Q9UBR4
Q53HV7,Q15038
Q15834,Q8IYW5
Q96SB3,Q14315
Q93008,P48546
O60239,P07998
P52306,P61587
O75643,Q9UH77
Q13285,O75791
O95190,Q13555
Q92802,Q9C0C2
Q7L1Q6,P51572
P28069,Q8N1L9
Q70CQ1,Q96JC9
Q14790,P49069
P04264,P06702
Q9NTJ3,P27824
Q6P2E9,P30989
P29622,Q9H4L5
Q76L83,O14965
Q6P0N0,P62316
O15155,Q9UHC6
P22392,Q9Y2W1
P36896,P07858
P53367,P83436
Q9H8S9,Q9NS00
Q13542,A5YKK6
P61758,P85298
Q5T6S3,O00167
P07737,P01375
Q96S55,Q9UJY4
P03952,P15153
P02748,Q9Y2W7
P01112,P16410
P48509,Q8NG41
Q06418,O43364
P16220,Q8NF50
Q13620,Q96LC9
Q8NHG7,Q92730
P20138,P10242
O00472,Q9UQB8
Q9H3M7,Q9UKT4
Q96NE9,P02730
Q9H9Q2,Q16478
P24928,P37840
Q9ULC4,P32246
P08574,O14867
P09455,P02743
O75969,Q15691
Q92904,Q9H0Y0
Q01860,Q13557
Q9H307,P63215
Q9Y698,Q9H0N5
Q9H0E7,P13725
O43663,Q13351
Q15256,Q02156
P31994,Q9Y6W8
P17947,Q9UI47
Q9NV58,Q15406
O75146,P25024
Q9Y5Y5,Q8TDN4
O00241,O00762
Q96EE3,P42261
P62266,Q15022
P61019,O75807
O43847,Q9UHQ1
Q96MF7,P40222
Q14161,Q9P104
P23258,P49736
P59998,Q05639
P51571,P09651
P16333,O76064
O94842,P23771
O96011,Q15915
Q9UL18,P30153
P85298,Q9NQP4
P11387,P62834
O15123,O75506
Q13509,Q92569
P35346,Q86SQ9
P22626,O75056
O94973,Q99952
P29459,Q9BQ67
Q96EK4,Q06546
Q9Y345,P18054
P63096,Q8IUQ4
Q03135,Q86US8
P68106,P30307
P28062,P49327
P08246,Q13618
Q19AV6,P08684
Q9UM13,O75496
O15527,O94906
Q16777,Q14686
P35250,O95433
O43572,Q9NS91
Q9UJU2,P36404
Q9UM47,P62875
Q9H0E9,P62495
P08908,Q9H6Z4
Q8IYD8,Q71SY5
O43390,Q9UBF6
Q14789,O15511
P43686,O43896
Q9H160,Q9HAJ7
P62277,P61081
Q9HAT0,Q9UI47
P15502,Q9Y6Q9
Q96JB5,O00592
O60504,Q7Z7L7
Q8N9M5,P48167
P02730,P46776
Q96MF7,Q92673
Q15020,Q8N3X1
Q8WYP5,O60216
O00763,Q6ZUJ8
Q7Z6J0,Q12929
P62805,Q14449
Q8WYR1,P56817
Q9Y383,P41161
P17661,Q9UGI9
Q14202,P26045
O95297,Q8IZJ1
O94763,Q96SD1
P34130,P06703
P22087,Q92797
P61077,Q6IAA8
Q99741,O75694
Q9H7Z6,P62736
P04899,Q9UHC6
Q13233,Q9ULV3
Q9NP84,P78556
Q92956,P04083
Q9BZL4,Q9BV36
P29459,Q92973
Q8TDR0,Q8TAQ2
P25490,P35236
O15550,P08962
P05783,Q9HCJ0
Q15831,P51884
P21941,Q92796
Q8TES7,Q92529
O95644,P46531
P35398,P30626
Q14242,P30679
O95831,Q86TM6
P07737,P83436
P49821,Q96F86
Q15102,P01189
Q8IVT5,A8K8P3
P21506,O00487
P42336,P02452
O75410,Q9BW27
P18465,P26599
Q15542,O75448
P78362,O60762
Q92985,P36405
P15336,Q8NHW3
P22301,Q14318
Q8TES7,P36956
Q6NYC8,O14958
Q01831,O14958
P22059,P37023
Q8WYR1,P50151
P02671,P62328
Q14155,Q13887
Q96EK5,Q6NXR4
O95376,Q66K74
Q5VZL5,P54646
Q9NPI6,Q13588
P49918,P78314
Q6VVB1,Q96EZ8
P24941,Q9Y5K5
P18510,P48023
P28324,Q13009
Q96EK4,P27448
Q9ULZ3,Q7Z589
Q9Y4Z0,O00541
P35227,P55273
Q9UHQ4,P04066
P46087,Q9Y2W2
P62304,Q96FW1
P48378,Q9GZN8
Q92918,Q5T9L3
P50542,P19419
Q8IVP5,P15880
P08581,P09629
P02538,P49257
P46976,P42345
Q5TGY3,Q9H1D0
Q9BUB5,Q9NQ29
Q9P2R6,Q9BZK7
Q14674,P56192
Q92833,P07947
P35658,Q96JB2
Q14957,P51911
O60645,Q9H8S9
P57105,P20810
Q9BQ15,Q9UBT6
P28562,Q02297
P38646,Q13011
Q8NHG8,O14746
P26641,P25942
P15407,P20023
P30273,Q9H1D0
P49450,P85298
Q9UQ88,P15813
Q96CS4,Q53EL6
P01111,Q9NWB7
Q99743,P47224
O15287,P01160
Q03135,Q15485
Q96QK1,Q9BXK1
P68431,P43627
Q7L5D6,Q8NG41
O94874,P15151
Q9ULV0,Q6PD62
Q7L591,Q8WVM0
Q96EB1,Q9Y3C6
P10828,P21796
P60520,Q9HD26
P14770,Q9NZJ0
Q8NFH4,P10147
Q9BPX3,P14923
Q16613,P02461
P06858,Q92796
O43847,Q15788
O95278,Q9BYE7
Q15819,P15018
P10147,P02763
O43189,Q9H7Z6
P01116,Q3LFD5
Q9NYG5,P06734
P63104,Q00987
Q8N1I0,Q9UL63
Q15102,P52815
Q5VT25,Q9NPI6
Q92882,P41743
Q86YV9,Q9Y376
Q9UBS5,P29466
P04049,P09914
Q9C0C7,Q9UBL3
P50150,Q96A56
P40222,Q9Y375
P13611,O75663
P61158,Q13002
O00592,O75791
O60568,P16284
P61006,O43164
Q00975,P30988
Q68CZ6,Q8TEU7
Q14134,Q15154
P15918,P32780
Q9UBS5,Q9P104
P15260,P10242
Q8WYH8,Q6EEV6
P01892,P16389
Q01201,Q15542
O75312,Q1KMD3
P46821,Q71SY5
P29083,Q9Y587
P06870,Q76N89
P09234,P10398
Q15406,P21817
P21941,P18846
Q9Y2Q5,Q9NVD7
P04275,Q8IUQ4
Q8TAG9,P23025
P04275,Q9H4P4
P85299,Q9GZQ8
O14950,Q7Z417
Q13547,Q13427
Q08379,Q13501
Q92834,Q9UL18
Q96JM2,P52630
Q9HD36,O15211
P33552,Q9UQB3
P05386,O14979
Q8N4C6,Q8IYD8
Q9NX08,Q14BN4
Q15942,O43292
P40222,P78345
O43502,Q92966
Q14192,Q9Y283
P08758,Q9P2Y5
P55317,Q9BW11
Q9H251,Q08050
P35638,Q9H3P2
O43313,Q9GZM8
Q8NFD5,Q96SD1
O76003,P62491
P22830,Q9BVI4
Q9NYJ8,Q9UGK8
O00463,Q9UPT5
P04075,Q32P44
P49327,P30153
Q7L5D6,P63167
O95931,O60568
O60237,P41252
P15056,Q9UKY1
Q9Y6W8,P23763
Q15645,P15260
P51813,P50213
O14519,Q86SQ9
P14780,Q00613
P54098,Q5T7B8
P62942,Q99459
Q92558,Q15759
P10275,Q96L34
Q9UPN3,P28347
O95931,Q92530
Q8WYQ5,P01730
O75940,Q96DE5
Q9Y692,Q6VMQ6
O75145,Q86SQ0
O75529,Q13617
Q13387,Q8WW38
P29322,Q92813
Q13867,Q8IU81
Q9NX24,Q9NR12
Q93009,Q9Y2V7
O43566,P19793
P30531,Q9H0W8
Q7L591,A8K8P3
P29992,Q9NP84
O00231,P15172
P27701,P25787
Q9UJF2,Q9Y3B2
Q07021,P08151
P36402,P05181
Q9Y271,Q86U70
P34130,Q13285
Q9H4E7,P98177
P31321,Q8WVM8
Q99576,Q7Z4S6
O75928,Q8WVK2
Q5T124,Q99418
O43665,O75164
O14613,P23396
O14787,Q9H1J1
P03973,P43628
Q01664,Q9NVF7
Q9Y4Z0,Q92636
P47755,Q13895
Q9H6Q3,Q92793
Q96Q15,Q9H074
Q9HAP6,Q9Y4B4
Q86Y01,P16389
Q9UJX2,Q9BXW9
P43357,P30305
P19474,Q9BUL9
P09629,Q9UP52
P31948,Q92530
Q9H8V3,P43364
P32121,Q9Y2V7
Q9BVG8,Q9HAQ2
Q9H6T3,O95067
P23771,P14635
Q8WVM8,P20023
P19474,O43390
A5YKK6,Q9NR50
O15020,P13598
Q06587,P33993
O75969,P55327
P50990,P05230
P19883,Q15836
Q9H165,P11171
O00463,Q9NQ55
Q12860,P36954
P20702,P08637
P06734,Q8TCJ0
Q99767,Q6IA86
Q9NXR8,Q9P0K7
P59998,Q9H4B4
Q99683,P34932
Q9H6D7,P19174
P10809,O15511
O60262,Q16828
P51587,P08754
Q12841,Q14296
O94829,P16144
P49711,P25205
P06858,Q92747
Q99623,Q5U5X0
Q13023,P08709
Q9BUE0,Q8TEB1
O14974,O15357
P18054,Q9H270
Q96G25,Q92797
P04141,Q96CW1
Q5VSY0,O95071
P18206,Q7Z6Z7
Q9UH92,P10242
P52701,Q99459
P14653,Q8IXW5
Q96N96,Q9NPC6
P22830,Q8IYJ3
P62263,P81274
P07948,Q9Y2Z4
Q15645,O75934
Q99728,P23469
Q99626,P98172
P00374,O15116
P13612,Q9Y2Y0
Q9GZT8,P46821
P09681,P50990
Q9UK41,Q13541
O14613,Q8N3F8
Q9UI47,O94817
P43246,P42261
Q15021,Q13200
P05386,P51172
Q9ULM6,Q8N3Y1
Q96SW2,Q9NZW5
O75689,P63272
Q9H410,P31350
P39748,Q07820
Q96A47,Q76FK4
Q15785,Q99576
Q14657,P60484
Q9BZJ0,Q13009
Q9H074,Q96S96
P35228,O00712
P62136,Q9BQ52
P12268,P28065
P26010,P31949
Q03167,Q8WTR2
Q6NWY9,Q5W0Q7
Q9Y6M7,Q9H816
Q9UKF6,P61626
Q08117,P62316
Q9Y4A8,O60826
P61019,Q9UBE0
P16885,O14948
Q9BZE9,O75962
O00241,P50895
Q01826,P36896
P14784,Q5T5C0
Q14722,P63215
Q9BTC8,Q99748
Q5TKA1,Q92851
P16471,Q9NZJ0
O75461,Q8IXQ6
O00566,P11387
Q9H461,P13760
P98155,P22460
O15259,Q2NKX8
Q9UBB5,P09683
P42025,P61163
Q8IYF3,P46776
Q9UQE7,Q96B36
Q99575,P28340
P50914,O43508
P05120,Q9Y6H5
Q01968,P98164
Q8N5H7,Q6ICG6
P35219,P05549
O95232,P52630
Q9Y5B0,Q07011
P98164,Q9HAQ2
Q9Y219,Q4VX76
Q96PB7,P15941
Q96II8,Q9NV56
O14613,P16109
P19022,P42345
Q15287,P24539
Q9BXK1,P59768
Q86YT6,Q9P104
Q16739,P23396
P02538,Q9UPT5
Q9UHQ4,Q9Y383
P23396,Q07960
Q15363,P02788
P22415,P50453
Q9HAW0,Q8NFJ9
Q14008,Q9NW38
Q9ULR0,P24723
P18846,Q7Z7L7
Q9H8Y8,O75962
Q9H221,Q3LFD5
Q15648,Q8NI27
P07711,O94817
P11532,Q9UM54
Q99972,P31350
P55209,Q9BTP7
P40926,P08962
O14746,Q9NXR1
O95155,P15692
Q9GZQ4,Q96IY4
Q96D46,A2RRP1
Q9C0C9,Q7Z419
Q14990,Q13546
Q14008,P51825
P51684,Q8ND25
O00757,Q76N89
P62633,Q6X4U4
Q96E14,Q9Y4H2
Q9Y3I1,Q9NVP1
Q13387,P14784
Q9P086,P42166
Q96J02,P51684
P42226,P50616
O15126,Q9NZ43
Q9UIF9,O95382
Q8TEC5,P14923
Q96F86,Q8NHL6
Q99962,Q15700
Q15555,P13010
Q8IZQ8,Q7Z6E9
O75081,P21333
Q8N5V2,P23327
O75446,Q6GTX8
Q15645,P02749
Q8IZQ1,O00186
P04626,O43390
Q9P2B4,O15392
O75969,O75182
Q9Y572,Q00536
O43680,Q9UQB3
Q9Y2Z4,Q04912
P05120,O75312
Q96BD5,Q9NPD8
Q7Z465,P41240
Q96RK0,O00757
Q9H9F9,Q9BZK7
Q9UHD9,Q13617
P54578,Q8N9M5
Q9Y2S7,P10636
Q9Y2U5,Q13492
Q9Y5Q8,P04066
P52565,P53365
Q9BQA1,Q15831
O75368,Q8N6T3
Q15672,Q5TCZ1
P09769,P07814
O60486,Q01658
Q9UJ41,P30203
Q92530,Q8NFZ5
Q13332,P25391
P50461,O43597
Q13470,P62195
P00451,P00533
Q12962,P51693
Q8NHG8,P19838
O60256,Q9UHB4
Q8WTW3,Q6P0N0
O43294,P27824
Q9Y2Y4,Q16611
Q9BV73,O43164
P22695,P54136
P43626,Q96B36
Q9NZN4,P60033
Q96C24,Q7Z494
Q9BRG1,Q9NNW7
Q14573,Q16082
P02654,O94979
P26992,O95382
Q8N122,Q9BYG3
P60660,Q9NQ29
P51965,Q9BRQ0
Q9GZY0,Q9NNW7
P01563,Q13643
Q9NYB0,P15924
Q01892,Q99615
Q9H3P2,P49754
Q9UGI8,P22223
Q58A45,Q9BQ67
P20963,Q53HL2
Q9UKT7,Q9UK58
Q9NZC7,Q92667
Q96FV9,Q9Y6E0
Q14498,Q8N684
P61962,P09234
O43390,Q15833
O95197,Q92917
O00329,P0C0S5
P57678,Q01860
Q8N8S7,O43164
P51610,Q15131
Q9H9E1,Q9UPY3
Q9BQQ3,Q9UFG5
O75323,Q9BVP2
Q5JTV8,Q29RF7
Q7Z465,O94889
P05362,P30086
Q02763,Q7L273
P41212,Q99584
Q96RN5,Q9BX59
Q8IZD4,Q16656
O60568,Q99547
P28062,Q16539
Q9UL25,Q9BRK5
Q9NY93,P13804
P62166,Q03518
O15212,Q9Y570
O75528,Q9UIB8
Q14681,Q969H4
P61952,O14925
P27986,P32780
Q9NQ25,Q15404
Q8WXI2,P68543
Q99615,P23469
P55895,Q9Y6B2
P09769,P08047
P12268,Q9NYJ8
P18075,P17813
Q9GZY0,Q9UK97
P20749,P05121
Q9NV92,O95487
P17861,Q9UKV8
Q9UGJ0,P61225
P49458,Q05048
P52756,Q03431
P12270,Q9UQB3
Q13547,O60516
P09874,Q92730
Q9Y294,O14948
Q9C0C2,P42261
P06576,P35052
Q96DY7,Q8IWY9
Q9UMX0,Q3V5L5
Q92985,P27658
Q6PI26,P49715
P15018,P00568
P78556,P60763
Q63ZY3,O43264
P85299,Q9HAZ1
O43745,P06493
Q8WUA2,Q9Y262
P17275,Q9BTP7
P09661,Q8TDY2
O15020,Q9Y4J8
P23297,P01225
Q96S52,O75312
Q96GG9,Q12840
Q9UBQ0,Q06413
P62072,P38484
P04275,Q9BU64
P08238,P35637
Q13233,Q05682
Q9Y294,P01116
P29375,O95163
Q9BS18,P25705
P62875,P62195
Q969H0,Q92813
P31689,P10916
Q9NPG3,Q9UHB7
Q6ZU15,P07942
Q66GS9,O75884
P61225,P78552
Q8TEP8,P48730
P16471,P51965
Q969P5,Q6P1N0
Q7Z465,Q13523
P26951,O95373
Q92747,P46821
P08621,Q8WXA9
Q9UFG5,P02765
Q86XE0,Q9P0W2
Q6NWY9,O60830
Q92854,P08151
O75586,P62314
P26951,O75934
O43665,Q8NHL6
O60500,Q8N5R6
Q9UQ84,P04198
Q8N2W9,Q86T24
O43390,P09884
P37840,Q05639
P05160,Q9NPD3
Q9HBH7,O14727
P62979,Q16644
O14593,Q7Z460
Q08722,Q13444
P31629,Q14315
Q9NZC9,Q13224
P24941,P42263
Q9C0C7,Q9Y6W3
Q14005,Q9UQQ2
Q9UBZ4,P49458
P47755,P50213
Q9UMX0,P62277
Q03519,P61006
Q9UBS5,O43379
Q99973,Q9H9S0
P49642,Q9NX70
Q9BS18,Q14203
P27482,O94927
P62877,P51572
Q7Z6A9,P35658
P12956,Q9P1A6
Q16531,P30556
P53803,Q8IW35
P54727,Q8TBZ2
Q5T4F4,Q99612
Q9BV36,P35556
P62750,P08195
O14746,P08754
Q92882,Q9BWF2
Q96II8,Q9UNN5
P18564,Q99801
Q9GZS3,Q8TAP6
Q9NS56,P30622
Q96BD5,Q9HCE7
P11473,Q9NR55
Q9H0E7,Q9UKK6
P35916,Q9NNW7
O60356,Q14BN4
O15360,O15297
Q14582,P20936
P01857,Q8IY57
Q76FK4,P51148
P61764,P08311
P61289,O95336
O60285,Q9UPU9
O14787,P02730
Q9Y275,Q16695
P07093,Q9UBL3
Q9UGJ1,P21453
P56159,O43508
Q6UB99,Q9NPA8
P24539,Q96DE5
Q16656,Q68CZ2
Q68E01,Q92519
Q99816,Q96JB5
Q8IZD4,Q05516
O95235,Q9UMX0
Q02447,Q05209
P06127,Q05639
Q9GZQ4,P05813
Q99638,Q14118
P10809,Q13901
Q7Z628,Q13216
P57078,O60869
P36404,P35269
O75800,Q14526
P11047,Q92985
Q969H6,P05546
P62491,O95425
P56693,O14901
P00488,O14958
Q9BXL5,Q9ULK4
Q92519,Q9H0M0
P22570,P49116
P19419,O95503
O00716,Q9UBC2
P40926,Q8TCX1
Q9BXW4,Q96SW2
P49427,P42226
P08254,Q9UBY9
P84022,O14867
Q8WUF5,O60869
Q05066,P35579
Q9ULV0,O43293
Q05209,P20594
Q13387,P01732
O94966,O43264
Q9Y572,Q9H9E1
O75293,P24723
Q99471,Q8NFJ9
P20916,P30291
P51114,Q08050
Q5T5X7,P40926
Q13283,Q9NVI1
P22301,Q969T4
Q12834,Q9HB90
O14980,Q9H6D7
P32121,P09326
O00757,Q05639
P52756,Q9H2D6
Q99615,Q12778
Q9UI09,P48551
P28482,Q9HD47
P22830,Q53G59
Q9Y692,Q13287
P55773,P10747
P17947,P42262
Q15363,Q8TB52
Q96SZ6,Q9NS91
Q9BXM7,P26715
Q02080,O43427
Q86XR7,Q96KJ9
Q9BTE3,P05556
Q99567,P28340
Q9P2R6,Q8NI35
O43865,O95785
P08100,P56645
P07954,P52630
P06396,Q92817
Q12802,Q96AX1
Q5XUX1,P31942
P07954,Q96Q42
P27986,Q96PK6
O00418,Q8NHM5
Q6P1J9,Q9Y2S7
Q16667,P03973
P02747,O75179
Q14103,Q16478
Q7LBR1,Q14242
Q9Y6M7,Q7Z5K2
P29322,P49336
Q96AE4,P48730
P57105,Q9H553
Q15020,Q15365
Q9HB19,P49789
O95785,Q9UBI6
P05120,Q92540
P26045,P08138
Q9UHW5,P26367
P14635,Q9Y6F1
P10588,Q7KZ85
Q96S52,Q7Z6M2
O76003,Q8IVH2
Q9Y5X1,Q15233
Q9H9F9,Q9BW61
Q8N1F8,P09622
Q9UK45,Q9UK41
Q9UKN8,P24522
O14653,Q96JN8
Q99496,P36941
P62312,Q9NR50
Q6QNY0,P25189
O43395,P61626
Q9H9C1,Q8IWS0
Q9BQB6,Q96KJ9
Q9UNY4,Q9NQ55
P35568,P06881
O14649,Q13427
Q96S44,P05813
P51790,Q9NXR1
Q9BVC4,P36897
P33076,Q9ULZ2
P30049,Q8TDN4
P21583,P49763
Q9H410,P51172
P38398,P08514
Q01970,Q9Y6D9
O43439,O14727
O94966,P61968
P35637,Q9BW11
P52655,Q00975
Q99623,Q9UKJ1
Q8IYD1,P63241
Q9NZV8,P05546
Q9BZD4,P46379
P02748,Q8TEB1
Q9NSA3,Q15485
P35052,Q9NP97
Q8N2W9,P61225
Q99570,Q76N89
Q13451,Q9BZE4
Q9BT67,Q99759
P61923,P41161
Q96AP0,P15498
O14653,P55089
Q14498,Q96AY2
Q08117,Q03518
Q9NPI8,O75326
Q16543,Q8IVH8
Q8TDR0,Q9ULZ3
Q99665,Q9NPQ8
Q12947,Q96S52
Q02952,P10398
Q13283,Q8IUC6
Q8IW35,Q6P1N0
Q7Z6M1,P62906
Q9BY84,P60660
Q16659,P02741
P18545,Q96RR4
O95793,Q96J92
P51571,P49711
Q8TDY2,O00470
Q15233,Q9UBU8
O95600,P61925
Q7Z3Z4,Q9UL63
P02675,P49959
O95487,P04075
O94966,Q9UPS6
O60296,P21860
Q14242,Q02241
Q9BYV2,Q9H0K1
P56377,Q5JY77
P17600,Q8IUC6
Q00610,Q9BXM7
Q15436,Q9HBE1
O43395,P61204
O00592,Q2NKJ3
Q02763,Q9BRG1
O14893,P30988
P07225,P61077
Q8NBP7,Q9Y2W2
P47804,O75553
Q9H2C0,Q4AC94
Q9UHN1,Q12802
Q9BXK1,P08684
Q7KZI7,P15407
Q9NQ66,O75676
P51790,P05106
Q8IWY9,P08247
P00374,Q9NPJ8
Q8IUD2,Q9UKY1
P33991,P40939
P62195,P29460
P26951,P50281
Q9H0C5,Q6ZW49
P40306,P56693
P12757,Q99615
P51451,Q6SZW1
P00519,Q71SY5
Q14831,Q92781
Q8IZL8,P48551
Q9UKJ1,O75531
Q9BXW4,Q9P2D0
Q86YS3,Q96SD1
Q99684,O75150
Q5T5X7,Q9HB19
P61371,P19387
Q8IYD1,P49458
Q9UGM3,P15090
Q8WZA2,P30988
Q96QH2,Q96RU2
P61289,Q12874
P50052,Q15051
Q96IT1,Q99835
P31314,P09429
O15111,Q14681
O75478,P05556
Q9NV31,O95704
P10644,P61962
P62191,P09493
O95704,P05556
P38936,Q9UIV1
Q8N3U4,P10589
P43364,P35236
Q8N6Y0,P08519
P55327,Q9H4B6
Q9UKP3,Q9UPN7
Q02156,P23760
P11308,Q8NEM0
P48551,O14893
P25103,O43913
Q15233,Q8IX90
Q96CW1,O76075
P28799,P11177
P09429,O00451
O43402,Q9UJX5
Q9UJM3,P25054
Q9H160,Q7L0Q8
O60741,P11308
Q86SQ0,P26367
Q9NRW7,O43516
Q13151,Q13884
Q8TBZ3,Q15366
Q86YV9,O96020
Q9UPW8,Q9UBE0
P16035,Q9NWV8
Q9UHR5,O60762
O95297,O43313
P78364,A9UHW6
P02452,Q15404
Q96DI7,Q99547
Q96B26,P51948
Q92886,Q8TEL6
P08572,O96013
Q9UGM3,Q13557
Q5SW79,Q6IAA8
Q8NCQ7,P54098
O60516,Q70IA6
Q01201,P10644
P04275,Q15366
Q5T5C0,Q03519
Q16667,Q9UH73
Q13283,P21728
P29322,P18848
P50553,P02788
P20701,Q9NP71
O95696,P55010
O14594,Q9UHN1
O75676,Q9NZU7
P59998,P12980
Q58A45,Q9UIG0
P02654,O00628
Q9H074,Q6ZU15
P98155,Q8IVH8
P60891,Q8IUC6
Q8WVC0,Q9GZU2
Q93074,Q96PM5
O15027,P10827
O15392,Q9UKT7
P60891,Q05682
Q9UBK5,Q01844
Q9NUX5,Q9P0W2
Q14160,Q9UGJ0
Q8IZJ1,Q9NVP2
P53985,P08151
P48509,O60683
Q6ZNE5,P05156
Q9BUH8,O60504
Q8N2W9,Q14186
Q9UBQ0,P51677
O00712,P50461
Q02156,Q7Z4S6
Q14739,Q8IX90
Q14149,P18077
P18848,Q9P104
Q702N8,O95400
Q9BWT7,Q9Y2S7
P25445,O60238
Q99583,P30153
Q13216,Q13402
P57678,Q92696
Q9NWT6,O75840
Q13416,Q92904
O75528,P30260
P09681,Q15836
P04049,P27815
Q9BUB5,P30679
Q9H9Y6,Q8NFH3
P00167,Q9BZE4
Q8TEK3,Q14974
P51677,Q15404
P27658,Q96QC0
Q96SW2,Q16633
Q96HA7,Q13501
Q9Y228,P42229
O14593,Q9H0Y0
P08922,P55884
O76070,Q14512
P20290,Q15642
Q8WX93,P08962
Q9BU64,Q06455
O95273,P56693
P17301,P07237
O60763,P22736
Q9Y5R8,Q07864
P54920,Q96J02
P10914,O75817
Q14242,P16144
O75955,P51148
Q9H9S0,Q8N488
Q9NRP7,Q13873
Q9H2X0,Q13554
Q8N4C6,Q9NPY3
O95677,Q9P2B2
Q8NB46,Q6P0N0
Q9UNE0,Q9P2W9
P61586,Q7RTV0
P11387,Q9NP64
Q86VX2,P46060
P23284,Q66PJ3
Q9UBD5,P60484
P54132,O75663
Q9H765,P00533
Q99714,Q13555
Q9Y2W2,Q70EL2
Q16777,Q9NRG4
Q9Y6F1,Q9BV36
P49915,O43542
P02708,Q13838
P31751,Q9Y4K4
Q9UMX0,P68032
Q86U86,Q99618
P49336,Q9NVI1
O75147,Q8NEM0
O60271,O75528
Q15717,P21452
Q6GPH4,Q96NY9
Q9UPY3,Q9NQT8
Q6NWY9,Q9BYE7
P41134,Q8NHM5
Q9Y383,P26715
P35900,Q9H1K1
Q01831,P62277
P18510,Q9BW61
P05412,Q8IZJ1
P62081,Q96PK6
Q9H461,P38159
Q9GZZ9,Q9NV31
Q9Y4A5,O95257
Q9Y6W5,P01892
P67809,O60231
P49757,P28161
Q9NQL2,P09884
Q9H6U6,P21580
Q86UP2,Q9BRG1
P09661,Q8IY31
Q16777,O75717
O14862,P42263
Q9Y2Y1,Q8IWY9
Q6P1J9,P02545
P40306,Q00613
Q9Y3A3,Q2NKJ3
O75915,Q9H816
P35609,Q01638
Q96CW5,Q00526
P31323,P51398
Q86VN1,Q9Y3D8
Q93038,P24278
Q9GZS3,Q93063
Q9ULK4,Q99956
Q13347,Q8NG41
O14879,Q3V6T2
Q5RKV6,Q9NQ94
Q9UBK9,P49768
P02795,Q9NP64
P20700,P11387
Q9BXF6,Q9NPG3
Q68DK7,P51965
Q9H078,Q9UPU9
Q01130,Q9UNP9
Q8N122,P23327
O43150,O94979
P50991,Q8TD16
Q96KP1,Q13617
P62750,Q13588
Q07890,O94985
Q8WYP5,P35606
P61626,Q8WUD4
Q9Y2X8,P17542
Q01844,P02786
Q9HC77,Q9Y243
Q9NRF9,Q6VAB6
O76003,Q12860
O75376,P22413
P61019,Q9NSC5
P35548,Q92530
P56270,P42345
P60880,O60437
P08648,Q9UH92
Q01105,Q14151
Q96CS3,Q99748
P41180,Q96HR8
P14923,P31314
O15018,Q03431
Q92922,Q99081
P51610,Q5VST9
P51451,P31483
Q9Y2Y4,O43318
Q12778,Q969P5
P43358,P15880
P21941,Q9H0U4
Q5SW96,O43583
Q15172,O00291
O95376,P43119
Q5T3J3,P06239
P62277,P35659
Q92599,Q14118
O43516,O14901
Q9UBP6,P35568
O95218,Q9BQG0
Q93009,P08962
P23526,Q9H4P4
P09914,Q8TF05
Q14BN4,Q9UHC6
Q8NBT2,O15357
Q7Z6M1,O43933
Q9UQR0,P37023
Q8N4P2,Q9UL63
P13639,P04066
O95714,Q14134
Q15648,Q96I34
Q13319,Q15366
P42226,O00512
Q16832,P08754
P09455,Q9BUG6
Q14103,P28074
Q13873,P05181
P43628,Q13155
Q7Z589,P53365
O00472,Q70CQ1
O95967,Q9BUL9
O60763,Q9Y508
Q96L91,Q96JB2
Q16650,O75592
P13498,P48553
P51553,P62841
Q8WXI2,Q96L73
Q99612,Q14938
Q9ULV8,P26371
P04406,Q16539
Q8IZD9,Q9GZX6
Q16531,P07315
O15530,Q9UHB4
Q15020,O60678
Q93062,Q9UJV3
O60683,Q9NQ29
Q93034,Q9NR33
Q14160,P35241
P61978,P35228
Q9Y678,Q08722
Q9Y2X8,Q8N8S7
P25942,O15018
Q9H211,Q14990
P67870,Q07960
P14416,P10145
Q02413,Q9NQZ3
Q8N9M5,P62906
P49917,P04637
Q9P0L2,Q99835
Q9H9H4,P98164
P15391,Q9NWS0
P53680,Q8IVI9
Q8N3R9,P18433
P51681,Q9Y2W2
P08574,Q13509
Q92973,P09564
O14983,O60885
Q96RR4,P35228
O75832,O00499
P49639,Q9BQA1
Q7Z6A9,Q9Y2J2
P19474,P18846
Q9BVA0,Q86W92
Q92887,Q969H4
Q9HAQ2,Q13427
Q9H0R8,Q15334
P00751,Q9UBP5
Q14257,Q9NS91
Q13164,Q9Y2W2
Q13257,O75695
P08754,Q9P0K7
Q13418,Q08043
Q9NZN8,Q13443
Q9P253,Q9BW71
Q8NAV1,O00623
Q68EM7,P07992
P61326,P15260
P05386,P11684
Q99623,P50749
Q9NWT6,O75396
Q9UHP3,Q13643
Q6P2Q9,P62753
Q16629,Q9ULJ8
Q96EK4,Q86XK2
Q09472,Q8N6Y0
Q9Y2S7,P62314
Q9HD26,P52630
P39019,Q9H9E1
P61457,Q86Y91
Q6IE81,Q9BUG6
Q7Z6J0,O43707
Q13137,P10301
Q15554,P06858
Q86VX2,Q9H7Z6
Q8IZJ1,P35712
Q9NP77,Q6EEV6
Q13362,Q9UKV3
Q5JSH3,Q9NPC8
Q9BZE9,Q9H2K2
Q969R2,P08670
P56645,P28340
Q9Y2X8,Q9BUN8
O95155,Q08AG7
Q06418,P31314
Q9UJY5,O14948
P49454,O94985
P12814,P06748
Q9H4E5,Q9H175
P06400,Q9HAP2
Q15038,O43513
P07766,P22307
Q9NQ48,Q14565
P00568,Q96EB1
P54646,P28062
O14653,P29320
Q00653,O43924
P01137,P05549
O75807,Q96IF1
P23193,Q99638
P55773,Q8NF91
Q9NQL2,P68871
O14980,Q9UHB7
P09234,Q6PIJ6
Q9UER7,Q13480
Q92558,Q9H0M0
P26045,Q96AP0
P53367,P45984
Q8IWZ3,O60830
Q9UGJ0,P19838
Q9UI14,P02462
P43005,O43513
O43187,Q9NVP2
Q9UQ88,Q8IX90
P11047,Q92570
Q6VVB1,Q9UHX1
O14613,P20807
Q02224,Q15389
P03951,Q9Y2I1
Q9H074,Q8TF74
Q9Y2X8,Q92564
Q8N3Y1,P02679
Q99590,P35398
Q9NZL6,P08709
Q7Z3Z4,Q8IY18
P62877,P55273
Q13190,Q13087
Q99569,P0C2W1
Q9NRY2,P05546
Q6IQ32,P01106
Q9UNF0,P26373
P13796,Q9UK41
Q9H9A7,Q96HR8
Q9NR12,Q9Y4B4
P56589,Q14168
Q9UMW8,Q9BQ95
Q03519,P17706
Q6ZRS2,O60830
Q96LC9,Q13887
P30101,Q8NHL6
P07711,Q13507
Q6P2E9,Q9Y3R0
Q16740,Q96JB2
P07814,Q99567
P35638,Q9BWC9
O00232,P35398
P62310,Q14203
Q9HBM6,P61006
P10588,P15498
O00141,O00303
P19174,Q86TM6
O43745,Q9UI08
Q9UNL4,O43184
P43357,P27361
O14836,P62906
O76071,P50750
Q96AJ9,P42574
P16860,P11277
Q13232,Q9UMX0
Q8ND04,Q13451
Q13352,P31314
Q9H307,O00626
P15173,Q8N556
P28702,Q15389
P14923,Q07820
P28336,Q08752
Q9BU64,Q9ULV3
P78413,Q8IWZ8
P61964,P51149
Q6VVB1,Q9H0U4
P01111,O76041
Q14626,Q7L2E3
P06239,Q92570
P41212,Q96AX1
P18510,P49754
P10415,Q00872
P62316,Q92730
Q2MKA7,Q16650
Q9H765,P07992
Q06481,P30307
Q86VX2,O94829
Q96JB5,Q9H9C1
Q9H4H8,Q96S96
P62714,P08670
O15212,Q9BXH1
P23396,Q8IY18
P30086,P20916
O75410,Q9P2W9
Q01094,Q9UBT6
P61328,P11308
Q7L9L4,P28340
P78395,Q58A45
P43235,Q00534
Q9Y2Q5,Q14511
Q6GPH4,Q8NFH3
P30989,O00512
Q09472,Q96AH0
Q9GZY0,O14920
O75161,P10244
Q9H2X3,O94813
Q13303,P35568
P52701,P35611
Q96CS4,Q9Y6I7
Q9UL33,Q96AY2
Q9HBW0,Q6NYC8
O75943,P14625
Q14449,P01303
P04075,Q8N7R7
Q8IW35,P78357
Q9HCU9,Q8WWW0
Q96SU4,Q13542
Q14683,O15297
P59768,Q99871
Q9H9T3,Q8TDX7
Q99612,P17542
Q9H9C1,P42679
P35869,Q29RF7
P01374,P50553
P98164,P38398
Q9Y2I1,Q07890
Q9Y6N9,Q9UBU7
O75940,O95163
Q15051,Q8WXE9
P46734,Q9UMD9
Q96MW5,Q9Y2X3
Q9UPW8,Q07890
Q9GZT8,Q8N5C8
Q99961,Q02241
Q2MKA7,P35269
P51572,Q9NR33
P08621,Q9NVK5
Q9UI09,Q5JSH3
Q9UBE0,Q15406
O43396,Q9H334
O60675,P24385
Q9BYG5,O15539
Q14134,P22001
Q9P086,O43294
Q12778,Q9HBM1
Q96CF2,Q9P2M7
Q9Y2Y0,P04066
Q92599,Q13155
P53992,O43251
Q8WVC0,Q9BQE4
Q9HBM6,Q9C0C2
Q58A45,P56282
O43294,Q8IWU2
P62314,Q9H0D6
Q96L92,P59768
Q8N5H7,Q9BQ52
P04792,Q8N4P2
Q15424,P18084
P15498,Q9GZX6
P11233,P49591
Q9H0E3,Q9Y4J8
O15372,O43521
Q8IXI2,O00186
Q9HBM6,Q96BD8
Q6ZRV2,Q4G0F5
O75146,Q9BXC9
P29322,P02743
P02778,Q969G2
P02461,Q9NSC2
Q12788,O95600
Q15038,Q9NVX0
Q9BUB5,Q9H6Z4
Q03188,P25103
Q14957,Q13443
Q92889,Q9NPJ8
P35548,Q9BYE7
Q9UBN6,P07288
Q13422,P27482
P17813,O00165
O14492,P33552
Q7L5N1,O60231
O00192,Q9GZX6
P35372,Q5JSH3
P33991,P62380
P30533,P78552
O75376,O15061
P10244,O95343
P51813,P32780
Q9Y6Q5,Q8IWU2
Q9H3Z4,O43292
Q7Z6M2,Q12929
P35659,A9UHW6
P26022,Q93096
Q9UKX7,Q14155
Q9Y239,Q14011
Q13283,Q9UJW3
O00757,Q9Y5B9
Q6AHZ1,Q8WTW3
P52799,Q9P246
O14979,Q9NQZ3
Q9Y4K3,P00488
O94842,Q13492
Q9BZI7,Q08117
Q93009,Q5T1R4
P38646,P30520
Q96D31,P30988
P51451,Q9Y2M5
Q96S44,P00751
Q13474,Q8N5M4
O95297,O43318
P62280,P26045
P53367,Q9Y4B4
P18031,Q13895
Q9NRZ9,Q8N684
O75909,O15205
Q99728,Q9Y210
O60256,Q15428
Q15746,Q9BTT4
O43847,P53567
P08195,Q9Y6D9
P19174,P30499
O15392,P37173
O75865,Q9Y219
Q13472,P49767
Q15404,Q9Y4Y9
Q96EF6,Q9H221
Q6GPH4,Q9NS75
Q8N1F7,P36873
Q9H160,P20810
P30281,P26717
Q9Y2H1,O60830
O14649,Q9H0N5
Q13137,Q92973
Q9Y2Y1,P49754
O95983,O75956
Q8IXI2,P55198
Q8TBZ2,Q8NHW3
Q7Z4I7,Q13224
Q04756,Q9P104
Q96F44,P20226
Q9H9C1,P00533
Q8N4P2,Q9H9E3
Q96LD8,Q9Y6H5
P31314,Q6FI81
O95400,Q9NR12
Q9Y2H1,Q86US8
Q14865,P17252
Q9H8T0,P53611
Q96J84,P13725
O95155,Q9NZC7
Q5XPI4,Q9HCN4
Q8IY57,O94985
Q9NWZ3,Q9NSC2
Q96PB7,P56537
P05787,Q2M1K9
P63151,P81877
Q96JM2,P26373
O14613,P62280
Q16778,Q9H161
Q969T9,Q01081
Q9UPY3,O43681
P51451,Q13557
Q6PI98,Q9ULB1
Q93052,Q9NQT5
P28072,Q6ZU15
O43236,P08519
P32121,O75962
Q99748,O15519
P10916,Q09019
Q8NHW3,P50151
O15212,O75161
Q13868,Q13501
P01889,P62508
P50150,P10275
Q12982,P00374
Q8N9M5,Q96C03
Q9NY27,Q92540
Q86W92,P35052
Q13451,Q5JY77
Q9GZV8,Q7Z434
P34932,Q96BR1
P84022,P10747
P12081,P51790
P30307,P39905
O60238,Q86T24
P02671,Q99618
P09629,Q13478
P98177,O75477
O14599,Q7Z3B3
Q9H7Z6,Q13838
Q9BS18,Q14183
P07942,Q99523
Q12906,P55055
P62873,P17706
O60271,Q15459
P04183,O94776
P53365,P13688
P03952,Q9UBN4
O43255,P28336
P05108,Q8TD31
P57796,Q32P44
Q5MJ70,Q9BPZ3
Q8WV16,P14770
P35638,Q15759
Q16288,P04075
Q9NR46,Q9C086
Q5VTR2,Q05639
Q5T5X7,Q9Y2T3
P35579,Q5T1R4
Q8TES7,Q9BQY4
P09564,Q8TAC2
Q96L91,Q9NVR7
P62263,Q9H9C1
O95376,Q14160
P30542,Q9UGK8
O43156,P23327
Q00526,P18433
O00567,Q96JC9
Q9HBM1,P11171
O00244,Q9NVP2
P49716,P49407
O95390,Q9NZD8
P32245,P07737
P10606,Q96AH0
O60927,Q9P0K7
P13805,Q7LG56
Q5VZL5,P49643
O95197,Q7Z494
O60716,Q6N043
Q9H9Q4,Q6S5L8
Q12913,O14594
Q9BZK7,P05121
P21728,P25789
P53992,Q9H1D0
Q9UI08,Q8TEB1
P38606,Q8IUQ4
Q8NAV1,Q96IY1
P49760,Q9NW38
P01034,Q14197
P41180,Q00987
Q14005,Q9P253
A5YKK6,P42263
Q96DU3,Q14240
Q8N5F7,Q15723
P11362,Q13889
P51587,Q9BRQ0
O60240,P49910
P01133,Q13277
P57740,P29374
Q13625,Q96SD1
Q9HBH7,Q9H270
Q99973,Q9Y613
Q9H7L9,Q9NP64
Q13428,Q6IE81
Q93063,P04085
P28336,P10828
Q9P0L2,Q92917
Q9NQC1,O15027
P98077,Q8IU81
Q9HCG8,P35625
O43390,Q86Y01
P02671,P20701
Q99574,Q96SN8
O95402,P17812
Q15022,O95944
Q15532,Q96CA5
P20337,Q9NSK0
O15446,P49768
Q09028,P78348
P30626,O43508
Q15645,Q16666
P83436,Q9UIU6
Q12770,Q8N5I2
O00499,P25391
P02766,Q3KNV8
O95544,P19256
Q9H4L4,Q9GZX6
Q9P104,Q6ZYL4
O94782,O76021
O95229,Q99598
Q96B97,Q92830
P68106,Q96SN8
Q15796,Q9NXR1
O43395,P01034
Q12834,Q13588
P22459,P22570
Q9NY93,Q9Y3B2
Q9BXL8,Q9NZM3
P61201,O60762
Q9BUZ4,Q06546
Q04756,P27824
P16871,Q8NFD5
O75899,Q8N3V7
Q16288,P43364
O14511,P17342
O95819,Q96IF1
Q9UBW7,Q92781
P12931,O75717
Q16623,Q12934
Q7L590,P48061
Q86X55,O00291
Q9NYJ8,Q99801
P20700,Q9NX24
P07766,Q9Y3C8
P18077,O43488
P33032,Q5VZM2
P29375,P48167
P30531,Q99523
Q07890,Q99598
P42229,Q9NP97
P78371,P01241
Q9UP52,O95251
Q8NHZ8,P61956
Q12906,Q96CS2
Q9HCH5,Q6P2E9
Q9ULK4,P00748
Q9UP52,O75506
Q4KMQ1,Q86SZ2
P06870,Q13443
P20916,P22460
Q15109,P59768
Q9NWT6,Q2NKJ3
Q14494,Q9HCN6
Q14681,P06748
Q9H2L5,O00231
P13639,P68032
Q8NG27,Q9BRQ0
Q02388,P17342
Q9UPW8,Q9NP71
Q9UNE7,P12757
P01127,P50750
P23469,P05108
P17693,Q8NF50
Q96KN7,Q14676
Q12789,P62280
O43196,P20333
Q05397,P08559
Q9GZY0,P32942
Q14106,Q4AC94
P01374,Q9NPI6
P62873,Q86Y01
Q5SW79,Q9Y239
P51888,P30679
Q13362,Q9NZN5
Q01201,P51149
P31749,Q8IZJ6
Q96LD8,Q6S5L8
Q99741,Q9UBY9
Q86U70,Q14643
Q16667,Q5T1R4
O75864,O75695
P78347,Q09028
Q99819,Q9GZQ4
P02766,Q9H2S9
P11177,Q13478
P63104,Q9UJX5
Q8N729,P20226
O60494,Q9BT25
P52945,Q8IU81
Q13113,Q16659
O14519,P25391
P28482,Q8IVI9
Q01831,Q07352
Q16186,P56817
P62277,P09958
O60285,Q14204
Q8NCM8,P81408
Q9Y3C4,Q9HBM1
P52655,O43402
Q68CZ1,Q15428
Q9Y2Q5,Q15506
Q9HBM1,P12980
Q9Y5Y5,P60484
P61956,Q13505
Q9H7L9,O00308
P01308,P0C1Z6
Q9BXL7,Q12948
P14653,P78318
Q9NRW1,O00273
P78423,Q92817
P01225,Q9Y2K6
Q14643,Q2NKJ3
O00231,Q92904
P31751,Q15078
P32245,Q6W2J9
Q13868,P61006
Q93062,O94813
Q9Y3A3,P29083
O14980,P25063
Q96HN2,Q9BUQ8
P61956,P36954
Q9NVD7,Q9BRK5
P12755,Q9UER7
O15392,P43699
P06702,P16109
Q14161,P01023
Q99653,Q9NPH3
Q7Z4I7,Q9NVX0
P02549,Q6ZYL4
Q96BH3,Q9BRG1
Q8IYD1,O95831
Q6PCD5,Q96J02
P22087,P49591
P61626,Q9H9F9
Q14149,O14901
Q9HAZ1,O15144
P22736,P20807
O15550,Q9H765
Q53T94,Q9BYW2
Q9UMZ2,O43719
O14649,P00736
Q8IUH3,Q96QC0
Q5QJE6,Q9H0N5
Q9BQQ3,Q16543
Q9NQC7,O75970
Q01970,P02786
Q6IPU0,P10124
Q99436,Q9NPA8
P33240,Q6PCD5
Q9P2M7,Q9UJV3
Q9Y3C4,P02765
Q9C0C4,Q14807
P29474,Q9Y264
P26992,Q96L92
P85298,O75553
Q02388,P55273
Q8WYR1,Q9BTP7
O43913,P10398
P20265,Q15915
P20749,Q9NQZ3
Q9NRP7,Q13287
Q96CW1,Q7L523
Q13107,O00231
Q9HAT0,Q14289
P02778,O95714
Q9NY93,P84103
Q04724,Q9BQB6
P02760,Q9NUG6
P55316,P28065
Q09666,Q07325
P49757,Q9UL63
Q9UBT2,Q13951
Q14669,Q9NQH7
Q8TD46,Q8WUA4
Q9H2S9,P41208
O43196,O60678
Q96CF2,P42226
Q9H0D6,Q9BWU0
Q8WWW0,Q9P0K7
Q12929,Q02297
Q8IYD1,Q8TBB1
Q86XK2,P46695
Q9BU61,P17931
Q13505,P32239
P02786,Q9NQC1
O43313,P61077
Q14004,Q13352
Q99750,O15211
O14787,Q9H334
O95155,Q13085
P68106,P18075
Q8NBZ0,P29376
Q9H0C5,O00762
Q6UB99,P30305
Q8NFD5,Q96JH7
P23560,Q9UHV2
Q9NSE2,Q9UIB8
Q9H2B2,Q9P0U4
Q96BY2,Q07325
Q9HBM6,Q15311
P51955,O95376
O95931,P55001
Q9NP84,Q9H0D6
Q14566,P08670
P07737,Q9BTP7
P01189,Q8WXF1
Q04656,P39748
Q9C0C7,Q13164
P48058,P63010
Q9UGP5,Q9UPT6
Q13571,Q5VWQ8
P54132,O95613
P08571,P68032
Q96EY7,P32780
Q8IYJ3,O75582
P56159,Q9NXK8
P25490,P78345
P32971,Q5T1R4
Q9BWU1,P15514
O14640,Q07912
Q02224,O75592
Q01968,P51114
P21731,P62491
P02774,Q14582
P13984,Q9ULV3
P56282,Q9BV36
O60494,Q8TD46
O60664,P25391
O75369,Q9H765
Q14BN4,O00522
Q96QV1,Q9UIF9
Q9H3Z4,P51571
P05120,Q9Y3B2
Q71DI3,Q8TF05
Q9UHD1,P84095
P41091,Q16539
Q9Y566,O75431
P62805,Q3SYG4
Q9UGL1,P60763
Q96H20,Q96DX5
P02743,P15408
Q4KMQ1,Q13651
P15923,Q9BVI4
Q96B02,Q96PF2
O43318,Q9Y6I7
Q9GZS1,Q7L523
Q9NV70,P42575
O96028,Q13011
Q13428,Q6PJG6
Q8IWZ3,O15297
Q6ZN18,O75531
Q15102,O75962
P11940,Q9UK97
Q15366,Q03933
Q96AP0,Q9NP71
P13725,P78314
Q7Z6J0,Q9UBT6
Q9NWB7,O60683
Q58A45,Q9BQB6
P20916,P32780
Q9UI47,P23945
P31749,O43513
Q96EF6,Q9GZX6
P03951,Q96JM3
Q14938,P42680
Q9NRI5,O60762
Q8WWY3,Q96T58
Q8NHG7,Q15835
P23526,Q99942
Q9UL62,Q9BVP2
Q9UQ84,Q9UMX1
O75367,Q9P209
P51813,Q15599
P30154,Q9H0U4
P22830,Q9P2K3
Q969H6,Q15054
P41002,Q15643
P11473,Q13614
Q9HAF1,P51172
Q8WTS1,P12270
P20337,Q86UE8
Q05469,P30499
Q9H4M9,Q92529
P25490,Q15120
P46087,P48023
Q00688,Q96I25
O15212,Q96FJ0
P13861,P16389
P08575,O95425
Q9Y5T5,Q9NZM3
P02766,Q15366
Q9NWQ8,Q9Y248
P08648,Q8N6Y0
P21953,Q9Y5K5
Q8WWY3,O95571
Q8TAA9,Q9NXR1
O75351,Q13427
P20042,Q5T7V8
O14795,Q9UBE0
Q9UFF9,Q9UPY6
P78346,Q96N96
O15169,P40926
P02671,P30679
P20719,Q06546
P24588,P98160
P35237,P12272
Q13029,P48023
Q9UHD9,O43264
Q9NWV8,P30153
Q07352,Q9Y2X3
O43447,Q8N6P7
Q9H6Z9,Q12841
P10155,P67870
Q9NX08,Q14674
O00186,O43143
Q92887,Q9Y2S7
Q15022,Q07889
P63215,Q9UKK6
Q7L9L4,P06858
Q13868,O94829
Q99728,P23511
P68431,P33991
Q9H307,Q9NS28
P45985,O15116
Q9UHQ4,Q9Y281
Q8N3Y1,Q03518
Q00403,P35579
P04264,O15392
Q96MW5,P55060
P07225,Q9UBP5
Q86VN1,P04264
Q9NZN4,Q7L0Q8
P07437,Q53HL2
Q9Y215,Q9H251
O95628,Q8TBZ2
Q9NY93,P50213
P08151,Q9NQ94
Q8TAD8,Q9H9G7
P28702,P22455
P11441,P17275
Q9Y343,Q8IUQ4
Q52LR7,Q70CQ1
Q13503,Q92817
Q99698,P18615
Q9ULM6,Q9Y263
P12273,P49336
Q9P2W3,Q5JVS0
A8K0Z3,O60762
Q13439,Q5JTV8
Q14008,Q9Y6X3
Q12972,O15169
Q9BUE0,Q9UBE0
O75179,P40818
Q00653,Q9Y279
Q9NS00,O95271
Q5T4W7,Q9UHF0
O15164,Q12774
Q09472,Q8N531
P07384,P05546
P35222,Q9NS00
P62714,Q86YT6
Q9H939,P11233
O95817,P15918
P07858,Q96I25
P02686,Q5H9F3
Q9UPV9,Q96L91
Q96ST3,Q9H4P4
P37088,P33076
P63279,Q12905
P12931,P24278
Q33E94,Q9UIU6
P23396,O14727
Q08209,Q5VST9
P35659,P45984
P13598,O15144
Q14257,P13501
Q86VN1,Q16478
P11233,P83876
Q14511,Q13163
Q9HBI0,Q13217
P01130,P02792
P08195,O95977
P23588,P29459
P48357,Q9NW38
Q7L3B6,Q96T37
P62714,P36405
P06746,P52434
P54252,Q9NS75
Q9H9A7,Q92696
P83876,Q86YS3
Q14155,P05129
P49642,Q9P2Y5
P29371,Q8NHW3
P18510,O75582
O14599,O95190
P30101,P01730
Q9ULX6,O15145
Q8WYA1,Q7Z434
Q13887,Q3V5L5
Q8NBZ0,P27448
Q8TBZ3,P54132
Q9UPT9,Q9BY11
Q96B01,Q9UMZ2
Q01968,Q92797
P45985,Q9NZD4
Q9NYG5,Q86X83
Q8IWV8,Q01081
P78395,O75582
Q6QNY0,Q9H204
P51572,Q9Y450
Q969G3,Q16236
O75695,Q9P0K7
Q8TAA9,Q6VY07
O00213,P51532
Q9H2K2,Q8NB91
O60880,P62993
P54132,Q9UBB5
Q9NTI5,O75582
P16435,Q86VP6
Q9BPW8,Q9UMX1
Q00535,O00451
P62191,P09668
Q8N1I0,Q5U5X0
P25445,Q9UIF9
P51178,Q07666
Q9GZS3,O75529
Q2QGD7,O95163
P31483,P02745
Q96RL1,P51809
O43432,P05556
Q09472,Q9Y3U8
P02686,P34932
O00716,O75351
P01033,Q9BUL5
Q8IYD1,Q13011
Q96CS2,P51148
O43181,O43242
P20702,Q9HCG8
Q8NDV7,Q14183
O15527,Q70IA6
Q9NP71,Q7Z5K2
Q99966,P98172
Q12851,Q7Z6B0
Q9H175,Q8NI27
Q15022,Q9NSK0
Q96QV1,P23511
P37173,P01892
Q9H939,Q6VAB6
Q9Y2S7,Q96EB1
P46940,P41238
Q9Y210,P48551
O60296,Q9UNK0
O00548,P57078
P49069,Q9P0V9
O14965,P57105
P46019,Q9UL46
P20719,Q9Y239
Q9HBM6,Q8NHM5
P54764,Q9GZX6
Q8N5F7,O75179
Q96FV9,P51636
P10644,P12004
Q9NY33,Q9NRL2
O15446,Q06455
P45379,P35658
Q99497,P53365
Q07002,Q13555
Q9Y3I1,P23229
P04229,Q9BPZ3
P43246,Q16650
P84022,P30533
P18827,P10636
Q13107,O43521
Q7L5N1,Q8TD46
Q6ZSG1,Q8IWS0
Q969J5,Q9NP64
Q99732,Q07889
O15514,Q9H9H4
P62249,P62508
Q8WUF5,Q07020
P14678,Q92838
P51178,P62081
O14744,P35556
Q13310,O75150
Q9NQU5,Q6PGQ7
Q8WXF1,P35916
Q9H9S0,Q13057
P22626,P16410
Q9ULX9,O75940
Q99759,Q9H175
P05181,O75330
Q93009,Q15131
Q9NQG5,Q8N5Y2
O75689,Q6ZYL4
Q96HN2,Q9UMX1
Q14118,Q9UIB8
Q969H0,O95544
Q9Y2A7,P15813
P07332,Q99873
Q13216,Q9UMD9
Q92797,Q9Y5P8
P50613,P62753
O14618,P25116
Q9BTV7,Q13352
Q9GZS3,O75676
Q7RTN6,Q13557
O15550,Q8TDX7
P17844,Q07820
O95376,P78413
P23560,P19387
O95210,Q15788
P13611,P62380
O15211,Q9Y6W6
O15533,O14641
Q13153,P17542
Q9ULM6,Q9BSV6
Q96J84,P21728
Q9UGP5,O75410
P15502,P29374
Q9NS56,Q9NUU7
Q9UMX0,Q9UKT4
P62380,Q96KJ9
Q8IY92,Q9H9C1
P00813,O60437
Q9Y4D1,P19419
Q15650,Q9Y3Q8
Q15306,P84022
Q9H0E3,Q9Y4H2
Q9UJU6,Q9UHN1
P08519,P05783
O43572,O15265
P43628,Q96FJ2
Q7RTN6,Q13642
P23560,Q13541
Q9NP85,P35398
Q92797,Q13557
Q16401,Q9UKJ3
P51610,P21796
O60927,P02708
P52945,P37023
P43119,Q96BY2
P49841,P10147
P10415,Q99996
P02741,Q9Y4J8
Q32P44,P46736
P06307,P51668
Q8IWZ3,P56192
Q9H2D6,P52815
Q9BPW8,Q14183
Q92793,Q92917
Q8NDX5,P0CG13
P11177,Q96AX1
P46821,Q13351
P26641,Q96P70
Q9BY77,P62072
P20849,Q19AV6
Q9Y5T5,P43250
Q93038,P22736
Q16890,Q92793
O60506,P50750
P17252,Q9NR80
Q15369,Q92934
P02649,P33552
Q9BY77,O75509
O60488,P04066
P13760,Q9BW11
Q14005,Q15555
Q9UPT9,P22692
P31689,Q9Y4K3
Q8IWL3,O15265
P05787,P49643
Q9H2S9,Q9UMD9
P30086,Q14203
Q9UHR5,Q7L2E3
P55773,P16070
Q15256,Q14686
Q9P2R6,Q8NFH8
Q8WYH8,O75884
O60741,Q6ZYL4
Q08117,P52815
Q8WYL5,Q9H270
Q99719,P50553
O60506,Q0VG06
Q8NBZ0,Q92643
Q15118,O75506
P51784,P01106
P83876,Q6UXN9
Q86U70,Q8TCJ0
Q96EB6,P06746
O94889,Q8IZQ8
O60285,Q07889
P51808,Q58A45
Q13620,Q8IX90
Q96EU7,Q13347
Q9BXH1,P67775
Q96RU2,P62633
O00231,Q13642
P09661,Q8TEU7
Q6GTX8,Q9NSC5
Q96EB6,Q9BXK1
P11474,Q7Z4S6
O75865,P05388
Q14141,Q9Y6B2
Q14451,O15304
P47224,Q13402
Q9ULM6,Q9BY11
Q93096,O14958
P35613,P06396
O75061,P52952
P33897,Q7Z569
P34741,P49458
Q9Y2I1,Q9Y2D8
Q5JQC9,P41252
P04792,P26368
Q92613,Q9UBP0
P61218,Q8WVY7
Q13156,Q92540
P49759,P37840
Q9H3P2,O75817
P51531,O43236
Q99593,P26717
Q9GZR7,P15531
Q9GZR2,P39905
Q99942,Q01167
Q8NEM0,Q16740
Q9H0W5,Q96F24
Q9H0C5,P53618
Q9UNY4,Q8IUD2
O43292,Q96F44
P32302,P43146
O43189,Q7Z7L7
Q9UI36,Q9UHV2
P52756,Q8N531
Q9BUE0,P49750
Q9UMF0,O95696
Q13586,Q9UJV3
Q8WXF1,Q92973
Q9BVW5,Q9H334
Q5SW96,P62841
O95232,Q7Z4H7
Q9NTG7,P61952
Q9Y345,Q13761
Q13637,P06746
Q8IVT5,P68431
Q5XPI4,Q8NI36
P43358,Q99459
O15068,O94906
P02686,O43307
Q9UNS2,P42574
Q92736,P01106
Q02543,P42679
Q9UH73,Q13332
Q9NS75,Q15075
P60763,Q12802
P51692,Q14112
O75909,P52799
Q9HCG8,P13693
Q00403,O95243
P14784,Q14005
Q03135,O15527
Q15369,O95630
P22301,Q96AX1
P02549,Q9NR50
Q9Y572,P05161
Q9UGI0,Q8IWT3
P67870,Q1KMD3
O60238,P63272
Q9BVI0,O60716
P78357,O00303
Q14004,P23582
O60664,Q9H832
Q9NP84,P02675
P61371,P47874
P08246,P53365
Q9Y6I3,Q8WUF5
P07948,Q9Y5B0
P09619,Q96JC9
Q99750,Q9NPY3
Q8TBN0,Q7Z6A9
O60880,P11831
Q8TDR0,P56159
O75531,P78318
P40123,Q01081
Q8N6M0,Q9NSK0
P32856,P42224
P14555,P11166
P61956,P36405
Q8IYW5,P05177
P51946,O60716
Q9H8V3,Q96A44
P50591,Q5T9L3
O95628,P12235
O96011,Q9BXS5
P13010,Q16539
O60583,P15260
P12270,P34998
P07315,Q9UPN3
Q14112,O75150
Q9HCG8,Q8TAD8
Q9UL25,Q6NYC8
Q96FJ0,Q30201
Q8N122,Q9HAV0
Q13285,Q9BY43
Q01201,P61923
P01127,Q9UJX2
O95819,Q71SY5
O15259,O75448
O95831,Q3V5L5
P19438,O14594
P11142,P31483
P09326,P48553
Q8WYH8,Q04724
Q9BUX1,Q9UPN7
P51116,Q8N684
P38606,P33032
Q8WYJ6,O43482
Q9NX08,P54253
O95999,P05813
Q9NP84,Q8WZ42
Q04917,Q01130
O75410,P02671
O00716,P62875
Q9UJW9,P17706
P07333,Q9Y2Z4
P19256,Q15118
P08238,Q9P2F5
P18465,Q9NPF5
P11532,P23258
Q9UBI6,Q96F44
Q9UGL1,O75369
Q9NZN5,Q9BZW8
Q9NY33,P62314
Q9HAW0,Q86Y01
O14777,Q9Y5S2
Q12982,P38432
P17544,Q7Z6E9
Q9H175,P55347
Q13291,Q86WT1
Q92817,P22692
Q96EB1,P43250
Q9UBU9,Q7L591
Q92696,O00429
Q9Y2Z9,Q6ZSG1
O00305,Q9BUG6
O95503,P53805
O43364,Q8TEB1
P49792,O15211
P02708,P32969
Q6P2C8,Q92777
Q9UJV9,Q6VMQ6
P56279,P38432
Q6IA86,P35625
O75317,Q12824
Q8TF74,O15145
Q96H20,Q6FI81
P39687,O75962
Q8WTW3,Q9H4P4
Q68CZ2,P55317
Q14112,O95704
O75915,P28062
O00555,Q9NVF7
P46087,Q8N684
P46060,Q12967
Q8WVY7,O95373
Q7Z2E3,P21817
Q9UKI2,P81408
P26045,O15211
P57081,Q2NKX8
Q9BRV8,P57105
Q8TB45,Q92797
Q8WXF1,O43293
Q2T9J0,Q7Z6B0
O60711,Q9Y4G8
Q9H4P4,O43896
P07942,P48546
Q14106,Q9NVI1
Q9H0E7,Q9NX47
Q9Y678,Q7L3B6
P61225,Q6VAB6
Q66GS9,P11177
Q9UMF0,Q9H270
Q9UNE7,P40429
Q9UPQ9,Q6ZU15
Q15843,Q9UKV8
Q04656,P49815
Q8WZ42,Q7Z6M1
Q99081,Q6UXN9
P28799,P16410
P06307,Q9NX47
P49591,P61086
Q15389,Q13509
Q9C0C7,Q76FK4
Q969R5,P06239
Q9Y5B9,Q96A44
P78347,Q9H3S7
P31323,P61201
Q9Y6X2,Q9UIU6
O14649,Q05397
Q8IWZ8,Q9UNH7
P15923,Q5JSH3
P49368,Q9NR77
P08631,P35611
Q9UH73,Q06546
Q8N668,Q96DE5
Q9Y5K6,Q7Z6M1
Q9BQQ3,P10124
Q6ZRS2,O75840
Q14686,Q15386
Q86X55,Q15388
Q01831,Q96QH2
Q12929,Q99584
Q00403,P05161
Q969K4,Q9BXW9
Q9H0E7,Q9C026
P00167,Q99575
O94979,O75478
Q13352,O00628
O95429,Q13185
Q7L591,P38398
Q13625,P16444
O94921,P27348
O43313,P43364
P22570,P52799
O75586,P51172
O95677,O76041
O60825,Q13472
O14649,P62140
P01034,O15550
Q9P2M1,P61981
P29466,P06881
Q04206,P27348
Q9H160,Q9Y3E2
P09486,Q16595
Q7L2J0,Q07960
P10619,Q01167
Q2M1K9,Q2TAY7
Q13573,P15374
Q9H8V3,O43502
Q9Y5Q8,Q9NWS0
P55895,Q8NB16
Q9BQ67,P01732
P02452,P08684
Q96AE4,P62195
Q9Y4R8,O14802
P61604,P10242
Q96C24,P26373
P60660,O43513
Q9NYG5,Q7L2E3
Q9H8V3,P32971
Q9Y6W8,P08574
Q9Y4R8,Q08043
P21953,P31152
Q99496,Q9Y4C1
P46976,P85299
P16871,Q5VTL8
P30556,Q12769
Q9H2S9,Q14397
P13671,Q9BYG5
O60678,Q9BW27
O96013,P78348
P60604,Q9NPF4
Q9BUQ8,Q86SZ2
P0DI81,Q5JQC9
O75081,O75604
P12081,P53611
P78371,Q03518
Q96CF2,Q6NXR4
P04183,P08311
Q9Y2I1,P68402
P61956,Q8WUA4
P49759,P01100
Q14112,P55735
P21817,Q92530
Q01130,P47897
O75494,Q9UL33
Q9NVR7,Q13200
O94972,P52815
P14210,P41227
O43488,P06493
Q96L14,Q9P0L0
Q92882,P49760
Q14202,P51571
P01834,P80098
P00488,O60678
P25103,P10398
Q9BVC4,O00451
Q96MF7,Q96FJ2
Q99743,Q9H2K2
Q9H9F9,O00186
Q5T3J3,Q01105
P18615,P23582
O43663,Q15046
P40123,P62906
O14640,Q9Y6I7
Q14185,P55273
O00401,Q9Y2X3
Q969H6,Q15424
Q9HD36,Q9BZI7
O15144,Q1KMD3
Q9UHA4,Q15942
P51610,Q9H3P2
Q13418,P27824
P61764,Q16667
Q8TDR0,Q99466
P19256,P30679
O95140,P11684
P41220,Q9UHV8
P40123,Q68EM7
Q9UHV7,O00165
Q9BYV2,P29320
P08195,Q9BXC9
P05231,Q9Y2S7
P29373,Q9UHV2
Q9UM13,Q13951
Q8WZA2,O95257
O14511,Q96JH7
Q969P0,O75563
Q16666,Q9Y3A3
Q8IWZ6,Q99801
O76003,P13224
Q9NRI5,Q9Y6J9
P11234,P49336
O60481,P35354
P55347,P31150
P15056,Q9BXS5
Q9H4E5,Q8TDX7
Q16825,Q9BVG8
O15211,Q86Y91
Q96RU7,Q7L804
P01106,P84095
O14976,Q9UIG0
Q9BT67,P13760
P43246,Q13043
Q8IU60,Q86SQ9
Q9UJW9,P48730
Q9H2X0,Q9Y2D8
P00492,Q68EM7
P22303,O60830
Q99615,P85298
Q96F86,P28907
Q13487,O95297
Q14831,P26717
Q9BW83,O60583
Q14746,Q01892
Q9GZX6,O14920
Q5VT25,Q9UK53
Q13362,P15884
P31314,Q9NWS0
Q93009,Q6NWY9
Q86U06,P49458
Q92570,Q02548
Q9Y4X5,P50148
Q14258,Q7Z417
Q9NS56,Q6PIL6
P22830,P17980
Q8TB45,P78552
Q14865,Q9H553
Q9Y228,Q5U5X0
Q9H175,Q5TCZ1
Q86YS3,Q3V5L5
P07858,Q15648
P55273,O60830
Q14185,Q92934
Q9H4M9,P43246
A0JLT2,P27695
P18621,Q8IUH3
O95278,P17096
Q93062,Q9UBN4
Q9Y271,Q05209
P78362,P35227
P49716,Q8NC51
P17302,Q9H7Z6
Q03135,Q7Z6A9
Q7LBR1,P06730
Q9UKW4,P19256
Q9H078,P45985
P22459,P61962
O95149,P24539
O60826,P49711
O75943,Q13503
O75145,Q96AP0
Q53HL2,Q9NVD7
P13051,O95319
Q9NRR4,Q9H0Y0
P15502,Q9UBQ5
Q96LI5,Q9UBT2
O43913,Q9UM73
P31942,Q99714
O75843,Q8NFZ5
P14653,P02774
Q96Q42,Q6SPF0
Q9HCG8,Q5W0Q7
P50750,Q9P0P0
Q9HAW0,Q92643
P99999,Q8NF91
Q9Y2V3,P24539
Q8NFD5,Q14526
Q9NTX7,Q86VN1
O43745,P62136
P49639,O00255
Q13188,Q9P287
Q03001,Q05516
Q9P0V9,Q14118
P07225,Q9Y483
Q92854,P28161
Q14681,Q9UBR4
Q9NP64,Q96AX1
Q01201,Q96JB5
P46821,Q92777
P26441,O75962
P25445,Q8NHZ8
Q9UBP6,Q7Z6E9
P21675,Q9UHB7
P03952,Q96FW1
P15151,Q96BD8
Q9BQ15,O75525
Q86U42,P26599
Q92985,Q9UPU9
P16284,Q9NWS0
O00623,Q92643
P63096,Q9NZJ0
Q9NWT8,Q6P4R8
O15457,Q96NY9
Q15435,P60033
Q9UQK1,Q9H161
P47928,Q9H270
P78314,Q13469
O00463,O94906
P62304,Q8NBW4
Q9NY33,Q13595
Q8NCM8,Q9H0U4
O15511,P18850
O75145,Q7L9L4
P78552,Q9H4B6
Q8WYK2,Q86UN6
Q99640,P08138
O95685,P61978
Q9H9G7,Q9H8Y5
Q9UHQ4,Q9BVP2
P49207,Q07889
Q9P2M7,Q13011
P31629,Q92696
P20594,Q9UQC2
Q02878,P00451
P55884,Q13469
Q8WYA6,Q6NXR4
P62072,P41252
P53992,Q9UQM7
P16615,Q13127
Q13233,P59768
Q9NWT6,P02747
O43719,P17480
Q32P44,O94905
Q08397,P53992
Q8IY57,Q7Z4S6
Q9UPX8,P61952
O95571,P00918
P01563,P26927
P62244,Q07866
Q9NUG6,Q9BRQ0
Q9NPB6,Q86UN6
P55072,Q86UP2
Q13439,Q12778
P52907,O75969
Q14764,O43242
P61457,P08254
Q9Y4D1,Q8N5Y2
O43752,Q99871
Q9NRP7,Q13586
P55854,Q96B97
Q14498,O43402
P23588,O95382
O75340,Q9H175
Q9GZL7,Q9UKB1
P02786,Q02297
Q5RKV6,Q8IY57
Q15532,Q9UJF2
Q8NHY5,Q9UNF0
P30279,Q96CS2
Q9Y244,Q9H0A8
P53611,Q8IY31
P61024,Q9BQ95
P02760,P10909
Q96EE3,Q9NRZ9
Q16650,Q96JH7
Q92620,Q9UJX2
Q86VB7,Q9NP97
Q9BS18,Q8IXJ9
Q99075,Q96RR4
Q15544,P02792
P16520,Q9Y3A3
P35712,Q15723
O15371,Q9UQ26
P26045,O75928
P30876,Q13011
Q13905,Q9NZC9
Q9Y5X4,Q9HBH9
P30499,P41143
P28799,Q9Y5R8
Q6VVB1,P19438
P16152,P21731
Q66PJ3,Q8NHY5
Q9H2X3,O43933
Q9H4L5,O15123
P46940,Q7Z460
Q9UBB5,Q8N5C8
Q13905,Q8WUD4
P09086,Q92542
Q92558,Q9Y3A3
Q04759,Q9UMX0
Q9NQ48,P56178
P56539,Q96P71
P80098,P05181
P04083,P10809
P30626,O75030
Q96M61,P36578
Q9ULZ3,Q9UHQ1
P61086,O14867
O43395,A8K8P3
Q68DK7,Q9Y5R8
Q8WYP5,O60927
Q9NV44,P55884
Q86UQ8,P61006
Q9NQG5,P23396
Q9P0N9,P02708
Q9BTV7,Q9Y5B8
P13501,P52815
P55273,P43320
O00329,P08833
P04628,O75326
Q8WUI4,P49327
Q9UBK2,P61978
Q9UPY3,O75947
O43924,P78357
O95400,Q2QGD7
Q06609,Q09472
Q9UQK1,P30405
P38606,P55786
Q9H2X0,Q8N5C8
Q96BH3,Q66GS9
Q8N201,Q05516
Q9Y2Y1,P46821
Q969T9,Q86YR5
P38936,Q9UK97
Q01130,Q15759
O14613,P10644
Q9UHP3,O15519
Q05086,Q15173
Q9BTW9,Q8N488
P26010,P50616
Q5VST9,P35658
Q9H5I1,Q96FJ2
O43592,Q13485
P49589,P10747
Q99502,P35244
P25705,P04150
O00339,O75689
Q93062,Q9H5I1
Q13156,P51114
P28799,O14511
P61962,O43707
P09496,P14921
Q92777,O43513
O60256,P35658
Q9NRD1,P13693
Q14155,P63104
Q9HBH7,Q13227
Q99743,P18433
Q13303,P50591
P01127,Q9H8T0
P46940,P60660
Q96EU7,Q9NPY3
P04234,P18084
Q9UKX7,Q16526
Q9HBM6,P56178
P29376,Q8TEP8
Q06190,P0C0S5
O00463,Q99958
P25116,P05106
Q9BUZ4,P68431
Q92574,Q9H8Y5
P32927,P11277
P08922,Q8N9N5
P36957,O95400
P99999,Q9NZN9
Q9UH73,Q9UQC2
P55795,Q9UL46
Q8IWT3,Q8N5Y2
Q9BWF2,P05556
P18887,O75179
Q9Y2Y9,Q9UL63
P30086,Q15109
Q13164,Q13873
Q5PRF9,Q9Y3C6
Q6GPH4,Q92747
Q9H0W5,O14544
Q09013,P11387
Q9H0E3,Q9H668
Q96CF2,P35670
Q96FV9,Q9UGK8
Q08945,P27658
Q9Y297,Q15365
Q5VTL8,O95573
Q13283,Q9UBT2
Q5TKA1,P10515
Q9GZS3,Q12840
P62306,Q9H251
Q6ZYL4,P12270
Q7Z6G3,Q15427
Q9Y620,Q9NR55
Q9UI09,Q92925
P62906,P51884
P60903,Q8N1E6
Q9Y6N9,Q9NZM3
Q96EU7,Q15833
P05067,P55899
O60291,Q9Y508
Q96KP1,Q9BXK1
Q07955,Q9UPS6
Q6PD62,Q14526
P62995,Q9NPD3
P04275,P28482
P09914,Q13332
P62995,P16949
P00167,Q99962
O95229,P05181
Q8N6M0,Q92530
P54136,Q03431
P00374,Q5VTB9
Q12947,P01137
P08621,Q9BXK1
Q14681,Q9UNN5
P29992,P16109
Q9BY43,Q9UKY1
P32856,P30679
Q9NYG5,P35637
Q96GG9,Q969H4
Q9NRR4,O00548
Q8IYF3,P20618
P14653,P48382
Q96RU7,Q96PB7
Q9NYJ8,Q96PK6
Q5VV67,Q8NHL6
Q8NG41,Q8IY18
Q9BXL8,P15813
Q9UBF8,Q9BZK7
Q9HCI7,Q9UL46
Q9NWT8,P56282
O15520,Q5VWQ8
Q6P2Q9,Q13224
O14613,Q9Y535
Q9H845,P34932
Q9UBS0,Q96L73
Q9NPA8,P02788
P29459,O00303
P40306,O14777
P05160,Q9UPX8
Q9GZQ4,P52952
P01563,P12980
P78396,Q15788
P20333,Q7Z417
Q9HCG8,P17342
Q13310,P53999
Q6IE81,Q12834
Q9UHR5,Q86UE8
Q9BZD4,Q8WUA4
P61158,Q92934
Q9H0F6,Q63ZY3
Q02487,Q6ICG6
Q06828,Q96EY7
P51116,P21802
P56545,Q96N96
Q99665,Q13404
P55058,Q14242
O75626,P16389
P62249,O43143
P47804,O95210
P46108,P20810
Q96LR5,Q9UL54
O95721,Q8N2W9
O95210,O95613
P52701,O14979
O60486,P26715
O14901,P27986
P13498,Q99952
P17096,Q13557
Q6NXR4,P62906
O75112,Q9NR77
Q96RN5,P01024
P46976,P20339
Q8WTW3,Q8NA54
P62136,P32971
Q8N556,Q9HD42
O95544,Q9Y4Z0
O95218,Q6GQQ9
Q9NX08,Q12929
P51677,P00748
P08069,Q8N8A2
Q9H1R3,P17706
O75144,Q9NQC3
Q9H5I1,Q05048
P20701,Q13094
P35712,O00712
Q96JN8,P52594
P62280,O43566
Q8NCQ7,P11171
P20248,Q86XE0
Q86W92,P49721
O14796,Q8IX03
Q9UHL9,Q09019
Q9H2X0,Q9NV44
Q14194,P49959
O00213,Q9Y3T9
P02538,P01160
P10644,O75934
Q9HBM1,Q14204
Q14565,P05546
Q9H2G9,Q14344
P18621,Q9NQB0
Q6P1J9,O43516
Q9NYG5,O75056
Q9P2M7,Q9C0J8
Q8WWW0,O00148
P41180,O94888
Q9UJV9,Q9NQC3
P51451,P20333
P54098,P51114
Q14789,Q86U86
P28062,Q8NFH8
Q9NP98,Q9NZJ0
P17706,Q9NVI1
Q8IYW5,Q9NQP4
Q99828,O14925
Q8IWU2,Q9GZX6
Q04695,O75340
P68543,O95425
Q8N531,P49815
Q9HAT0,P62736
Q01718,P22001
Q9NS91,P54136
P23763,Q8ND25
Q9UJW3,O75477
O15446,Q9NZM3
Q99961,Q9H845
P02675,Q9UNM6
Q9BV73,P43699
P20336,P06748
Q13705,Q9UL03
P09958,O94776
P01135,Q2QGD7
P27448,P51677
P25815,Q9BXS5
Q6ZRV2,Q5W0Q7
Q14865,Q16539
O95210,Q6FI81
P20333,Q5VWQ8
Q66GS9,P51636
Q8N5F7,Q9UQB3
Q14749,P20339
Q13586,P62072
Q9NPJ8,O15066
P06753,Q969R2
Q86VX2,O14492
P08922,O00213
Q9UBZ4,Q86UT5
Q9NS75,Q04756
O60231,O75688
Q9BPW8,Q9NVK5
Q96BD5,Q86WX3
Q13464,O60231
P22830,Q9UGI8
Q93096,P20594
Q99973,Q5JQC9
Q96MF7,Q13889
Q8NFT6,Q05469
P25024,O60869
P98077,Q9BU64
Q99700,Q9H6R0
Q92800,Q86WT1
P98077,Q86XL3
O43293,O43933
O15169,Q9UNE0
P13861,Q9Y4J8
P20248,O00626
Q9NRR4,Q96EP0
O94952,Q12959
Q12834,Q8IU60
Q9BSL1,Q00534
P24855,P06702
P62714,Q9BVP2
Q14BN4,Q15369
Q9H4L4,Q13501
P13010,P68363
Q9BXL8,O75800
O75312,Q8N7R7
Q8NDX5,Q9UKA2
Q76L83,P01588
Q9Y6X2,Q9NP64
Q8NB16,P05452
P01303,Q9H9S0
P63167,P46531
Q6ZRV2,O96020
O75832,Q86VS8
Q9UKJ1,Q15046
Q03014,Q9Y3Q8
O75363,P21953
P62942,P00451
P31629,P18031
Q9BZI7,O95140
P05362,O00308
O75582,Q9BQB6
P39019,P48509
P05156,P05549
P62714,P28324
O95544,Q07889
Q9NZL6,P13498
Q92870,Q96B02
P50749,Q9UJY5
Q06418,O14879
Q16401,P42679
Q13356,O95831
Q13492,P81408
P67936,O75334
O75326,P68363
Q96IY1,P25800
Q14197,O76041
P20042,Q9NYB0
O75563,Q9Y6A5
P62304,Q96QK1
Q14643,Q92904
Q9NQ29,O15027
Q68CZ2,O60832
Q92973,O43164
Q9P0R6,Q92574
P04792,Q06643
Q16586,Q6NZ67
P07858,Q9H8S9
Q9NRL2,P57078
P07093,P43627
Q9BQ95,O60756
P42772,O96017
O43157,Q9UIG0
P10147,P26367
Q14498,Q8TF42
P49454,Q13057
Q8WVJ9,O43719
P57081,P12814
O75052,P33076
P55347,P18433
P49910,P30988
P39905,P43250
P40938,Q96EP0
Q9H845,Q9GZL7
Q9GZX5,Q99612
Q6R327,Q9NVI1
Q9GZS1,Q14526
Q6VVB1,O94905
Q49AN0,P24588
O00339,Q92966
O14980,P23469
Q8IUD2,P35637
P12757,Q86T24
Q9UMX1,Q16650
Q9NY93,P09958
Q9NQ25,Q9NZD4
Q13439,P22736
P14210,Q9NX24
Q7LG56,Q9UKB1
O43189,P23582
Q9Y6F1,P43627
P46976,P08575
P16471,Q6P2E9
Q8NHL6,P25024
Q02952,P63220
Q9UHB7,P43628
P09086,P32246
Q96BH1,O75688
P12081,Q8TEK3
Q7Z3K3,Q9BUN8
P35227,Q13507
Q03188,Q12841
Q14764,P01116
P61619,O95613
Q12834,Q9BSL1
P20702,P49815
Q9Y6W3,O75969
Q9BSJ2,O60609
Q99996,Q9HBE1
P48509,Q96LD8
Q13356,Q9BSL1
Q9UMF0,O95704
Q8IZT6,Q9P0V9
Q13503,O15027
Q9NWZ3,P35556
O75962,Q5TD97
Q00610,Q01081
Q9HBW0,Q9H204
Q14BN4,Q9H8Y5
O75179,Q92636
Q13043,Q9P2M7
Q9NPD3,P15976
O14745,Q9HCS4
O00231,Q9H0E9
Q86U06,P16389
Q9Y2T3,P13987
Q12851,P29474
O95714,Q86Y91
Q14807,Q03519
P78314,P41180
O95278,Q9BQG0
Q13443,P05177
Q9HCG8,P05156
Q6ZRS2,P50453
Q6ZRS2,O75864
P49675,P16070
P49918,P26715
P78337,P22455
Q9Y2Y0,Q9NP64
P35237,Q13432
P61019,Q8IXI2
Q14145,P16284
P42336,P07858
P36956,Q9Y3U8
P33240,Q03001
P08651,P23771
P09467,P26640
Q5SW79,Q96AY2
P43246,P27986
Q92529,O15511
Q13492,O75506
Q9UPY8,Q6NZY4
Q6GPH4,Q8WVJ9
O75340,O75396
Q9NP85,Q9Y3E2
P57678,P15172
Q9H0R8,P16591
Q9Y6N8,Q9Y6I7
O15372,Q9HBH7
Q07890,O14641
O43364,Q9Y2W7
Q8NHW3,Q99873
P27037,P18077
P04080,Q8IWI9
Q92882,Q5TKA1
Q9Y3Y4,P22455
Q9NS00,P25789
P27448,P02545
P31323,Q9NRY2
Q9H0E7,Q9UKL3
Q9Y2L1,Q96B26
Q13769,P35638
P38398,P04066
O43680,Q9H2S9
O95140,Q16539
Q7L014,P23025
P35611,Q96F07
O95931,Q16667
Q07352,Q8N1I0
Q9UKK6,Q9NV56
Q13190,Q9H2G9
P12272,P67775
P23560,Q9UHX1
P31152,P32969
P09629,O95944
P09661,P62310
P02749,Q13618
Q7Z6G3,P23025
P47928,O14879
P48552,O00443
Q09666,Q92564
Q13303,O14727
Q8IWZ3,P31323
Q16666,Q29RF7
Q9NPI6,Q8NB12
Q8NC69,O60609
P14859,P04229
Q9UM73,Q9UQB8
Q9NZV8,Q96AX1
Q7L591,P22674
Q14145,Q14118
P09629,P81408
P54284,Q53T94
Q96HN2,P14618
Q99683,O00451
P28336,Q99835
Q99574,Q9Y5P8
Q12874,P55327
O00623,Q8IZT6
Q7Z6M2,Q92667
P84022,P25103
Q6EEV6,Q05682
P31751,Q9NRZ9
Q14494,P61218
Q9Y3E5,Q9NVV4
Q9NTI5,P27701
P30086,Q92851
Q12824,Q9UBT6
P19438,P11277
O00192,Q9BZI7
Q9UGJ1,Q13555
Q9H2B2,P47804
Q12996,Q03181
Q9Y2M5,Q7Z494
Q15465,O00165
Q10570,Q13618
P42345,P02745
P52597,P15918
P41180,P20807
Q13402,Q9H0Y0
O95235,Q9UBS0
O00499,Q9NZN5
P43005,P09936
Q7L273,Q96IT1
O14757,Q9NZM3
P51116,O95343
P29622,O60664
O15297,Q92830
Q13322,Q96JC9
Q96NE9,P20594
Q96S59,Q9NUU7
Q9NYF0,Q14114
P08138,P57682
Q02224,Q15723
Q5H9F3,Q13469
Q8N9M5,Q9NQ29
P08254,P61952
P30203,O15511
Q9H9C1,Q8WTR2
Q5JQC9,Q8IWZ6
Q9NPJ6,P23921
P49427,P31930
P31942,P06703
P61247,Q8N5F7
P54619,Q9NR55
Q9H6T3,Q12873
O15350,P23142
P52756,P14653
P61244,P85037
P28336,P53367
Q8NBT2,O75688
P19022,Q5T7B8
Q15233,Q14582
Q00610,Q96RU3
P11940,P42263
Q9H845,Q9BQF6
O95271,Q9NW38
Q16849,P52298
P78357,Q9P2K3
Q96Q42,Q8IYI6
P07737,Q9Y3M2
P50461,Q9NRD0
Q96Q42,O15169
P15884,P08559
P11142,Q9UPY6
Q99684,P55317
Q12851,Q9H4B6
Q9BYH8,Q8NFZ5
P38646,P01241
A7MCY6,P10124
Q99081,P99999
Q9Y333,O15344
Q96CS3,P98172
Q99075,P12931
O75081,P57682
Q15582,Q15788
O75146,Q6IPU0
Q14526,P50453
Q9Y2W2,P13598
Q13133,P02679
Q05513,P35244
Q9H6Q3,Q99972
P20749,Q16539
O95487,Q96J92
Q9BQ15,Q8WWL7
O75592,P07237
Q8TDB6,P35354
P54764,Q9BXK1
O14649,Q9UL63
Q96EE3,Q99962
Q7L8J4,Q9BXK1
P46939,P35658
Q9Y6M7,P43628
Q9NX08,Q99801
Q8N3U4,Q13873
Q13576,Q92574
Q9P0J0,P98172
P06870,Q9BS18
Q8NAV1,P21926
Q8NG27,P07951
Q6X4U4,P18846
P46108,Q9P2G9
Q9GZQ3,P10644
O15126,P20916
Q969F2,Q8WXE9
P02763,P48553
Q9UJW9,P11047
P02751,O75817
P13051,Q5JVS0
O60583,Q8WW38
Q01453,P59768
Q13347,P10809
P33681,P11712
Q8N1L9,P21580
O00592,P50453
Q5T1C6,O94888
P01588,P60763
Q9UFF9,P51681
Q8WZ42,Q9NSC2
Q9BUE0,P29374
O95232,Q99719
Q13952,Q9NPF5
P13612,Q9P0W2
P50616,Q8WW38
O75052,O43488
O43187,P61289
Q9Y6D9,Q9H3P2
O14980,Q96FW1
P05107,P49768
P07332,P28336
Q14344,Q8WVM0
P61626,P04080
Q99081,Q8WWY3
Q13303,P33032
O43913,Q14296
P42336,Q9Y3M2
P43320,Q6VAB6
Q9Y5W3,Q96GG9
Q92736,Q9BUZ4
P05230,P53805
Q02535,P50453
Q15906,P21953
Q9NZL6,P23560
P30086,Q8IYW5
P38159,Q9P0K7
Q9UHF0,Q15643
P14635,Q13509
O75925,Q16656
P49721,Q00987
P43403,P16035
O95816,P51398
Q96AE4,Q9Y2K6
Q9P246,P51149
P06493,P37840
Q15120,P12980
P51946,O15164
P51151,Q6QNY0
P46736,O14948
P68400,Q9Y3C8
P61758,Q9NYB0
Q96S96,Q13643
O14974,Q9UL25
O75604,Q5VWG9
Q2M1K9,O60609
Q9H9Y6,Q9NZC7
Q9NTI5,Q08AG7
P02768,O00189
P08100,Q14155
Q8IXJ9,P30626
Q9UBL3,Q9BXS5
Q04724,P50914
Q92886,O43513
Q13435,O00512
Q5XUX1,Q14990
P29622,Q14155
Q03001,Q14149
P04083,P04637
P08908,Q9UQ35
P43026,P07359
O43143,Q96JM3
P41252,Q14204
Q00536,Q8N556
Q9H0Y0,Q9UIF7
P52594,O43592
Q9UBN6,Q9NW38
Q13029,Q13427
Q9GZX9,Q969P5
Q9Y613,P05107
Q9Y613,O75330
O00623,O75461
Q13492,Q15154
Q9HAZ1,O15151
Q8N6M0,Q16666
Q8N3Y1,P49137
O43752,Q7Z4H7
P14770,P18428
Q13352,Q7L5Y6
Q9H939,O43292
Q9H0W5,Q9BQ52
Q9Y3C8,P26373
Q8NFH8,P21580
P61019,Q07352
Q9BTW9,P17861
Q9NPH3,Q9C029
Q96D46,Q92570
O60437,Q92777
Q9H175,Q9NZU7
Q9GZZ9,P29992
Q9UJX3,P10124
Q96LD8,Q96NY9
Q8TF40,Q9NP64
Q06418,Q96AY2
P26045,Q99575
Q9GZZ9,P00488
Q8IVP5,Q9UBI1
Q8N5M4,Q96C24
P56693,O95613
O95155,Q719I0
Q8IVI9,O60869
Q96EK4,Q9Y4B4
Q8TEK3,P67775
Q04756,O43491
Q13042,Q96B02
Q13404,Q9UNM6
Q14019,O14662
Q5VST9,Q15363
Q9H2X3,Q7L5N1
Q03111,P14921
O75689,Q96F24
Q9UL18,Q9BUN8
Q9NRD0,Q9GZN8
O43924,Q9UQB3
O00622,P60903
P69905,Q7Z6J0
Q9UK58,Q8N3L3
P21583,P04150
Q9UMX1,P15036
P16410,P02763
O14802,P05771
P61626,P51911
Q92997,P21453
Q9ULV8,Q9BQ67
Q9BWC9,Q96AX1
P31785,P62328
Q15915,O00303
Q14257,Q9H0B6
Q8WV24,Q13472
Q9UQ84,P61244
O75439,Q9NZD4
Q5VST9,Q7Z4S6
Q9HBI0,Q13443
P11215,P23193
Q6WKZ4,O95630
O15020,Q9H3S7
Q9NPF5,Q9Y6W5
Q9NRP7,O75317
O15061,P21583
P16035,P51790
P02746,O95382
Q9NX08,Q9UBV8
O60664,O75056
Q9NWB6,P51532
P27487,P28074
P12644,O95149
O00567,P38159
Q12788,P51884
Q15528,Q9HCJ0
P23763,Q96QT6
P61586,Q14494
P54259,P50995
Q9UPU9,Q9NXR8
Q8N668,P28482
O94763,O75689
Q96N64,Q96HR8
P46976,P49368
Q9UKK6,Q6S5L8
P18846,Q13011
Q9Y3B2,P11171
P12235,Q99466
Q6NYC8,Q06587
P26927,P40227
O60756,Q8WW38
Q86VP1,Q9UBN4
P40616,Q9UL03
Q9UHB6,Q9UQ35
P31483,P27361
P20916,O15357
O15519,Q8WW38
P08700,Q86YT6
Q9UHV7,Q13490
Q12962,P52799
P15407,Q6ICG6
Q06187,Q8NF50
Q96CV9,Q92614
Q9H0E3,Q9UBQ0
P18846,P56282
Q92800,O15164
Q8WV24,P42345
Q13158,Q9H1Y0
O15055,P40938
Q9Y3A3,P20273
Q9NP97,Q86UP2
Q13614,P13569
P43351,P59768
Q9Y6K9,P09619
P32942,O60437
Q9H2K2,O94906
Q5XPI4,Q8TAC2
P12004,P23142
P49238,O00308
P08700,P35580
P09913,Q8NB12
Q13347,P28065
Q6N021,P24522
P33991,P41273
P12081,Q8WX92
P43403,Q07820
Q9NRW7,Q99873
P61457,P62820
Q96SU4,P17706
P28715,Q13595
P30499,Q4VX76
P78356,Q14112
Q7L5N1,Q92917
Q9UKT5,Q9H270
P04229,P61006
Q96FX7,P23142
P15170,Q14011
P19878,Q8WWW8
Q9Y3C4,O43566
O95544,Q9UKT9
O75147,O14933
Q9UKK3,Q6PH81
P02452,P49848
Q93009,P81408
Q9HBM1,P02708
P19474,P16035
Q9P2B4,Q00536
P09769,O15061
P50749,P16284
P53803,P42345
P02671,P84243
Q9GZQ3,O94888
P01031,Q08050
Q8WUM0,Q96RU3
Q9H461,P38432
P47804,Q8N6P7
Q9NWT8,Q9BQB6
Q13950,Q14240
Q15843,P42261
O95197,P51532
Q12778,Q9HBH9
Q86X83,Q15746
Q13387,P26045
Q96KR1,Q9Y5B0
Q7L2E3,P39748
Q6IA86,Q13131
Q9NWA0,O43427
P01225,Q7Z460
Q99569,Q92918
P01374,Q9UHX1
O60506,O75477
Q702N8,Q9NP97
P63261,P19387
Q13303,Q16740
Q9NUG6,P00568
O75448,O43663
O15516,P43628
Q9Y5K5,P19338
O60486,P39748
P47874,Q15025
O43680,Q86SX6
P02730,Q02388
Q12800,Q8IVI9
O14593,Q92925
P24390,P10244
O43396,Q9UHI6
P0C2W1,Q96BD8
Q8TDR0,Q16644
Q12947,P23396
P49207,P05556
O60664,Q92973
Q53T94,Q13873
P29622,O43583
P14210,Q9NYJ8
Q14765,P11387
Q15323,O14593
P85298,Q9BZW8
O75925,P00167
Q9Y4C1,P51957
Q9UNY4,Q13501
P32942,P62736
O60832,Q7L576
Q9UQQ2,Q7L0Q8
P13639,P35998
Q7L2E3,P10155
O75947,Q9UBI1
O75052,O76075
P61978,P17480
P49716,Q9BSL1
O60481,Q9H6T3
Q9H3P2,Q14203
Q86SZ2,O43318
Q96AY2,P07237
Q5XUX1,O60356
Q9BTP7,Q14393
P63279,Q8NFH8
Q9H165,Q14112
O43395,Q96J92
P16435,Q13029
P01303,P20042
Q9GZZ9,P17096
Q8IYW5,P12235
Q96Q27,P01225
Q96BH3,Q8WVK2
Q9Y6R4,Q8NB46
P16860,Q8IY92
O95714,Q9Y375
Q9UI08,P21728
Q9NYB9,Q13503
P78362,Q9UI14
P10114,P06881
Q03181,P38484
P25063,Q96AJ9
Q9Y6I3,P51957
P29320,Q9H0U4
Q8TES7,Q9UL33
Q9Y6R4,Q9UJX3
O15055,Q96QC0
P10451,Q9UBB5
P05112,Q96JB5
O15503,P49848
O75865,Q9NQ55
Q96NA2,Q13190
Q9NPJ6,Q6NYC1
O43427,Q9UGI9
P39086,Q9Y6W5
O96020,P19404
Q15262,Q9UJX4
Q9BUQ8,Q5H9F3
Q15542,P55089
Q15915,P55055
Q6ZSG1,P57682
P26045,Q96IY4
P62312,Q9NQT5
Q07325,P55795
O14733,Q9NV31
Q13241,Q8NDV7
O60927,Q15080
P23468,Q8WW01
P35368,Q9NNX6
Q9UBF6,O00429
P35611,Q15642
P19404,Q9NZD4
Q8WTS1,Q53G59
Q9C0K7,Q15022
Q9UI12,P08887
Q96BD8,Q9UJY4
P07550,Q7Z6M1
Q92904,O43181
P16435,Q8TBZ3
Q00597,Q15744
Q9P086,Q19AV6
Q9Y2A7,Q9P0K7
P50150,Q13936
Q9Y4K3,Q13227
P22413,Q9UHR5
Q71F23,Q9UHX1
O00220,P13688
P09467,O75369
O60563,P25800
P01732,Q96JC9
Q9NSA3,O75899
P54252,Q8TBZ2
O60896,O95163
Q9BZD4,P49795
Q07020,Q8WWW8
O75146,Q01638
Q96IY1,P25391
P54284,P60842
Q9UBQ5,P51617
P04234,Q9UBF6
P36404,P56282
O00548,P04085
O95544,Q96B36
P05160,Q8N1F8
P22674,P14678
Q14566,P01160
Q969R2,O94927
P50539,Q8N201
P43686,Q8NHG7
Q96IY4,Q9UGM3
Q8NF50,P56377
Q9NP98,Q9UH77
Q8IX07,P61970
P62306,Q9H6Z4
Q96Q42,O94973
Q9H765,Q9Y508
Q9GZT8,Q8WX92
Q9Y4C1,P04085
Q7L273,P31942
Q9HCE7,Q92538
Q9H553,Q8NF91
P60709,P51684
Q15648,Q92834
Q5SW96,P23921
P57796,Q14566
Q5SW96,O15105
O00233,P12272
P24863,Q6SZW1
Q9UMZ2,P85037
O15116,Q9Y6Q9
Q9HCE7,O95425
Q6SPF0,O60609
P60033,Q9UQC2
P40926,Q86UP2
P27694,P31150
O00622,Q14451
P55316,Q9Y4B4
P43364,P85037
O43752,P18428
Q9BU61,Q9NQG5
Q9H9H4,Q9BYG3
P62820,O15123
O15350,Q9Y587
Q96IY1,Q7Z460
P24928,P27658
Q00688,O43164
Q12778,Q9H469
Q9NWT8,Q7Z6G3
P26951,P39023
Q05513,P05156
P27448,O43719
P51679,Q86YC2
Q99081,Q9BQ52
Q14781,Q9NZD8
Q15022,P13688
Q96BY2,Q12860
Q02388,P35998
P18077,Q8IZT6
Q92886,Q8IZD9
P21506,P29459
Q99594,Q15233
P51693,Q9UIF9
Q9HD42,P50213
P63261,O43521
P26368,Q96JM3
Q99759,O94985
Q9NVC6,P09668
Q9UBK9,Q8WVM0
Q8WXH0,Q14183
P17693,P49916
O00625,Q719I0
O75955,P68032
O43524,O75530
Q13596,O75628
P0C2W1,P18077
Q13554,Q15744
Q9HAV5,P49643
Q96DU3,Q16825
O15392,O75530
Q86YV9,O43292
P54764,Q8IVI9
Q96MF7,P55773
P24855,P60660
Q9H0E7,Q13315
P33032,Q8WXA9
Q8WXF8,Q13740
P16035,P08574
Q14669,P12272
Q9NTG7,Q96NE9
P39019,P20226
Q9Y2X3,Q9BY11
Q92754,P29474
P07101,P05783
Q9GZY0,P62633
O43390,Q9BQG0
Q12947,Q9UM73
P14316,P15408
Q6NWY9,Q9NQC1
O15525,Q9UQB3
P18621,Q9UHW9
P68036,P10644
P49450,Q9NX24
Q99640,Q9BXF6
Q9UHN1,P42679
P08572,Q9UJY5
P78314,P53805
Q9HD36,O60231
Q14168,Q9UJA5
Q13596,O60216
Q96II8,Q02548
Q86UQ8,P27658
Q96EK5,P48436
Q9BTV7,O14939
Q9NUX5,P05787
Q9Y566,O00303
P01189,P53618
P16152,P04198
P15976,P50749
Q8N5Y2,Q9NYY1
Q9NPG3,Q9P0P0
P48443,P42081
P12830,O00165
Q9HAW4,Q07890
Q9BUL5,Q96PF2
Q02413,P62380
Q99627,O75717
P54098,Q8IWZ6
Q13332,Q96JH7
P19447,Q00613
O75807,O14544
P43026,P46379
Q9UL25,P28562
P07359,Q86UT5
Q14258,Q9NZD4
Q13503,O43294
Q5VVQ6,P08138
O95793,P09493
Q9NW08,P32971
P31942,Q30201
P55854,P18564
P54132,Q9HBE1
Q96E09,P19838
O75161,Q13829
Q99683,Q86Y01
Q9BWT7,P41002
Q14790,P12272
P26006,Q9NW38
Q9H221,P15172
O76070,O60756
Q96QB1,O43920
P36507,Q6PJG6
Q9NQU5,O75558
Q9UPQ9,P24385
P30520,Q8NFH3
Q9BYG5,P21580
P78364,Q9UQN3
Q9NYF8,Q9H0E3
P78348,P05121
Q15119,P61247
Q9UKI2,O00165
P04141,Q13404
P46020,O15211
Q99574,P78314
Q9UP52,Q9UHV8
Q5T4W7,Q9UBC2
Q14738,P68400
Q9NPD3,P24723
P48431,Q9UK97
P23396,O43502
P05771,Q13227
P52597,Q96C24
Q53G59,P50461
P51884,Q9Y4B4
Q96GG9,O60271
Q969R2,Q99873
P48553,P42679
Q969T4,Q15334
O14511,P08476
P29353,Q9UHD9
O43752,Q9HAW4
Q8N3Y1,P61247
Q96DB2,Q15915
Q9NQU5,P53618
P14784,Q03518
P40222,P62487
Q02750,Q13061
Q14149,Q9UGM3
Q16667,P29373
P12259,Q16849
P05161,Q96RJ3
P51965,Q9NR12
P11474,P55209
P46934,Q9UBN4
P01308,P16284
Q92542,Q05682
P61371,P02766
O14497,Q14197
Q9BVA0,Q9BRT9
P60953,P29350
Q96T76,O00541
P07332,Q9BWW4
Q86YV9,P20290
Q99819,Q9BZK7
Q9NZL6,P07947
O00585,O43318
Q14258,Q9H0W8
P05412,Q9HCE7
Q92918,O15455
P61019,Q9NY93
P22607,Q14974
Q16555,Q9H074
Q99547,Q99567
P11831,P01019
Q9UHQ4,Q9UKN8
P13501,Q8WZ42
P19838,P25054
P15976,O00763
Q14188,P01563
P25774,Q92917
Q9Y5P8,P05121
Q01518,P02749
Q9H939,Q8N122
P41220,Q13285
Q7L8J4,Q9ULB1
P31350,P16389
Q14990,Q9H5V8
P13805,O43924
Q96DE5,P49763
Q9UQ26,P14653
P29322,P50616
Q6N021,P11474
Q13526,P15941
Q8TDD1,Q9NRI5
P08949,P02452
Q13113,P63241
Q15262,O75477
P34741,Q03933
P62306,P35659
O60927,Q9UQ88
Q15915,P17096
Q15311,Q9UM07
Q12830,P24278
P08311,P46695
P51572,Q9NVF7
P52655,O75970
Q96EU7,Q9UBY0
P53985,O43395
Q96SB3,P06746
P10916,Q8N5Y2
P29373,P21731
Q9UQ88,Q9Y281
Q9NUG6,Q9HAV0
Q9UBE8,P23560
Q07866,O95758
Q8NCE0,Q9UPN3
Q9H2F5,Q8WWW8
P49458,P55199
P62942,Q9H845
Q9Y6Q5,Q9UBN6
P13861,P23763
P06396,O75525
P30405,Q15811
O14492,Q9P0P0
P07942,Q15118
P00505,Q9BQB6
Q9UGJ1,P12004
P29622,Q53ET0
Q92837,P42081
P33897,Q8TDB6
P15173,P51843
Q9UBI6,Q96AY2
Q9BVW5,P42226
P05112,Q99459
P12755,Q9Y2J2
O43379,O96017
P19419,P53805
Q9NPG3,Q9H2D6
O94888,Q8WXE1
Q13029,P84095
Q9UPT9,P62380
O00300,O76075
O95600,Q13444
Q8TBZ2,O43488
P78317,Q9NY93
Q9P2Y5,O14579
Q9NYF8,P29474
Q8N6M0,Q7L523
P31321,Q9HCJ0
Q16666,Q9BYG3
P26951,Q92558
Q9H8S9,Q9H1A4
Q9H0Y0,Q9BVG8
Q12789,P06401
Q8IZQ1,Q8NCM8
Q8NFH4,Q12788
P36507,P00742
Q9H3P2,Q8WUD4
P31483,Q12778
Q9Y210,Q99593
Q9NQ66,Q8TAD8
Q9H2X0,Q6P1J9
Q92889,Q99819
P11831,Q8N3V7
Q14746,P54253
Q9ULZ3,Q13443
Q16795,P17096
O43395,A0JLT2
Q08345,Q9UNE0
P17676,Q8N4P2
P09913,P36402
P38117,Q96SD1
Q99759,Q92918
P08246,Q15532
Q6NYC8,Q9UBT2
Q9NQU5,Q9GZQ8
P35670,Q9Y6X3
P49767,P08962
P26599,P61326
Q9H0D6,P07951
Q7LG56,Q15386
Q15645,P52735
Q9UHQ4,P43628
P57678,P18075
O75628,P30291
Q07021,P00451
P28799,P10644
Q01860,Q9UIF7
O95793,O75943
Q9BT67,Q9BVC4
Q15797,Q8NHW3
Q15596,Q9NVF7
P09211,P01160
Q14318,Q96Q27
P12755,P49821
Q96LR5,Q9H9Q4
Q96RK4,P48553
P08908,O14879
P45379,Q9UL54
Q06787,Q16633
Q9NSA3,O94763
Q4LE39,O43933
P09326,P36507
P50150,P36542
O43734,O43447
Q9UKT9,Q02297
Q92785,O60296
Q9Y6F1,P53805
Q96BY2,P05177
P20339,Q9UL33
P51812,P26640
Q9GZQ8,Q9HCS4
O94952,Q29RF7
Q14831,Q9P275
P53567,Q6NYC1
P32856,Q13424
Q8WVJ9,P81408
P08588,Q9BYG5
O14796,Q86VB7
Q93074,P49589
O15372,P84095
Q9H8Y5,P35568
Q9BXB1,Q9Y6X3
Q03001,P16104
Q14106,Q8NFH3
P35611,Q9P246
O75817,P53618
Q16666,Q96B36
Q9H6D7,Q9NVF7
Q13546,Q9NRG0
P43119,Q7L3B6
P26640,Q96DX5
Q9BUH8,Q16478
Q99942,Q13277
P23284,P61604
Q01974,O75663
P53567,Q86UN6
P24386,Q9UPW8
Q6GPH4,O15155
P15407,P24522
O95336,Q07864
P61019,P49675
Q6ZSG1,Q9NXV2
O43593,O15123
Q9NVD7,Q13936
P20226,Q92569
Q99584,P42081
P84243,Q13029
Q8WVM8,P13688
Q9H6T3,Q9Y6Q9
P57678,P62244
Q9Y275,Q12840
Q9P246,O75528
P36954,A9UHW6
O75312,Q8WVB6
O43852,P62136
P49356,Q13761
Q9Y275,P13056
O00232,P07333
Q9UBT2,Q13115
Q86SZ2,P35658
Q8NEM0,Q8TAM1
Q9BVC4,Q03014
Q14241,O00167
Q92754,Q7Z494
P00749,Q02363
P42336,Q86VB7
Q9UJV9,P15880
Q86YS3,Q6ZVD8
P35080,P30291
Q9H0W8,P35613
Q9BXS5,P43627
P55039,P18433
Q969F2,Q5T1R4
P05160,Q12802
Q9H160,P43628
Q9UI14,P19174
O60683,O75528
Q7LG56,O75170
P22459,O14770
Q9UQ88,P51170
Q8N556,Q99576
P26640,P78371
Q6R327,O75817
P78406,P54253
P61586,Q6NZY7
Q92499,Q13332
P22681,P63027
P05452,O60678
Q6WKZ4,Q09470
Q9UJU2,Q01844
Q15465,Q9NRY2
P16871,P37023
Q9H3U1,P47224
Q9NV44,Q99615
P15018,O75934
Q9P2D1,Q7Z6A9
O43257,Q9Y2W2
Q53GS9,P01583
Q13888,Q9H0N5
O75884,Q9UGK8
O96019,Q07864
Q9BVC4,Q9Y2J0
Q96II8,Q9UK97
O00291,P41161
P16435,O75323
Q9H0K1,P13598
Q99626,P43146
P49841,Q9P2Y5
Q5VTL8,Q9P0P0
P54646,Q9GZX6
P00749,P51572
Q13085,Q969P5
P45983,Q8NCM8
P02794,O76003
Q16586,Q9P253
Q8NF50,P49356
O95297,Q9NQ66
P19438,Q00975
O43156,Q15723
P40337,Q96RT8
Q9UJT2,P06239
Q9NRG4,Q9NWA0
O95400,Q96AY2
Q8N3Y1,P21817
Q8WWL7,Q9Y2A7
P23258,O15520
Q3KNV8,Q8N3X1
Q9Y6W3,Q14181
P10916,Q13643
O76070,P15153
Q01844,P68106
Q01831,Q9H1K1
Q5VTL8,P62328
O15525,Q13873
Q8WV41,Q9UBL3
O00206,Q99683
P00750,Q8TEP8
P46108,P38432
Q13042,Q9BSV6
Q9Y5X4,P60953
P05231,P09086
P62310,Q7Z6E9
Q9NRD5,P14210
Q9Y4G8,O75496
P15056,O60256
P25490,P29322
P11215,Q9NP64
Q01844,Q9NZM3
Q8WVJ9,P11171
Q9Y6Q6,Q9ULC4
Q9UI95,O95336
O95571,Q9H845
P43246,P14923
P19447,P35368
Q86U70,P81133
P29992,Q9NZM3
Q9Y5R8,O43765
Q9P2B2,Q05209
P22059,P14635
O75340,Q8TBB1
Q9H267,P56537
Q9UHW9,P42226
Q8IY31,Q8NI36
Q99684,Q5JY77
P61244,Q9UL03
Q96D46,Q9HB21
O95402,P08588
Q13888,P52701
Q6NYC8,Q8NF91
P30101,Q05048
Q969T9,P17980
Q13519,Q03014
Q9BQF6,Q9NQB0
Q99623,Q8N5M1
P07858,Q14114
P20333,P08962
Q7Z4G1,Q9HAT0
Q15291,Q9NR50
P35670,Q9UBN6
P01583,P25789
P47804,Q9BX63
P02746,P61586
Q9Y2J0,Q02363
Q9NYF8,Q9UGI8
Q14289,P49910
O95460,Q5VVQ6
Q9NWB6,Q14315
P10644,Q05682
Q06828,P40227
Q9UBS5,P80098
P43629,Q9NS00
Q9BYH8,O94889
Q02487,Q96JB5
P53992,Q13087
P61163,P16389
Q9UQ84,Q9H257
Q7RTN6,O95140
Q02487,P25789
P47874,Q9Y297
P21675,P60763
Q8NDX5,P32004
Q06124,Q8TF05
Q8TD16,Q8TAC2
P22695,Q9C029
Q96PM5,P25116
Q9UJM3,Q14112
O95630,Q9BRG1
O75676,Q969P5
O00622,Q9NR80
O43865,P30499
Q9UKV0,Q6P1N0
P51911,Q9NPF4
Q8TBZ2,P27361
P53992,Q15078
P07384,Q3LFD5
P54274,P05549
Q13303,P22303
Q9UNY4,Q9UHC6
Q9GZL7,P21796
P51572,P00742
Q14BN4,P10147
P51587,Q92569
Q969R2,Q6N043
Q16548,Q9NPF5
Q8N122,Q14562
P30679,O75477
Q06190,P24522
P62805,O14948
P04626,P04141
P27701,Q14114
Q8WYP5,Q15349
O75293,Q9HC98
Q8WYP5,P84085
Q9NUU7,P13725
P26010,Q9UJF2
P16333,Q92973
Q9H6Z4,P32246
Q00610,Q96AJ9
Q9H0A8,P54725
Q9NYB9,P85037
P04264,P62633
P46940,Q9UI08
P08922,Q14814
Q9H257,Q9Y2W7
Q8NFD5,Q9P2D0
O00522,P49257
P62714,P26374
O75081,O75448
O14599,Q9Y4A5
O15018,Q96D31
Q9BTT4,P36941
P11233,O43482
Q6UXN9,Q14118
P51148,P18859
Q96EV8,P38484
Q13451,P09622
P50749,P25391
Q13216,P21860
Q9UBI6,O15205
P62273,Q9NSE2
O00148,P49336
Q9UBZ9,P55010
Q86VX2,O00186
Q14134,O00308
Q9NZN8,Q9NR50
P40616,O14770
O95352,P52298
P01241,Q9Y4Y9
Q9NPE3,Q9Y2Y1
P19022,Q13155
Q8WYL5,Q9Y6B2
O15018,Q7Z3B3
Q5JQC9,Q8TF05
Q6PI26,O75864
Q9UM47,P29460
P08238,O60683
P12644,Q9BZJ0
P49760,Q15723
Q86SZ2,Q14393
P11712,P50553
P43351,P11308
P85299,Q16623
O15143,P84243
P51965,Q9Y5S2
Q5T7B8,O00628
Q86X55,P07315
Q6UB99,Q92519
P55317,Q92838
Q9GZX5,Q05639
P13010,P25024
Q9H2L5,Q16623
P40306,Q86SE9
P29373,Q13155
Q969G2,Q7LG56
Q86VX2,Q9H7D7
Q8TBB1,Q9H0U4
P35222,O95819
Q8WUI4,Q9Y6A5
Q99590,P62736
Q16548,P02549
P61769,P14770
Q01851,Q8IUQ4
P14784,Q9Y3C4
Q07020,Q8NHL6
P57105,P50616
O75369,Q9P287
Q13425,O75317
P49760,Q66GS9
P55789,Q7Z406
Q9C0C4,Q9UBC2
Q14681,Q8IX90
P51946,O14579
O95149,Q8WYR1
Q9UKN8,Q9UI12
Q9NSC5,Q76FK4
Q9UBB5,P35613
P14618,Q9UPY6
P49716,Q9UKY1
P49639,Q9H6U6
P63316,O75146
Q9UBI6,Q92837
Q13425,P11831
P0C0L4,O00451
Q9UBP0,Q92830
P43119,P62913
Q92529,P11474
Q13451,P12268
P21506,Q86U86
Q16659,P41279
Q00975,Q9NR77
O60437,P48378
Q86YV9,P51684
Q8N729,P42574
O75147,Q5JVS0
Q8NFJ9,Q00534
P37088,Q8IU60
Q9UI95,P15408
Q9BV68,P28328
Q8IWL3,Q13867
Q5T124,P55795
P50895,Q7Z7L7
P61019,Q9UK41
Q14919,P12273
Q8NEM0,Q9H467
P09914,Q9UBI6
Q9NTI5,Q6SZW1
Q8NI35,O15205
O95140,P08588
Q14669,Q99584
P02730,P26368
Q16555,P35227
Q15762,P62072
Q96SB8,Q9NRY2
O95402,P31749
P12956,Q14451
Q99743,P23945
Q13867,P34932
Q9BWN1,Q9Y3D8
Q14677,Q9H0K1
P50570,O75164
P16157,P50591
P04049,P14618
Q12816,Q9UKJ3
Q14194,Q9H2D6
P61457,Q1KMD3
O43313,Q9H845
Q9Y463,P17980
Q15365,Q07955
P55072,Q86X83
Q96E09,P02741
Q13625,Q13233
Q9NPF5,P50895
O14787,P13232
Q8IXJ9,O00429
O95967,P43628
Q13057,Q9NWT8
Q9HAW0,Q9NV70
P30049,O95600
P13805,P01583
P10114,Q02224
Q9BZD4,P07737
Q8TAQ2,P30281
Q53ET0,Q8NI36
P29992,Q66GS9
Q9NZC7,Q8N1I0
Q02156,Q9Y383
P61923,O94842
Q99743,P46776
P28715,P21817
Q12789,O43491
P21675,Q9BSL1
Q9Y5J7,P17861
P62714,Q6PJG6
Q15349,Q6P1J9
Q96C24,Q96JC9
P01135,Q76L83
Q96BY2,P30988
Q9UHB6,Q9NX24
P63279,P30876
Q8IVP5,Q14974
P27797,Q9BUL5
Q9H4E5,O00628
Q96LR5,Q13503
P21926,O94941
Q9H7Z6,P30460
Q5H9F3,Q9Y219
Q8IYD1,O14979
Q9NWB6,Q9UMZ2
Q7Z6A9,Q16849
Q15369,Q12996
Q12840,O75396
P62304,P30531
P78317,P51808
P30086,Q86VP6
Q92558,Q13485
P55895,Q9Y3Q8
Q9UGN5,O15020
O15068,P13498
P26045,Q8NB12
Q9Y4A5,Q15118
Q7Z6J0,P49810
Q9Y2W2,Q9H1D9
Q96I99,O43427
P49407,Q66K74
Q8IVP5,Q92834
P19174,Q9Y4Y9
Q96RN5,Q8WUP2
Q6N021,Q13131
Q9NV92,Q9GZN8
Q8IWY9,Q9UGI9
P55197,Q8TEB1
P60891,Q68CP9
P29459,O60741
O95429,P01133
Q29RF7,Q9GZR2
Q9Y6M7,Q9NRG4
Q2M1K9,Q13002
P13611,Q9Y2X3
Q00403,P06881
Q9BT25,P60953
P36404,Q9Y376
Q96A56,P49917
P49796,Q9H9C1
A7MCY6,Q8IY18
P21506,Q92956
P51451,Q96RU3
Q99661,Q9BY43
P23634,O15068
P01135,P78527
Q12905,P28328
Q9H1J1,P83436
Q8IU60,Q8NEM2
Q9BYG5,Q71SY5
Q9UBP5,P34998
P51679,P68106
Q9H8S9,Q99584
Q9C0C4,Q86Y01
Q9Y3Y4,Q6PD62
Q9GZY6,Q96J92
P49675,Q9NPC6
Q14181,Q702N8
Q9NRD1,Q9BRT9
P51813,P62072
P46108,Q9NVF7
Q13625,Q9Y3E5
P49459,Q9Y294
O75348,Q7Z6A9
Q86WX3,Q9NP85
Q9NV56,Q86UL8
O75197,Q13233
P61604,Q9NZN3
O43353,O60504
Q14011,P06396
Q9GZX9,P61916
P46940,P08922
O95785,P08574
Q9NYG5,O43390
Q13188,P01892
O43865,Q14681
Q6UXN9,P51965
P31948,Q92830
P23193,P06748
Q9H3M7,O75461
P12644,P23921
P28715,Q9H2L5
Q8NFD5,Q92556
Q96SB3,Q96QV1
Q9NPB6,Q86SQ0
Q04637,P61758
Q15075,Q9NXK8
P15408,Q9UJY5
Q9NS56,Q9ULG1
P08621,Q9P2W9
Q15532,Q9UI12
O60895,Q86TM6
Q15019,O76041
P01106,O60756
Q16849,Q8TCJ0
O76003,P84243
P15382,Q12769
P54132,P49750
O60927,P21817
Q9ULT6,P41217
P31483,O15539
Q12834,Q9BQ95
P62304,P28072
Q13107,Q9NQP4
Q8IWL3,Q07820
P62753,P17813
Q7RTN6,Q9Y2K6
Q9NRR4,P51172
Q12830,O00512
P20273,P19419
P08238,O75506
Q92558,Q7L5D6
P22626,P49238
P37108,P23945
Q9UJX2,P38432
Q9UJW0,P36873
P43005,Q9BVM2
P08311,O75330
O15111,P81408
Q8N531,Q9NQC3
P35637,P01308
Q8TBA6,P38484
Q8N3U4,Q9HBH7
P51451,Q01658
Q9UJX6,P46934
P60604,P53992
Q8N5V2,Q9NPG3
Q15020,Q06830
Q9UH92,Q6S5L8
Q8TBZ3,Q8TAA9
P24593,O75494
O15061,Q03181
P09668,O00592
P05386,Q8WUA4
P09681,O76075
O60516,Q8N5C8
Q99590,O75943
Q6QNY0,Q9H467
P00451,P12273
O95863,P16109
P26374,P09913
Q96AH0,O14579
Q9UBC2,P54646
Q15672,Q06455
Q9NPG3,Q6ZUJ8
Q9GZQ3,P61225
O14733,P01112
Q06124,Q9UBN4
Q9H9F9,P38606
P07384,Q12802
Q15785,Q96J92
O14795,Q9BZE4
Q99547,O14594
Q9H2L5,Q6NXR4
Q05193,P11831
P31749,Q9H832
P21941,Q9Y230
Q6NYC8,P28069
O75460,Q9BZD4
Q15543,Q13651
P35221,Q99698
Q12947,Q92613
O14983,P42025
P17693,O15520
Q9Y572,Q16531
Q9NUG6,O15020
Q9C086,P31314
Q6EEV6,P36954
Q9Y6Q6,P51684
Q15102,P46019
Q13470,P02511
Q96FJ0,P98160
Q9H4M3,P52952
P09622,Q9Y6R0
P12314,P23945
Q86T82,P81274
Q99714,Q96L73
P30273,Q15555
Q9P0L2,O15511
Q9NQU5,O95140
P05386,P11234
Q9NRL2,P05106
P12956,P52735
P41146,Q9HBZ2
P10155,Q14686
P07996,Q9Y6I7
P18621,O75150
O15111,Q99748
Q9Y6R0,Q96HS1
Q12800,Q93052
Q93096,P0CG47
P15056,Q9NPA8
Q9NSA3,P78556
P01112,Q16595
Q9NR12,Q9NNW7
Q9BYE7,Q13889
Q15172,Q13555
P49356,P13804
Q8NBT2,Q15833
Q14149,Q15459
Q14103,Q92625
P23769,P17152
Q9BTT4,Q9HAJ7
P55001,Q9Y587
Q13546,P21817
Q9ULC4,Q4AC94
Q9NZ43,P04150
O95198,Q9BQB6
Q13425,Q7Z6G3
Q9Y6W8,Q9UHP3
O15350,Q9Y4A5
O95544,P06746
P35900,P85037
P51172,A7MCY6
Q9UJA5,Q14397
Q92620,Q9HBW0
P03956,Q96KQ4
Q99627,Q8WXX7
Q02447,P17844
Q16611,P35900
O75694,P15498
Q53EV4,Q92783
O15503,Q96FJ0
Q9UI12,O95273
P29466,Q15427
P29373,Q9Y2Z4
O43602,P41091
Q14168,P01583
P30989,O60756
P20339,P56282
O94966,O75369
P23467,P28072
Q9NTJ3,Q14676
P09326,P31150
Q9NRH3,Q9C026
O43156,Q9BY11
Q14562,Q9P2Y5
Q96J92,Q96A47
Q15131,Q9Y535
Q9NQC1,O00470
Q9BVI0,Q96HE7
P07766,P40227
O75815,P46734
Q07352,P55001
Q99700,O95190
Q9UI09,P42224
Q96KJ9,Q9UKT7
P09327,P13612
Q9UHV2,P10912
Q8WYQ5,Q08043
P54619,Q9NTJ3
P34741,O95273
P00374,P78357
Q9UKW4,P38117
O43665,O95714
P19086,Q99547
Q96N96,P62491
Q9NS56,Q9UL18
Q92614,P35625
Q9NS91,P84095
P05771,O00308
Q9UBU7,P78357
P10451,Q14676
Q9NZL6,P35372
O60238,P55795
O95817,P30460
Q9UPT6,Q13523
P33897,P00813
O95967,P26371
Q92754,P21796
P28482,P43320
Q9HBM1,Q8NF91
Q9UQ26,O14777
P25391,O43683
P19838,Q15046
P55001,P17655
Q13519,P15173
Q9UGP5,Q9H2L5
Q92625,Q9HC77
Q15120,O15259
Q96L91,O60256
P24386,P07858
Q13769,P54646
O75925,P08514
Q9Y5B8,P13725
P29692,P10912
O15527,P49238
P84077,Q9GZX5
Q8N5R6,P55327
P12004,P17813
Q9GZX5,Q96IY4
Q8WYK2,P48552
Q96FJ2,O15511
Q9Y215,O94782
Q9BZD4,P16104
P35555,Q8IVI9
Q15744,Q9NP64
Q8N531,P01275
O15116,Q15427
P13501,O43488
P62841,P04229
P11712,P35244
P62253,Q9NQT8
O94875,P53992
O94952,Q8WU20
Q9H845,P62380
Q14643,P68431
O75914,Q15078
Q13362,Q99996
Q9H4P4,P28062
Q7L0Q8,Q9UPN7
Q9Y6I3,O60437
Q6IPU0,P15153
O75832,Q13315
O15212,Q9UNF0
Q14807,Q86T24
P46087,Q9NQT8
Q09013,O75864
Q9UG01,Q9P2F5
P51693,P68363
Q9GZR2,Q5S007
Q9Y6N7,O15259
P78347,Q9ULC4
Q96NY9,Q15596
Q8WWM7,P11166
Q9H4M9,Q9Y5B0
P41208,Q13618
Q14168,Q9Y262
Q02413,P62875
P46976,Q9Y3C7
Q09472,P12931
O43745,Q13554
Q9H4P4,P12272
Q02156,Q13637
O95229,Q9Y4Y9
Q9BXL8,Q8TF42
Q96HR8,O75170
Q86UN6,P62328
Q7L804,P42166
Q8TBZ3,P30460
O75312,Q96RR4
O95544,P08754
Q8NCM8,P16949
Q9NWB7,Q674X7
O15457,P34932
Q9NQ25,O75396
Q14397,Q13155
P48443,O95336
P78347,Q8WYL5
Q96JB5,P04080
Q9UHP3,Q9P287
Q8IWY9,Q9Y3U8
Q7Z6M1,O75150
P62714,P68104
P51178,Q96PF2
Q8N8S7,Q07325
P07900,Q9HD47
Q13310,Q4VCS5
Q9Y5T5,Q8TBZ2
Q9NS91,P53611
Q58A45,O94817
O15068,Q9NS00
P40238,P36957
Q13829,Q9Y2Y9
Q16695,O14770
P06756,P62491
P07093,P48546
Q14004,O15151
P19544,Q5D1E8
Q14242,Q8NC51
Q9NRZ9,P18850
Q6ZRS2,Q96SN8
Q9Y215,Q96JC9
O14901,Q14397
P31994,Q9NRW1
P62277,Q9UHP3
P26373,Q9UNM6
P32942,Q70CQ1
Q16531,Q9NX24
P20702,O43318
Q02241,Q9UJW0
P11309,Q9H147
Q9UHL9,Q99961
Q96AY2,Q92570
Q14681,Q92851
Q9NP71,P28827
Q32P44,P78552
P46776,Q6ZUJ8
O60506,Q14112
P29353,P54368
P13611,P10109
Q14512,P02747
O00567,Q9BQG0
P18077,Q06587
P35637,P78552
P54764,Q99801
Q15013,P04229
P83916,P35052
Q9NWB7,Q12948
Q9BSJ2,P55316
Q12860,Q13432
Q16739,Q14807
P09603,Q9UBT6
O75161,Q8TAM2
Q15369,P29376
Q9H2S9,Q8N531
O75052,Q96DI7
Q9Y3I1,P46776
O95544,P50151
Q07666,O14920
P07900,Q13740
Q07890,Q9Y2D8
Q9Y2H1,O14836
Q53G59,Q92793
P15822,P49736
O60240,P08684
Q09019,Q9H1D0
O15020,P00748
P29353,Q7KZI7
Q13474,Q9BPZ7
Q5T3J3,O95232
Q9UGJ1,P61457
Q9UNY4,P09668
A5YKK6,Q96LD8
Q9Y6X3,P30291
P52948,P29320
Q02363,Q8WWW8
Q00534,O75970
P23771,Q9UNN5
Q08117,Q86UN6
P05231,Q9BUB5
Q5S007,O95977
P04150,Q9NR80
P13056,O43491
P21980,Q9H0W5
Q6GPH4,P30988
P07315,P49327
P01112,P10644
P48145,Q02388
Q9GZX5,O95613
P31749,Q9NPP4
Q92643,P56645
P24386,P08709
Q5JTV8,Q8IZT6
O14924,P20701
Q13439,Q6PIJ6
Q8IXI2,Q96JM3
O95639,P41212
Q9NZL6,Q15672
P20702,P55089
Q8NDV3,P30101
Q9Y6M7,P05181
Q99958,O43379
Q9UBX5,Q6PJG6
Q9NV92,Q08AG7
Q9NX08,Q15019
O43491,O75330
O75694,P68871
Q15653,P18848
Q8WVC0,Q99598
Q9NWZ3,P78318
P84022,Q16533
P21452,P08833
Q9H6U6,O43586
P36896,Q9Y535
Q96A72,O75496
Q92781,P24278
Q7Z6M1,P09651
P25789,O60609
Q07157,O60603
Q96EY7,P67809
O75815,P52735
P40123,Q7Z465
P20585,Q9BUE0
O94889,Q76FK4
Q5SW96,Q5MJ70
P25942,P17542
Q92870,O75970
P50542,Q13332
P27037,Q13200
Q8WV41,P63241
Q9Y6I3,Q8TF05
Q14185,Q2TAY7
Q99836,P20336
O14979,Q7Z494
O15350,Q13291
Q7Z4H7,Q9BZK7
Q9UIF7,Q13009
Q96BY2,P49757
Q14498,O15400
P20719,Q16825
P38919,O94952
Q6EEV6,Q3V5L5
P26927,P51965
P35612,P35637
Q9H3U1,P05129
Q16777,P50148
O43255,Q9NZU7
Q9UGL1,Q9HAP6
P23560,P06493
P02774,P41252
Q6GPH4,P54727
P23508,Q9Y262
P08684,Q9UHB4
Q9NZC7,O15372
Q08379,P49754
O94782,Q9UQQ2
O95208,Q9Y2M5
Q5VTR2,Q16082
P07766,Q86WT1
P15531,O60264
P51610,P46736
Q7L8J4,Q9BY11
O00213,O75530
P19022,Q96CW1
P14859,O00512
O60880,Q9H9E1
Q9Y5R8,Q5MJ70
Q13905,Q96QH2
Q12841,Q9P2D0
Q9UM54,P10827
P23469,Q9UNS2
P42229,Q92542
Q9P2J5,Q5JSH3
P16152,O60830
Q01974,Q9NSC2
Q99612,Q8WVY7
Q13888,O14958
Q14643,Q9HCN4
P63215,P35998
P41236,Q9Y6H5
Q9NYG5,Q9Y6N8
Q9Y6Q6,P52630
Q03014,P10909
P05107,Q9GZN8
Q8IWL3,Q9UPU9
Q13951,P01308
P18077,Q14789
P63104,Q9Y283
P49916,O14744
Q15696,Q96MH2
P27037,Q0VG06
Q9GZS1,Q7Z3B3
P67870,P30291
O15143,P30989
Q9UBV8,P08670
P16619,P17152
O43439,Q9UQB3
Q96J84,Q9C029
P54727,Q8N5I2
Q13563,P62316
O75096,Q14566
Q99594,Q96CW5
P15407,Q9UNS1
Q15645,P42574
Q15369,P42679
Q9NPB6,P36873
P22681,Q15562
P51955,P11362
Q9NVR7,Q8N684
P46934,Q86Y82
P49796,P08833
P23560,Q07820
O95376,P31689
P19447,Q9UNY4
P56282,Q9H553
Q9H251,P23469
Q9UBU7,Q9UKA2
P20783,Q96JM7
P14780,Q9NZJ0
O60262,P07237
P48443,Q5JSH3
P13861,Q9UKJ3
P62633,Q9Y508
Q93074,Q86W92
P61923,P49639
Q8WXA9,Q96T23
Q9BUE0,Q86T24
P49675,P35080
Q96EB1,O75326
Q969R2,Q9NQZ3
O15457,P49336
Q9BUI4,Q15723
Q99728,Q7Z406
Q9GZS1,Q9NZL4
Q53HV7,P02741
Q2T9J0,O75330
P22674,Q06323
Q8N5Z5,P34130
P26717,P30153
P62195,Q9UPY6
P35609,Q9P287
Q12841,Q15466
Q9NWF9,Q9UM54
Q13470,Q8IXH7
Q9NQT8,Q9BRQ0
P17544,Q86YC2
Q13009,O60609
Q86UL8,P60842
O15212,P61024
Q9H5V7,P23945
Q9Y4E8,P62244
O14511,Q14397
Q96CG3,Q7L0Q8
Q14152,P49750
Q9UPX8,Q9P2M7
O43745,Q9UQB3
O75340,O43815
P49767,O14893
Q9H307,Q96QV1
O00268,P61619
O95817,Q6SZW1
P08238,O00273
O14924,Q13227
Q9NQ66,O94813
O75694,Q8NHW3
Q9Y6W5,Q9Y2D1
O76003,P62841
Q9ULG1,Q13322
Q9Y6K9,Q8WTS1
Q9ULM6,Q15435
Q96JN8,Q13586
P19022,Q96SW2
P25815,Q13901
Q9BUE0,Q14257
P51817,Q9HCS7
P08621,P50151
Q02241,Q9BWF2
P23771,Q92529
P02778,Q7L591
Q5XUX1,P49848
P33261,Q6NYC1
Q9H074,P62258
Q12913,Q96I25
Q8WTW3,Q12873
Q01831,Q9NZN4
P07225,Q99719
O14798,P24539
P62879,Q8NHM5
Q06124,O75604
Q9HCI7,Q96JN8
Q9NWB6,O00592
Q6GQQ9,O14976
Q01664,Q16656
Q96S52,Q9NYB0
O60568,Q15025
Q86XK2,Q8IWS0
Q09028,Q6W2J9
Q8N2Q7,Q6VAB6
Q9NPG3,P15153
P02461,Q2NKJ3
Q14494,Q58A45
P24588,Q9Y4A5
P09603,Q8NF91
Q9Y2X0,O43294
Q14152,O00308
P00488,O60504
Q7L3B6,P30520
Q99966,O43639
Q7Z465,Q8IUD2
P08922,P50749
Q9UP52,Q8TF74
P22570,Q8NFT6
O75145,P25116
Q8TCG1,P22736
Q9NP97,Q8IZD9
O43719,O43521
Q13404,Q8N3L3
Q14114,Q9NW38
Q96SN8,Q15788
Q9HAT0,Q99732
Q9UKI2,Q96JM3
P43489,Q07890
Q08117,Q6ICG6
P26951,Q86Y91
P61956,Q99615
Q13643,Q9UL54
P02686,O75791
Q9H9C1,O96013
P12081,P00748
Q86VX2,Q6ZNE5
Q9NV56,Q9UQC2
Q9NY12,Q9NZU7
Q9UJW3,P40938
O75052,Q86XR7
Q9Y2H1,P49763
P31371,P16112
Q13409,Q15700
Q8N8S7,P40818
Q14674,P46019
Q8TDY2,Q8WTR2
P09651,P06756
P54920,Q9Y2R2
Q15404,Q9NPD8
Q14669,Q15404
Q9H668,P49257
O15550,P53367
P01106,P61081
P49407,P46695
Q9P2W9,Q13608
Q96BH1,O95273
P35241,Q13867
Q6UXN9,P05783
O60610,P50750
Q8NDX5,Q9H0W5
Q96AH0,P01100
Q9Y2T3,Q9UKY1
P23458,Q9GZS1
Q9Y283,Q9BQ95
Q92956,Q9NY12
P55773,P40227
O75928,P55196
P98161,P35900
Q9H939,P78357
P31371,P02778
Q06190,P15374
P13611,P51693
P57078,P46531
O75832,Q9H0W5
P10644,Q15942
O14965,P02748
P61956,P00742
Q9NQC7,Q86UL8
Q12874,Q6P4R8
Q8IX12,O75676
Q04917,Q15311
Q5TGY3,P48061
Q8NG27,Q9P0U3
P07814,P60903
Q13158,P14866
O95278,O14544
Q92886,O75586
Q8IWL3,Q7Z412
P39019,P17706
O96019,P08670
O00623,Q16630
O15020,P15018
Q8NHY5,P09234
Q99590,P18146
P61758,Q16539
O75410,P02749
Q86T24,P15172
Q96EK5,Q5JQC9
Q7Z4G1,Q15788
Q8NHG8,Q5VZM2
O00763,Q15388
O75460,P31930
Q9Y6I7,Q96FJ2
Q7L3B6,Q08117
P26010,Q9UGL1
Q7L273,Q99836
P22674,Q9Y243
P08833,P15382
O43752,Q7Z6G3
P00167,P38484
P47224,O43488
Q99714,O75717
Q9UBL3,Q9NZL4
O15511,P63272
Q9NTI5,Q96DE5
Q9Y5Y5,O94782
O60664,Q9H2X6
Q06587,Q9H204
O43143,P60660
Q16543,Q9NQ29
O00186,Q9Y5B0
P41208,Q6PIJ6
P21333,Q9H2X6
P08514,Q04912
Q7Z465,Q14653
Q96LK0,P14778
Q96JN8,Q02297
Q15788,Q8IU81
P49407,Q9H4P4
P56270,O43516
P51531,Q15078
P63272,O75791
Q6ZRV2,P29459
Q8IWL3,Q9H6U6
Q99612,Q13185
Q93009,Q5JY77
Q9NSA3,Q9H2G4
Q03933,P49754
Q9Y2W2,P42262
Q5VTL8,P16109
Q5VTR2,Q9Y6R0
Q96CD0,Q6TFL4
P60033,Q3ZCQ8
Q14722,Q8IZD4
Q9Y275,P54577
Q14990,Q92570
Q96LK0,P30260
Q8TDN4,Q9Y264
P05181,P21728
Q9H211,Q08334
O43929,Q9UBY0
O60927,Q8TD31
P62805,Q96RU7
P12956,P11277
Q8TBN0,P23511
P11215,P54829
Q05682,O00189
Q9UHV8,P62906
Q00526,Q9UHX1
O15259,P45984
O00167,Q9HD26
P22455,Q96IF1
P63218,Q15672
Q9H3Z4,Q92643
P26599,Q9GZM8
O60711,Q5VST9
Q96DB2,Q92614
Q15349,Q96RR4
Q8TDB6,Q9H840
Q68CZ6,Q9NRG0
Q9BUH8,O75530
P16871,Q13418
P60484,Q9NZM3
O15553,Q5T7B8
Q13310,Q6UN15
Q702N8,Q12778
Q9H4L5,Q96DX5
P41220,Q9BW83
P35659,Q13889
P30281,Q96I34
Q13868,Q92614
Q14790,Q9UBI1
Q9Y3C5,Q15080
P27815,Q9NPF4
O94973,Q9Y692
Q9HBM1,P22303
P60880,Q9Y219
Q9BWT7,Q9H7Z6
Q6P1J9,Q96A47
P02545,P54829
Q06830,P01023
P62805,Q7Z569
P07101,P06307
O95628,O95402
P04234,Q06413
P23469,Q13424
P42684,O75717
Q96PM5,P10515
Q96JM2,Q9NQC1
Q9NZC7,P52630
Q5RKV6,O43313
O60262,Q14240
Q15910,O95639
P07949,P61626
Q99623,Q96QC0
Q9ULT6,P39748
Q9BWW4,Q13555
Q6NVH7,Q96S55
P41220,P31689
Q9UBQ0,P22681
Q16665,Q15915
Q9BQ67,O14730
Q16825,Q14573
Q13099,P78527
Q8WYR1,P51148
Q9BTP7,Q9UKB1
Q969R2,P31948
Q9H4X1,P06858
Q9BY77,Q13541
Q9P0R6,O43143
Q9GZQ8,P28161
P01160,Q9UQE7
P16860,Q15723
Q9ULZ3,P25054
Q00610,Q6SZW1
Q9H0F6,Q9NRL2
Q99570,Q8IZJ6
Q9H410,O14965
Q07912,Q16644
Q9H939,O15123
P62873,Q9BQF6
Q05209,Q9Y587
Q15582,Q9Y6W5
Q96NA2,Q8IXW5
Q8TD16,P05771
Q15349,P50461
P61764,Q8TD31
O75150,P11166
P18077,O43670
P40424,Q9UBT6
O15143,Q99558
Q96J92,P20138
Q96EY7,Q86SQ9
O00124,P20936
P68871,Q9UBR4
Q9GZX9,P43320
O15550,Q9P275
P22681,Q06413
Q13332,Q15078
P68871,Q9HCJ0
P49006,O76075
Q9BXC9,P17600
O14787,P85037
Q9NVN3,Q9Y2Y1
O75528,O75150
Q8TAP6,Q8NHG7
Q9NRY2,Q9UIF7
Q9GZV8,Q8IUQ4
P13224,P01892
P18846,Q8TDN4
Q96L91,Q9UHV7
Q6GPH4,Q7L2J0
Q9UGP5,P62244
P62258,Q96B36
O15155,P46934
Q96L91,Q01664
P15374,O14543
Q7Z6M2,Q13427
Q8IUH3,A8K8P3
Q9UPT6,Q9Y262
Q9UKJ1,P29083
P68400,P32246
Q9NXR8,P24723
Q2QGD7,Q01518
Q9NQ66,Q9Y264
P36956,Q8WYH8
P07093,P24941
Q12972,P31273
P15880,Q8WX92
Q15051,Q15942
Q13347,O95721
P33240,Q92882
O95336,O00592
Q9NS23,Q9Y3L3
Q9NWT6,O75170
Q9H211,P32971
P61769,Q05639
Q9NRR4,P30876
P62805,P10914
Q16513,P17980
P43026,Q96SZ6
Q9UBV8,Q86XL3
Q99727,Q12841
Q8TAF3,P49761
O60645,Q9NRG0
Q9UNL4,Q9BVG8
Q13137,P46019
P18621,Q96SU4
Q02241,Q14203
O60264,Q96QC0
Q02930,Q6ZNE5
Q9UNN8,P43320
Q08345,P19544
O60481,P35625
Q5VVQ6,Q13797
O00567,P05549
Q9UBK2,O60826
Q93009,Q9BRT9
Q09472,O60885
Q9ULX6,O14543
P02675,O75326
Q9UBE0,P63165
Q14807,P39023
Q9UBQ0,Q6NWY9
O15530,P00533
P62258,P13688
Q04637,O14924
P28360,O95405
Q8IYW5,Q9UJY5
P17535,Q9UNK0
Q14526,P10636
P01563,Q969T9
Q99623,P13612
Q99732,P10909
P51116,Q8NB12
P21506,O94921
O95644,Q9GZT9
Q9Y566,P53618
O15371,P09681
Q99583,P25789
P16615,Q9Y281
Q15717,O60603
Q13884,Q15075
Q99732,P60842
Q96QK1,Q99972
P51451,Q9NR55
P04183,Q96IF1
Q16778,Q9Y3C7
Q9NTJ3,Q53HL2
P41161,O00592
Q99665,P02774
Q19AV6,Q96PK6
P14678,Q92530
Q96EV8,Q9NVX0
P13611,Q53GL0
P52434,Q9HAQ2
Q7Z419,Q9NSK0
P62081,Q08AG7
P17844,P09683
Q15465,O43172
O60684,P32239
P57081,Q96B97
Q86VS8,P05549
Q6NYC8,P60842
Q92558,P14859
P20336,O60840
Q99576,Q13895
Q9Y5T5,Q9H7Z6
Q9Y5X3,P53803
Q9UKI2,Q9HB90
O75676,P56377
O15530,Q9BTV7
Q12982,P30279
Q02487,Q8TEU7
Q86SX6,Q9Y264
Q15544,Q9HBW0
Q96EB6,Q14152
P46940,O14777
Q96CA5,P23025
P05771,Q13501
Q9NTX7,P51532
P67936,Q14974
P28161,Q9H0M0
P98077,Q9UI14
P78364,P09486
P40306,Q9UHD1
Q86U42,Q8WUD4
Q96AJ1,Q9GZU2
Q9UKA4,P53992
P48145,Q8IWY9
Q9Y5T5,O15144
O95819,Q14183
P13611,P49336
Q86YP4,O14802
O75604,Q86U86
P61020,O43924
Q9Y2U5,P49336
P24534,Q7LG56
Q702N8,Q7Z406
Q96KP1,Q12769
Q99661,Q6TFL4
P50748,Q99618
Q9UKJ1,P04080
Q01638,Q14566
Q68DK7,Q86WT1
P54578,Q13642
Q9NX47,Q12929
P27815,Q9C026
Q15915,P01133
P11274,P49682
Q13061,Q14197
P20138,Q9NWS0
Q13188,Q53HL2
O60506,Q9H9Q2
Q8WV41,Q96EV8
Q8IZH2,Q99547
P56693,Q13501
Q9BTW9,P11171
Q16890,Q9H4B4
Q13595,Q9H0K1
Q99574,Q96EZ8
O15144,P50453
Q16832,P08514
O60756,P18859
O95155,P60510
Q9UKK6,P67870
P33261,O75962
Q8NDV7,Q86UP2
P23769,P54253
P30048,Q86US8
P18077,O75530
P03973,Q15046
P32927,Q15311
P42858,Q9UNH7
Q13042,O75840
P08238,Q96NA2
Q9UJV9,Q14112
P49642,P24928
A7MCY6,Q9BQ67
Q9Y3E7,P30988
Q9Y3E5,P18510
P68871,O14901
Q9UH77,P08684
Q96KP1,Q9BW11
P13611,Q02535
Q16533,P19388
Q8WYH8,Q14204
P09086,Q9NXV2
P42858,Q6VY07
Q13352,Q15465
P47804,P13688
Q14749,P61006
Q99569,Q9UBT6
Q99683,Q9UIU6
Q13950,Q99972
P22455,Q13351
Q96EB6,Q9UBI1
P78352,Q7Z6M1
P20963,Q05397
P18848,Q9HD26
P30086,P55327
Q96EF6,O00625
O60437,Q9Y243
P05177,O15144
Q03167,P61962
O00213,O00303
P35612,Q9HD26
O15533,Q8TAP6
O15211,Q9Y4Y9
P08700,Q12840
Q8TAF3,Q13936
Q92828,O75396
Q13620,P22570
Q99759,P09936
Q9UJF2,Q8N1E6
Q14511,O76064
P19883,P12273
Q13303,Q9BWW4
P17931,Q2TAY7
O95402,A0JLT2
Q9UQ84,P13010
Q15555,P01583
Q16890,Q8TDX7
Q00005,O60884
Q9UQK1,P30203
P07900,P11171
P61586,Q9UBB5
P51172,P25789
O00622,P41229
Q9Y2S7,Q15788
P31273,P52701
Q96LR5,P19256
P07225,Q9UJV9
P23258,P40227
Q9C0C7,P08574
Q9UKK6,P52434
Q16613,O43164
Q12815,O15446
Q9Y2T3,P10644
O15550,P18428
P51825,Q9Y4B4
P61077,Q15744
Q9NYG5,O15400
P17661,Q71F23
P98155,Q9H160
Q7L273,Q6N043
O95140,Q15078
P07332,Q9UPY8
Q03431,Q99584
Q9UNE0,Q13501
O43639,Q8TEL6
Q92781,P08670
O15018,Q9BXW9
Q9HAV0,Q15459
P32121,Q8WVB6
Q9HC77,P01100
P42081,O00443
Q9HCN6,Q8NB16
O43927,P62487
P10916,Q14919
Q06323,Q9H553
Q9HAP6,Q9UJY5
P35398,Q15691
P00918,Q9NV56
P39023,Q8WWW8
O75604,O60583
Q16543,P08962
Q13740,P32239
Q7Z6J0,P30520
P62820,Q9H1D0
O60645,O95477
Q9UJW0,Q99519
Q99714,Q9UQ35
Q9H3Z4,Q9P2Y5
P48382,Q8IYI6
Q9NPI8,Q16613
P35611,Q9Y2Z4
Q9HAW0,P52735
P41220,P42166
O60763,Q99623
Q9H461,Q9BRT9
Q9UI14,P63000
Q8N3Y1,Q9Y2Y9
Q96L92,P36402
Q9UBK9,O14727
O14795,Q15746
Q8TEU7,P42679
P62714,O95433
O15455,Q12948
Q13115,Q6SZW1
P08572,Q9BPZ7
O15078,Q9BUE0
Q5VWX1,P26441
Q8N3F8,Q7Z6M2
Q8TEL6,Q9UPN7
Q9BUG6,P62314
P32302,P49069
P55089,Q9H0M0
P61604,Q15428
P49427,P85299
Q58A45,O95257
P57740,Q9Y3R0
Q9BYH8,Q9Y6W3
P28715,Q15831
P49454,P01042
Q9NPY3,P23396
Q9Y2W7,O43242
Q9P2W9,P29083
O60741,P01732
P58004,Q9UKJ3
O75807,Q92934
P50150,Q02223
P06729,P10644
O43364,P51668
Q9UNE2,P51178
P49354,P00736
Q07157,P00488
P26599,Q9NXV2
Q96K76,Q8WWW8
O15055,Q9UNM6
P78406,O60603
O15205,P13598
O75312,P67870
Q9Y2M5,Q96AH0
Q9NUU7,O00512
Q9NRA1,P32971
Q8WU20,Q9UL18
Q9NUX5,P49642
Q5QJE6,Q5VSY0
P14416,Q07325
Q9HAT0,Q13614
P35712,Q9NV56
O43684,P10144
Q9UPU9,Q9H816
P78345,O15400
Q9UNN8,P36954
Q13332,Q09028
Q99653,P18564
Q8IYD1,O60231
O75081,O95630
Q5T6S3,O60762
Q16555,Q8IY18
P42685,P32246
P09619,Q8IWI9
P60953,P26371
Q04724,O00712
Q12788,Q9HBH9
P11233,Q9Y4K3
Q9Y5S2,Q9HAZ1
Q15506,Q9BVG8
Q7Z465,P50990
Q96HN2,Q5VWG9
Q9NX70,Q16740
P24928,Q03431
Q9UI09,Q9NY93
Q9BS18,P30154
Q92613,Q8IWS0
Q99467,O75865
Q6AHZ1,P02766
Q9H7L9,Q9Y6D6
P50750,Q9UBB5
P04626,P49736
Q14161,P62273
Q9HD36,P0DI81
P21796,Q12802
Q01453,P50995
P23467,P42679
P49760,Q7Z4H7
O75030,P20936
P68036,P68106
P39019,P62273
P68106,O75695
P03956,Q8TF40
Q99759,Q8TF42
O94864,Q00872
P16157,Q15915
O75431,Q9UKN8
Q96DX5,P05783
Q16611,P25391
P49716,Q8IU81
O95376,O00241
Q5T2W1,P23582
Q8WUD4,P99999
Q96JB5,Q9H0Y0
P04234,Q9P0W2
P19338,Q8N5V2
P62875,Q9Y2Y9
Q9UBT6,O15123
Q9HBH9,Q9H6Z4
Q15942,Q53G59
P55895,P17812
P27701,Q13233
Q9NSA3,Q01826
P22695,P17655
P28799,Q96CA5
P04629,Q13163
Q9UIF9,Q9UDY2
P08195,Q8NHL6
O14625,Q9H6Z4
P18077,P02511
P56282,Q07960
Q9NVP2,Q9P287
P06703,O75330
O60921,Q86U42
Q9UNA4,Q13351
P36578,P06748
P52735,P16410
P43357,Q15386
Q9Y6W8,Q9UL46
O43602,P35625
P31751,P61970
Q9HCG8,Q8N3Y1
Q9NZ94,Q9UBB5
P02746,Q9Y5R8
Q8N684,P12980
P56178,Q9BY11
Q9H8V3,Q92830
Q02078,Q99962
O75081,Q9NZV8
Q9UJA5,O75528
Q08881,Q13472
O60238,Q8TDU9
Q9GZR2,P00533
P01106,P49643
P78395,Q9Y4Z0
Q9UPM8,P35241
P46782,P51681
Q16533,P10398
Q01892,Q5U5X0
Q14526,Q9UBY9
P46934,Q9BYE7
P61244,Q9H9F9
Q15485,Q96IZ0
Q92813,Q9UL33
Q9UBZ4,Q9HAJ7
P22626,Q9UL33
P04080,O15400
P10275,Q9NQT8
Q9NWT8,P46019
Q9BZE9,P62258
P01241,Q14289
Q96AY2,P51149
Q08945,P53992
P10415,Q9ULB1
Q04756,Q9UQM7
Q9NQT5,O75351
Q9NRP7,Q9NWA0
P17252,P16112
Q9UHI6,P35228
Q9Y5Q8,O43933
Q14524,P29274
Q92974,P12273
Q6ZRV2,P27824
Q86SQ9,P53618
Q13474,Q969P5
P02749,P60484
O75529,Q9GZM8
Q15915,P01275
Q66K74,O96019
Q9UL03,P22736
P19447,Q15915
Q86XR7,Q13322
Q9Y3E7,Q12948
Q6PIL6,Q9Y297
Q9UJC3,P40939
O14653,Q00872
Q13115,Q86TM6
O75865,Q99956
P99999,Q13873
P29692,O43251
Q9BT67,P33897
Q9UH77,O43933
P09693,P67775
Q9H461,Q6PH81
Q14919,Q14565
Q92802,Q9UNS2
Q7LBR1,Q9UPT9
Q96S44,Q9NYF8
P30154,P51684
Q9H6T3,P16104
Q9P2D0,P35236
Q9H1J1,O43502
O75494,Q1KMD3
P02679,P30499
Q9BXB1,Q6VAB6
P25942,Q9BUL9
O75531,Q92925
Q9BQQ3,P02748
Q9UL25,Q9NPD8
O43896,P51825
Q14790,Q96T60
P52306,Q96KN7
O43557,P25205
Q9BQQ3,Q9NUX5
Q9BPW8,Q9ULM6
Q15013,P35637
Q01130,P55055
Q8NHW3,Q14118
Q5PRF9,O75150
P22695,Q9Y4Z0
Q9BVM2,P68402
P47897,P35612
P46108,Q15428
O00305,Q9BQA1
Q9H0E3,Q68DK7
Q96EQ8,Q9H3S7
Q13705,P20749
Q8N3L3,Q9P275
Q92747,P24522
O14795,Q96BH3
Q13586,Q96PF2
Q9NQL2,Q9BY67
P49642,Q92918
P62633,P78371
Q96ES7,Q86T24
Q9GZS1,P51790
P22059,Q9UH77
Q9BUN8,Q16539
P49796,O14893
Q12996,P05121
O43313,Q12913
Q9UJT2,Q76FK4
O75899,O00141
Q99933,O43395
O95714,O75351
P29992,Q86X55
Q13472,Q86U86
P13725,P12980
P42858,Q9Y4K3
Q9NYY3,P22301
O00305,Q86WT1
Q9UJT2,Q9UM73
Q9Y4H2,P30626
Q93096,Q9Y376
Q13563,Q9NR77
Q9NRD1,P15924
P61201,P15884
P54132,P19256
Q9UNN8,O15511
P13051,O14879
Q9HBI0,Q9NZD8
P49675,O75962
Q7RTN6,O60296
Q9Y6I3,Q16849
Q9H211,Q14315
Q5VST9,P54136
P52907,P05556
O43815,Q9HAV0
P07225,Q6PH81
O15553,Q16849
Q9NPC8,P62834
Q8IVI9,Q9H081
P17844,P09661
Q01826,Q7L8J4
Q8TAF3,P10828
Q14315,Q9HBE1
P07437,P06734
Q7L190,Q14315
P20333,Q9UPS6
P42679,Q15327
Q9H0E7,P15407
P45379,P42263
Q7Z3B3,Q8IUQ4
O00499,P49736
P28074,O75496
Q13625,Q96SW2
Q9NV44,Q13043
Q16204,Q13951
Q969G3,Q9NXK8
Q03181,P25787
O75628,P15374
P14778,Q92917
Q9UGM3,P41743
Q8TEQ6,Q8IUQ4
Q9Y265,Q99567
P62314,Q9H270
Q6P2E9,Q9NPI8
O76031,P01308
P09603,Q96T23
O00232,Q9BRT9
P13612,Q6NYC1
Q8N556,Q9HBE1
Q9H211,O15164
Q9HAF1,Q15468
Q9BU61,O75582
Q9UQ35,Q15365
Q9UQ84,O43602
Q02750,Q9H9C1
Q9Y620,Q9BXS5
P28702,P00742
Q03135,Q99819
P15863,P02708
Q8N196,Q9HD67
Q8N488,P30260
O43189,O76075
Q8WUM0,Q96JC9
Q02156,Q8N201
P04049,O95190
Q9GZS3,Q9Y2Y1
Q9NZL4,P07315
O43572,P43320
P24468,P09936
O60271,Q92934
Q9UJX6,P42679
P12830,P10144
O75146,O75326
P05771,P01019
P14373,P81274
P21980,P51114
Q13332,Q86UL8
O94973,P19883
P05109,P26371
Q9NZL4,P83916
O00186,P52630
Q8WWW8,Q2NKJ3
Q13620,O00623
O14879,P11177
P48552,O75496
P22695,O15357
P68036,P61457
P51451,Q8NFJ9
P20702,Q969T4
Q13868,Q9NY33
P61289,Q03111
P07225,Q5H9F3
Q9UKT4,O00512
Q4G0J3,P15822
Q9NZN5,Q8N488
Q96S59,O00241
Q8IWT3,Q9UL54
Q8IWZ3,Q5JVS0
O43593,Q68EM7
Q9UK41,Q8TEW0
O95229,Q9BQE4
Q08209,P22314
O00232,P40818
P61970,O15533
P12314,P24522
Q13425,P35612
P45379,P07947
Q99471,Q13113
P16157,Q7Z6M1
P15813,Q9NQZ3
Q6PI98,Q9P2D0
P31689,O14862
P41134,Q5JY77
Q9NVR0,Q9NY93
Q9BXK1,Q6NYC1
P51571,P49207
P15173,P20594
Q9UIF9,Q8IVI9
Q9BTE3,Q15386
P61960,Q6ZRS2
Q86Y82,Q9UHC6
P40222,P42772
Q9NQY0,P39748
P62263,Q9Y463
P43246,Q15528
Q13557,Q6PJG6
P09769,O75970
P06396,Q13432
P24863,Q9H9E1
Q9NY27,O00567
Q96AE4,Q00535
P49815,O60231
P35354,P35227
Q9H211,Q13351
Q8NBW4,Q9UK97
Q8IYW5,O75864
Q99469,P63220
O75446,Q8TD46
P12694,Q9NZN4
P07814,O95944
Q9NR50,Q9HBZ2
Q6FIF0,Q92973
P01579,P19174
Q8WVM0,P13987
O14511,O43681
Q15653,Q9Y2W1
Q13474,Q92887
Q05513,Q96JM3
Q92973,Q86UE8
P25103,O43670
Q9NS23,Q12967
P16035,Q14565
P31689,P49238
Q9HAW0,P24723
P42261,P25024
P42262,Q9H3S7
O94979,Q96SN8
Q9UQR0,Q9H0E3
O14893,Q9H6Z9
Q8WWN9,Q9Y345
Q9NV44,P06702
P31942,Q9UL63
Q15485,Q8N2Z9
P61244,Q9BUL8
P57796,P09874
Q00610,O95571
Q9NS91,P14653
O75496,Q9P2F5
P35712,Q96IV0
P03951,Q9Y6D6
P51172,Q8N1L9
Q9H461,Q9Y375
P14784,P31314
P04141,P48023
Q8IW19,Q96L14
O43255,O75663
P09972,O60296
P34741,Q05639
O95229,P42336
P55210,Q13011
P16284,P41273
Q96KR1,Q9UPN7
P78371,P62136
Q9HAU4,Q9NY12
Q92973,Q8IUQ4
P53680,P62328
Q8TAD8,P46060
Q6PIL6,O60716
O60481,O15520
Q16513,Q06187
Q6NYC1,Q9HB21
P68543,Q8N1L9
P31689,Q15717
Q9UKT4,Q92585
O95155,Q5MJ70
Q8N5M4,Q8WVM0
P07225,O00303
P30499,Q9UKY1
P78314,P67870
O60716,Q9NQH7
Q8IWZ6,Q9P2F5
Q96HR3,Q9GZN8
O75688,Q9GZT9
P02741,Q8IY18
Q8WXA9,P17655
Q96PB7,Q15038
Q9NPI6,P78527
Q14185,O15511
Q9UHL9,Q7KZF4
Q8IYF3,P33993
P19419,Q8ND25
Q13023,P23469
O14746,Q6GPH4
Q8WX93,Q9H7Z6
Q9H0C5,Q8WVY7
P54257,Q00688
P51948,Q92540
P83916,Q9P2R6
P46777,Q15365
Q9NX08,P51681
P09493,Q9Y2W7
Q8NC69,Q8WWW8
P43629,Q7L5N1
Q9Y574,P04080
Q9H9A7,P43364
P42025,O75330
Q16666,O14958
O95571,Q9P0K7
O14737,Q96QG7
P78413,P63241
O00429,O60756
Q13635,Q8TEW0
O14979,Q6P1N0
Q16825,Q92529
Q08752,Q9Y535
Q14168,Q7KZF4
Q8WUM0,O94888
Q9Y468,Q9BXS5
O43927,Q92934
Q9NX70,Q01892
P12273,O75970
Q9Y215,Q99627
Q9UBL3,Q96JC9
Q99653,P38432
P42772,Q12929
P57775,Q8IVI9
Q9UHQ4,O00167
Q8N1L9,Q9H1I8
Q9NS75,Q8IZQ8
Q9BT25,P08247
O95997,P09326
Q9BUQ8,P49768
Q12959,Q96L92
P53618,Q9Y279
P08700,Q16526
Q15020,P22223
Q96SD1,Q96L14
Q9GZR2,P25116
O75369,O96020
P67936,Q86US8
P50570,Q92785
P02766,Q6PIJ6
P10588,P19532
Q5T5X7,P43686
Q9Y2I1,Q13588
Q9UKT5,P01563
O43684,Q5VTR2
Q9NSE2,P06454
P01375,Q9Y3M2
Q8NAV1,Q9Y6R4
Q495M9,P01106
P17980,Q9Y6R0
O75940,P04183
P15260,Q8TDX7
P02792,Q9H0A8
Q15418,Q9UJV9
Q9Y570,P08311
P49916,Q96KP1
O14746,P49639
P29371,Q9H9E1
Q96NE9,O75717
P23467,P30556
Q8TEY7,Q9NYF0
O60486,Q9HAP6
O95232,Q9Y294
P18465,Q99519
P62072,Q9H0E9
P16157,Q9BSJ2
Q02487,P28074
P60033,P04229
P43629,P60842
P35625,Q5U5X0
P26441,Q5TD97
P09493,Q05682
P55773,P49327
Q13347,Q92529
Q9NRG4,P06401
P09493,Q9Y248
P62380,Q6PD62
Q9P2B4,P48023
O43293,P49116
Q7L576,Q71SY5
P67809,P13569
P11831,P25705
Q96GM5,P20849
P78364,Q9UBR4
Q01844,Q07812
P01111,Q92783
P62995,Q9NQH7
P41208,P28360
P13631,Q6P2E9
Q9NQT5,P49137
Q9BYG3,O14770
Q9H6T3,Q99618
P51813,Q9P2R6
Q12816,O14757
Q92785,Q0VG06
Q7L5Y6,Q8TEL6
O75586,O43242
Q14160,Q9H553
Q96HR3,Q8N201
Q9H7D7,O43741
P15863,Q96EP0
Q14764,O75531
P02545,P05813
Q13443,P47224
P36507,P10809
Q9NWB7,O15304
P61978,O94829
O95229,Q9UHN1
Q99615,P30460
O75553,P30153
P31749,P17600
Q00536,P50895
Q5XPI4,P21453
Q9BU64,P12273
Q96E14,Q9Y6W6
P10451,Q8TD08
Q8IX03,Q15468
P13688,O15539
P51532,P22692
P08603,P62277
Q9UHF0,Q8TAA9
P52701,Q13619
P20138,O14544
O43150,P31483
P08476,Q8N3R9
P08572,P31949
P12644,P03973
Q9Y2W7,P62310
P01130,P25685
P61081,P00748
P04183,Q9NP97
P52756,P17861
Q8IYW5,O75150
Q9Y4D1,Q6NWY9
Q9BQE4,P17542
Q7Z6A9,P25774
Q6P2Q9,Q13241
P51681,O75164
Q13705,O95336
P43026,P53367
Q9HA65,Q14957
P00750,P16615
P15374,Q9UBP5
Q16629,Q8WXX7
P18146,Q9HBE1
P53985,Q01844
Q9Y483,P61981
O43521,P51843
P60880,O60664
Q13107,Q06643
P62277,P30405
Q14790,Q9HBZ2
Q9Y572,Q86X55
Q99698,P05783
P51957,P60842
O43432,Q9Y4J8
O95155,Q01167
Q93063,P25116
Q8N5H7,Q9UQ88
Q9BW83,Q96F86
Q01344,P20810
Q96S52,Q9Y698
P39019,Q8TDX7
Q5XPI4,Q13322
Q5VST9,Q9BPZ7
O00625,P49407
P78357,P55273
Q9NRG0,Q9BWW4
Q96A65,Q96BD8
Q96PM5,O95071
P32927,P50990
P53396,Q9Y6B2
Q14106,P21926
Q6ZSG1,Q02548
Q9C0J8,P59768
Q9BRT9,P61978
O75943,Q8NHY5
Q9BXW4,Q96CD0
O60759,O60504
Q86VN1,P48382
O94782,P35612
O43390,P52815
O75943,Q13618
Q13868,Q9BUL8
Q6PCD5,Q9NZD4
P62380,Q13009
Q96P09,Q7L5N1
O75832,Q969H6
Q9P1U1,Q9Y5Q8
P04141,A5D8V6
Q86Y82,Q8IX90
Q14691,Q96NE9
Q9H446,Q8TAF3
Q9NUU7,P48556
O95571,P01137
Q8TB52,Q9UQB8
P63104,Q03111
Q9Y6N9,O60231
O94842,Q9Y6W6
O15126,P49459
Q15311,Q6IBW4
Q9ULZ3,P63010
Q9NVR0,Q9BQ15
P36542,P02741
Q9Y4A8,Q99547
Q9Y2W1,Q13523
P19838,Q7Z6E9
P15822,Q99801
Q9NQY0,P09913
Q9H0C5,Q9H3S7
P54253,Q9NQ29
P29459,Q9UGI9
Q14657,Q13614
P02766,Q03518
Q9UPW8,P31483
Q14161,P09622
Q13285,P30989
Q9UM13,Q01105
Q9H4X1,P41217
P51843,Q6P1N0
O75293,P05546
P55198,P62834
Q13563,Q13239
Q13352,P30460
P62942,P48551
Q8TF42,P41161
Q2T9J0,Q7Z4S6
P15531,O94906
P54136,P49643
Q7L3B6,O00429
Q02363,P28065
O43292,P24522
Q9Y2W1,P35557
Q96GG9,P60842
Q9NRP7,Q8TEK3
P24593,Q8NFJ9
Q9P086,O94941
Q8TDR0,O43164
P49720,Q9Y5L4
P83876,Q13443
P46821,O94906
Q9BZI7,Q9NYB0
O00192,Q9GZU2
Q76FK4,Q14112
Q9BPW8,Q9UQB3
Q96EB6,Q8TAG9
Q8N3F8,Q9UHC6
Q13546,Q4VX76
P60709,P48553
Q9NTI5,Q92830
Q9UMX1,Q07890
Q14739,P00533
Q6NYC8,P30556
Q969P0,O75509
P28907,Q9UBY9
O95630,Q9UHC6
Q15102,Q14674
Q8WWY3,P15502
Q9HBI1,Q9NR33
P42336,O15068
O75563,Q9BVP2
P41091,Q9Y297
Q9UGI9,O00273
O15259,P02748
Q8IX07,P62495
O15357,P81408
O95967,P12814
P02746,O43815
P11233,Q96MH2
P09661,P11166
Q6IPU0,O60291
O14737,Q53GS7
Q96F24,Q8WUA4
P02746,P31942
Q8N531,Q7Z6G3
P26010,Q8IU81
Q8N3Y1,P51884
O60238,O95944
P60709,Q16656
Q15642,P62913
Q13144,Q9H765
O14787,Q16613
P23921,P42081
Q14694,Q13287
Q92466,P38398
Q9UKC9,P16471
Q9BZS1,Q969T9
Q9UKC9,P49458
P06756,P23229
Q13554,O43313
Q9C086,Q8WWW8
P21333,Q9BQ67
Q9UHD9,Q19AV6
P22830,P01892
Q32P44,P61218
P05161,P78356
Q9UNE2,Q9NNX6
Q08050,Q96D31
O00757,Q9GZR2
Q5SW79,P23634
P38919,Q9GZV5
P51114,Q9NVP1
P30622,Q9UIG0
P35346,O95210
Q9P246,P49238
Q8N5V2,Q9NX24
Q53ET0,Q9NQT8
O75509,O75326
O95400,O94817
Q9H4E5,Q86T24
Q9UPU9,P30281
P15407,P19474
P43628,P42679
Q16401,Q6WKZ4
Q9UHL9,Q9UPZ3
O95983,Q15543
Q9Y6W3,P10588
Q9GZT8,O95271
P62805,Q12789
P14416,O75494
Q13257,Q9BQB6
Q9Y5B8,P09429
Q6VVB1,Q9UMW8
O15516,P62834
Q9Y4K4,P25705
Q8WYK2,Q13352
P51571,P08572
Q04756,Q15691
P30533,Q8NEM2
P12757,O15027
Q9UBF1,Q15389
Q8TDB6,Q8IZD9
P49427,Q07890
Q01105,O14770
P43356,P18859
Q9HBH7,P16104
Q9HAW0,P78543
Q96I99,Q96EB1
Q96RT8,Q15691
P38159,P46695
Q9NVC6,Q14566
P29350,Q9UL46
Q8N3X1,O43513
Q86V97,Q14183
Q9UBS0,Q12996
O14737,Q96JM7
Q96CS2,Q8N6P7
P20618,Q96L14
Q16695,Q96F24
P04141,P42262
Q9UPX8,O75525
Q96QC0,Q9UK41
Q0VDD7,O43164
Q5TGY3,P17812
Q13586,Q16650
O95376,Q08043
Q9Y6R0,Q02297
Q6TFL4,P12814
Q13951,P26717
P00505,O15151
Q9NS69,P09668
P33151,Q9UBN6
Q9UHV7,Q13509
Q96L92,P32004
Q9UPW8,P25685
P57682,P31350
Q14192,P40123
Q99956,O14925
P78556,Q15831
Q9UI95,P60510
Q14005,Q02388
Q15404,Q9BQG0
Q969K4,O14796
O43402,O43293
P55072,Q8TAG9
Q9H074,P63272
Q8IX07,P43364
P16035,Q9UJV3
Q8IZH2,P30989
Q8NHG8,Q5T7B8
Q03405,Q04721
Q15650,Q9P2W3
P35611,Q9NYY1
Q96RK4,P61006
Q5JY77,Q9Y2Y9
Q15025,Q5U5X0
O00763,O75179
Q96Q27,Q9H1K1
Q6GTX8,Q8N4P2
Q9C0K7,P07948
P54252,P31949
P34741,Q3LFD5
Q99819,Q9UBF1
P07355,Q9HBI0
P26022,P46060
Q9C0J8,P04637
Q9Y3M2,O75688
Q99961,P21333
Q7LBR1,Q13936
P09603,Q8NHG7
P49918,Q9NT62
P46934,Q14114
O43364,P05107
P16070,P62736
Q9NXK8,P61326
Q53HL2,O75528
Q674X7,P53618
O43196,Q9Y2D8
Q9Y4G8,P60953
Q13253,Q99814
P45984,Q8NHL6
Q6ZVD8,P67870
Q16890,Q12967
P19474,Q92796
Q13620,Q15349
Q96HR8,O00189
P51809,Q96RU3
P32927,Q9NVF7
Q96GG9,Q9GZX5
Q9NS00,P51668
P78395,P51888
Q16832,P50539
Q9Y6H5,Q8TCX1
Q70EL2,Q08043
Q8WYK2,P18887
P43356,Q86YR5
P36957,Q06546
Q03519,Q92530
P48059,O95197
O75586,Q9UMD9
Q9H8T0,O60264
Q13568,Q9BWN1
Q9H7L9,P05161
O15350,O43264
Q13868,P60510
P10114,Q8WWW8
Q9H422,Q96CS2
Q9BQE4,Q16602
P10242,Q96RU3
P42081,Q07955
Q9NS75,Q2T9J0
Q8NAV1,Q16667
Q99933,O94973
O75694,Q99584
O95140,P57682
P49407,Q15831
Q9H0E2,O95163
P53611,P11802
O95997,Q71U36
Q14188,P27701
O75439,O95503
Q13200,P56178
P02647,P02708
P08631,O15511
Q8IYD1,P02549
Q9UG01,Q8WXX7
O94906,O15085
P35858,Q99575
O75317,Q9UIB8
Q9Y2W2,P48378
Q9UM07,P55327
Q8WXH0,Q7Z7L7
Q9Y6M7,P04183
Q9UGM3,Q8NHM5
P62195,P32245
Q96IV0,Q92667
Q7L591,Q92973
P53999,Q04756
Q96MT8,Q53HL2
Q9Y5Q3,Q13740
P84103,Q13643
P08887,Q9ULW0
Q96S96,P17480
Q13571,Q08AG7
Q68D85,Q9NP84
P07954,Q9P2D0
P15923,P41002
P14859,Q8IWY9
O95819,Q9NZD8
Q99741,Q9P0L2
Q9Y2X8,Q13469
P20248,Q13887
P22223,O95977
P12757,Q9H257
P09681,P22303
P05067,Q9H3U1
Q15118,Q15078
Q9Y6D6,Q8WUA4
Q14669,Q13404
Q9BYH8,Q9UBT6
Q15046,Q9NT62
Q96LC9,P61925
Q99523,Q8N3X1
O15144,Q02297
Q7L5D6,Q13490
Q99594,Q5T5X7
Q8WYR1,Q9Y692
Q9ULV0,P85298
Q14722,Q9UP52
P29692,Q14451
Q9UMX0,P25815
Q13586,Q9Y281
Q7Z6G3,Q9NRD0
P63165,Q5T7B8
P57740,P23229
P62280,Q05516
Q9H3U1,Q71F23
Q8IYW5,P67775
P49760,Q8NBT2
P61088,Q15386
Q9H4H8,Q9UBC3
Q13387,Q8TAQ2
P22570,Q9NP85
P49368,Q9Y2D8
Q04864,O43187
P62273,P06703
Q6AHZ1,O15123
O95931,P16109
Q8WUF5,P20226
Q9UGJ0,Q9UBD5
Q13671,O14974
P14784,P06241
P47755,Q9BU64
P11473,P26717
Q7Z7C8,P62244
P49910,Q9UPZ3
P38432,O00429
Q8WV28,Q06481
Q9Y3E2,O60840
Q15075,Q9H0K1
O95229,P18615
Q92625,Q9UNH7
P05023,P02765
P62487,Q8TEB1
Q13474,Q86UP2
P54727,P28069
Q8TEK3,P09884
Q702N8,Q8IUC6
Q15170,Q68EM7
Q68CP9,Q09666
O75096,O00141
P01584,P52630
O00305,P62875
O43920,P98160
Q8TD16,P12268
P78396,Q9UBQ5
P27037,P51813
P07204,Q9H3P2
P53779,O60741
P16860,Q9UBF2
Q13571,P68871
Q5VTB9,O60231
Q9Y5U5,Q01970
P15173,P55060
Q15831,Q9H0N5
Q76L83,P61081
Q8TEY7,Q9HD26
Q5VZM2,Q15173
P21506,Q8IX07
P09496,P42025
Q7Z4G1,P61970
Q99962,Q8IVH8
Q02447,Q96IY4
Q8IWZ8,Q8TBK2
Q8IX07,P05161
Q6UB99,Q9HB89
Q7L590,Q9BUL9
P29459,P08754
Q92466,O75170
Q9H845,P16144
Q96J84,P62273
P02686,Q15327
Q00536,Q6ICG6
P30101,P25685
Q08722,O00151
P62841,Q96DX5
Q14011,P28065
Q9H074,Q13332
P31629,Q9BY11
Q9Y5K6,P42858
P07954,O60216
Q9HAW0,Q9UJF2
P51813,P23560
Q9H4M9,Q92673
Q9H981,P50749
P29466,Q5JY77
Q9Y294,Q07820
Q14152,Q9NQP4
P10155,P15880
P16435,Q06323
Q6NYC8,O15400
Q9Y297,P62736
Q9UKA4,P20226
P24386,Q92673
Q9Y219,P34998
Q9UBF2,Q9NRY2
Q12800,Q8TF40
Q9UKT9,P28562
Q9Y283,P20333
Q9UM73,O15344
Q9UPY3,P15382
O14576,O95613
Q08722,Q7LG56
P41208,P40939
P62487,O75528
Q92974,P60604
P51808,Q76N89
Q96MF7,O43516
Q8NBT2,P08514
P61020,Q13285
Q9H074,O15400
Q9UJT2,P20827
Q9NYF8,P05107
P51398,P37840
Q9BQB6,Q71U36
Q9NP85,Q99962
Q9H4I2,O43719
P22570,P13498
P21860,Q7L576
P19532,Q9UMD9
P22301,Q9Y6Q5
P16860,O95210
Q86UN6,Q92993
O75081,P08311
O75056,P08476
Q96RK4,O60232
Q9BRB3,Q9UNS2
Q01970,Q5VTL8
Q9UQ26,Q15744
Q6QNY0,P12644
Q01201,P49450
Q9GZX5,P28069
O60238,Q9UQ84
Q03001,Q6UB99
Q8IZD4,P18615
P05160,P01275
Q9Y3I1,Q92837
Q9ULZ3,P51531
P30281,P68402
P09958,O15516
P32942,Q8TDN4
Q13469,Q92796
Q8IWL3,P08253
Q96DY7,P53618
P20700,Q9BW11
Q9BUE0,P53680
Q15349,Q92777
P21817,P17812
P11532,P05556
P20908,Q13555
P09564,P36405
P19532,O43597
Q86WX3,P22001
P24864,Q7Z434
Q13042,P12814
Q5VST9,P49959
P21506,O00548
Q15038,Q9HAJ7
P07332,P67775
Q9H8V3,P55209
Q14103,Q9P000
P51812,Q92854
O95232,P52298
Q13332,Q9Y2A7
P28702,Q7L9L4
Q3KNV8,P30154
Q9P2J3,Q96N96
Q09013,Q6FI81
P51116,Q9H5I1
Q9Y5K6,P12980
P0C0S5,P31949
Q8WYQ5,P23760
Q49AN0,P02730
Q9NVR0,P25205
Q99714,Q6ZVD8
P78371,O15145
Q9UL25,Q12913
P11712,P10828
Q9NPG3,P17812
P02679,Q9UNM6
Q8TEB1,P46019
Q13950,Q9UHV2
Q9UPX8,Q12996
Q9NYF8,O75369
Q15843,P42262
Q96RR4,Q96B02
Q96EK4,P41212
Q14790,Q14831
O43143,Q9HBH9
Q9Y5K6,O95460
P52952,O43670
P08581,Q8NFH4
P07858,P15863
P29475,Q86U70
O75446,Q9UFF9
Q13200,P16104
Q9P2M1,P49238
Q96HS1,Q9UHV7
Q9NV56,Q13127
P78371,Q9UKV8
O75144,Q9Y6W6
O60285,P52298
P09884,Q9UPN7
Q96FW1,Q30201
P05813,P13688
P02792,Q14582
O43572,O43707
Q9Y283,Q8TDX7
Q15915,Q13185
P16220,Q86SZ2
Q8N5Z5,Q14318
Q06587,P51787
Q9H7Z6,Q9NNX6
P60763,P78527
P49368,Q9UPY3
Q9UI08,Q15404
Q9UKC9,Q9H765
P09972,Q13474
Q9UL18,Q9Y3T9
Q0VG06,P63272
P00488,P54252
Q9UIU6,O00273
P61289,Q9UHV7
Q14643,Q92888
O00567,P52298
P53803,O00622
P08246,Q9NWT8
P42336,Q01860
Q13464,O15145
O15304,P43250
Q9P0U4,Q9NZN3
P61457,Q96DI7
Q9UGI8,Q96IT1
P13805,Q6P4R8
O75144,Q86XK2
P14678,Q9Y3B2
P50914,Q8TCX1
Q13439,Q99584
P24863,P15260
Q7Z6J0,Q9NRG4
Q14765,P17706
Q9BPW8,Q8NFD5
P68104,Q9UIF9
Q99962,P28347
Q6VMQ6,O15145
Q96KQ4,P05452
Q96KN7,Q8WXH0
P41145,Q9H8S9
Q8WUF5,O75582
Q9GZS1,Q9NWV8
O95835,Q9H9E3
O75368,Q7Z6B0
O60486,Q9Y345
Q14674,Q15287
Q6PIL6,Q8TBZ2
Q16611,Q9Y4C1
P36404,Q9BTE3
Q9Y6N8,O43513
Q07021,Q99575
Q8IY92,Q15691
Q99623,Q02297
Q96BD8,Q13950
O43752,Q9P0K7
P56537,O15123
Q96PU5,Q15303
Q9UBZ4,P49815
Q9NPG3,Q9Y535
P35637,P17812
Q9H221,P43489
Q9UKF6,P37173
Q6IE81,Q92673
P50542,P15173
P25054,O60240
P12755,Q8N6Y0
Q9H8S9,Q92828
Q9BUB5,O75317
Q9NPH3,Q86UT5
P0C2W1,Q9BQG0
O94973,Q8WXE9
P10155,Q9UKN8
P63167,Q13889
Q99741,P29373
O95376,P19338
P49767,Q92934
P55060,P35557
O75914,Q9NYJ8
P12004,Q9HD67
P78423,P25774
Q5S007,Q13002
P28562,Q9NWA0
P02730,P62820
P51571,P62072
Q02080,Q99576
Q96F86,P56178
Q4AC94,P10124
Q92574,P56377
Q16543,Q13351
Q9UKK6,Q9UBI6
P26951,Q13470
Q96P70,O15205
Q13620,Q9UHP3
P26640,P29474
Q8NCM8,Q9H015
Q14566,Q13190
P38117,P16615
Q14181,Q9UNM6
Q5VTR2,P55884
P21127,Q9NZL4
Q9UKV8,Q9HAJ7
Q9NQT8,P06881
Q9Y3Y4,P21926
Q16633,O00151
Q6R327,Q86SQ0
P60953,Q9H6U6
P55039,Q15131
O75909,Q9H6Z4
Q9Y678,P17661
P29375,O75525
Q9H0C5,O15344
Q9BYH8,Q15262
P31371,O00232
Q5VTR2,Q9Y6M7
Q70CQ1,Q9NR50
Q99627,O43402
Q15078,Q92608
P09619,Q86YS3
Q9UBW7,Q15386
Q9BQQ3,P49821
P78364,O15524
Q86WB0,P63000
O43639,P62316
O76064,Q15835
P07996,O43402
O95644,P62136
Q8N3X1,O14920
Q9Y261,O60504
Q9Y6W3,Q9UBF6
Q15306,O75689
O00244,P62081
P09486,P04637
P35579,Q6UXN9
P40424,O15066
O95639,Q9Y5X4
Q92625,P62993
O60296,P50616
O95944,P42680
P41220,Q8WUH2
P08700,Q99523
Q16629,P13612
P05107,P23760
Q03167,P24385
O76070,Q09013
Q99623,P08637
P78362,Q9UQC2
O43447,Q9Y281
Q12802,Q8TD31
Q99962,P50281
Q9Y228,Q5JVS0
Q16650,Q8WXA9
Q49AN0,Q6FI81
P61968,Q8IUQ4
P29373,O43251
O95630,Q9ULB1
Q6IN85,Q9UMD9
Q9BZI7,P29466
Q9BXW4,P50895
Q96AY2,O94829
P62837,O75695
Q8WV24,P24941
O14613,Q15323
Q8IX90,P17706
P61247,P43699
O60609,Q71SY5
Q96NY9,O75326
P23560,Q96H20
O94842,Q03933
Q9GZV8,P49763
Q8IZQ1,P08519
Q86X29,P0C1Z6
O00499,Q9HAQ2
P40424,Q92783
P19105,Q12846
P50052,P78356
P09972,Q16394
O95793,Q9UJY5
Q15020,P21728
Q14258,Q9UBZ4
O75146,P10155
Q14573,O14879
Q9Y2W1,P51965
P42704,P34130
Q96CV9,P15813
Q8NEM2,O00165
P33076,Q9NW38
Q6TFL4,Q8N6P7
Q9UFG5,Q9NYJ8
Q6ZVD8,Q92777
P04004,P60484
P16035,Q70IA6
Q8TES7,Q14181
Q9NZL6,P13725
P05181,Q96PK6
Q9H165,P31483
P07766,O14920
O60840,Q96FJ0
Q9GZS3,O43402
Q96EK4,P35237
Q96BD8,P62253
P53611,P78348
Q14160,P55081
O75179,Q9UK97
Q9UBU9,Q13608
P12273,O15516
P21506,Q9UBY9
P63316,Q66GS9
Q9Y5R8,Q8NI27
Q9P2B4,Q9BUZ4
P17275,Q9P0W2
O00585,Q6UXN9
P50542,P62487
Q9Y678,Q9UBU8
Q14814,Q86US8
O95816,Q8IX90
Q9NZW5,Q13114
O95336,Q13163
Q2MKA7,Q96SD1
P52799,O75489
Q16890,P50591
P53779,Q04756
P78504,P05556
P08559,P40429
O75604,O75369
P17947,P42684
Q9UI10,P49069
P31350,P61077
Q5VTB9,P00751
Q6ZN18,Q14141
Q9HAT8,P53992
O60762,Q9HBE1
Q6GTX8,Q9BS18
P09693,P08247
Q76FK4,Q9BVG8
Q13428,P51677
P35250,Q15723
O95817,O43670
Q13443,O15455
Q9UHW5,P19838
P61923,P62820
P55072,P35998
Q7L014,Q86XE0
Q9UMX0,Q9BX59
Q9H3M7,Q8WV41
Q15642,Q16539
Q7L3B6,P63000
P02686,Q9NVF7
P02766,Q05682
O15111,Q6ZUJ8
Q9H9H4,O60583
P10275,Q8TD31
O95487,O60240
P62253,Q8N1E6
Q9BWN1,Q9UPU9
Q9BYM8,P54098
Q9NQ25,O15455
Q5T4W7,Q9Y6X3
O75843,P07951
P49356,P25054
Q8N5Y2,Q14938
Q86SQ0,P16284
Q8NHZ8,P31629
P20138,P62316
Q9Y574,Q86SZ2
Q9Y2T3,P56282
P58753,Q9Y535
P02647,P42574
Q9BY84,Q9BV36
Q9Y228,P63167
Q7Z5K2,P46531
O14836,O75554
P05386,P48378
P08922,P02649
O00300,Q9UPT6
Q8IX07,Q9Y3C4
Q86UN6,Q71U36
P18827,Q7Z4H7
Q9H9Q2,Q9UK73
Q9Y271,Q13107
Q9UKJ1,Q01518
Q15287,Q9NR33
P01160,Q7L523
Q9HCG8,O43583
P52756,O94888
Q14494,Q92636
Q2NKJ3,P78527
O14798,P41236
P02671,P62244
Q9H3M7,Q9NS00
Q16666,O43447
Q01638,Q9NWT8
P54920,Q96LR5
O94864,P55055
Q9H4M3,P51808
Q96BD5,O75955
Q02224,O60885
P49795,P49763
Q9UL62,P19838
Q96EK4,P22059
Q9UBU9,P13796
Q71F56,P43686
Q9H944,P29597
O43815,O14757
Q13428,Q9UK73
Q13217,Q4VX76
Q9HAF1,Q7Z6B0
O75369,Q9NPF7
Q96CF2,P28069
P22570,P30989
P42568,Q99459
Q9Y230,Q9UKN8
Q9NR77,Q9Y3M2
Q9BXW9,O00512
P46934,Q9BRQ0
Q9NUU7,Q9GZV5
P49761,Q12769
P02675,P11277
P51587,Q13402
O43294,Q6P1N0
P55895,O43670
Q9H221,Q9Y3T9
P18564,Q8TEL6
Q9NS23,O95163
P50750,O75182
P14316,Q96T58
Q9UPY6,P33993
P52701,Q9H0M0
Q9NPD3,Q15788
Q9BYE7,P29320
Q7L3B6,Q8WWW8
Q9H8S9,Q8N3V7
Q9NWZ3,Q9UHN1
P07900,P18564
O94927,O60869
Q92613,Q16633
Q9HB19,O60739
O43929,O94906
Q9Y248,Q9H0K1
P49715,P48546
Q8N196,Q96EP0
Q9BW83,Q9NVP2
O60488,Q09470
Q15528,Q5XPI4
P28336,P01583
Q9UI12,P09493
Q96LC9,Q9H0U4
O75293,Q96QC0
Q04759,P35916
P07949,Q66GS9
Q969T9,Q00688
P09038,P02749
O00429,P17152
Q9H8S9,P30626
O00231,P61158
P51003,P60604
P05231,Q9BZE9
Q8WU17,Q16236
Q9P2M1,Q92599
Q9C086,O15304
P50570,P98177
P35858,P25024
Q9BZE4,Q07960
P30626,Q9NVI1
O95273,Q5TCZ1
Q8NEU8,Q07820
Q8N5Y2,Q9UNH7
P33076,Q8IXJ9
Q02224,P68431
Q13098,P09211
P27448,P16144
P18054,Q5JY77
P35858,P47224
Q08397,P36941
Q8TDB6,Q9BRT9
O95140,P53350
Q9BT67,Q9NY12
P07101,P17152
Q9Y3C7,Q9UBR4
Q15436,Q8IZP0
P08631,Q14112
Q6PCD5,O43680
P60033,Q9H981
Q5SW96,Q9UPN7
Q13151,Q06190
Q5VZL5,P54274
Q9Y6Q5,O76064
Q9H9T3,Q96S96
P18887,P62906
Q9NUG6,Q8IY31
Q12947,P51812
Q6IBW4,P42701
O00463,P26374
Q53GS7,Q13501
O43184,Q15323
O43815,Q9NSE2
P49767,O75056
Q7L2Z9,P25490
Q9BVA0,Q9Y2H1
Q92519,Q96EP0
P32121,Q9UL62
P62273,Q9Y2R2
O95714,Q96B02
O60763,P14316
P49459,P16389
Q92993,Q9UKS6
O60506,Q86SE9
Q9UKT8,P22736
Q9Y3C5,Q99623
Q86Y82,P02788
Q9BT67,Q9H0U4
P09038,Q96NY9
Q12770,Q96J02
Q92834,Q8TAM2
O60356,P25800
Q13472,P01730
Q5H9F3,Q5VVQ6
Q9BVA0,P45984
P47755,Q9UI08
O75528,Q6PD62
O14818,Q86U86
Q9BXL5,P42679
P51178,Q92564
Q5TKA1,Q9NY93
O43639,Q9UHB7
Q9HB89,Q9Y570
Q08334,Q9Y6X3
Q15363,Q9H334
Q96E09,Q15691
Q9Y230,P52434
P50750,O75962
Q9UHQ1,O14879
Q05209,P32971
Q9BXW4,Q969G3
P07333,Q9Y6Q5
Q9BUL5,P30281
Q9Y6Q5,P14543
O75446,P49796
Q969R2,Q9UQM7
P49454,Q14974
Q9BUH8,P31150
O75865,P52630
Q9UJA5,Q9HD26
Q99459,P09884
Q8WXA9,Q9Y3L3
Q8WV28,P49796
P07949,Q9UHD2
Q99973,Q00403
P11712,Q9GZX6
Q4G0J3,P42701
P10747,P10124
O00566,Q96KQ4
Q8IZD9,Q92888
Q04724,O43502
Q07352,O43765
Q8NA54,Q9BW11
P15863,O14745
O94763,P06730
P60604,P01241
O00308,O43508
P57081,Q5VTB9
P37088,Q9UL03
P02743,Q96N96
Q8WX93,Q8N3R9
Q9Y3E5,Q9UPY6
P49918,Q3KNV8
Q01638,O14594
Q96GG9,Q93052
Q13188,Q14149
Q9H0C5,Q96LD8
P30305,P01588
Q4G0J3,Q9UKT7
Q9BXL8,P41240
Q8WUI4,Q7Z6E9
Q96CA5,P06881
Q9NX24,P02462
P07204,Q8NB12
P49910,P30556
Q9Y4R8,P07996
Q12778,O75478
P53367,Q9BZK7
Q9NSK0,P18507
P56377,Q14112
Q99640,Q99567
Q96KR1,Q14160
Q99956,O14948
Q5VZL5,Q14686
P55795,P31949
O43491,Q9Y6J9
Q9HBM6,Q9NRY2
Q9NR33,Q9NZD8
O75367,P41180
Q13519,P05230
Q9BPW8,Q15691
Q9NRI5,Q8NB12
Q13239,P16109
O43318,Q9UQC2
Q8WWW0,Q9H9G7
P09681,Q15025
Q9UNE2,Q7L5N1
Q5XPI4,Q9UL46
Q7L8J4,P35346
Q96EQ8,P38432
P54257,P30153
O95376,Q5SW96
O95400,O94972
Q14241,Q9UPX8
Q9NRF9,O14777
Q99638,Q9NYB0
P16885,P02545
P19256,Q9NQH7
Q7Z406,Q9NP97
Q9BTP7,Q8TF74
Q14C86,Q8NHL6
Q02543,Q9BYG3
P58753,Q96PF2
P20749,Q09470
P78364,Q8N2W9
Q12959,P63000
O60664,Q08050
Q9UKI2,P55735
Q8NC69,P50553
Q9UHN1,O15027
O43307,P36941
P28065,Q9H1D9
P38646,O43318
Q8TBZ3,P30876
Q92834,P15391
P48167,Q9Y4Y9
P31629,P30531
Q9Y263,Q6N043
Q96C24,Q8IU81
P05787,P57740
Q13936,Q07864
O95297,Q8N3R9
P45985,P53805
Q93074,O60237
O75582,Q6P1N0
Q9Y483,P23142
Q68E01,O14576
P09493,P50553
O95376,P26045
P17096,O43929
Q15648,P62380
P02749,Q9UHD2
P49841,P20248
P32302,P15863
O60238,O00622
P45973,P36578
Q8IWV8,O00148
P27986,P19387
O60296,Q15506
P78395,P16152
P28702,Q03167
P35606,Q08999
Q9UMX1,Q9H254
Q96TC7,O75489
Q96QG7,O75478
Q9BXF6,Q8WVM0
Q8WV41,Q96EZ8
P30876,O95249
Q9NX08,Q8WWY3
Q13347,P09429
P68106,O43164
O95944,P68402
Q969T9,Q9NW08
Q14739,Q8WTS1
Q7L804,P18433
Q9Y6K9,Q13651
Q9HAU4,Q13115
Q96IY1,Q9HD67
P26374,O75840
Q13057,Q9H1K1
O43566,P08559
P14784,P21453
Q8NF91,O14770
Q9UPY3,Q9NQH7
Q9NP84,P55198
P05161,Q92747
Q96LR5,Q14526
Q9NTG7,P23142
Q86Y01,Q9NWS0
Q9UGJ0,P51808
Q9H0C5,Q9NTG7
Q15109,Q15365
P31751,P68032
Q99638,Q8NDV7
Q8N5H7,Q03111
Q99836,O95243
Q9Y572,Q99615
Q13347,Q12846
O75604,Q9UNN8
P50991,P78362
P30626,P46019
Q9BVW5,P25391
P35611,P41208
P20042,P17535
P26010,Q12967
Q8TAD8,Q9UBY0
Q9H446,Q6UXN9
P11387,P26373
Q02535,Q13557
O60880,P61086
Q92759,P13497
P02647,P78552
P51571,O43920
Q09013,P02788
O95402,Q8TB52
P14618,P41236
P0C2W1,O14925
Q96HT8,P23142
Q8WXH0,Q9NW38
P31942,Q13889
Q9HAW4,O43264
Q49AN0,P30260
P08579,Q5JTV8
P05386,P38117
P30281,P36578
P10916,Q8N6P7
P29460,O14979
P07942,P02745
Q12913,P02462
Q7Z417,Q14112
O95229,P57081
P22059,P30542
Q05048,P28347
Q14209,Q9UNE2
P15170,Q9UGL1
Q16613,Q15596
P26640,Q8N3R9
Q969P0,P35858
P52594,Q9HCS7
Q12788,P52952
P00451,Q86T24
Q9Y244,P02786
Q8WYH8,P40222
Q13347,P06703
P23469,Q9Y6I7
P04075,Q9NXR1
P45379,Q9NZU7
P78364,Q9NZN3
Q9Y6N8,Q99497
P60484,P13804
P08700,O43396
Q04206,Q9H6T3
P00505,Q9HCS4
O15078,Q9UNY4
Q15349,Q96QC0
Q8N9R8,Q9UPY8
Q96S52,P17600
Q6N021,P43250
Q96EQ8,Q15424
Q9Y4E8,Q9ULV3
Q9H8T0,Q9BVI4
P16104,Q96F86
Q9H4M9,Q9UKV8
Q92889,O95243
Q15642,P20618
Q9UHP3,Q9NRI5
Q9Y6J9,P13987
Q8NEM2,Q8NB12
P28069,P10827
Q9BUN8,Q71SY5
Q9H668,Q9H0N5
P13671,Q14397
P39019,Q9BQA1
P49810,P22223
Q13595,Q13332
Q8N5H7,Q13009
Q9NQL2,Q16611
P54098,Q92837
Q9P0P0,Q13277
Q9NPI6,Q96IF1
P48382,Q92540
P33240,Q9Y297
P15374,Q9UL63
Q92844,P43146
Q14790,P11047
O43264,Q15327
Q9BZE9,P30281
P39023,Q9P0P0
Q99590,P22087
P11233,Q9NQC3
O75914,P38398
Q8NBW4,Q9H469
P05230,Q9P0K7
Q9BU61,Q4VCS5
Q9P0N9,Q76N89
Q9UBQ5,Q07002
P55072,P49238
Q01094,Q14562
P30511,Q99459
Q15528,Q9UKV8
Q8IWZ3,P26715
Q14691,Q8TDN4
P98177,Q13618
Q7L273,Q15287
P78371,O00470
P03956,Q9P104
Q14397,Q96A44
P04075,A9UHW6
Q6PIL6,P35080
Q15468,O43432
Q9NR55,P40938
Q9ULM6,P17152
P14923,P13010
P07332,P35658
P29371,P29992
O00585,P61952
Q99819,Q9UIV1
P49639,Q9NVR7
P41220,Q13009
Q969J5,P41002
P50591,Q15599
P13051,P35241
P53367,Q96RJ3
Q8WYP5,P56817
O75676,P16109
O95343,Q15386
Q6S5L8,P20810
P78314,O75970
Q9ULZ3,P68871
P78543,Q8NFH8
P25788,Q8N6P7
O75909,Q99962
P02743,P42224
Q9BU61,Q9Y5P4
O15061,Q9HCJ0
Q9UHL9,Q9Y4K4
Q12852,P60709
Q9UIQ6,P35637
P16885,P29320
O43741,Q2M1K9
Q8NFH4,Q13061
P16035,P15976
P05156,Q9UQB3
P49736,Q96RU3
Q04323,Q9NR50
P62380,P41273
Q99459,Q16478
Q9NZC7,Q8IU60
Q8IYB3,P06756
P49721,P08247
P25705,Q9Y4B4
Q8IW35,P51114
Q96B97,P36507
Q13936,Q9Y376
Q9UMX1,P33993
Q9NY33,Q96Q07
P02461,Q8IYD8
P22455,P18428
Q15648,Q9Y3Y4
Q9UNA4,Q13131
Q9NRW7,P07996
Q5VWX1,Q96PF2
P54132,O94972
P23297,Q14676
P49789,P12268
O15169,Q13542
Q13435,Q16890
Q13950,P25705
Q14155,Q9Y2J0
Q9NZC7,Q86U42
P04406,O95696
P24386,Q16739
Q8WWW0,P54619
Q9UBU9,P45983
P42858,Q9NPD8
Q9NPG3,O00712
P24386,P56817
Q99741,P26371
O75694,Q6FI81
P15924,P35998
Q9Y2Z9,O75478
P15036,Q96JC9
P15880,P24522
Q14746,P22736
Q5VST9,Q13492
Q86U70,Q9H6Q3
Q9NY61,Q9H0K1
Q15388,Q9P287
Q96AE4,P10071
Q9Y210,Q8N2Q7
O75161,Q13608
P61587,P67870
P02452,P25774
P08758,P09668
O60896,Q8TF40
Q9BQ15,Q9NRL2
Q9NQ48,P22001
Q9UKK6,A8K8P3
Q13505,P16410
O15371,P28482
Q9HC29,P60763
P35227,Q9ULZ2
Q14657,P84243
P05452,Q86UL8
P61020,Q9BX63
O95931,P28074
Q13573,Q8N122
Q9H4L4,Q969G3
Q9BQQ3,Q5TD97
Q6PGQ7,Q96T76
Q7L2E3,Q8NI36
P26717,Q9NPP4
Q9Y463,Q9NPF5
Q13352,P09936
P22415,Q9BPZ7
Q9H2K8,Q15475
P60604,Q0VDD7
P06870,Q9BQF6
Q9BTV7,Q02078
Q6QNY1,P62736
Q8IWZ3,P63027
O60486,Q01780
P13805,P49763
Q99741,Q13797
Q8IX03,P36404
Q9Y345,O14893
Q9BTW9,P49643
Q14183,P07992
O15264,P59780
Q99417,P63010
Q13057,Q86SZ2
Q13057,P25789
Q15746,O14939
Q99574,Q8NFH8
P47755,O14641
Q96BY2,Q8NA54
P16234,P51684
Q05397,Q99497
P53367,O14593
Q8NG27,P45379
O75293,Q86YP4
O75529,Q6ZVD8
Q14653,Q9NQP4
P13232,Q9Y2Y4
Q15750,O95835
Q09013,Q96M61
Q96KN7,Q16740
O60516,O60285
P22695,Q8TAC2
O14519,O43293
Q15393,Q7Z4I7
Q2QGD7,P10827
Q9Y5U5,Q66GS9
Q8NBW4,O94864
O43447,P12931
Q15831,P42226
Q9NPC6,Q6SZW1
O95677,P24386
Q92974,P61024
P20700,Q8NB16
Q7Z628,Q1KMD3
Q8N6Y0,P48546
Q9C0C4,O95297
P35611,Q8IWZ8
P57081,Q01167
Q13310,Q15672
O14796,P18621
O14925,P43699
P10916,O43264
Q92918,Q9BV36
Q13113,P09936
Q96BD5,P07942
O95402,Q9UIF9
P46695,O15085
P06746,P04637
Q70EL2,P18615
P63151,P41161
Q9UPT6,Q05516
P22570,P61201
Q9BUQ8,Q13571
P05120,Q96A44
Q4G0F5,Q96F86
Q96L92,P10589
Q9UN37,Q96T60
Q8N8S7,O95573
Q9ULG1,O15116
Q15262,Q9H251
Q9Y345,P55001
Q8WWY3,Q66GS9
Q96QK1,Q13617
Q96LC9,P09622
Q6P2E9,Q13303
P02730,O14641
Q5H9F3,O15553
P31942,P12544
Q9NWV8,O95696
P25815,P49257
Q05513,Q15375
P28799,Q04323
P38646,P55795
Q99714,Q6UXN9
Q9H832,Q9UI14
P04275,Q13303
Q9UBT2,Q00722
Q14807,O94829
P15407,O00189
Q8N3Y1,O75843
P46734,Q86X83
O60216,P61077
P41134,Q8N729
Q13671,P50570
P19022,Q8WVM8
Q9UNN8,Q15173
Q92636,O43427
Q9UHD9,P62136
O14511,Q9GZL7
O14965,Q9NPY3
Q9NRR4,Q9UBN6
Q96RT8,P53350
Q63ZY3,Q15468
P54105,O95477
P60891,Q8TEP8
Q9UH73,P17600
P28799,Q9NV56
Q96RN5,Q96P71
Q9HAW0,P55316
Q9H251,Q9H9Q2
Q8IW19,O43294
Q969G3,P43250
P10275,O43251
Q9Y239,Q15596
P46976,Q9HAP6
P16885,P61218
P25705,P01133
P15407,Q14152
P57796,Q9NV70
Q9UBD5,P09493
Q13574,P51149
P04141,P10398
Q9HAV5,Q9UKV3
Q13188,P28562
P49760,O95071
Q9UK73,P49116
Q96F44,Q07325
P29475,Q13042
Q15051,Q9P2B2
P25205,P48167
Q12962,Q7Z7L7
Q99590,Q9UKT8
P04234,P10398
Q9UGP5,Q9HAT0
P02549,O43929
Q15173,Q92696
O75376,Q9Y279
P51808,P20618
Q5H9F3,P28072
P17275,P55347
P10147,P00505
P55081,Q96SN8
Q8TD16,O15446
Q99502,P54646
Q9Y6Q6,P36404
P43356,O15455
O60763,Q12967
Q9NR33,Q86WT1
Q8WUF5,P46060
Q8NC51,P63272
Q9NZN4,Q07864
Q9NQ25,Q9H2G4
Q13554,P12268
P02768,O14802
Q9H9E1,P06748
Q14202,P54920
O00300,P37023
P21506,Q9UJX5
Q9UH73,Q08722
Q15008,Q92797
Q9Y574,Q86US8
Q68CZ6,Q9P2D0
Q9NQG5,P11166
Q96QH2,Q9BUL9
Q96EZ8,Q6P1N0
P52907,P32239
P30273,Q9NRR4
Q6PKG0,Q02930
P51610,P04637
Q9Y4R8,P31949
Q969R2,P12644
Q9Y468,Q16082
Q13547,Q5H9F3
Q5SW96,O43196
O00232,Q02535
Q8IVH8,P14678
P01563,Q8NI36
Q13352,Q9P0L2
P23526,Q8WVY7
P01236,O95382
P50213,P62736
P62277,Q14289
P12081,Q92934
O43196,P07951
Q13642,Q05048
Q04656,Q9UI14
P31323,O75525
Q15785,Q9UKT9
Q969R5,O75489
Q5VWG9,Q9NP97
Q6AHZ1,Q13705
Q9BT25,Q8NDV7
Q9H9G7,Q13889
P14625,Q969P5
Q86U70,Q8N1E6
Q12967,Q07820
O00268,Q9Y297
Q13085,P14780
P61952,Q8TCJ0
P26045,P01023
O95249,P01019
Q03001,P59998
Q16613,Q8NFJ9
P36896,Q9UNE0
P49450,Q8TF05
Q12874,P52790
Q92800,Q9NXR1
P49069,Q15424
P06396,Q6NZY4
P15863,Q92696
O14862,Q9Y2R2
Q0VDD7,Q9ULV3
P21941,Q8NFD5
O95831,Q9NWF9
Q9NS61,Q9UIU6
Q96DB2,O15304
Q8IYB3,Q1KMD3
Q9P2M7,O94813
P05412,P22570
P49450,Q14397
P12270,Q96JM3
Q8N1L9,P63272
Q14669,P60709
P24385,P18433
Q15485,Q9NUX5
Q9BQ95,P14543
Q9H160,P15391
Q9NY33,Q96EZ8
P78345,P01730
O15068,Q12769
Q09028,Q9H6U6
Q92813,Q14789
P01023,O14730
O60285,Q9H257
Q13535,Q13485
P40123,Q93052
Q99714,Q12913
Q8IYD1,O14836
O60239,Q9UBC2
O14613,P15391
O60232,P60484
P29459,Q8IYW5
P46940,Q9NYB0
Q01543,P85298
P0DI81,Q02447
P31483,P01732
Q5PRF9,Q8WUA4
P51808,Q92519
P20700,P09668
Q9NY33,Q9C029
P01135,P26373
O43187,Q9NRW1
Q6P2E9,Q13332
Q16650,O14744
Q9UI10,O75832
Q9NUU7,Q99996
O15520,O95155
O00522,P0CG13
O43364,P28907
Q9Y5Z7,Q9Y6E0
P43626,Q13127
P11387,Q13114
P53992,P34998
Q96IY4,Q86YC2
Q9H6D7,Q92556
O15031,Q9NNW7
Q9NZV8,Q13163
Q9NZN5,Q8N5R6
Q9H0N5,O95163
Q13319,O15169
P51531,P29992
P35609,P51808
Q8N5H7,P06493
P20042,P13598
Q8NEM0,Q53ET0
P05412,P08700
P42224,P48546
Q86W92,P20749
O75909,P85037
Q8WWW8,P42701
Q9P104,P29374
Q14494,Q96QC0
Q9Y679,Q8WYH8
Q9Y2Q5,P07992
Q01974,Q9HCS7
Q6VVB1,O95944
Q16656,O15164
P38432,Q9UQE7
P60510,P30988
Q8N5R6,P49763
Q92922,Q5T5X7
P14780,P01100
Q13283,Q9UNS2
Q02763,Q9H1D9
Q16513,Q9HBH7
P13501,O60216
O95817,O95405
Q9BXL5,P53999
Q99558,P08670
P02778,P30203
Q96NA2,P53367
Q13439,P13688
P14784,P24864
Q9BV68,Q9Y4J8
P04141,P02679
Q5VVQ6,P28065
Q9UNF0,P78318
P78345,Q13901
Q8N9N5,Q9HD26
O95229,P55060
O00213,P17813
O96011,Q9HAQ2
O15020,Q9NRY2
Q13464,Q03519
Q15672,P13688
P57682,Q7L0Q8
Q16394,P51587
P12830,P0C0S5
O95149,Q8TBZ2
P09693,P21580
P83916,Q96QG7
Q9Y5U5,P78364
Q99962,P46736
Q08AG7,Q14582
O75618,P61081
P36894,Q15208
O75317,P01730
Q92558,P49754
Q15022,Q13523
Q9UNE7,Q02363
P30048,Q9BSJ2
Q92785,P16591
Q96NY7,Q6NXR4
P28715,Q14397
O15264,Q5JVS0
Q9UPY6,P35638
Q15021,P26715
Q93009,O60678
Q16739,Q8WVM0
Q8N1I0,O43933
O15126,Q9BUL8
Q13952,Q8IXQ6
Q9BPW8,O95477
O14893,P13010
P63010,O60678
Q06546,Q9NZD4
P02766,P47897
Q01094,P31152
P11473,Q5S007
P48506,Q96EK5
Q16533,P62072
P35228,Q13185
Q06609,Q96LK0
P11802,P04229
O95232,Q13438
Q9BU61,P23142
Q16890,Q9ULC4
Q8NFH4,Q16633
Q9Y265,Q03014
P17936,Q9UJW0
Q15291,P13987
Q15406,P52630
Q96EF6,Q9BYG3
Q15485,Q03518
P08195,P55347
O95208,O75056
Q9UI47,P49768
Q9NWB6,Q9Y3T9
P15391,Q8TCX1
Q9GZU2,Q99466
Q8NB16,P52298
Q702N8,Q14232
P49917,Q01105
O43566,O75330
P21980,Q96HS1
Q6PKG0,P52630
O95390,Q9NY12
Q8N9M5,Q14204
P84996,P81877
Q9NZL6,Q8NFZ5
P62312,P02452
P10809,P20810
Q15022,Q8IZT6
Q8NHY5,P27658
O75694,Q15428
P29459,P51809
O60683,Q96FJ0
Q96A72,Q9H6T3
P49407,O43379
P05412,P31152
O43665,Q14683
Q8IYJ3,Q9UNM6
Q14005,Q969H4
Q6PI98,O15055
P35612,Q99519
Q92796,P08709
Q9H461,Q9Y5B9
Q9Y3F4,Q02078
P00750,P04198
O43542,Q14919
P59780,Q09470
Q99436,O15031
Q9UBI6,P16389
P54136,P0CG47
O60356,O15455
O14893,Q12802
O43741,P52735
P51587,Q12788
Q9Y2X8,Q9UNY4
Q15406,Q99719
Q14103,P00374
Q9NWQ8,O95977
Q99615,Q96F44
Q9UK58,P26717
Q9UHL9,O15344
Q99574,P06401
O43741,O60664
Q9UJX4,P13569
P15374,P01579
Q15019,O00308
Q86YC2,Q9P2G9
Q96S44,P67936
P08908,Q13507
Q9UGP5,P55199
Q15723,Q00534
Q5T4F4,P25774
P57775,P11171
O60885,O43707
P30520,Q15459
Q9Y2Q5,Q6ICG6
P18827,Q02223
Q9BXW9,Q99748
Q99732,Q9P2F5
Q8N5I2,Q9UJW0
O14796,Q8TAF3
P17706,O00303
O95229,P51957
O95166,Q53HL2
P61019,Q9Y6R4
O43186,P23396
P61923,Q9P2D0
O95243,P36941
Q92904,Q9Y587
P04070,Q09666
P63261,Q9NQC1
Q9UPW8,Q9NP84
Q9NZN4,O43447
Q9NQL2,O43765
O14787,Q8N2Q7
Q00597,O00429
O43592,P22001
Q08752,P28069
Q96JM3,P06454
P43119,Q12778
P20290,P51617
P52597,P61956
Q9UQF2,Q92786
O14576,Q13936
O76003,Q14011
O94829,Q13895
P26951,O14787
P84022,Q15700
P09884,Q13895
Q8IY57,Q8WUA4
P49716,O43181
P10275,Q8N8B7
P08571,P49721
Q9BPW8,Q9P0K7
Q99747,Q9UBC2
Q6ZMK1,Q7L5N1
Q13283,O43447
O14543,Q9UBN4
Q7L273,P62750
Q9BQE4,P14555
P07332,Q96A72
Q9GZZ9,P13498
Q9NPJ6,Q9Y6D6
Q07352,Q9P253
P61204,P02462
P62070,P62328
Q9H0E3,Q9UKA2
O75689,O75489
Q99814,Q13509
Q08211,Q14566
Q96C24,P28340
O15446,Q969Z4
O94817,O60756
P35869,O15144
P40424,Q9NX24
O00512,Q9NNX6
P26641,Q86YR5
Q15349,Q96SD1
Q96MT8,Q9UER7
P60228,P52815
Q9P2M7,Q8WUI4
Q7L8J4,P21580
P32927,Q9NPY3
Q9H8Y5,O14979
P01042,Q96A44
P23508,Q92564
Q5MJ70,O95373
P61916,Q9H4B6
Q8IUD2,O14933
Q9Y3C8,Q7Z6B0
Q99714,P29474
Q99590,Q9H4H8
Q92736,Q969T4
A0AVT1,Q92569
P15056,Q9UNS2
Q96M61,P52815
Q9NRL3,Q969T9
Q9UBW7,Q9NZN5
P05412,P12755
P16435,Q13287
P43356,O15400
O15371,Q9GZL7
P61619,Q8WXH0
Q8WWL7,Q8IXW5
Q96NA2,P53805
Q8TF74,P11684
Q8IZJ1,Q86WX3
Q9H410,O60271
Q9H0D6,O75530
P16615,Q9UK97
Q9Y5K6,Q05516
Q92558,Q2T9J0
Q02224,P60953
Q9UI12,Q9NPF7
Q13740,Q9NR80
Q96HE7,Q8TF42
O75817,Q8TF05
Q9NYF0,Q9Y262
P61764,P62913
O95931,Q96Q07
Q16832,Q13061
Q16832,Q9BZE9
Q08209,P08047
Q8WV41,P28562
Q99081,Q96B02
Q9NPY3,Q96JB2
Q96S96,Q5T5C0
Q96QH2,Q8TEC5
O60264,Q7Z7L7
Q14192,O95831
Q86XR7,P52657
Q92800,O75791
Q9Y6W5,Q01518
Q9NV44,P28324
P49642,O00291
P31689,Q9Y3C8
Q13153,Q8WVB6
Q15465,O96013
Q99471,Q6X4U4
P30531,P35916
P78344,O43402
Q92797,Q05086
P63279,Q9UMW8
Q9Y4H2,Q16539
Q92889,Q9UBV8
Q9UM73,Q6VAB6
O60568,P61619
Q93009,P01034
P18510,Q2NKX8
P11912,Q9H467
Q16630,Q0VDD7
P35637,Q9H015
O75179,Q8TEL6
Q9HD67,P15172
Q9BS18,P35579
O75448,Q96F44
Q07912,O96017
Q9UBU9,P54646
P22459,Q9HAQ2
O15392,Q92993
Q9C0C4,Q9BZD4
Q13485,Q13936
P11387,P09429
Q06187,Q96E09
P84022,Q9GZQ3
P42336,O14578
P36956,Q9Y2U8
Q9NTJ3,Q13469
Q9UBV8,P17812
P10588,P20339
P62324,Q9NPF4
P19022,Q15393
Q96G25,Q96KJ9
Q6IA86,Q9H1R3
P16234,Q8N9M5
P48506,Q9Y2R2
Q93096,Q14789
P02686,Q03933
P07998,Q15046
O00567,Q9HAQ2
O75348,P81408
Q9HBH7,Q4VX76
P23396,P46695
P23760,P38484
P30048,Q8WVC0
P45983,P50613
P43146,Q2TAY7
P55884,Q8NHM5
P08648,Q15788
Q96SN8,P10747
P62633,P20138
P63104,P46776
Q8NAV1,P49767
Q01860,P67775
Q9NP71,P55327
Q9Y463,Q5QJE6
P49821,P12814
Q15582,P47224
Q03181,Q9UHN1
Q9NYF8,Q9Y2Y1
Q96NY9,O43670
P20248,Q9UBP5
Q00610,P31350
Q99966,O94829
O60500,Q15311
Q9NQ25,Q03518
Q9NWZ3,P62993
P25774,P02745
A7MCY6,P08709
Q9Y4E8,P18848
Q6IE81,P60033
Q96L14,P51608
Q9NSA3,Q13485
Q13642,Q13887
O43184,P33552
Q9UJ41,O75676
P42568,P06734
P07949,Q9P209
P06870,Q9UJW0
P14555,O14641
Q13387,Q8IZQ1
P22681,Q9H0W8
P49682,O43439
P14923,Q13643
P62306,P48509
P00167,P56537
Q96I34,Q9UQB8
Q14790,Q9BZD4
Q9NQY0,P20701
P23588,P10147
Q16611,Q6ZRS2
Q9NX24,Q9Y5B9
P08949,Q96CS2
Q9NQU5,Q13291
Q96T76,Q8NF50
Q9H204,Q14393
O75112,Q9BXM7
P42858,Q6PIL6
Q13153,Q86UT5
P30086,P59768
P43489,P41161
Q5QJE6,P17542
Q8TEW0,Q12769
P08887,Q9HAP2
O60488,P63027
P57682,P31949
P19474,Q92542
Q9NYG5,P40926
Q9Y6N9,O00626
Q9GZY0,O14745
Q14019,P62829
Q8N5Y2,P84085
Q9BYV2,P61952
P02452,Q9Y3I1
Q14149,Q99576
Q9Y6D9,O75592
Q9NPE3,Q08722
P78396,P16104
P33261,O60832
Q9UPY3,Q99459
Q8TEB1,Q9UQE7
P49458,P42575
P52948,Q9Y239
O95373,P10398
Q969G2,O15516
P09211,Q9NNX6
Q9P104,Q15744
P49639,Q9UKT7
Q9Y228,Q9HAQ2
Q8WXF1,Q9UN37
Q00872,Q6ZSG1
P36957,O95433
Q15029,O75934
P01130,P02730
Q8NDX5,O75494
P47755,Q33E94
P60903,Q13115
Q96M94,P08476
Q92613,Q86U86
Q9BZE9,Q9HD26
Q9NPF5,Q15468
Q96CS4,Q7Z434
O60285,Q01860
P37198,Q9BUE0
O60711,P08047
Q9Y3I1,Q9UHC6
Q9NRY2,O95343
P51610,Q9UQM7
Q92870,Q9H7Z6
P34741,P21796
Q9Y6W8,P32004
Q9H446,Q9H221
P17931,Q9NZN9
Q96DB2,P42680
P13232,P68431
O14907,Q13901
Q8N1E6,Q9UIF7
P51531,Q96SW2
Q09470,Q9UNK0
Q9NP98,P62633
O00305,Q13287
P26641,Q9Y570
O75449,O95977
Q8N1L9,P39905
Q9HAW4,Q9Y262
Q99767,O60927
P27815,P30086
Q14681,Q13838
Q9P0L2,Q7LG56
Q9GZY0,P50747
Q9P0U3,Q5VTL8
P14543,Q05682
P17655,Q8IY31
O00189,Q86US8
Q04724,Q9HBH7
P04049,O15061
P35052,Q92540
Q9UIU6,Q9UL54
Q92837,Q93008
Q9NW38,Q92966
Q5TGY3,Q15406
Q9Y2A7,Q76N89
O43318,P35568
Q86VX2,P25189
P48431,P52435
P48145,Q9UNP9
Q7L5D6,P61619
P36956,O14662
Q9NRG4,Q14582
Q49AN0,Q15109
P02794,P20807
P11831,P51843
P01189,Q14686
Q12934,P12272
O95229,P05386
P61086,Q9UKJ3
Q5JY77,Q86SQ0
P09769,Q29RF7
Q96L14,Q9NVP1
Q96MF7,Q13509
Q9NV44,P40429
Q96EK4,Q9H0W5
P29475,O95336
P62841,Q15691
P49721,Q13061
P49841,P55199
P27695,Q02548
P38432,Q9UL18
O95714,Q13542
P49069,P49116
P35900,Q9UL03
Q08334,Q9UGI9
P61024,Q9GZR2
Q8NBZ0,Q99972
P47897,P51572
Q13233,O75496
Q9UBF6,Q9UHB4
P10109,P45985
Q15468,Q86WB0
P14859,Q14183
Q8N729,P28482
Q9UBQ0,Q13087
Q9Y5U5,Q07864
P57678,Q6P1N0
Q93052,P28069
P07948,Q92667
Q16555,Q9BVP2
Q05639,O43683
P02675,Q16851
Q93063,Q9HAJ7
Q86U06,P56279
P01303,P63241
O60285,Q15788
P61020,Q9BPZ7
Q15762,Q8IVH8
O75368,Q13315
P25205,Q9UBP5
Q8NE01,Q9UHV8
Q92759,Q01196
Q14526,P36405
O43665,Q99618
Q01167,P98160
Q8N2W9,Q6NZY7
Q92956,O75586
P02675,O75791
P09467,Q9BW11
O43572,Q5T5C0
P33151,P01023
P18827,Q14919
P49821,Q8IWS0
Q8IWV8,Q02548
Q14643,Q05048
Q96LK0,Q15365
Q9NV70,Q8WU20
Q9UBW7,P48378
P51955,Q9H6U6
Q08752,P15173
O75626,Q96AJ9
P40123,Q9H4I2
P24390,Q9H6Z4
P63316,P49450
Q7Z628,Q8WXH0
Q8N8S7,P53365
Q9Y215,P53365
Q96S44,P61247
Q9P0U3,P35080
Q8N5Z5,Q13287
Q96CF2,P36954
Q15323,P25705
Q86VS8,Q9HCS7
P29622,Q01892
O95630,Q9BQF6
Q99436,O14576
P39687,Q15173
Q96T76,Q9UHP3
Q14498,Q70CQ1
Q9P0L2,Q8NI35
Q8WX93,P23229
Q4AC94,Q8TAM1
O95487,P05156
Q9Y5Q8,Q9HC52
Q7L5Y6,Q96RT8
Q96FJ2,Q9UQB8
Q9UPM8,O14497
Q14807,Q96EZ8
Q96MT8,Q13277
Q8N556,P56693
P16070,P01019
P33897,P00167
Q9NYF8,Q15650
Q9BSB4,Q92851
Q15672,Q9BZE4
P13861,Q16543
Q96JM3,Q9H254
Q99933,P61586
P49736,P55196
Q9P2B2,Q92830
P62191,Q9Y463
Q92558,P54274
Q9NTX7,P51681
Q9UQ84,Q13635
Q9NRW7,Q96AX1
Q9BQA1,P41252
P31273,Q13542
Q9Y5Y5,Q9NP64
P11441,Q14669
P61371,Q15262
Q9P0L2,P61081
P08047,Q9H4B6
Q99590,Q14203
P29459,O75197
Q8N6M0,P68431
Q13617,Q9H6Z4
Q9BVA0,P11171
Q58A45,P52435
Q969H6,Q92925
Q9BPX3,O75312
Q14674,Q99618
Q13291,P52735
Q13769,P20336
P18859,O00189
Q8IX03,O43557
P51808,P62873
Q9Y5S2,Q14151
P14866,Q9UPZ3
Q9UM47,Q13888
P28069,O60603
Q9UJX2,P78552
Q9Y620,P49815
Q99961,Q13351
P32121,Q9UPY6
Q99623,Q92904
O00241,Q13829
Q9C0C7,P23025
Q9NZN9,Q16851
Q08999,Q9HD26
P07225,Q9Y4B4
Q8WYH8,Q9NZ43
Q14BN4,O95402
Q9NWT6,Q14526
P09917,O00762
P40123,Q96PU5
Q01844,O75448
P00505,Q99801
Q96EF6,P28827
Q9Y6Q9,Q15334
P26441,P25116
O95257,Q16236
Q8WUF5,O00189
P53985,O43566
Q86SQ9,P19793
O00151,Q9NWA0
P43699,O75326
Q9UQ26,Q15386
Q9UBQ0,Q9H9H4
P62312,Q6QNY0
P16234,P32969
Q15025,Q9UNS2
Q9UBT2,Q96J92
P52945,Q6PJG6
P20783,P67870
Q14114,Q13061
P51170,P41143
O60486,O43913
Q9UBC0,P10644
Q12874,Q05516
P00488,P15151
P62879,Q9BQ67
Q96IV0,Q9UKJ3
P02654,Q969G3
P22459,Q7L0Q8
Q33E94,Q6IPU0
O60486,Q13617
O60486,P51888
Q99612,P10071
P23193,Q96DX5
Q86X29,P31314
P41208,P49238
Q14155,Q6NZY4
Q96RN5,Q75N03
Q02763,P63151
P37231,O95376
O75144,P13725
O00151,Q92966
O75340,Q96IZ0
Q9BZL4,P35611
Q8IZT6,Q9NVP2
P51813,P02452
Q01094,O43172
Q9BXF6,Q6FI81
P14416,Q15109
P35606,Q5VT25
Q14789,Q9NVF7
Q9UBX5,Q8IY57
P30154,Q9UHB7
O75147,Q14681
Q8NF50,P42166
P08833,Q8IYI6
P00751,Q7Z412
P62253,O15304
P61289,Q15691
P36894,Q9UIB8
Q14677,P56192
P47928,O00628
P21860,P18564
Q99567,Q07020
Q9Y239,O00628
Q96BD8,P07951
P05412,O75351
Q99683,P07288
P37108,Q9Y2U8
Q15418,O00716
Q02750,P11802
Q9P246,P20594
Q9UBZ9,Q4G0F5
P43628,P10398
Q14C86,Q9Y2R2
Q9H2G9,Q92540
Q96NE9,Q9BTT4
Q9C0C7,P15018
P18054,P18433
P49760,Q15361
P33552,Q86WV1
Q8WZ42,P49910
Q9H161,P24522
Q9BSJ2,O15055
Q8IVH8,Q8NC69
P31751,Q8IZH2
Q13257,Q93008
O14836,P05230
Q9HAF1,Q53G59
Q6ZMQ8,Q9H6Z9
P50613,Q8IWU2
P55058,P16112
Q8TEC5,Q5T1R4
O75081,P06239
Q92997,P02675
Q96NY7,Q7Z4I7
O94889,P35241
Q13156,Q16613
P35712,P01584
P56645,P55010
P49916,P19438
O00716,Q9NZW5
O60921,Q96B67
P07737,Q9P0P0
Q9HD47,O15539
P09651,P68402
O00213,Q9BZE4
P29992,Q9Y264
O00418,O75969
Q9BU61,P62841
Q13115,O00451
Q14676,P25789
Q3KNV8,Q86XE0
Q14185,Q93096
P62316,Q9Y2J2
Q14994,Q96JH7
Q96C03,Q16082
Q8N1F8,P32245
P29376,O14594
Q8TF40,Q6PJG6
Q9H2B2,Q13011
Q5VWQ8,Q06455
P04070,Q9UNN5
Q9UI95,P05230
Q14444,P43686
Q13571,P13726
Q96DI7,Q9C029
O60880,O75909
Q9UG01,Q9GZM8
Q13241,Q99459
Q99942,Q9BW11
P12956,P23468
P55001,O15519
Q15645,P17542
P08195,Q03519
O60256,P35354
Q9C0C9,P33552
Q8TD46,P85298
Q9H9C1,P48551
P15502,P84085
Q9H2S9,Q9NPD3
Q13217,Q92540
Q9Y343,P23469
P51178,Q8TB52
Q14722,P13725
P18428,O75326
Q99666,P26373
P26367,O95863
P61244,O60664
Q8IXI2,P07947
Q9BPZ7,Q9BQG0
Q9H2X3,O43432
Q01201,P49768
Q9GZQ8,P45880
O75899,P48382
Q15424,P11277
Q13057,Q9H334
O43196,Q9Y345
Q7Z4H7,Q9UPY3
O14936,Q9C086
P22570,P51888
Q9HB19,Q8TAG9
P55773,Q9UJW0
Q8NBT2,Q9H6D7
Q9UPY8,Q9UN37
P02743,P08514
Q96T76,Q96IV0
P18054,Q9NXR8
Q9H015,Q9H0M0
Q7KZ85,O75884
Q12906,O75030
Q16394,Q9UKV3
Q9Y281,P62316
Q15393,P02792
O75628,P00374
O15350,Q86SZ2
P26927,Q7LG56
Q9NRP7,Q9H6Q3
Q8WVC0,O60231
Q13873,O14925
Q08209,P12270
Q8NI27,O75817
Q9HAF1,P02549
Q9H410,Q9NQZ3
P31751,P0C1Z6
Q96A65,P08235
P23284,Q86U42
Q92956,Q13144
P84996,P36956
O14625,Q7Z417
Q8TEL6,Q99598
Q9Y574,P57678
Q02750,P51610
Q14168,O14795
P35858,O14802
Q15366,Q86WX3
Q9UHD1,P55317
Q02535,Q02080
Q9Y5N6,Q9HBH7
P01130,P53611
P49682,Q30201
O43572,Q8N8A2
P11233,Q5T7B8
Q71F56,Q8N684
Q12967,P62873
Q9ULV0,Q9Y6H5
Q13190,Q92796
P59780,Q8NEM0
P11912,Q9H2K2
Q9H4M3,Q8TF40
Q13586,P08709
P35222,O60437
Q8IYF3,O75150
Q6IA86,Q9UGL1
Q96RR4,P78348
Q9NWF9,Q16633
Q9H1A4,P41236
Q13563,Q13216
Q9Y230,Q96SD1
Q5XPI4,P0C1Z6
Q13546,Q66GS9
Q12906,Q9BSJ2
P02671,Q92747
Q16513,P45379
O15105,P17152
O14983,Q9UHV7
Q9Y463,Q14938
P54920,Q14865
O00220,P51911
P63316,Q8IY57
O00487,Q15506
P78345,Q9Y2J2
Q07666,Q9UKA2
P17844,Q9Y6D9
Q7Z3Z4,P07237
Q9P2J5,Q9NY27
P42858,O95931
P29374,Q13643
Q9BVA0,Q4AC94
P46734,Q9H161
Q8NCM8,P56817
P22415,Q6GQQ9
P62191,Q9HC52
O15360,Q9BUQ8
O14646,Q99075
Q9UPM8,P35228
Q9UQK1,Q9H1K0
Q5VTR2,P30542
Q92736,P26885
Q15365,Q13277
O15350,Q92993
Q9UPV9,Q9P104
Q9P0L0,Q6NYC1
Q8IYD8,P02745
O95863,P32246
Q13905,O95343
P03951,P21817
Q93063,O60240
Q8N4P2,Q8IUC6
Q6QNY0,Q96S55
P57796,P32856
Q9NP77,Q5TGY3
Q7L9L4,P52952
Q9UBS5,O94842
Q93074,Q9UJX2
Q96L92,P15382
P20719,Q9UGJ0
P08621,Q14957
Q9Y275,Q8N8B7
O60684,P85298
O43765,Q96M61
P22301,P55347
P41146,Q8WW01
Q9NR33,Q9UHX1
Q06323,P01225
O95696,O00303
P82979,P35579
Q00653,P01130
Q92643,Q7LG56
Q9NQC3,O75717
Q99627,Q9NQB0
O76031,P21333
Q9H9T3,Q8NCQ7
P07858,P08047
Q9HD67,P11171
P04198,P09429
Q99741,Q9NQH7
O00233,Q9H8T0
Q14397,Q07955
Q9H307,P10398
Q8NHG8,Q9P2J5
P51398,P26640
P14618,O75489
Q9H461,P68431
Q08397,O75496
P31942,P21333
Q9HAV5,Q12874
Q13740,P46379
P48506,P21953
O43929,P15941
Q8NBT2,Q14526
O75925,P52435
Q9NPH3,Q9HAP2
Q13873,Q9H0E9
Q9UHL9,Q9ULB1
Q14865,Q9P2F5
P42685,Q96F24
Q9H175,Q9NVP1
Q9P0U3,P41161
Q96CW5,Q15233
Q9BRV8,O14901
Q13888,P25774
Q96MW5,Q16890
P05787,Q96SU4
Q9BUE0,O43447
P09038,P61970
Q9H4E5,Q92564
P04070,Q9Y281
P49760,P42224
Q02535,P19883
Q7Z6M1,Q13131
P30048,P62310
P15173,Q6S5L8
Q13057,Q9NZD4
Q02750,P21333
Q15382,Q96CS2
O75528,P81133
P16234,Q9Y248
Q8N1F8,O15211
Q96EY7,Q8IY57
P35228,Q9UPN3
Q9BQQ3,Q9Y6Q9
Q15717,O00763
Q5PRF9,P83916
Q9HB89,Q9ULZ2
P04626,P07942
Q8NB16,P31314
P98161,Q53ET0
Q9H9C1,P35638
Q8IZJ1,Q9NRD0
O75396,Q8TAA9
Q00403,Q86US8
O60664,Q8N2W9
Q9NYY3,Q14151
O75554,Q8N3R9
P50747,Q99418
P63151,Q9BRQ0
O60481,Q6PH81
P46020,Q9BY84
Q9Y230,Q86UN6
Q14683,P56159
Q99814,Q9UIF9
P30405,Q9Y3B2
P61626,Q07912
Q9H2L5,P41229
P23769,Q9UHX1
P07225,Q8IZP0
Q7Z6A9,O75323
P98177,O95197
Q9H0E7,Q86X29
O75363,O75317
P51813,Q96J92
Q9UJ70,P57105
Q9BSJ2,P10747
Q86VP1,Q12774
Q9H0E2,Q13002
O43293,O00762
Q7L3B6,P15153
Q9NVV4,Q16666
O95477,P09874
P48061,P19532
O43379,O95249
Q9NYY3,P13501
P09467,P30622
O15527,Q9Y2W1
Q8WVM8,Q9BQ95
P11142,Q9H0U4
Q14790,Q9NSE2
Q9NSE2,Q9UBR4
P38646,Q86TM6
Q15021,P17861
P24394,Q12874
P11802,Q7KZ85
Q8NG41,Q96D31
P43119,Q9NPY3
P07101,P21953
Q9BQQ3,P78552
O60285,O75525
Q9UHC6,P41252
Q9H4L4,Q14145
O00327,Q9H6T3
O43313,Q9UGM3
Q9UL62,P63096
Q969H4,Q9UNH7
Q9BQY4,Q9HCS4
P62280,Q14865
Q92575,P61981
O75586,Q15562
Q13617,Q9NPG3
P51531,Q8IWU2
Q76L83,P09493
P78504,Q13895
Q01201,Q7Z5K2
Q16832,Q08752
Q5VWQ8,Q13002
Q8WTS1,P04229
Q9BWN1,Q9H1D0
Q9BT67,Q8IX03
P24928,Q5T5C0
P12272,O14867
Q9UJC3,P48730
O76003,P35998
O60880,P02751
Q9NUX5,P19532
Q9UH73,Q99956
Q8WXF8,P35998
O75147,O95831
P08235,Q9UJF2
Q96KP1,P43403
P61962,Q8IWZ6
Q9HBI0,P10242
Q9NP97,O00308
P21953,P78552
O43734,P20273
Q8N9M5,Q92966
P23297,O75969
Q12959,Q15672
Q12972,O43292
P50150,O43513
Q96IV0,P31949
Q9H5V7,Q9NPI6
P09769,Q13087
Q92813,P31483
P25815,Q9HD67
Q8TF40,Q9NR33
Q9NX24,Q96LD8
Q8WXA9,P60953
P07711,Q14677
Q9UBP6,Q86US8
Q6P1J9,P78364
Q9BV73,Q96E09
Q9BTP7,Q8TD31
P62837,Q8IXI2
Q13474,O43488
Q8WVM8,Q8TDN4
P62829,P04066
O43516,Q9BQ67
Q86W92,Q9BXW9
Q13451,Q86UP2
P23229,P05106
Q96JB5,P05181
Q99590,P78318
Q96AP0,P46531
Q92918,O43482
Q9C0K7,Q04756
O43318,Q9UJW0
Q14749,P00918
Q9H467,Q9UNK0
Q00526,Q9UNN5
P12757,O94817
P11362,P23634
Q16288,P61201
O95278,Q14289
Q9C0C4,Q9H9S0
P46736,Q53EV4
Q9BW83,Q12905
Q9NRP7,P53999
P50749,P41182
P16112,P78318
P07766,Q9P2G9
P08621,Q6ICG6
Q96BH1,Q9NV70
Q15008,P01588
P40306,Q15645
P68106,P47712
P15813,Q99598
P12314,P18031
P05107,Q13200
Q92529,Q9H2G4
Q13535,Q12959
O60763,P10145
P61626,Q9UBI1
Q96NE9,P49761
O95067,Q8TAA9
O43680,Q9HBE1
O75943,O43488
P35221,P48551
Q9H307,Q9NPD8
P55085,P23467
P02743,Q9NSC2
O43741,P43005
P50570,P51114
Q9Y572,Q7L804
P04004,Q13239
Q9H4H8,Q15717
P02545,O15144
O94889,Q9NV56
P68104,P17275
Q33E94,Q8N6P7
Q9H9S0,P17980
Q9UBW7,Q9UL46
P61758,Q99062
P20339,P29459
O95229,P08572
Q6NZY4,Q13427
Q15466,Q13618
P51808,Q9HAP2
P49796,Q92917
P08631,Q8WZ42
P43626,O43156
P09651,P06396
P05107,Q9UQ88
Q9Y265,O43719
Q08209,P15153
Q8NE01,Q9HCS4
P35869,P02743
Q49AN0,O43516
Q8TDW5,P42262
Q8NI35,Q99466
P61218,P36405
O43927,Q96EZ8
Q14865,Q9H0U4
Q8NCE0,O14958
P49792,P02768
P42336,O95819
O00213,Q13107
Q15013,O60741
O95352,O15144
O14983,Q15208
P05160,Q8IYI6
O95967,P02745
Q9UKT9,Q86VP6
P60484,Q92793
Q8N8S7,P84095
P30279,O15539
Q02930,Q13873
Q9H0D6,O75396
Q6QNY1,Q96H20
Q02080,P62314
O94979,O15539
O15018,O43896
P19474,Q9Y4A5
Q5QJE6,P26715
P06401,P30203
P14416,Q15834
Q9NPH3,P62508
O43184,O95571
Q9UKT8,Q92673
Q9UKA4,P55895
O00186,Q02363
Q8WXA9,Q15404
Q9H2X0,Q99638
Q9Y2W7,Q9BQ95
O95402,P01588
Q86U86,Q8TAC2
Q9P2W9,Q9BVG8
P06307,Q9NZC9
Q8NDX5,P23511
P12081,P55001
P08519,Q7L523
P05023,O43913
Q16236,O00443
O00244,P15924
P07315,Q15746
Q06418,Q9UBF1
A2RRP1,Q9UMZ2
Q9Y6K9,Q9Y2A7
Q9Y6R4,Q99732
O60506,Q7L9L4
Q14738,Q9Y6J9
P05771,Q96IV0
Q9Y678,Q9Y5B0
P62191,P10244
Q99497,P51790
P49755,Q9NVX0
O00401,Q9H9Q4
Q9Y383,Q92636
Q9H2X0,Q9BUL8
Q14582,Q13061
P02743,P23921
P57087,Q9UGL1
Q8NDV3,Q96AX1
Q8TEY7,O95336
Q6GQQ9,P02549
Q96EK4,O15372
P61289,Q8NC69
Q86VS8,P78552
Q9UBV8,Q16623
Q9P0U3,O15297
P16152,P01100
Q92882,Q5JY77
Q96LI5,O76021
Q92837,Q8TEW0
Q9C0C4,P43686
Q9P086,Q2TAY7
Q03933,O76041
Q9H7D7,O95243
Q96QB1,Q5TKA1
Q9UM47,Q8WUM0
P27986,Q15746
P62314,P61978
Q9Y6W5,Q9Y3B2
P42224,O75970
Q15834,Q969P0
Q9NQT5,Q9H3S7
P35227,P42025
P25789,Q8TEW0
Q96C24,Q70EL2
Q06124,Q99719
P50570,Q6ZRV2
O75161,P02786
P08253,P51957
Q86SZ2,Q9Y2D1
O75170,P43320
Q14573,Q9P0K7
P08195,Q8IZD9
Q9H211,Q15759
Q6NYC8,P17813
O95229,Q86U42
O75146,P48509
Q9P2W9,P02749
Q15910,Q9H845
Q96CW5,O95503
Q16555,P49459
Q13470,Q86SQ9
P13796,Q9BTV7
Q9NSA3,Q969P5
Q96EF6,P48553
P14859,Q9H147
Q4VCS5,Q9NWA0
Q8NC51,O75326
Q9NRA1,Q8TD46
O95149,Q9BQG0
P55854,Q9Y2W1
Q9UKF6,Q86WV1
P53367,O96019
Q7L9L4,Q8IUQ4
O43184,Q9GZM8
P62140,Q01081
O43427,P07951
P32942,Q86SQ0
P18583,O14511
Q96DU3,Q9UKS6
Q96HR3,Q96LD8
O43516,P20333
Q5VVQ6,Q14315
O60763,Q8TEC5
Q8NG27,P25685
P55209,Q8TEK3
Q96HR8,Q16082
Q96S96,Q99519
P25445,Q12852
O75694,Q9GZX6
P15170,Q6PH81
P57796,Q92556
Q9H4M3,P49458
Q8TDD1,P62834
O43150,P35658
Q9NPB6,Q9ULV3
O94874,P50895
O75928,P17096
Q14004,O75529
Q7L5Y6,P50281
O14836,Q9ULK4
Q9Y294,P24588
Q9UL25,Q13505
Q9NQZ3,O75326
Q9BS18,P54132
P61024,Q8N196
Q02080,P63261
Q9H832,Q7KZ85
P49768,P48378
Q12962,Q8N5Y2
P17931,Q9NPD8
Q32P44,Q70CQ1
Q9BXL7,Q13555
O75052,P60484
P83916,Q9BQB6
Q9UJC3,Q9UK58
Q9NZN8,P30279
O60921,O43521
Q9NPY3,Q93096
Q96AP0,P51808
Q8N5V2,P25189
Q9NQL2,Q04724
P27658,P26441
Q86UT5,O43379
P49006,Q8TD46
Q13884,Q15466
Q9BT67,Q08380
Q9BVC4,P62913
P30511,P01130
Q92622,Q92888
P48552,P42773
Q8TEP8,O60869
P58753,Q86U06
Q12816,O95477
Q6IE81,Q8TBZ2
P50749,Q9P2K3
P13611,Q7L5Y6
P20042,Q06643
O00220,A2RRP1
Q9BUQ8,P04066
P61962,P08833
O43390,P14635
P39060,O00499
O60488,O95149
Q13586,P05230
Q9NRA1,Q9UPT5
Q99732,P63220
Q15650,P51681
P13671,P22307
Q9NPQ8,O75717
P33897,Q6P2E9
Q15080,Q7L2J0
O95863,O00592
Q9UQR0,Q9UQM7
Q92974,Q96CS2
P27824,Q96AY2
P82979,Q9HD67
O43292,P62328
Q9H2C0,P81274
Q6P2Q9,P57105
Q9UBU8,O75525
Q9H0B6,P42224
Q8IUD2,P68402
Q9HC77,Q6N043
O43488,O43521
Q99759,Q9UQB3
Q16666,P14373
O43592,P55273
P24522,P08684
P24390,Q8TDW5
Q96RR4,P55786
Q9BUI4,Q02880
P62750,O14983
Q9NSA3,Q99436
P36957,Q15836
P25103,O14727
O60675,Q9NZN4
Q2T9J0,P51948
Q14974,P51684
Q14722,P07237
P43351,P26374
Q16665,P19022
Q9ULC4,Q3LFD5
P09496,P14543
Q96MF7,O15511
P31749,Q8TAG9
Q9BVW5,Q9ULZ2
P23025,P13987
Q9Y6N7,Q96G21
Q96KR1,Q92747
P78371,P01160
P29350,Q9BVG8
O60684,Q14149
Q9H9Y6,O60739
Q92797,P07998
P51531,O75554
Q9C026,O00443
O00221,Q8N5H7
Q9NPJ8,P81133
P08246,Q9UHC6
P51531,P14543
P52907,Q9P2Y5
Q9BTP7,P15408
Q14315,P21810
P51610,P25787
P17252,Q9UNP9
Q9UKV8,O60437
P98077,P27361
P02545,Q9Y3T9
O43502,P09913
P63215,Q9BQB6
Q9ULT8,P84243
Q5T7V8,O14576
P61244,P30101
P17661,Q99801
Q9Y5X4,O95271
O60232,Q00534
O60506,Q9NRD0
Q9NZ43,Q8IXQ6
O60216,Q9H1I8
Q19AV6,O43508
Q15013,O15446
O60500,P53365
Q8TF42,P24385
P21926,Q4VX76
P06493,O60885
O95197,P31314
Q9BT25,Q9NRG0
P23511,P18031
Q96EK5,P51532
Q05516,Q96FV9
Q2MKA7,Q96NE9
Q9GZY6,O75170
P13639,P17152
Q8WWW0,Q9Y5J7
P84022,O60927
Q68CZ1,P63220
P23025,Q8NFJ9
O60729,Q9BWW4
Q13352,Q15154
O00339,P19438
Q6ZSG1,Q9UK58
P04275,P61218
Q9Y613,P06576
Q9BT25,Q96RJ3
P63165,Q13451
P12270,Q15466
Q9UH77,Q8TF74
Q9NVV4,Q9UL62
P20618,Q9Y3C7
Q96HN2,Q13011
P11308,Q9NZ43
O75915,P09622
P11233,P35368
Q9NRF2,Q8ND25
Q9NZL4,Q16539
Q9HAT0,O75056
P15170,P24723
P51959,Q03518
Q9UQ88,Q9HBH7
P54578,Q8IY92
Q9UBC2,P35557
Q04637,P40818
Q9Y5J7,P62195
P60228,Q5U5X0
Q15021,P78371
P51812,Q70EL2
Q9Y2X8,P49768
O00213,Q99698
P09683,P17096
P01374,Q86Y82
Q96DX5,O75695
Q16739,P55795
Q8TAA9,P05108
Q9Y5B0,Q9NZM3
Q66K74,P22223
Q9HBM1,Q9UIF7
Q969K4,P13612
O94782,Q96JB2
Q8WVD3,Q00872
Q13485,O75030
P35613,Q8N5Y2
P02765,Q9HAJ7
Q9C026,P12931
Q9NPD8,Q9P2Y5
P12755,P12270
Q9P104,O15205
Q8TBB1,Q9UBY9
O95931,P49736
Q96BH1,P42263
P55327,P01732
Q15582,P11474
P31629,Q13586
O94889,P32245
P62829,Q9GZN8
O75689,P61962
P61626,P35221
P78345,P09382
O14613,Q9Y2V3
Q9HB19,Q8WVK2
Q9H078,Q05516
Q9UKF6,Q14643
Q96EI5,Q8N5R6
O00522,Q92993
P52952,Q9UQB3
Q9UJX5,P62491
Q15020,Q9BYE7
P12314,Q86Y82
P49711,Q9NVI1
Q9Y4G8,Q9Y6A5
P14373,P29374
P54253,O75326
Q6FI81,O94927
P62979,P19387
P41240,Q8IXQ6
P54577,Q8IWU2
Q7Z3Z4,Q6S5L8
Q8N5M4,Q15833
Q3SYG4,P20337
Q9Y6D9,Q9H0N5
P33240,Q14CW9
Q9C0J8,Q9NVF7
Q9H9C1,Q96SD1
Q99973,Q86UP2
P35670,P21453
Q5VTB9,P22307
Q92570,Q6P1N0
P11441,P05546
Q8WUH2,P36542
P09913,Q9Y2M5
Q9UGJ1,Q14582
Q9Y283,Q66K74
O75431,O15111
P62750,Q13618
Q16740,P06493
Q00610,O95155
Q9Y3M2,P43250
P15408,P14921
O14594,P34932
Q96BD8,Q9NYJ8
Q5QJE6,P12814
P11831,P01588
P01241,O95382
P02746,P0CG13
Q9H1D0,P43250
Q92887,Q5T6S3
Q04759,Q8N3X1
P61020,Q9UM54
Q13310,Q13131
Q16665,Q96PU5
P49715,Q00534
P78344,Q9Y2W1
P35611,P49715
Q9NQ25,Q8WVK2
Q96J92,Q9BW71
Q13404,P29274
Q9UBE8,P32245
Q9Y265,O75688
Q15475,Q14397
P37108,Q13740
Q92785,Q9UBS0
Q14315,Q969H4
P15976,Q6S5L8
Q14152,Q6VAB6
Q9H5I1,O75840
P15407,Q9BWW4
Q9H4H8,Q96J84
Q6IA86,Q8IWZ8
Q96RJ3,Q9BW61
Q96RK0,P84103
Q9Y6N8,O60216
P60891,Q9UQM7
O00186,O43823
P30101,P06730
P22460,Q96QT6
Q9Y2D8,O75553
O15400,Q14296
Q5JSH3,Q15173
O94905,Q8NB12
P04049,Q15154
Q15653,P49795
Q9ULX6,P49639
Q5VZL5,P43146
P01160,Q6ICG6
P03956,Q99466
P62081,P55089
P25490,P15923
Q9NTX7,Q969G2
P43356,P23945
O75052,Q9P2D0
Q70CQ1,P33993
Q9Y2X3,Q96EZ8
Q13191,Q8N3Y1
Q01860,Q15118
Q96BD5,P30531
Q8IZJ1,Q96JC9
Q8NFT6,P81274
Q9H2F5,Q96AX1
Q9BSJ2,P33991
P57678,Q13087
P10244,Q7Z5K2
Q86U06,P20749
P08621,Q92608
Q9H2G4,P36941
Q14444,O43913
Q9NUX5,P41273
P98077,P42229
P20719,Q9NTI5
P47755,Q5VTL8
Q9Y345,Q15700
P51610,O75530
Q9NY93,Q96J02
Q01453,Q13541
Q9NPP4,Q9H2X6
P02792,P78357
P32302,O14958
O60481,Q9GZU2
P32927,Q96IF1
Q9UHD9,P30405
Q9Y5P8,Q9UIU6
P07093,P28340
Q9NX47,P51693
Q96L91,P08575
P12544,Q8IUC6
Q9Y3E5,O75832
Q6Y2X3,P23142
Q99590,Q16586
P51178,P35241
P00918,O95758
P61962,O75970
P18465,P36941
Q09470,Q5T1R4
Q6NYC8,Q9UL54
Q9Y3C8,Q9NP71
O60271,Q8TDW5
P24864,Q02388
Q9NQC3,Q9BQ95
P27348,P01275
O75717,O15144
O14599,P35609
P17252,O94817
Q15291,Q7Z6E9
Q9NVC6,Q9UFG5
Q8TDU9,P62324
P21333,Q9Y279
P20138,Q06413
Q93052,O43681
P31371,P11277
P31483,P56279
Q13217,Q8N5R6
O60610,P00751
Q9Y468,Q9Y6J9
Q8NF50,Q01105
Q06413,P85037
Q02952,Q9NYB0
P08579,P56537
Q5T7V8,P22303
P62263,Q96JB5
P13725,Q9UHW9
P04075,Q9UBF1
Q8NFT6,Q9UPZ3
Q9UI47,P60953
A2RRP1,Q03519
Q02363,Q6N043
Q99590,Q9NUU7
Q9Y2X8,P23588
Q9H221,O60678
Q8N2Q7,P50895
Q969T9,P02462
Q9H5I1,P08575
P61626,O43592
Q9UBU9,Q14257
O95931,Q8IZQ8
Q5T4F4,P42680
O15360,P33993
P51888,Q8N3Y1
P20333,Q8N6Y0
Q9UNE2,Q9UIV1
O60762,O15123
P23469,Q9H3S7
P02545,P18510
P49069,O75489
P62834,Q96MH2
Q9BW27,Q02297
P49459,Q86SE9
Q9NRG4,P01040
Q9UK41,P20810
Q8WVJ9,O75676
P02549,O75525
Q7Z7C8,P55347
P10828,Q8TEU7
Q14444,Q13472
Q9BY77,Q9NTJ3
P01135,Q9GZS1
P11362,Q19AV6
Q96MT8,O15116
Q5T2W1,Q9Y6D6
P35244,Q8WWW8
P35606,O43164
Q9Y2U8,Q9H0B6
Q8IVP5,P11277
O15400,Q9Y263
P20138,Q8NEM2
P55347,Q5W0Q7
P05771,Q8N1L9
Q96CG3,Q9HD67
O75817,O75717
Q15785,Q9UHV8
P62072,P08311
P78543,Q9UKS6
P04792,Q8TCJ0
Q96LR5,P43250
P04004,O95967
Q08752,P62328
Q9HCG8,Q14865
Q5VWX1,Q9UPM8
P14416,P19544
Q9H0W8,Q13555
P11912,Q9UMF0
P43146,Q9NZN3
P48551,Q8N201
O95400,O75807
Q5RKV6,Q9BXH1
Q9UGM3,P28065
Q9UNN8,Q9NZU7
Q16254,O75626
P30556,Q96EZ8
Q8NBZ0,Q9NTJ3
O75317,Q96AX1
Q07889,Q8IYI6
Q96QK1,Q9NS23
P16144,O14727
P20700,Q12830
Q8IVI9,P50553
P15374,Q9GZX6
Q5T1C6,P61289
O43543,Q7Z406
Q96EP0,A8K8P3
Q8WVD3,P15090
P43246,Q9NUU7
Q92499,Q14112
Q14149,Q9H9F9
Q33E94,Q8WU20
P35613,Q9H147
Q9H7L9,Q9UJW3
Q02156,Q9UHD8
P62263,P55317
Q13617,Q8WVM0
P05160,Q8WYH8
Q9HCU9,Q68EM7
P10619,O43924
P17693,Q5VTR2
Q9UHQ4,Q969H6
P63316,P36402
P10644,Q99523
Q96L91,Q9H9A7
P07711,P55055
Q9Y2Z4,Q8N4P2
O75832,O76064
O00512,Q13224
P13725,Q9UKK6
Q9BT25,Q9Y5B0
Q01826,Q9HBM1
P03951,P02679
O75446,Q9P2D0
O14649,P48023
P60709,Q9NW38
Q99436,Q9NYF0
Q5VTB9,Q9NY12
Q6PI26,Q9NSC2
Q7L190,P62140
Q16629,Q16740
Q9UNE7,P62244
Q15819,Q7L523
Q9ULG1,P57105
P28336,P15976
P62249,O15211
Q9H267,Q13042
Q15650,P03973
Q02763,Q15173
O75431,Q6PIJ6
Q7Z465,P22736
Q9Y5N6,Q13011
Q9Y215,P10589
Q13322,Q02297
O75367,Q9UBY9
O60683,Q12841
P20719,Q8TDU9
Q9Y4R8,O15297
Q8TEY7,P78406
Q9H8Y8,Q15365
Q9NZ94,P48551
Q9UBI6,Q15642
P10109,P27658
P41091,Q96AH0
Q96Q15,P08833
Q6ZVD8,P05556
P61978,Q8NHW3
Q9Y383,Q8N9M5
Q9BY11,O14730
Q9UKV3,O75554
Q9H8S9,Q9Y478
Q96IY4,Q99584
P63167,Q09028
Q7Z6E9,Q15599
Q6IN85,Q99598
O95319,P14678
Q14BN4,P32245
P05120,Q14258
Q9HCE7,P06881
Q9H160,P51172
P28336,Q13620
Q96KR7,Q9HC52
P49917,Q9BW11
P83436,P45880
Q14005,P07315
P00488,O14770
P27448,Q9UNH7
Q9BYG5,P51884
Q969T9,P01019
P15018,Q8IYF3
Q15717,Q14203
Q96EF6,Q6GTX8
O60494,Q9UQ35
Q96CD0,Q9Y2W2
O43665,Q7L5N1
Q8TDB6,P10244
Q02080,P62316
Q6P2Q9,P29083
Q8NFD5,P49815
Q9Y2U8,P54920
Q13470,O96028
Q9UNE2,Q7Z6Z7
Q9Y6D9,P12270
Q9NZM3,P10124
Q96LC9,P16333
Q9BV73,Q92613
P35372,P11684
Q13114,O14579
Q5TGY3,Q9BRG1
Q02535,P26373
P20719,O95336
Q9Y2M5,P42679
Q9Y678,Q9NR50
O75676,Q5QJE6
Q9NZN4,P51843
O00221,Q8N3Y1
Q9Y5K6,Q9UBU8
Q9ULK4,P40227
Q15019,O95402
P15531,Q5T4W7
Q5T4F4,Q6ZN18
P39019,Q9BUB5
Q96LK0,Q9H7Z6
P00374,P14921
Q14190,Q9BQE4
P19532,Q9BRK5
Q8NF50,P10827
O14737,Q8TDU9
Q9P0L2,Q96CD0
Q9UKJ1,P23945
Q9UBQ0,Q16543
Q9C0C4,P56377
P33897,Q92613
Q9NPI8,P19174
P25786,Q9Y5U5
Q53EL6,O75791
O60645,O15297
P02760,P19447
Q9GZR2,Q969H4
Q9UPS6,P20810
P78318,Q9UPN7
P55039,O00548
P14921,Q9BW27
Q9UPW8,Q93063
Q7Z434,Q13002
O95931,O60609
Q8IYW5,Q9H3S7
Q9UBD5,Q9BXM7
O75604,P52597
P62312,O75436
O14798,P35346
Q9UPY6,P14653
P16435,O00303
P23458,Q86SX6
P35606,P05156
O95257,P81408
P02774,P01730
P18827,Q99466
O00244,P19320
O75446,Q96BR1
O75525,Q13895
Q9BZJ0,O95336
Q9H0W5,Q9NPA8
P61328,Q92667
Q92843,P10644
Q13283,O75969
Q9Y6Q5,Q9BY43
O75628,P43699
P18850,Q13351
Q99590,O95816
O75943,P35611
Q9P2J5,O95785
Q13153,O15516
P09683,P78527
O43592,P62820
P08603,Q5SW96
P33151,P01275
Q15287,P52952
Q9UER7,Q93008
O95816,Q9NYJ8
Q99623,Q9H175
Q15370,P27361
Q9H165,P57678
O00622,P40227
Q99952,Q9P2Y5
P48145,P41279
P13796,Q9H9H4
Q01718,P11474
P01137,Q9UQE7
Q9UH92,P46821
Q14103,P48509
P68543,Q7Z6Z7
Q02224,P13612
P36897,P23229
O00167,Q99972
Q8WXH0,Q13490
Q15746,Q8IUH3
Q96II8,P00747
Q15120,Q9H0M0
Q99467,Q9NQC7
Q96Q07,P19419
P40222,P30556
P25067,Q9UER7
Q13287,P51636
Q9Y6W3,Q13464
O75884,Q8IX90
Q14643,O60830
Q01130,Q09013
Q9BQQ3,P06401
P08311,Q15389
Q06643,Q96AH0
P14866,Q8WV41
Q9ULV0,P60842
Q9UPZ3,O00470
Q12816,P60033
Q14582,Q9NQ29
Q5MJ70,P15018
Q8NA54,Q8IXH7
O94842,Q9H3P2
Q9Y2A7,Q9H467
Q15375,O75558
P50747,P35670
P40306,P10827
P23142,P08709
P10275,Q9H981
P01275,P13688
Q92643,P60842
O43680,Q86US8
P48023,Q9NWS0
Q92817,Q01167
Q13535,O75695
O75618,Q9NPC6
O00189,P35557
Q96EV8,Q5JY77
O95831,P01732
Q9H7L9,Q9BYW2
Q15003,P25815
Q14241,Q14209
O15511,Q6PH81
P23760,Q9UI12
O95644,Q7KZ85
Q15672,Q3LFD5
Q13451,O43929
Q14512,Q99835
Q8TEB1,Q9NXR1
Q8N1F7,Q13029
Q15582,Q14681
Q14315,P62316
Q9BPW8,Q03111
Q09472,Q16828
Q13310,O15116
Q8TB45,P20336
Q14181,P23582
P01130,Q15366
O75531,P15391
Q9BQA1,P43005
Q86U06,P35227
Q8IZH2,P11171
P33151,P55001
Q9NQH7,P07196
Q8WYP5,O43390
O60826,Q15653
Q99590,Q96AY2
O75335,Q13838
P14923,O14933
P61604,O15511
P51813,O15068
O15212,Q9NYY1
P49796,O00623
Q86WX3,P0C0S5
P21731,Q13424
P23921,P54132
P10114,Q96B02
Q9UMD9,Q96IV0
Q15475,Q9H5I1
P12757,Q15468
Q9Y698,P43627
Q99961,Q8N4C6
Q15915,Q6UN15
P51817,Q9UBC2
P63165,Q9NSE2
O75840,Q9NZN3
Q99748,P00742
Q9Y239,P22307
Q8IZH2,Q15466
P35579,P29373
Q96T76,Q99471
P22460,Q92993
Q96JM2,Q99958
Q8WTR2,P63272
P63261,P01588
P40123,O75439
P22681,P29376
Q9Y272,Q9C029
P51168,Q13233
O95295,Q13427
P61371,Q9ULT6
Q7Z6J0,O15085
Q93063,P51636
P18564,Q9GZT9
Q8NFH4,P42345
Q99741,Q9Y3U8
Q03001,Q9Y6N8
Q16667,P98172
P14780,Q8WVY7
P02675,Q8TEU7
Q07666,P51532
Q9UBP0,P62244
P31930,Q12774
P15374,Q13951
P24385,Q9NXR8
Q96MT8,Q8IX07
Q29RF7,Q92556
P61204,P41217
O75528,P40938
P51553,O14925
P62633,Q8NF91
P21817,Q9HAZ1
P52945,P32246
O43663,Q13588
P35658,P62491
Q96D46,P01106
O14618,O14641
Q92973,Q9Y5B9
Q96S52,P19174
P30460,Q16236
P62750,Q7RTN6
O95793,Q96AY2
Q9NRR4,Q9UQM7
P62753,P02647
Q01130,P01241
P50616,O43707
P23526,P06401
O43307,Q13432
Q9Y3R0,Q02297
Q8IW35,Q13888
Q6ZRS2,Q13404
Q16650,O43293
Q96E14,Q5T9L3
P02746,Q9Y6E0
O14796,Q6PI26
P63151,P24522
Q9BUQ8,P30533
P63165,Q9UKS6
Q9BXK1,Q9UH77
O96020,P55196
Q08379,Q9BQF6
P22459,O14979
P22413,P78552
Q01201,Q03519
Q13323,O75368
P08700,Q8IVT5
P41146,P52790
O14810,Q9UHN1
O60684,O14933
Q9C0C4,P51148
O75582,P55196
P11387,Q99732
Q99467,Q15746
Q13950,P48730
Q04695,Q96JH7
P08603,Q86XE0
O00329,Q9Y6J9
P62253,Q2T9J0
Q13233,O14497
P60891,P55001
Q14831,O15519
Q9BUG6,Q13761
Q9H1J1,P61326
Q9HBW0,O00757
Q7Z5K2,Q03933
Q9NSA3,Q9NY27
O15392,O43929
Q9NPH3,P10145
Q9BVG8,P28347
P22570,Q9UKL3
Q9Y2Y9,Q99466
O75335,P50453
P35346,O75150
P98177,O95817
Q02447,O14933
Q13547,P02452
O43572,Q6FI81
P53355,Q8WUI4
Q06418,Q9NY27
P63215,Q9Y5S2
Q99081,P21802
Q13637,Q15361
Q5T4W7,P17812
Q9H0C5,Q03167
P14784,Q02447
Q96SD1,Q8IVI9
P38159,O95696
Q92673,Q9GZU2
P17936,Q9H4L5
Q9Y4Z0,P50148
O75197,P23469
Q9Y5U5,Q9NTI5
Q8TB52,Q13351
Q13113,Q99075
Q96PU5,Q9BXL7
P11912,Q9H2X3
Q6ZSG1,Q9P0K7
Q8N5Z5,Q13470
O94874,O75663
Q9H4M9,Q00534
P16144,Q92966
P61019,Q13829
P47874,Q96T60
Q9C086,Q8N3R9
O60825,Q7Z434
Q9UNP9,O15145
Q9ULJ8,O14662
O15211,O60609
P20042,P51790
Q969P0,P28827
O00305,P24385
Q5T6S3,Q71DI3
Q15118,Q9P253
P27701,Q9Y3D8
Q14494,P68032
Q15022,Q9Y5N6
Q7Z4G1,Q15118
Q5T4W7,P63220
P18583,Q9NV56
Q99496,P62273
Q99623,O75528
Q13501,O43508
Q96AJ9,O00255
P41220,P62906
Q96CG3,Q5VTR2
P23467,Q8WXX7
Q8IWZ8,P21810
Q9NQU5,P16591
Q9NSC5,Q9Y5R8
Q14194,O14777
P05120,Q99575
Q9H0Y0,O00429
Q9HB19,Q13555
P29692,O75494
P47755,Q9H8T0
Q13217,Q6N043
P07225,P24588
Q9C0J8,Q8IVI9
P19793,Q86WT1
Q86W92,P52630
O95190,P49768
Q9Y5K6,P09668
Q9BVA0,P61020
Q9HAJ7,P22303
Q9UJW0,O43242
P16104,P14625
Q9H3Z4,P49643
P35612,Q7Z5K2
Q14919,Q15796
P60033,Q15835
Q9UBQ0,P46821
P07093,O43933
P63208,O95835
P85298,P14921
P20290,P11684
O15126,Q8IUD2
Q99638,O14965
P01583,Q96JB2
Q9BUL9,Q9HD26
O00186,P20963
P07237,Q96PK6
Q13546,P01137
P43364,Q8WW38
P24855,Q9H6U6
Q96PB7,P17152
Q5XUX1,Q92574
P42226,O60237
Q13952,Q8NF50
P22459,O94985
Q92973,P36873
Q9NPC8,Q92570
Q14722,Q92747
O94842,Q9BTV7
P08559,Q9NNX6
Q49AN0,O14492
Q8IWV8,O14745
Q92540,Q05682
P22681,Q13829
P46939,P68032
P01588,P22736
Q9H668,P98172
Q9NSC5,Q8TDX7
P26358,Q7L2Z9
O75147,O14836
Q13404,P30050
P35658,O60885
P61586,Q9Y6M7
Q92585,Q9UKS6
Q9HAV5,Q9Y5B0
P51948,Q9H4P4
P26992,Q9P0K7
Q09470,Q13404
Q9BVM2,Q9NPJ8
O95758,P30499
Q66LE6,Q9UJX2
O75925,Q13432
P51808,P13498
Q92905,Q9NV44
Q969U6,Q16695
P01303,Q9NY61
Q2M1K9,P46939
P00451,Q96S55
O60494,P19532
P49721,Q9H0N5
P25208,Q9Y243
Q9H0W5,O75335
P31751,Q16236
O43189,P26927
O00622,P52701
P49721,Q9HB90
Q99570,P11831
P69905,Q9Y2Z4
P48431,P27695
P19438,P25189
Q9HBI0,Q9H1K1
P51617,P55795
O75410,Q8TEB1
P19438,P17181
O43572,Q5VT25
Q9UGI8,O60756
Q9UBP6,P61081
P60880,P15151
Q99627,P41091
P04049,Q9Y3U8
Q99523,P07237
O60880,P41240
P27635,Q86U42
Q16739,P85299
O95571,Q99593
P32121,P17812
Q9UPT6,O75369
O15503,Q12788
P0DI81,P85298
Q76N89,P55199
Q15008,Q8TCX1
P45880,P40818
Q9GZX5,Q6NYC1
P51398,Q9H981
O15055,P21453
P20719,Q92934
Q96JB2,P11684
Q9UNZ2,P27348
P18887,Q9Y6Q9
P16035,Q9Y6W5
P04004,Q9H2K2
P46734,P63027
Q2MKA7,Q13185
Q8TAG9,P62736
P28482,Q9GZQ8
Q13705,P30531
Q13291,Q3ZCQ8
Q12972,Q9UQC2
Q6WKZ4,Q9UNH7
Q96GG9,P19320
Q9NZN5,P30260
P29590,Q9NRR4
P02549,Q8N9N5
Q8NFH8,Q8WVZ9
P00505,O75330
P21953,Q9NV70
Q06481,O95278
Q15120,P62316
Q14807,P09429
Q5JQC9,O75840
O00311,P03951
O75586,Q9NQ25
Q9GZQ3,Q9UI08
P40123,Q96IY4
O15350,Q9Y3C4
Q9H161,Q9H1D9
Q9Y3E7,Q00975
Q9BTW9,Q6P4R8
Q8WUF5,Q93096
P42772,Q9NQC7
O60826,Q9UBS0
Q6NXR4,P41217
Q9NRY2,Q9Y2Z4
P06241,P55199
Q9H0U4,Q9P2G9
P30531,O75334
Q6GQQ9,Q02241
Q7LBR1,P81133
P02794,Q7RTN6
O75081,P12757
Q96DU3,Q9Y2V7
Q9NWT6,P29371
Q9UFG5,O76041
P06734,Q9UM73
P35869,Q15233
Q9NQ29,P51148
Q9UIU6,Q16082
Q9NX70,P17706
P35221,Q9NPQ8
Q9H0F6,Q9Y279
O75431,Q9UHB4
P13805,Q76FK4
P43630,P04085
Q9H8T0,O94905
Q96CS3,Q15388
P27482,Q9Y2R2
P14316,P35916
Q9UQQ2,O75506
P18031,P40818
O76003,P01100
Q9C026,Q15436
Q13057,P63220
P50749,P22692
Q9C005,Q12929
Q9GZQ4,P85037
P10599,P57678
P37088,Q9C0J8
P49069,Q9NYB0
O95297,P51531
Q9UKT4,Q9C0J8
O15265,Q9NS28
Q9NWV8,Q9UPN7
O15400,Q8NHL6
Q14008,Q15173
Q12888,Q9P2G9
Q14749,Q13427
P06703,Q05516
Q99741,Q02952
Q92785,Q96P09
Q5PRF9,Q9Y3F4
P17947,P13726
O95677,P24278
Q86U06,O14641
Q9BZI7,Q9NZL4
P68402,Q15327
P07858,Q13002
Q9Y2J0,Q13287
Q16586,O95967
Q9BXS5,O60830
Q01201,P25787
Q8WYL5,O60610
O94907,P52434
P18054,Q99801
Q15102,Q969P5
Q9BSL1,Q9Y4Y9
Q9BXL7,Q9GZR2
Q8WUM0,Q13523
Q02952,P35916
P08047,P51178
P02452,O75553
Q5T4F4,Q8N5M1
O75629,Q5TCZ1
P30531,P00742
O43752,Q9NPF5
Q13555,Q9UKY1
P21953,Q86SZ2
P25815,P05452
Q969P0,P62979
Q15762,P04085
P55197,P32004
P38646,O75494
Q99759,O43896
Q96NA2,P07288
P49792,Q9Y271
P28324,Q8NEM2
Q9UHR5,Q9UDY2
Q96L91,P33261
P10644,P78318
Q8TBZ2,P10646
P16591,P61587
P49069,P52657
Q5RKV6,P54920
O95140,Q96HR8
Q9NPC6,Q9HCS7
Q9NQC3,Q13485
P08684,O75791
Q9UKL3,P53367
Q08397,Q96EB1
Q9NSE2,P04229
Q7L3B6,P01730
Q9Y6W3,Q92802
O14618,Q99618
Q9H0F6,P07093
Q96J92,P84085
Q9Y3D8,Q8TF05
O14543,P11171
Q14242,Q5VT25
P29322,Q13451
P49639,P20336
Q15170,O00499
P15374,Q9BUN8
O76075,P17813
Q9Y6R4,Q15691
P78504,Q9UBI6
P69905,P11940
Q8TDR0,O94842
Q99743,Q9BXH1
Q96PU5,P41161
Q6ZUJ8,Q13087
P17844,O15539
O43815,Q8WUH2
P24928,Q9Y248
Q9Y5X1,P81877
P10916,P02747
Q99653,P29692
O43913,Q9H0E9
O43566,Q13042
P02748,Q07912
O95487,Q71SY5
P14770,Q92585
P23560,P10606
Q13387,Q09028
Q96ST3,Q8IX90
Q8NE01,Q92499
Q92673,P33032
Q9H0C5,P49336
Q14746,Q30201
Q99574,P52435
Q9UBB5,O60739
Q8WU20,Q9NW38
P20336,A2RRP1
P60604,Q12874
P05161,P57740
P49354,P78345
P29622,O14618
P49238,Q13541
Q66K74,Q7Z6G3
Q9GZY6,P50613
P15880,Q16695
Q969G2,Q9NZ43
Q9NPI8,O95944
P33151,Q9ULC4
O94888,P0CG13
P43246,Q14498
P17676,Q9UI12
P14316,P36404
P31152,Q96AJ9
Q9UHQ1,P68032
Q9NRF2,O15145
Q05066,Q09472
O43927,P14625
Q9Y2Y4,P46736
Q14BN4,Q96BH1
O75694,O60437
O15371,P62318
P62191,P41208
Q86V97,Q9HAT0
P35548,Q9Y3U8
P23467,O43823
P51398,Q99972
Q6GTX8,Q9BYW2
P22695,Q96TC7
Q14008,Q13009
O60568,Q02363
P26045,O43592
Q969G3,P42025
P47755,Q8N5F7
Q14498,Q86SQ9
Q969H6,Q14990
Q8NFD5,Q7Z7L7
P21953,Q8IXW5
Q9HBI0,Q8N5Y2
P09668,O94776
Q9H7Z6,P68032
P23458,P63010
Q99471,P23526
Q9UHW5,P18084
P49407,Q04721
O95793,O95600
Q7L804,Q7Z417
P51571,P47755
Q53GS9,P28062
P11177,P34998
P14678,Q92830
Q9H2B2,Q15915
P26045,Q9Y5Z7
Q9BXS5,Q9H1D0
Q03468,Q9UHD8
Q9UGJ1,Q96PF2
P18054,P35568
Q33E94,Q02388
O00305,P50151
O43164,Q9UBI1
P05549,Q9P0V9
P50539,O14576
Q8NEM0,P40337
Q9Y574,P26374
O60941,P15153
O00291,Q15365
Q14691,Q9H7C4
Q14C86,P25189
P54764,P51170
P51532,P20936
O95785,P61952
P31751,Q03933
P05120,P45984
Q99683,Q02388
Q9BX66,Q9NZC9
Q15013,Q5T9L3
Q9Y2Z4,Q9HCJ0
Q13905,Q8NHL6
Q92800,O95999
O95208,O95977
Q9Y2Y9,Q9UNS2
P26371,P30988
O00623,Q86VS8
Q14BN4,P40926
Q9NUX5,Q9Y5Q8
Q9BPW8,Q9UKV3
P08254,O14925
P06307,P04066
Q9Y6W3,Q9P287
P52756,Q99962
P47874,P63027
P46087,Q8NB91
P29274,O94813
O95997,P56645
P01588,Q8IUQ4
Q7Z7L7,P14543
Q15466,O43482
Q6ZW49,P05106
O60684,Q14562
Q15003,Q9BTE3
P08700,P78362
O43196,Q9NPG3
P08621,Q8TEK3
Q14190,P98172
O43353,P55735
Q9BXC9,Q9Y3T9
P11142,Q9Y4B4
Q99661,Q9H6D7
Q8NFT6,Q9Y343
Q9Y6X2,Q8WUH2
P01308,O75506
P57105,Q9BZE4
O14625,O75489
Q9Y613,Q9P0U4
Q9ULV8,Q14451
Q9UKL3,Q969P5
O60285,Q96QT6
Q8TAD8,P16109
P48556,Q9H7L9
Q9C029,Q96FV9
Q96D31,P23945
Q9H6T3,Q9Y262
P14373,P63027
Q14677,Q96QG7
Q99436,P31749
Q86SQ0,Q5T1R4
O95278,O75840
Q96T76,Q92781
P62306,O95149
O43318,Q96IZ0
Q96A56,P35354
Q9NS56,Q99623
Q99728,O75056
Q9Y478,Q96M61
P15056,P32239
P62487,O75592
P29466,O15151
Q9H4E5,O75947
O14777,Q07002
Q9BQB6,Q9NZJ0
P22223,Q14565
P04792,P13807
P16871,P24278
Q9UBN4,P62328
Q9UHR5,Q9NWT8
O95352,P31949
Q9HBH7,Q86XL3
Q03181,Q9NT62
O15169,Q674X7
P41743,P52815
P40692,O14770
P62979,O95571
Q8WUH2,Q5T7V8
P51965,P28562
P10644,P31749
P02686,P62487
O43734,Q9Y6J9
Q13232,P08588
P28324,Q12778
Q9NYY3,Q9Y2Z9
Q9NR55,Q12996
Q5VST9,O96028
P68402,O75326
P07954,P15172
Q68DK7,P01583
P49354,Q06546
Q9NVP1,Q6P1N0
Q9BT25,P29320
O43663,Q9NY12
Q02388,P21728
P31785,Q9BVC4
P61244,Q9NVF7
Q6X4U4,Q02241
Q8NDV7,P01308
Q9P2W9,O00124
Q92519,O75179
Q9UHW9,Q9NZD8
Q9Y570,Q8NFZ5
Q9UKV8,P13010
Q9NS00,Q3V5L5
P23396,Q99598
P21127,P21926
Q9UNZ2,Q02388
Q6AHZ1,O43488
P37088,P12268
Q9H2S9,P18428
Q02750,O43307
Q99832,O95831
O60563,Q96BR1
P15880,Q7Z6B0
Q29RF7,P14923
P10451,Q9H0U4
Q13884,P05129
P08069,Q6PI26
O43684,Q8WVM0
Q9UBE0,Q14145
P50591,Q9UJW3
Q14CW9,Q13503
O95295,Q5T9L3
O43566,P25205
Q969F2,P05231
P21817,Q8WTR2
Q8TDR0,Q9BZW8
Q9H2X0,P07315
Q9Y2Y1,Q9UBP5
Q9NV70,O75506
Q9NPB6,Q06587
Q9NRH3,Q9P2M7
P09913,Q9HD42
Q9NPI6,P28340
Q9NRG0,O43597
P62750,Q07912
O43353,P60484
P41180,O95817
Q9H257,Q86SQ0
Q86X83,Q13619
O75663,Q9Y6D6
O14777,Q01081
Q15648,P54259
Q6WKZ4,Q9BWC9
P01031,Q6FI81
Q16204,P26717
P24539,Q08AG7
P30443,Q6PJG6
Q8WVB6,Q9UIF7
Q8WUF5,Q02297
Q9HAU4,Q8TD31
O95232,Q86U42
Q15022,Q9C029
P48443,P12235
Q9GZX9,Q9UK53
Q93052,O95271
Q15109,O43181
Q9NS75,P61619
P06307,Q6NVH7
Q93009,Q13472
Q86Y01,Q9HC52
P21127,Q9GZT8
Q86UQ8,Q05682
O75676,O96028
Q9Y261,Q16539
Q96BH3,Q9ULV3
Q9NRA8,P24278
Q02930,Q5D1E8
Q14957,O60232
Q8IWT3,Q03431
O00220,Q8TF05
P05107,Q8WTR2
P13725,O43313
Q96N96,O95503
Q00403,P46736
Q14168,P23468
P78356,Q07960
Q9P1U1,Q8IVI9
Q16548,Q13617
Q16533,P35625
Q9BPX3,Q9HAQ2
Q5JQC9,Q13127
O95197,O43557
Q8WTR2,P51911
O43924,P38484
Q9H0B6,Q5JQC9
Q9BYE7,Q9H161
Q15628,Q96JH7
Q9H0E7,Q9UHD2
Q07011,P10515
P32856,P29692
O00548,P41240
P31749,Q96RU3
Q96EY7,Q9BYE7
O94952,P12755
P22307,Q86UE8
Q6TFL4,Q8NHW3
P15336,Q29RF7
P13224,P48167
P14210,Q15744
Q96L92,P20810
Q9UGP5,P14921
P18621,Q9UBI1
O94973,Q9BZE9
Q9UHW5,P09917
A8K0Z3,Q8NCM8
O15212,P01588
O95967,Q9UKV8
Q86UE8,Q7L0Q8
P33076,Q9NQZ3
P02774,Q14203
Q9BXW9,Q9P0U4
Q99502,Q15746
P49407,O00585
P13611,Q9UBV8
Q14209,Q86XR7
Q16825,Q13057
Q14831,Q07890
Q9H939,P49917
P20138,Q6PD62
Q15022,Q02078
O95198,Q16828
P11912,Q06787
Q96IF1,P40818
P43119,P00918
O60895,P43250
Q9C0C2,Q9Y587
P67809,P68363
O95232,P51825
Q9BQG0,Q8TCX1
Q96A44,Q7Z6Z7
P27037,P17706
Q8TAF3,Q2TAY7
Q9BRK4,Q6PH81
Q15102,Q8N5I2
P31314,Q8IU81
Q5TCZ1,Q9P0K7
Q04756,Q96JM7
O75317,P08754
Q86T82,O00291
O60941,Q969G2
Q9UPM8,P02786
P40222,P61952
Q9UGJ1,Q8NB12
Q13045,Q8IZD9
P61201,P31949
O14862,Q8N684
Q15653,P61020
P39023,Q9HAW4
Q8NFD5,P31930
P01563,Q8IX90
Q04656,P27361
P36542,P01583
P03956,P27361
Q9BXM7,Q9NZC9
Q9C029,P35269
Q9NV92,Q14957
Q9Y2Y1,Q9UQB3
O95571,Q8N5R6
Q9NPF7,P05783
O60884,O60716
O14599,Q9Y6W6
Q92625,Q9UIF9
Q9HAW4,P10124
Q9BVP2,P15924
O00311,Q13884
P46734,Q99075
Q9UGP5,Q6P2Q9
Q9H307,O96013
P15976,O95758
Q16667,Q03111
Q96CS4,Q8N9N5
O75955,Q00975
P49327,P23945
P15927,Q8TEP8
Q14160,P06396
P08588,Q13285
P54136,Q6EEV6
P78344,Q9NNW7
O00198,Q6GQQ9
Q9UNA4,Q71F23
P31629,Q6PIJ6
Q13241,Q9HB89
Q9UKV8,Q9Y6H5
P42768,P33897
Q86V97,Q96AH0
P42261,Q9GZX6
P11047,Q16695
Q96BY2,Q96CS2
P33681,P08588
Q8WZA2,Q8N4P2
Q9Y6Q6,Q15404
P02778,Q9HBW0
O95405,Q92888
P36956,Q13595
P62191,Q12770
Q02487,P13725
Q9UJX2,P55773
Q6NVH7,P48167
Q9UKJ1,Q99062
O60506,Q15389
P20783,Q14161
Q8N2W9,P05388
P48059,Q7L5N1
P08700,Q14181
O43680,Q8N3F8
Q9BZL4,Q8TAG9
Q05516,Q6ZUJ8
P81877,Q92889
P82979,P29992
Q13952,Q92886
P31994,Q9BWW4
Q9UHF0,O60762
P22223,Q9NV56
Q9Y4Z0,Q8WXE1
Q9BWN1,Q96DU3
Q9NR46,Q8N5H7
Q9Y6R0,Q9NQZ3
Q3KNV8,Q9H8T0
Q05209,O94985
Q14919,P40818
Q8NHG8,Q9H0W8
Q96QH2,Q16644
P19320,Q9UKN8
P61204,P14859
Q00987,Q9BQ95
Q15020,O75170
Q9H944,Q12800
P04234,Q9UKT8
Q5VWG9,Q07890
Q15485,Q9UBD9
Q9GZV8,P48553
Q96B26,P53367
O43680,Q9Y2I1
P21675,P36941
P11215,P15502
O60506,O95977
Q9H0C5,O95249
Q14257,Q8IWL3
Q99973,P15924
O95677,O75439
Q9Y4E8,P12314
O14979,Q92777
Q13263,P49763
Q96L91,Q9H4B6
P85299,Q7Z4S6
Q99759,Q9H6R0
Q08397,Q9BYG3
P50613,Q6NVH7
Q9H8V3,O15392
Q9P2B4,Q13432
P09622,Q9BQE4
Q9GZS3,Q13107
P17947,P07766
Q92564,P15090
P22695,Q9Y3T9
Q13470,Q07864
Q9H7D7,Q9Y3Y4
P20719,P01100
Q99828,O15169
Q15910,Q99873
O75943,Q86UT5
P28336,Q9NRI5
Q9NPJ8,Q9UKJ3
P01106,Q9UBU8
Q9H9G7,O15145
P52735,Q9Y244
P55010,P23945
Q13153,Q9NVX0
Q7Z6A9,P18054
Q9P0L2,Q86UE8
Q9NYY3,P25103
O95696,Q8IWZ6
Q7Z3Z4,Q8TEK3
P11912,Q12846
Q9Y4C1,P50539
O75147,Q96H20
Q14202,P08922
Q9NQL2,Q9C0C7
Q86X83,Q9BXL7
Q15233,P22223
Q9NP77,P35638
Q02224,Q8NI27
Q9NRL3,P43686
Q969F2,P28328
Q8N729,Q9BPZ3
Q7L5D6,O95163
O15111,Q8TCJ0
Q16543,Q58A45
Q16666,Q9UBC2
Q13057,Q14204
Q9P0R6,Q15038
Q9BUJ2,Q96KJ9
Q9Y294,P35900
Q9NYF0,P61587
P20042,P60763
Q9NQX5,P55196
Q58A45,Q9BW27
Q9Y345,O00443
P61247,P49959
P62633,Q9P2F5
P29353,O60921
Q9Y283,P22223
Q5T5X7,Q13614
P49137,O95382
P04049,P60891
O94763,Q9NPQ8
Q96BD8,Q9Y6I7
O75914,Q9BVI4
Q9ULT6,Q92519
P54727,O95197
Q8WYP5,Q07820
P24386,Q12962
O95382,A8K8P3
O94864,P26373
O43583,P17655
P31930,Q8WXH0
Q9UQN3,P20618
P04406,O75791
P29322,Q96CS4
Q96RU3,Q8WXE9
P35225,Q03431
P02730,O15519
Q7Z412,O75530
Q96T23,P57775
Q9Y613,Q9UL46
Q06418,Q96KJ9
Q9H461,Q9UPR3
Q06418,P35228
P23769,Q13523
P09661,Q86UE8
Q99075,Q86Y91
Q9NVP2,Q9Y587
Q9H9Y6,P35658
Q9H9Y6,Q13951
Q9BY77,Q8IXW5
O75431,O43294
Q13637,Q13029
Q15393,O75369
Q92886,P07093
Q15465,Q14494
Q9Y5Q8,Q03014
Q8WVY7,Q8TEU7
O75317,P67870
P07954,Q9UPZ3
Q9Y5U5,O94927
Q9UPT6,Q8IY57
P62191,O95163
O43745,Q9UBP0
Q08722,O15357
Q15054,O15516
P78364,P09622
P11215,Q00975
Q12906,Q15109
P63167,Q99615
P27815,P98177
O60603,Q7Z412
Q9UN37,Q6S5L8
P57081,P41180
Q14686,P62736
P21980,Q9HB21
O15068,Q9UPN3
Q14938,Q8N3V7
Q9Y3C5,O00273
Q9UNL4,Q14152
P23560,P50213
Q03188,Q00526
P55735,Q00722
Q9BQF6,Q93008
P25024,Q9HB21
Q9UI12,Q5VWG9
Q5T2W1,P62753
P18583,Q13509
Q9Y678,Q8WXA9
Q7Z6A9,Q9BVM2
Q15555,O60232
Q15363,Q9UER7
P05787,P32004
P30048,Q9HCN4
P31948,Q9UJW0
Q96BH1,Q9NVI1
Q9H2S9,Q15744
Q15653,P55055
P01563,O43566
O14810,P01106
Q8N3Y1,P02741
P10588,P07992
O00585,O75969
P49257,P50995
Q9NX70,Q6PI26
P15498,P30988
Q9HCU9,Q86VN1
Q9BYH8,Q2QGD7
Q969H4,O15027
P14770,P09683
P49639,P54132
P0DPH7,Q13625
Q9UKT9,P49789
P01127,P30203
O95319,Q15643
P25063,Q14938
P24855,O14901
Q03001,P06307
Q15102,Q2T9J0
Q14103,Q9UNN8
Q06190,P32971
P04004,P00167
Q96CS3,P81274
P33076,Q15700
Q04917,Q99619
P16234,Q52LR7
Q9UNE2,O60934
Q9Y5K6,P62820
Q9BPZ7,Q86WV1
Q01970,Q6IAA8
Q9UKN8,P14625
O75164,P00918
P10109,P07093
Q9UHL9,P21583
Q96GM5,Q13464
P24941,O60741
Q16795,Q8N5R6
Q96E14,O75717
P21333,Q6PH81
Q15323,P00568
O00221,P30305
Q5JQC9,Q99835
Q8N5Y2,O60232
Q6PCD5,Q9H832
P09972,A2RRP1
P30542,Q5VTL8
Q9UI47,Q8NHM5
P78362,O43390
O75439,Q00403
Q5U5X0,Q15788
P14770,O95257
Q15120,Q9UHD1
P02751,Q8WWW8
Q8WWL7,O75840
Q13319,O15205
Q9UBU8,Q4VX76
P05161,Q9H2D6
P83876,P32004
Q6QNY0,P48167
O75800,P22303
O00305,P35670
O15169,Q06323
Q8NB12,P12980
P14618,P16070
Q14444,Q15796
P15153,Q00613
P78395,Q9Y6B2
P54274,Q9UNN8
Q93052,O14713
O00232,P33151
P49821,P55347
Q99836,O14925
Q8WV41,Q96B97
P21980,Q15021
Q14669,O94888
Q86XL3,Q9UKT4
P10155,Q06455
Q96KJ9,Q8NF91
P22001,P46776
O75164,Q9BWF2
Q92636,Q06830
Q8NEM0,Q9BYG5
Q7Z569,Q96RJ3
Q8WZ42,P27361
Q96S96,Q15154
Q15119,Q86WV1
P02461,P60484
Q16739,Q2T9J0
Q01974,Q07960
Q969R2,Q96DU3
Q13586,Q9UKA2
Q16513,Q16611
Q96CD0,Q92834
P68543,P04080
Q86X55,P02647
P02778,Q15109
P08238,O43395
O14936,Q86X83
Q92834,Q9UKV3
Q86SX6,Q16890
Q9NQL2,Q8WUD4
Q9Y4Z0,O75056
Q9BY77,Q01105
P21953,Q96T58
Q9H165,P20023
Q9Y6W6,Q9UM73
Q05209,Q86XL3
P30260,P84095
Q13387,Q49AN0
Q14512,P41238
Q9ULG1,Q9NVR7
Q9H3M7,P09086
Q92973,P34932
O60240,P68363
Q7Z6E9,P01023
Q06609,P78552
Q13614,Q68EM7
Q8N5H7,P05108
O43143,P46776
O75618,O00548
P16035,Q13950
P02749,Q9H0M0
Q9BVW5,Q86XK2
P54578,P57682
P01011,P29460
Q14686,O43896
Q2QGD7,O00255
Q15172,O94782
Q9BQ52,P28827
Q14739,Q7L2J0
Q6ZMQ8,P35611
P55735,Q9UNH7
Q9UBU9,Q8TDN4
P02730,Q13432
O76075,Q92636
P61158,Q8TEU7
O00585,Q9BW71
O76075,O75970
P98164,Q9Y6E0
Q15051,P43686
O14613,Q99436
O96013,Q8WWM7
Q9Y2X0,Q00534
Q96H20,Q99497
P23560,Q9GZR2
P09467,Q15915
P51668,P09382
Q96BD5,Q7Z4S6
Q3LFD5,P25189
Q8TDN4,O00255
P11233,Q9BQB6
Q99436,P08575
Q9Y5Q8,P51636
P40123,Q7Z628
Q9Y3C6,O14948
Q96EU7,P06730
P08238,Q9UBZ4
Q9NTI5,P14635
P67870,Q9NR50
P63165,P29474
O14796,Q12888
Q12874,Q92783
O60296,Q9NQC7
P32121,O00329
Q9Y613,Q92973
Q15173,O15068
Q8N2Q7,Q71U36
P24385,Q9Y4A5
Q9NY33,Q9HCS7
O75161,O15055
Q9BZI7,P17252
P09493,P55735
Q96I99,P57740
Q9NZN4,P38606
P07333,P21860
Q9GZY6,Q02224
Q9UBK2,Q16082
Q9BYW2,Q9H6U6
Q9H0F6,P04066
Q9NPC8,Q15046
Q9NTJ3,Q13501
Q70EL2,P39748
P35659,O75369
P22460,P0C1Z6
O60739,P01040
O15446,Q9NWS0
P04406,Q15819
P55085,P83916
P61019,Q9P2F5
Q9BPW8,O15151
Q9UIF9,Q9H6U6
Q7Z4H7,P08908
P08100,P28072
P24855,Q16659
Q9H845,Q05397
Q13362,O75410
P35579,Q7LG56
Q96N96,Q9UH77
Q9NVR0,P41091
O43491,P61006
Q14524,P09429
P08603,O75558
Q5SW96,Q12874
P50052,Q9H9E1
Q16667,P28827
P18545,O43516
P35346,P56817
Q9BUB5,P78406
P55789,P84095
P31323,P35579
Q8WYR1,Q12929
Q15256,Q9Y3E5
Q13043,Q9BRB3
Q9NV44,P47224
Q9UJA5,Q13608
Q9UHB6,O60504
P61163,P40818
Q86X29,P38606
P43364,P29376
P52799,Q8WXH0
Q9Y5Q3,Q9Y6B2
Q6ZVD8,P49768
P16871,Q6VAB6
P09496,Q8IWZ6
P17844,Q96DI7
Q08117,O75884
P52597,Q9ULB1
Q9UIF9,Q16633
Q16548,P61925
P13501,Q5T7B8
P16871,Q7Z6M1
Q9BW61,P23582
Q96B26,O15055
O14746,Q14512
Q9UJX4,O15144
O95336,Q96EP0
Q12816,O14983
Q13574,Q96JC9
Q9H161,P11166
P61247,P45984
P43005,Q9UMZ2
Q12972,P25787
O15350,Q13617
Q9UQN3,Q969G3
O75112,Q13163
Q12841,O95613
P35368,Q9UN37
P43630,Q9H765
P22674,Q9Y3C7
Q9UHQ4,O00273
O76070,P10114
P48059,Q96AP0
Q14192,Q9UBS0
O94952,Q7Z412
P14866,P09211
P31314,P52435
Q99460,O14958
Q01344,O75367
Q9Y2Y4,P41161
P78371,Q03933
P56589,P19793
Q86XK2,Q9BYE7
P31994,Q9UK73
Q86T24,O14979
P29274,Q13061
Q96HR8,P16109
O43593,Q9UHX1
P17152,Q13761
Q13352,Q07002
O15143,P29460
P09629,P02708
Q96RK4,Q7KZF4
Q15021,Q9UJF2
Q9Y5B0,Q9Y6E0
Q9UI95,P63220
P57081,Q96AY2
P57678,O94972
P41145,Q02080
P04234,O43683
Q04724,P30279
Q13671,P17693
Q13363,Q6PH81
O94966,Q9Y6Q9
Q96L73,Q9BW11
Q719I0,P15924
P50613,Q9UMW8
O14757,O15357
P16871,Q9UKA2
Q13428,O43815
P48059,Q99819
P29474,P30050
P02654,P49848
Q13107,Q8N7R7
Q9HCG8,Q8IY18
O00186,Q13418
Q9UHB6,P60484
P13569,P08709
P61457,P30307
Q8NEM0,P50461
P60953,P28340
O00566,Q6QNY0
P14316,Q13485
P35625,P46695
Q9Y383,P25054
Q00536,Q96CS3
Q8IVT5,Q06413
Q9BXM7,O14958
P04070,Q14112
P56377,P60484
Q08945,P61952
P24941,P36404
Q99590,P18084
Q9Y6R4,P42262
P62072,P06493
Q6GQQ9,Q13761
Q68CP9,P49450
Q5XUX1,P49767
Q6N021,Q9UPN7
P69905,Q9Y2W1
Q8N1F7,Q9H0K1
Q9UI14,P62136
P22392,Q92570
Q9Y2V7,O94927
P22087,Q9HC52
O15068,P61952
Q92564,P02511
Q6PD62,P10124
Q8WW01,Q96JB2
Q9BUH8,Q8WYR1
Q96CG3,P06756
Q9C0C9,P38936
Q9Y383,Q5VWG9
P11274,Q12996
P51170,Q2QGD7
Q9NSA3,P51809
Q9UI10,Q8WZ42
P39687,Q96CS2
O15212,Q99075
P39687,P80098
P42345,P16278
P17252,Q92530
Q9NWB6,P00750
Q07325,P10809
Q9Y5T5,Q96KQ4
Q8IUH3,Q9GZU2
O95639,P31350
Q06481,O43379
P35219,Q96SB3
Q9NZN4,O60216
O43187,Q9UM54
Q13573,Q86YR5
Q9BRT9,P50616
O00329,P46531
P42261,O75334
Q99467,Q16539
Q9C0C7,O94941
Q9P2W9,Q9H257
Q8N196,O15031
O00512,P33993
O15297,P56537
Q9Y271,P06493
Q16849,Q99584
Q9Y572,Q13224
Q9Y295,P01225
P49796,O43808
P43403,O94973
P27361,Q99719
P47755,Q9HBM1
P43630,Q8NCQ7
P28715,Q14118
P25445,Q9NX08
Q9NWT6,Q13905
O75081,P57078
Q9H410,O14745
Q14990,P51677
Q13045,P12273
O95819,Q08043
P10114,Q99727
P03973,Q9NQP4
Q9UBE8,P47874
P49257,P51149
P28702,Q09028
Q9NRD1,Q9UGL1
P04070,O95714
Q92625,P06396
Q9BPZ7,P14921
Q9UBI6,P26367
P12757,P27448
Q12972,Q13889
O00206,Q9GZL7
P63215,P61970
P19086,Q9UBU7
Q5T3J3,Q16828
P40227,Q8WTR2
Q8IWZ8,Q9NPD8
P02647,P84085
O95402,Q9H0U4
O75164,P35269
Q13435,P09486
P54274,P53618
P41091,Q13332
Q96IF1,P08247
Q14457,O00291
Q9NY93,Q01167
Q92599,O95613
P24588,O00124
Q13310,Q9HC29
Q9Y5V3,Q9NWA0
Q9H6Q3,P12272
Q96E09,Q12913
Q9NWT6,P12272
P43357,P00918
O14924,Q07820
P54259,P15941
P02768,O60885
Q969H6,Q1KMD3
O75925,P35613
P18545,Q13608
Q9NZN5,P50461
P07093,O75182
P98161,Q14204
Q9UBU9,Q8NG41
Q9UBU9,P07814
Q8IZD9,P10124
Q15323,Q8TDD1
O60716,P25685
O14974,Q9ULW0
O00463,O14958
P07900,Q9BSV6
P35244,Q8TAM2
Q8N531,P51790
P13501,P01892
P08908,Q9NQ55
Q9UM73,P25789
Q9NX47,O14745
P60880,Q02388
O60684,Q9BXC9
Q9Y6I3,O60716
Q8IX03,P29692
Q92882,O15068
O75558,P50553
P12235,Q8IYB3
O75840,P51843
O00622,Q96JB2
Q13888,Q9H832
P16144,Q9BXH1
P61024,Q00975
Q96S44,P35052
P19419,Q8IUH3
Q8WXX7,P21333
Q8WYK2,Q9BRT9
Q9NVK5,P41229
Q6PI26,P32780
P53355,Q9Y463
P60709,P32969
P14618,Q96KJ9
P99999,P08519
Q8N729,Q9HCJ0
P07101,P02786
Q9UNL4,Q8NB12
P18827,Q92781
P06127,P29475
Q15543,P50461
P30679,P20023
P46940,Q9P2D0
Q99584,P29083
Q9UBE0,P09486
P20702,Q674X7
Q9UJX4,Q9NYB0
Q96IT1,P05121
Q9NUX5,Q9P2G9
P13671,Q8WVM0
P22301,Q96SD1
P53396,P09668
P01127,Q96HR8
Q71F56,Q8IZJ6
Q13137,Q9BQB6
Q07352,Q7L9L4
P24522,Q8N4P2
P32121,P61925
P49757,P05181
P15822,P62913
Q00839,P05108
O15078,Q9H9T3
Q5SW96,Q9UPS6
Q8IWT3,P12235
Q8N196,Q9UGL1
Q9BQY4,Q9P275
Q96II8,Q53HL2
P07225,O95163
Q9NRA1,P07858
P01563,Q8TAM1
Q9Y3E5,Q6P4Q7
Q08345,Q5TKA1
P29460,P17542
Q9UL62,Q16623
Q06190,Q06643
Q14393,Q9NVF7
Q9UGP5,Q15915
P53999,Q6NUQ1
Q6PD62,P28328
Q5VTR2,Q9NPF5
P49354,P42345
Q53T94,O43929
Q14790,P08047
P06241,P20226
P16157,Q9BW11
O14492,Q9BZW8
Q9BRT9,Q06323
O14599,P17480
Q06609,P0CG13
Q14160,P41091
Q16665,P30305
P29622,Q14657
Q99972,Q15691
O94889,Q9Y6X3
Q13888,Q9BV36
P46940,P35611
P12004,P61020
P10827,Q9H1D0
P02649,Q12905
Q9P2J5,Q8IXH7
P28562,Q2NKX8
Q9BRT9,Q9UBC2
P35219,Q13107
Q9GZS1,P61158
Q9Y265,Q9Y6E0
Q9ULJ8,O95831
O43592,Q9UBY0
Q12888,Q9UPN3
P54578,Q5SW96
O60826,Q9NVK5
Q9Y5K6,Q92838
P01563,P49116
P46939,Q8N3V7
Q14524,P15941
O95944,O95257
Q9H0A8,Q5T9L3
P27348,Q13526
Q9BQE4,Q13114
P41091,P51825
Q16204,Q9Y243
P07858,P23327
Q9UBP5,Q7Z6Z7
Q9HD47,P26367
Q9Y463,Q92973
Q9UP52,Q9NYB0
P54368,P48730
Q14643,P50539
Q13838,P10747
O75312,P53367
Q9UBF1,P01583
Q14168,Q8N8A2
O60684,Q96E14
O15372,Q9Y2W7
P18545,Q14197
A8K0Z3,Q9UQC2
P49767,Q14566
Q9C0J8,Q9H081
P40222,Q9UPY8
Q92886,P60866
P63241,O00165
Q96D46,O43236
Q9UBE0,P10828
Q9ULJ8,Q12840
O43491,Q8NHL6
Q15650,Q5U5X0
O94952,P20849
O14618,P15863
Q96P71,P09884
Q13156,Q13761
P05160,P09681
P50542,Q8NFJ9
P51957,Q86VP6
P09629,O43390
Q9GZY6,P04070
O96013,Q9UGI9
P26992,P78543
Q04637,O95817
O43719,O94927
P09326,Q8N5I2
O60921,P55197
Q9NVC6,O60741
Q9BQQ3,P51178
Q9UQ84,Q99469
P20916,Q15389
Q92777,P78527
P52790,P06756
Q15102,O75717
P26441,P81408
Q14831,Q9UBP0
Q9UKK6,Q7Z460
O75586,Q9NRZ9
Q9GZZ9,P61952
Q13002,P10124
P56282,Q6S5L8
Q9Y4D1,Q9H4L5
Q96G21,Q9BY84
Q99814,P60484
P07948,O14727
Q9H461,Q9H7L9
Q14764,Q6VAB6
P49721,Q9NT62
Q7L273,Q8N6Y0
Q99471,P25103
O60934,Q8WVY7
P35346,Q14974
P07384,Q9NZN4
P26641,P81133
Q99719,P51532
Q14994,Q92888
O15350,Q9H2S9
Q99583,P62072
O75832,Q8IYF3
P22223,Q30201
Q8WYA6,Q9UL33
Q13190,Q6FI81
P15927,P61244
P49789,P78357
Q12947,Q96B01
Q00839,Q8WVB6
P13760,P15498
Q9UBE0,Q53ET0
P05230,P45984
P55089,P55273
Q9NW38,Q12802
P59768,P25787
Q7L8J4,Q13438
Q8TEC5,P11802
Q96L73,P0C1Z6
P35611,Q9GZV5
P40227,Q15046
P29350,O75330
Q13137,P16591
Q99570,Q13936
P54284,P49069
Q05513,Q15468
Q9ULM6,P51172
O15297,P20618
O95278,P26368
Q86UQ8,Q8TBZ2
P18846,P19419
O15457,Q8WUA4
O95278,P16389
O75694,Q96CS2
Q9NSE2,P42262
P08100,P02654
P15018,Q13838
P62899,P46736
Q9NYY1,P68032
P54259,O95433
Q9UHV2,Q9NW08
Q9H3U1,Q04756
Q6X4U4,Q96CA5
P00750,P41212
Q9NPJ6,Q9Y3T9
P05023,Q9NQP4
Q9Y5J7,Q14BN4
Q96AP0,P26373
P00374,Q8TEB1
P25685,Q8WVM0
Q9HAV5,Q9H0U4
Q13614,Q96PM5
Q9Y613,Q13952
P14210,P52435
Q02930,Q16740
P48730,Q9Y6E0
Q8NHG8,P43146
Q8IYW5,P62873
P05156,Q9NQ94
Q9H0D6,P41217
P82979,Q9NPC6
Q9BZS1,Q15915
Q96AP0,Q9NWZ3
Q96RN5,P49407
Q92851,Q13501
O95997,P14778
Q15054,P28161
Q9H3M7,P68402
Q16777,Q99598
Q8N201,Q9Y262
P10275,Q9P0W2
Q6UWE0,P22695
Q8WWN9,Q13887
P23510,P42262
P43146,Q12769
P78346,O75955
Q9UBZ9,Q13485
Q6X4U4,P30876
Q8TF05,Q93008
Q5S007,Q5T1R4
Q9P253,A9UHW6
Q99575,P35236
P43403,Q92754
Q8IX90,O15084
Q8NFH4,Q8IWL3
P15407,Q9H9S0
Q9ULR0,P39748
Q9Y2T3,P02786
Q15696,P40227
Q15233,O75461
Q9Y2V0,P15813
Q9Y2S7,Q70CQ1
Q8NDV3,O15211
Q9P0U3,O95243
Q13595,Q9Y5T5
Q08211,Q8WWW8
Q8WXX7,O43597
O75832,P02545
Q9BQB6,P55317
P38117,P50461
Q5VV67,P20849
Q15633,Q92538
P01374,P35052
Q13542,P01579
P23511,O14979
Q9UJT2,P38117
Q9NX47,P43320
P08922,Q01638
Q8N3I7,Q86Y82
Q05513,P62380
Q13418,P19387
O43572,P56693
Q86VN1,O43924
O43852,Q8N3V7
O60486,Q6AHZ1
P14770,P15692
P82979,P19086
Q99741,Q96T76
Q6PIL6,O14836
Q9NYG5,Q01892
Q9BVA0,Q6GQQ9
Q99594,Q99618
Q14241,P35637
O14787,Q9Y2X0
P24385,Q15833
P29350,Q6PJG6
Q15303,O75840
Q9Y215,Q8NHM5
P01189,P67870
Q5T5X7,P22223
P35625,O94813
P51172,O95257
P40939,Q15386
P41146,Q9UBI1
P22830,Q15038
Q8NDX5,P09913
P20963,Q9UBP0
Q9H251,Q16539
P36957,P31483
Q9BTP7,Q8TBK2
Q8N668,P30086
P09493,Q9H4B6
Q8ND04,P52298
Q9NR55,Q9HCN4
O60216,Q5T7B8
Q9C0C9,P23634
P20290,Q9UQM7
Q01344,Q8TEB1
Q9UHD9,Q9C0C2
P48645,P61587
P06730,Q14344
Q9HD26,Q9BZW8
Q13309,Q9Y2X3
P18621,Q14289
Q14657,P20023
O43847,P15408
O15400,Q14938
Q16849,O95197
O75607,O75676
Q13362,P67870
Q00839,Q16633
P07332,P49736
P25208,P10809
Q9P2J5,Q5JY77
O60488,Q07866
Q12929,Q9Y4B4
Q05066,P52630
Q9Y2X8,O60291
O75478,P36578
Q7L591,O95503
P04070,Q16832
Q8WWW0,Q16082
Q92736,P14653
Q13472,Q96T37
P11940,Q16659
Q99743,O94927
Q969G2,P16615
O75800,P0C1Z6
Q13144,Q15080
Q9UKN8,P50281
P62249,Q6PH81
O14737,P40222
Q06828,P62328
P26640,Q8TBB1
Q96S59,Q16666
P07315,P25789
Q96HS1,Q9UL46
Q15645,P61968
P20339,Q8TBB1
Q07912,O75330
P30048,P54764
Q9Y297,P13804
Q9C0C7,Q13285
Q6ZRV2,Q13113
Q9NSC5,Q9NRG4
P18077,Q9HAJ7
Q9BQE4,O95257
Q9Y2U5,Q9H0M0
Q9HBH9,P13010
P10636,Q15428
Q99638,Q96BH3
Q96DX5,P04085
Q8NI35,P19838
Q08397,Q9NZN3
Q9UHI6,Q09019
Q01968,P30279
O43639,O00512
Q9NYF0,Q13009
O75628,Q9BYG5
P16860,Q66PJ3
Q15256,Q9Y2X3
P55072,Q9UGI8
O75689,P68431
O95376,Q96BD5
Q13435,P28069
Q9Y2H1,Q9BRK5
Q13761,P62495
O60941,Q13868
P08238,O60232
P61978,Q01860
Q03113,Q8IWL3
Q96Q15,P29373
P05386,P22460
O60583,Q9Y3C6
Q9Y2V7,P63241
Q07157,P51178
Q14258,Q8NB16
Q13505,Q7Z6B0
Q9UMF0,Q09019
Q9BWT7,P46087
Q96LI5,P20807
P33076,Q5W0Q7
P51451,Q13769
Q9Y3F4,P22455
O15211,Q8NFH8
O75161,P62072
Q9UP52,Q9Y2K6
Q12959,P06576
Q8WYJ6,Q9GZV5
Q00403,Q96L14
O75061,P01023
Q13241,Q9HBE1
P10912,Q14344
Q01638,P12931
Q13769,Q9NVI1
Q9P2M1,P53041
Q03001,Q96A47
Q92599,Q9BZJ0
Q12888,O15144
Q9UKJ1,P43627
P49917,Q9BV36
P61923,O96013
P49368,Q9H9H4
Q15311,Q96SU4
P49682,Q9NS00
P23510,Q15465
O00401,P49257
Q99640,O95819
Q9UHB6,Q16537
P05181,O60762
Q93096,O14867
Q9UBU9,P22223
A2RRP1,P61587
Q96E09,Q7Z6J0
Q14103,Q13888
P52594,Q9NZC9
Q9UKX7,Q96EQ8
Q14677,Q00839
Q96GG9,P09086
Q13285,Q8WXH0
P39060,Q9NXR8
Q9UQF2,Q92608
Q9BPZ7,Q86YR5
P01236,Q07890
P53680,P19838
Q9Y2Q5,Q9UI08
P24593,P61457
Q96IY1,Q9BQ95
Q0VG06,P36873
Q8IXI2,Q99598
P15502,Q8N3U4
P35249,Q15078
Q06187,P14678
P61088,P20645
Q02543,Q96PK6
Q01094,P62508
Q9H3M7,O94927
P47755,P41002
Q9UJX2,O00273
Q9Y6N7,Q96RR4
Q13888,O14641
Q68DK7,P19793
P06396,Q9NR50
Q07955,Q15700
P30443,P05813
P17275,P15374
Q9BUJ2,Q9Y3A3
P14678,Q8WVM0
O15446,Q12905
Q9NP85,P43627
P05177,P16278
Q9Y3D8,P13598
P02778,Q9Y5B8
P42679,P41217
Q9NZL9,O75330
Q92973,P04085
Q01658,P60763
Q5SW96,P14770
Q92813,Q9UKL3
P13861,Q9UBQ5
Q9UJM3,Q9H1I8
Q14511,P06730
Q8IVH8,P42574
Q96PU5,O00626
Q08397,O43143
P30273,P16109
Q12972,Q86U06
O75817,Q9UL63
Q9NVK5,Q9UIB8
Q92785,Q15528
O75368,Q13094
Q15717,P30622
Q8NC51,P35269
O95704,Q9Y2K6
P43119,Q13563
P15884,P32239
P61923,P09936
Q15323,Q9P2F5
Q9H4E5,Q09470
P04234,P30499
P55039,P36405
P42025,Q6PH81
P08648,O96013
P08684,Q9GZN8
O00339,Q9NZN4
P51178,Q9UHV2
O00151,P07196
Q5U5X0,Q92993
O95630,P17661
Q13330,Q6GQQ9
O15530,P56159
Q9UFG5,O00213
Q92673,P60763
P39023,P62873
P09629,Q9UL63
P11047,Q01081
P50402,Q9UHN1
P07550,Q9UBF1
Q00610,P46087
P78345,Q9UBC2
P47928,P19544
Q96S59,Q8TDY2
Q9NRW7,Q9GZU2
Q86U70,P38646
P62979,P06702
Q9NRA8,P42262
Q9NPF7,Q9Y3C7
Q08209,Q05469
P62324,Q99996
Q12840,P41143
P39019,Q13618
O75293,Q9H0N5
Q9BTW9,P51170
Q9H9S0,Q9C0C2
O60880,P13611
P50591,Q02880
Q9UBX5,Q9BQB6
P20702,O00592
Q96CS3,Q96L14
Q99574,Q9UKY1
Q5TGY3,P02765
Q9H3Z4,Q14204
Q86Y01,P55055
P54764,Q9NVP1
P07766,Q13287
P51571,P68363
P08949,Q9H3S7
P63316,Q9HAU4
Q9H0C5,P38606
Q8N1F8,P06850
P15173,O75969
Q13303,O15259
Q9Y4H2,O43294
Q13217,Q9H0M0
O75592,O43597
P08922,Q99418
P09681,P00519
O60481,Q9UNP9
Q8WYA1,Q9Y2W2
Q9UK73,Q8WW38
O43583,Q8WVZ9
Q92882,Q13232
Q9NWB7,Q9BVM2
Q13045,P05546
Q99728,P63104
Q12947,Q9Y2U8
Q15819,O60240
P61247,P46060
Q13151,P00519
Q9C035,P00374
Q96ES7,Q99996
O75915,Q9NS28
Q9Y6A5,P24723
Q8WYR1,Q8N3X1
P42574,P28340
P08238,Q9GZV5
Q5T5C0,Q14197
P22830,Q5VTB9
Q13438,Q15366
Q99661,O75553
O14593,O60678
P42229,Q6UXN9
Q92797,P14625
Q5T6S3,Q96NA2
Q86U42,P61218
P61916,Q8N5R6
P39060,Q13480
Q03167,Q13608
Q04724,P56159
Q9H2L5,Q7Z434
Q9H0W8,Q01167
Q86W92,P48546
Q99081,Q8WUI4
P61587,Q92934
P25705,Q8IXH7
Q9NX70,Q8WVY7
P35998,P39905
Q9H8V3,P18859
Q9H9A7,Q9UPS6
O15372,Q8N3R9
O00592,P43627
P33076,Q9GZR2
Q14807,O75940
Q16666,Q92625
Q96JN8,Q9UKA2
Q9BVP2,P22460
Q9C0C2,O43164
P55060,O94941
Q8TD08,Q9NQ29
Q9C026,P25103
P62841,Q09470
Q96J92,P54829
Q8TBN0,P04066
P20849,Q6NZ67
Q96HN2,P62993
Q92556,O75330
Q9P000,P15498
Q9Y5P8,Q13424
Q8TBB1,Q96QT6
O60583,P59768
Q8IVT5,Q13011
Q00839,O60934
P22681,Q9Y239
Q9NS28,O75030
Q01543,Q13185
O95628,Q9GZU2
Q9P2B2,O75934
Q04721,P56817
P15408,Q8WXX7
P35916,Q9NZJ0
Q6P2E9,Q9P0J0
P31749,Q4AC94
Q93008,O00443
Q9NVC6,P14543
P51451,P06307
P56693,P62244
O43257,P21453
O60762,Q9BRQ0
Q08945,Q9P209
Q9BV73,P67809
O43927,Q969T9
Q9BQQ3,Q9NPH3
Q9BYV2,Q13501
Q92887,Q8N2W9
Q07912,P17661
Q8WZA2,P04141
O14492,Q14582
O60884,P60520
O75340,P27361
Q9Y5W3,O75663
P26374,Q13618
Q15819,Q9HAP6
Q8TF42,Q9Y2K6
Q9NUX5,Q13113
Q92882,Q9NS28
Q9UQB3,P78552
Q86U42,O75330
P10588,Q8IVH8
Q13637,Q9NS75
P19320,O43557
P23511,Q8NHW3
P38646,Q8WUD4
P22695,Q13151
Q13163,Q9NZD4
Q9UBC2,Q9P2K3
Q8N5V2,Q9H4B4
Q92870,Q9H4B6
Q13464,Q9NQ94
Q9NQL2,Q6QNY0
P35637,P48730
Q9Y4A8,P43005
Q99570,P62273
Q15942,Q9Y264
P53803,Q9Y613
P16871,Q9P2Y5
Q9GZX5,Q8IUH3
P49450,P33552
P18848,Q8IWS0
P11831,P22307
Q9BVM2,Q9NR50
P07948,Q04721
Q96MF7,Q9NP66
Q16777,O43491
P04150,P0CG47
P04626,Q9BXC9
Q9GZS3,Q8TAD8
O43815,Q13190
Q9BXW9,Q16539
Q14957,P60763
P16333,P15090
P35606,Q8N1L9
P61626,P50895
Q15648,P0CG13
P21583,Q13115
P49789,P20849
Q9Y2D1,Q05516
Q16890,P09493
Q16633,Q96J02
Q13118,Q9Y3C7
O15503,Q9UPT5
Q9ULV0,P43626
Q00005,Q96JM3
O95140,P14635
Q13503,O00189
Q7Z417,O75934
Q9H467,Q99576
P62714,P13984
P42336,O00151
O75531,Q96EZ8
Q99584,Q9BW27
P56645,O15357
Q8N6Y0,Q9Y2J2
Q9Y2M5,P30622
Q9NWQ8,Q8N488
Q13402,Q12874
Q13428,Q8IWZ8
P09493,Q8WU20
P11234,O15297
P43026,Q92599
P23771,O43765
Q86U70,O14594
Q96RK0,P29460
Q03135,Q07866
Q8NHW3,Q969H4
O60486,Q13098
Q13352,Q92966
Q5VVQ6,P14618
Q9UL25,P08670
Q8TB52,P21580
P78347,P26715
P78364,O00541
Q9HBI0,P09629
P54764,Q86T24
Q13595,P05452
P16070,P63000
Q9Y2M5,P14923
O95999,Q96J02
Q8IZD9,P55055
P06241,P30533
Q8N5Z5,Q9Y4E8
Q96EB6,Q9BRK5
Q70CQ1,P09429
Q13554,Q8NFJ9
Q16650,O95999
O75340,Q96IF1
Q8TEL6,P49848
Q9Y566,Q9P0U3
Q8IYF3,P23582
O75461,Q96EQ8
Q6QNY0,Q03181
Q9UNN8,Q9NZD8
Q99727,Q13432
Q6IN85,Q2T9J0
Q9UI12,Q93096
Q96DB2,P19338
Q02156,P05787
Q15388,P55347
Q13155,Q16851
P61254,P09668
Q9P086,P09496
Q9NY93,P49458
Q13263,P50539
Q02763,P01375
P13631,Q99623
Q9BYH8,Q9BZD4
Q14CW9,O75478
P51693,P22460
P17252,Q9Y376
Q9Y4C1,Q9H1I8
P78317,Q14112
Q9NV44,P17655
Q9UKL3,Q9Y264
Q9NNW7,P35236
O00625,P59998
Q00536,Q9BW27
P39086,Q9Y4Z0
Q3V6T2,P48730
Q9H251,P63220
P02545,P27701
P04792,O14901
Q14149,Q5VTB9
Q9UMF0,Q9HBH7
P00918,Q9P287
Q9UBK9,Q9H6U6
Q01094,P19387
P18545,P15498
Q9BZI7,P02708
Q9P0L2,Q9NWT8
P62875,Q8WWN9
Q8IWT3,P98172
Q9BS18,O00291
P16471,P35670
Q96CS3,Q8N9N5
Q13563,Q9UL54
Q15013,P16389
Q9UPT9,Q9UBR4
Q96EB6,O75807
Q9NV31,P51532
Q9BXL8,A5YKK6
P18848,P0C1Z6
P43629,P35227
P51948,Q96EB1
Q13546,Q9H257
P35398,Q15596
P52597,P52907
P16220,Q99075
Q8N3I7,P46060
Q15369,O75150
P49639,Q14BN4
P61371,O75529
Q8IXJ9,P53805
Q9UNE2,P35556
Q99436,Q00536
P23142,O76041
O43187,Q9H845
P57678,P30291
P18827,O60678
Q9UHB6,O15123
Q14626,O43734
Q86XR7,O60488
Q52LR7,P40926
Q5T124,P09038
P10451,P48023
P49841,Q9H0W8
P20366,Q9NYG5
P13671,Q93063
Q8N2W9,P07992
Q9H3P2,Q92636
O75563,P16234
O60291,Q13277
O60516,P62244
Q53G59,Q96F44
P50151,P09382
O14599,O94915
Q07021,O15455
Q9UK45,Q9NPA8
P27348,O43172
Q96DY7,Q9Y281
P05386,Q96CW1
P01034,O14594
Q14004,P35900
P22392,Q8WVC0
Q14145,Q96JC9
O15524,Q9NRY2
O75369,Q9H1I8
Q8TB45,Q9P209
Q9NWQ8,O43513
Q14865,P48730
Q13542,Q9UIB8
Q02080,P32246
P39019,Q96S44
P08195,P17535
Q9Y2T3,Q9Y2W7
Q9Y5J9,Q53GS7
Q6FIF0,P40227
O43396,O75494
Q96SU4,P55795
Q15003,P54253
Q06609,Q9P0R6
Q5H9F3,P62140
O14511,P55010
Q9BUL8,Q9Y5B0
P53611,P19793
P51531,Q12841
Q8IW35,Q9NQH7
Q96KR1,Q5VVQ6
Q9NY61,O14867
Q9GZT8,Q8TEB1
Q14957,Q96IT1
Q9UBY9,P30626
P78348,P10909
P29475,Q969P5
P61970,Q86Y01
Q9UBQ5,O15516
Q15080,Q6IA86
P27986,P04085
P09622,Q8WWW8
Q9BXL7,Q9Y587
O95232,Q9H467
Q6WKZ4,Q96S55
Q96KR1,Q04721
Q9Y613,P20226
P48378,O00541
Q9BVA0,P61981
Q9BU61,Q13352
O43719,P22303
P51571,Q9NP84
Q9NRA1,P00533
O94915,Q92854
P56377,Q8TEB1
P35221,O95273
P32121,Q86YR5
Q13563,Q5JVS0
Q8TAD8,P51684
P30511,Q9NQC3
O75144,Q9HCJ0
Q9BZI7,Q13332
Q9Y215,P41229
Q8N9M5,Q92667
Q9UJC3,Q9NQH7
Q14974,P62070
Q96H20,Q9NYJ8
Q14318,O43491
Q92781,P17181
P05813,O14933
P07900,Q6ZRV2
Q9H845,P08519
O75586,O43765
Q9NT62,Q14204
O60880,P63215
Q06830,O00189
O96028,P84095
P35580,P51114
O14613,Q15746
P62633,Q16526
Q96B02,Q96T60
Q49AN0,O43236
O15205,P23327
Q9NVR0,Q14106
P52952,Q92608
O00329,P61619
Q02790,O95967
P07992,O00165
Q9NUG6,Q8WXH0
Q9H8S9,Q99962
P62312,P61289
Q8IY92,Q9NY27
P61081,P30460
Q9H5I1,O60296
P01112,P15172
Q99469,O75884
P29350,O15304
Q06828,Q9BWU0
P61619,P29350
P31930,P62491
Q96B01,Q9Y345
P06730,P30153
Q13595,Q96AJ9
P48551,P12980
P54764,Q06643
P51003,P51948
O75586,P51114
P62191,Q92918
O00305,O95503
Q9UGP5,Q9P0U3
Q7L2E3,P78345
O43815,Q9Y5X4
P62312,P56192
P43351,O14979
Q16537,Q2TAY7
O43402,Q8WYJ6
Q9Y4I1,Q6GQQ9
P43630,P07237
O14713,Q9UIG0
Q9NZL6,P51684
O75147,Q92966
P26641,P98172
Q6VVB1,Q9H9Q4
P68106,Q13936
Q15131,Q5W0Q7
Q03001,O43719
Q8N5Y2,Q9NZD8
P31483,P62081
O60481,Q92973
Q08397,P00533
O00422,Q9P104
Q8NBZ0,P12270
Q92887,O60603
Q14807,P61952
Q9NR55,Q9UQQ2
Q9UBP6,Q96SN8
Q9H939,P29459
P31689,Q7Z6Z7
O60664,O95429
O43913,Q00722
Q96EB6,Q13541
Q6P0N0,Q9BQ95
O00198,P43686
Q9UNE2,Q9UHL9
Q9H9Q2,P41236
Q14674,P16871
O75663,Q16478
P09038,Q9Y535
Q01201,P01892
Q92843,O14787
Q6P0N0,Q9Y3C7
Q12934,O00628
P08195,P47804
Q12948,Q9Y4J8
Q16890,O00626
O14893,P01375
Q9NPY3,Q8TD46
P02794,Q99612
Q86WX3,P01160
Q9UPT6,Q9UBT6
P20585,Q86X29
Q05469,P37840
Q2M1K9,Q8N1I0
Q8WYP5,P17706
O43823,O75506
P78395,O00757
P26842,O15061
Q8WV41,Q9UGI8
Q13868,P63220
O94979,P10071
O60869,O75791
Q00535,Q9UL62
P52907,Q9Y3Q8
Q96JZ2,P05230
Q92887,P15173
Q13133,P54725
Q14103,Q9BPZ7
P48378,P14555
Q96EK5,O14787
Q9C029,P52434
P11233,O15524
Q9BUG6,P14653
Q8TCG1,P02765
P07954,Q9NRA8
O43913,P11802
Q7Z6J0,Q8NCQ7
Q96LD8,Q9UIG0
P02795,Q9BUL5
Q9NQG5,P40123
Q15555,Q32P44
O94921,Q93008
P35398,O95503
Q02447,P01857
Q5JSH3,Q9H015
O95685,O00167
Q9BXF6,Q8NHM5
Q9Y4J8,Q96PK6
P45379,Q9NRI5
Q00653,O75928
Q13614,P20936
Q9NYB9,P53805
Q9UGI9,P15382
P63146,Q9Y508
Q9HAW0,Q8IVP5
Q14657,P49918
O00244,Q9H2G4
Q13492,Q13444
P02545,P50453
Q5VZL5,P41743
Q6ZTQ3,Q9BVG8
P43358,O75582
O15527,P55197
P28907,Q9H1D9
P13760,Q9UQQ2
P43358,Q02413
P30049,Q0VG06
Q13492,Q9Y6R0
P51679,Q86U86
O60568,P46934
O00232,P85037
Q3LFD5,Q8NEM2
Q02952,Q9NQP4
Q9Y468,P78314
Q15172,Q8NFZ5
P52594,Q96L73
P48145,P05546
P18428,Q7Z460
Q86UE8,Q9UKJ3
Q92870,O75330
O15457,O43482
Q86VB7,P26599
P09455,Q8N1F8
P56377,Q9HAU4
P43246,P35228
Q92844,P35241
P09603,Q13443
Q9UKT9,Q9Y6B2
P09622,Q9NVP1
P26951,Q92887
Q14168,Q9P2D0
P55060,Q96F07
Q6ZN18,P62258
Q96EF6,P02743
P50616,P55273
O95628,Q8N488
P27448,P30556
P23467,Q9HAQ2
O43264,P67775
P42685,Q7Z4I7
O00232,O94889
O43292,Q99871
Q14722,Q9GZU2
P08069,P51610
O00566,Q8WVM8
Q9UBE0,Q15506
P24928,P22087
P62841,O43707
P20719,Q96AY2
Q7Z6B0,P04198
Q96H20,P34998
P32121,Q08752
P11308,Q96IV0
Q6P2E9,P24864
P49354,P09651
O95336,Q6ICG6
Q15678,P78527
O95571,Q9GZL7
P32969,Q13541
P50914,P15924
Q9UNY4,O00592
Q9UK73,O75509
P23467,P02766
Q14938,P16389
Q9NPC6,Q6NZY4
P26715,Q8IY31
Q9Y5Y5,P12980
P52565,P12273
Q05066,P38398
Q9ULW0,O95243
O14511,O95373
O00522,O75970
O43313,Q12948
Q96S44,Q7L804
P52655,Q06587
Q6NYC8,P02647
Q13895,Q9UHB4
Q9UK80,Q16595
Q05086,Q16644
Q16533,Q13444
P09693,Q92613
Q53HV7,Q9NVF7
Q9UK53,Q9UIF7
Q9Y6D9,Q15327
O75175,Q9UKV3
P00918,P19419
Q16555,Q14938
Q969H6,Q9H9E1
P24001,P60763
P07900,Q9C029
P25791,Q9H0C5
P04141,Q9H981
Q08334,P33993
Q99575,P61006
Q6ZN18,Q9NVP2
Q3SYG4,P15173
Q96MF7,Q6VY07
Q92918,Q9BY67
O75925,Q9BRK5
Q9NVC6,O76064
Q9NRW4,Q9Y279
P61619,Q9NQH7
P12755,Q9H160
Q7Z4H7,O95140
Q99743,Q14155
Q9H0W8,Q8TDW5
P62081,P61225
Q96CS4,O75592
P15692,P08476
P18084,P28065
Q03188,P49116
Q92997,Q13555
Q14186,Q9Y6F1
O60238,Q12860
Q14691,Q9H6Z4
P47928,P15090
Q13200,Q9UJX5
P24941,Q9NQC1
P21953,O43557
Q13387,Q9NRL3
P68106,Q8N3R9
Q13905,Q9UJV9
Q8WV41,Q14990
Q9Y4G8,O43236
Q15649,Q7L5N1
Q9NQT5,O43292
P43364,Q9NXK8
P08571,P49848
P49840,P51608
P20701,O95197
Q92838,Q86TM6
Q9C086,O00287
Q2M2I8,P05121
O00148,Q8N3Y1
O95365,P42858
P61371,Q9BXW4
Q15465,Q8IVH8
Q92882,O94905
P53567,Q96MH2
P23921,Q16478
Q9BRK5,Q9BW11
P68400,Q9H8T0
Q9Y4G8,Q9BPZ3
P46087,P20810
P20783,Q8WTR2
Q32P44,O00451
O14599,Q8IU81
Q9Y5N6,P05783
P50990,Q9UQ35
Q15942,Q8IZT6
Q15465,P53680
P09486,P56282
O00291,Q9NQH7
O94973,Q96EY7
P01189,P52701
O43491,Q8NF91
Q9H9C1,Q3LFD5
P19447,P29375
Q96A56,P84085
Q9HC77,P62913
Q05066,Q6UB99
P05120,Q9P2M7
O95944,Q15118
Q9UI08,P55209
P09493,Q9H204
Q9BY67,Q15836
P40227,P17152
P27487,P63167
Q13888,O75506
P25705,P11171
P05109,P04628
Q9H0E7,P21953
P62249,Q9UMD9
Q6ZRS2,Q6PIJ6
Q5VWG9,O15511
Q8IY92,P10909
P62244,P18564
O94915,P02792
Q8WYH8,Q7LBR1
Q96QV1,Q9P209
P55085,Q9NP98
Q86T82,Q9UBN6
Q8NA54,O75934
P13805,P04080
Q96LI5,Q13233
P17600,Q9UIB8
Q14155,O43707
O00192,Q9H2X3
O15116,P08575
Q9Y3C4,P11308
Q9NPH3,O75164
P48643,P55317
Q9ULI3,P62328
P00747,P49795
Q6NWY9,P01583
Q9NRP7,Q9H081
Q13873,Q05048
Q9NQG5,P10916
P25788,P56192
Q9H6U6,Q9Y2D8
P20849,P49848
Q14626,P01563
Q13557,P08559
P23634,Q8TAC2
Q969T4,P05549
Q13571,Q6NZY7
Q00610,P51003
P49116,P12980
P26927,Q9UBQ5
P00167,P28562
P68400,P51965
Q99828,Q7L5N1
Q9UBS0,Q8WW38
P12956,Q15366
P61247,P04085
O15031,P56537
P18545,Q92542
O43583,Q13217
Q8TDB6,Q92917
P29459,Q13557
P63151,Q9UPY3
Q9Y5X3,Q8N3R9
P63146,Q9P2W9
Q04721,P46019
Q14957,Q13115
Q15645,Q13043
O95628,P46934
Q13416,P57740
P16152,Q9H467
P62249,Q6TFL4
P50150,P51170
P02760,P61981
P10114,P45984
Q9UJX2,Q8NHW3
P62820,Q9UHI6
Q08999,O14511
Q9H3Z4,P11047
O14618,Q9UBE0
P54578,Q93063
Q9H1R3,P18615
P62714,P27361
Q8N5M4,P40424
Q8N4C6,P09038
Q8NHM5,Q14974
Q08209,Q8TAP6
Q9BUL5,Q13156
Q5T6S3,Q9UNF0
Q6P4Q7,Q15833
Q99942,P51636
Q9NQ55,Q96PF2
P32856,O95433
P25685,Q15599
Q15418,P02461
Q06546,Q9NVI1
P35398,Q96NY9
P07384,P39023
Q13115,P34932
Q9H0W8,Q76N89
P50553,P17813
P28360,Q9BSL1
O75604,Q13951
P20783,O14901
O15265,Q9H081
P13232,Q9NZU7
Q9H4M3,P01241
Q9UBZ4,P52790
P19022,Q13217
Q7RTV0,P15976
P55081,O95400
Q9Y4A8,P32245
Q13573,Q9Y262
Q15532,P20336
Q9GZV8,P15813
P01116,O60885
Q13164,P16591
O14625,Q9BYM8
P11233,Q9Y2R2
Q9ULV8,Q71SY5
Q8NFD5,Q9H9Q4
Q14746,P51911
Q3KNV8,Q9H5V8
Q719I0,P32780
Q5SW96,P81274
P21817,Q9H0Y0
P05412,Q9Y2Y1
P26022,P25685
Q6ZNE5,Q05516
O75175,P30542
Q96EK4,O15085
Q93034,P01892
O95319,P23468
O00311,Q8TEK3
O43364,Q9BXL7
P00742,Q8IUQ4
Q13352,O75323
O14836,P22059
P35613,O95602
P60709,P01588
O95677,P15151
Q15054,Q8N3X1
Q8WTW3,O95696
P51677,P04628
O15519,P11684
P06746,O76075
Q9NZ43,P31949
O43852,Q5T4W7
P46939,P04198
Q14512,O95243
Q9UPY3,Q8N5Y2
P41161,P25685
Q8N5Z5,Q9Y6W3
Q96MT8,Q14204
Q8TAG9,O14544
Q9H8V3,Q9NWA0
Q9H2X0,P43034
O60516,P48167
Q9BQ15,Q07864
Q13094,P52435
Q99523,P48167
P30520,Q9Y2A7
P05120,P06746
O43521,P18564
O75494,P35228
P14316,P11308
Q9Y264,Q8WXE9
P08235,Q15788
Q13470,Q02413
P07858,P62314
Q8WWY3,Q9BXS5
Q9Y343,O75396
Q9UKT7,P78348
P61204,P99999
O43150,Q5VTR2
P25942,P20827
Q9H9F9,Q92918
O43865,O00567
Q14258,Q8N1I0
Q8N8A2,P11684
P59780,Q9UNP9
Q9Y5Q8,P52945
P33076,Q6NUQ1
Q9H165,Q9UPT5
P49789,P08311
P05813,Q14676
O00213,P12980
Q9UBZ4,Q8TF74
Q96EB6,Q9BUL8
Q9UHI6,P21926
Q86W92,P01130
Q30201,P08709
Q96J92,P02774
O43765,O75448
O43852,P15976
Q12959,P48552
O14613,Q9HBH9
Q9HBW0,Q9BQ95
Q12967,Q9H4B4
Q9BUL5,P46976
P61158,Q9NR77
P40222,P17812
Q9NPB6,P51636
P23560,Q9Y3Y4
Q14194,O43707
P23297,Q9NR77
Q5VZM2,P05121
Q06481,Q13303
Q9NPD8,Q9Y376
Q9H4P4,Q8IYF3
P11142,P10124
O15350,P02708
Q13868,P20226
P01857,P50281
Q6GTX8,P14770
P61024,O00592
Q66K74,Q9UGI9
P62136,P16949
Q9H9E1,P02745
Q8NF50,Q9UKS6
Q13131,P62913
O00625,Q06413
P07942,P20827
Q05209,Q07666
P12956,Q66GS9
Q9BQQ3,O14939
P54829,O14654
O75832,Q53EV4
Q13156,P08574
P59998,O60583
Q14149,P28328
Q99574,P15976
Q96LC9,Q71DI3
Q9NSA3,P27658
Q8N6M0,Q9UBT2
Q7Z4G1,P23560
Q9BZE9,P36941
Q9Y6Q6,Q53ET0
Q6ZRV2,Q16478
P22059,P67809
O15078,Q92887
O15457,Q8N488
Q9H422,P16109
Q12983,Q8NC51
P10244,Q9BV36
Q8N2W9,P42226
P54920,P17861
P60033,Q01105
O15400,O95977
Q13113,Q14204
P48509,Q9Y2Y1
Q8IYB3,P06454
P53999,Q9UK41
Q8WUH2,Q9Y4C1
Q13107,P16333
Q14643,Q13351
P67870,Q9H015
Q4KMQ1,Q9Y3U8
Q01831,Q96MH2
Q13617,Q9NV70
Q9GZX5,Q6PD62
P26842,Q9NRY2
O60563,Q03181
Q9NUU7,Q99575
O75563,Q9UGM3
Q9Y6I7,Q13155
Q9BXS5,P31949
Q9HCU9,O00763
P16615,O00303
Q6P2Q9,Q13873
Q9HB90,Q16644
P51116,P26441
Q63ZY3,Q3V5L5
P53805,Q9P0K7
Q14566,Q06643
Q14008,Q9UPT6
Q7Z569,Q9NRZ9
Q09013,Q12770
O75179,P78527
Q01844,O75164
O00592,Q9UNM6
Q9P2M1,Q5D1E8
P12273,Q8WVM7
O60763,Q9Y279
Q9NZN4,Q13114
Q7RTN6,Q9Y3C4
Q5VWQ8,Q9GZX6
P36956,O95600
Q06609,Q7Z412
Q13422,Q9BXL7
P10114,P15692
P63104,O75663
P14866,Q9UDY2
P20265,Q15788
O15143,Q9H845
Q5T4F4,Q9H0E2
Q9Y6I3,P35241
P49354,P53805
Q96L92,P21728
Q9Y5K6,P48552
Q9BY11,P01023
O95295,Q15650
P62714,O75558
Q12913,Q99519
P07949,Q5T2W1
P59768,P30626
Q9Y2W2,P68032
O00300,Q12815
P78556,Q9P0K7
O43186,P35228
Q9H4L5,O15145
P08648,P19532
P61024,Q92887
P42263,Q9UKA2
Q5T7V8,Q9NQC1
Q99594,Q9UBT6
O43597,P13987
O14654,P30291
P09564,P63010
P04049,Q12879
P35354,Q71F23
P20339,Q09028
Q9UJW0,P84095
Q9ULV8,O15066
Q16739,Q86YM7
Q99519,Q9H147
Q01543,Q9NZC9
P55317,O43933
Q99640,P32246
Q7L3B6,O75694
P30531,Q9UKL3
O60674,P30307
Q9UKF6,Q7Z6Z7
Q96A72,P37840
P10451,P18084
Q96PU5,Q9H7L9
Q14242,O15357
Q4G0F5,O15457
Q13356,Q9UHV2
Q86VX2,Q8WVM0
P17931,Q99873
Q7Z4H7,Q05682
Q9H9T3,O15533
O15525,O95831
O15371,Q86UP2
P61758,Q96QV1
Q9NQT5,P20290
P78345,Q7Z589
Q9Y3E5,Q12874
Q9UNA4,P35228
P06870,Q7LG56
P14780,P57678
P35222,Q9Y5X4
O95336,Q92796
P68402,P55196
Q7L5Y6,P38159
Q04323,Q96J92
Q9UI14,Q14152
P49792,P07332
P35638,Q9HB90
Q15019,O94813
P78395,P17813
O15078,P14635
O14836,Q9BVI4
Q4LE39,P42262
Q14691,O15211
Q9NP77,Q08722
Q92643,P24522
O43294,Q13185
Q9NPA8,Q06546
Q99638,Q9UK41
Q7LBR1,P54132
P32780,Q96IF1
Q99698,Q07864
Q99828,Q6ZU15
Q9UNA4,P46087
Q9P2D0,Q7Z4S6
P20585,O00623
P78364,Q14686
P26006,Q03519
P28074,P56645
O75528,Q99618
O14733,Q15334
Q8TD46,Q8TEL6
Q14318,O95336
Q14643,Q9UJY5
Q9UJY4,Q13643
Q99496,Q6R327
P51451,Q9NZL4
Q13428,Q9H0E7
O75335,P53350
Q96HN2,Q8N5C8
Q00872,O75817
P37198,Q99653
Q96QH2,Q9NPF5
Q8IZD4,Q96IT1
Q86UP2,Q13155
P54284,O14867
P04792,Q9UKT5
Q9BVA0,P36873
Q8WVJ9,Q9UHB4
O43680,Q86X83
Q99996,Q13501
P29274,Q9NRD0
P56377,Q8TD31
Q9ULZ2,Q969H4
P18621,Q03519
Q06413,P81133
P78395,Q9Y5P8
P35221,P0C1Z6
P51572,Q9UL03
P12314,P49768
Q96IY4,Q96JM3
Q96L91,O60240
Q9NY33,Q9P0U3
Q99547,Q14186
P08571,P35670
P08235,O15061
Q7Z4G1,Q9H2K2
Q16666,O94813
P02708,Q6UN15
Q9H2S9,P12814
Q01974,P78406
Q9H081,Q9NQZ3
O75909,P31749
Q9NV31,P11684
Q16629,P51787
Q96B97,P32856
P36956,Q92917
Q9HAW0,P51148
Q86YT6,P05813
Q9HD67,Q92585
P31323,Q6UXN9
P30876,O75663
Q9Y271,P55060
P62166,Q99459
Q9UGJ1,Q15054
O95140,Q99719
Q05513,Q969T4
Q4G0F5,P25391
P53985,P61086
Q8IXI2,Q9H6Q3
Q9Y3B2,Q9Y2J2
P84022,Q7L804
P61923,P32004
Q01167,Q16539
P17252,Q8ND25
O95218,Q12934
O75478,Q8IYB3
P12830,P09668
Q13905,Q9UIV1
Q9NYF8,Q9NWV8
O43927,Q9UBD5
Q9UJT2,Q12929
O95487,Q9Y4A5
Q13625,O76003
P51587,Q92830
Q9H3M7,P20936
Q12846,Q02241
Q9HCN4,P18084
O15169,Q03431
Q16825,P48378
Q9H9E1,Q92777
Q15102,Q9NRL2
P17096,Q9BSL1
P41220,P46934
P24928,O94905
P29353,P16471
P13984,O00472
Q9UNZ2,Q86US8
P17661,Q8IZT6
Q8N8S7,O95140
P63208,Q9UNN8
Q92530,Q9NZJ0
P34130,O60830
Q13239,Q8IYD8
Q14168,Q9NPF4
O95696,Q16539
Q9Y3C6,P68402
Q8WVC0,Q8IYW5
P31942,Q9HBE1
P23297,O43639
Q13470,Q8WW38
P08603,Q9C026
Q9P2W9,Q96FJ0
O75363,Q9NPF4
O75628,Q9UGJ1
Q9H1K1,P23945
O95295,Q12802
P02792,P29374
Q05193,P04085
P14136,Q04756
Q9GZQ4,P42772
Q14CW9,Q8TF74
Q9H0R8,O95714
P11277,P61077
Q02241,P28907
Q8WVJ9,O95714
P43005,P03973
P62136,O14933
P63104,Q9H6Q3
O14802,P25024
Q9ULB1,P08709
Q15649,Q9NZL4
Q12852,Q9UMW8
Q8IZJ1,O43513
O95714,Q9NQC3
Q9NWT8,O43482
Q9NYB0,Q86SE9
O95352,P47804
Q9NPJ6,Q86UL8
Q6P2C8,P61978
Q15109,Q9HC29
Q9NQU5,Q8NFD5
Q8NDX5,Q92747
Q8IXJ9,Q9H161
Q02413,P25205
Q14149,Q7Z460
P62312,P01031
O14787,Q9BU64
Q96PB7,Q9Y3F4
P14653,Q86U86
Q9Y2X0,O14745
Q08043,P28161
P49721,O14893
P54727,Q8N3X1
P11473,P26373
P12273,Q9Y6H5
Q13444,O43242
P22459,Q9NPD8
P00167,P61201
Q99973,Q13241
P12081,P02743
Q9Y6R0,Q86TM6
P26583,P06239
Q96DI7,Q6NZY4
P17936,Q8TD31
Q02952,O75197
Q9Y376,Q13509
P63027,Q86SE9
Q7L3B6,Q13505
O95297,P48730
Q99489,P62328
Q96EY7,Q9NQH7
Q8IZJ1,P49356
O75604,Q13936
Q5VWX1,Q12769
O15514,O43164
Q6ZN18,Q14683
Q9UK45,P01730
Q9HCN6,Q15365
Q9UBB5,Q8NI35
Q3ZCQ8,P38484
Q5SW96,P68543
P23769,P13987
Q13444,Q92783
P26010,Q14582
Q13557,Q9BW71
O43602,P21810
Q86SX6,Q92608
O00232,Q13131
P49006,P29322
Q8IY57,P10071
O00585,P06396
Q8N8S7,Q9UKJ1
P13224,Q7L5N1
Q92800,O14730
Q9H081,Q8NFZ5
P51679,Q9NS28
Q9BZE4,P08575
P17693,O60488
P51812,Q2QGD7
Q03431,Q3LFD5
Q92636,P46531
O43889,Q9ULB1
Q9NWV8,Q5VWG9
Q9Y6K9,Q8TAD8
O95944,P01375
Q01201,P46976
Q96J02,O15519
O75081,O14777
O15164,Q8NG41
Q8TES7,P49591
Q8TAF3,Q9P0V9
P43235,P35625
O43255,P39019
P16112,Q8NFH8
Q9NVD7,P18850
Q9NV92,Q7L576
Q09013,P42263
P61956,Q9NWS0
Q9Y613,P15374
Q9BUQ8,Q9P2D0
Q13439,O43395
Q9H9T3,P49116
O15018,O95831
P48552,P51608
Q9NRY2,Q9Y2V3
Q86UN6,P06748
Q9UPT9,Q8IYD8
P28482,P42680
Q9NPF4,O00762
Q8WXH0,Q15596
O15212,Q96NA2
Q9UKV3,Q07960
O15550,Q15744
Q15382,Q96EZ8
P20700,Q14152
Q7Z406,P14921
P43357,Q8NB16
O43815,P42226
P07332,Q6TFL4
P00505,Q9NR77
Q96L14,Q9NVX0
Q8WYR1,P32780
Q9BPW8,P14921
P29353,Q7Z4G1
Q9GZX5,P29274
Q12789,Q15311
P18848,Q8TD31
P02746,Q09019
P60866,Q07890
Q5T5X7,Q15170
Q9GZQ4,O00308
Q00975,O15123
P51813,Q05469
P60604,Q9BQF6
P03952,P61244
P25445,Q9GZX9
Q8TBZ3,Q8NI35
P06870,Q86YT6
Q86UE8,Q8WUA4
P02654,Q9H6R0
Q5XUX1,O75496
Q9Y6B2,O00541
O95685,P62136
Q9NPE3,Q92625
O43741,Q8NHM5
Q13330,O75530
O15304,Q7Z3B3
Q9HBI0,Q9NNW7
O75925,P19474
Q66K74,P67870
P63241,P00736
Q9UMX0,Q9BWF2
Q7L273,Q5T4F4
Q7L2E3,Q99748
O75529,Q16537
P62380,P35916
Q9NX47,P78527
P61006,O75934
Q9Y283,Q8IZD9
O14983,Q9NPF7
Q9UI47,P35658
Q8WZ42,P49768
P62312,Q8N201
Q13671,Q96AE4
P55072,P02747
P15018,Q8TAM1
Q9NZJ0,P05106
Q5XPI4,P26441
O14745,P62906
Q8NI27,P12235
Q86T82,P07948
Q8TBB1,P0C0S5
Q96DU3,Q86XK2
Q93009,Q7Z6J0
Q99436,Q7Z434
Q96A72,P29374
P02549,Q9BQ67
Q9BY67,P10144
Q9UKY1,P49848
P11441,Q9BY84
P27695,Q12905
P10809,Q6FI81
P20273,Q8TAC2
P61328,P23921
Q8WWL7,O43681
Q9H2K2,P31350
Q13387,P29322
P56270,P03951
P39019,Q9UK58
P62805,Q02750
Q9NQT5,Q9UNS2
Q99459,O43597
Q13643,Q03518
O43313,P31350
O60516,Q15013
Q9Y5X4,Q8IXJ9
Q7Z628,P35611
Q9HAP6,Q9Y2J2
Q969R2,O60296
Q96QB1,Q13523
P14373,P15976
Q9Y3C6,A9UHW6
Q8NF50,P18433
Q9NPC8,P10636
Q9UPY6,P16234
O14796,P11177
Q9UQB8,Q13618
P84022,O95573
P28074,P23921
O43432,Q02548
Q9UJX5,P09326
P10147,Q86UP2
Q9P1A6,Q9Y2X3
Q02543,Q9NV56
Q9Y3C4,P32239
Q9C035,O95944
P49207,Q9H015
Q9NVU0,P16284
O00124,O95503
P42336,Q9BSL1
Q07020,P16389
Q15843,Q9UH77
Q96P70,Q7Z569
Q06828,Q9NVP2
P61619,Q7Z3B3
P49959,P43320
P10916,Q6NVH7
Q09666,Q8N1I0
Q6GTX8,Q9H6Q3
P29353,P14373
P26006,Q9Y3D8
Q9Y2Z9,P10644
Q3SYG4,O60678
O94874,Q9NZN3
Q9UKF6,Q9NRD0
Q9NRD1,Q8WUF5
P35580,P20618
Q9UJV3,P23229
O75367,Q01105
Q00839,Q15003
Q96J92,Q9UBD5
Q13241,Q9NV56
P31751,O75525
Q15650,P04085
Q16394,P32780
P49841,Q9BYW2
P30679,Q9H015
Q14CW9,Q8N5V2
P15056,P04070
Q13573,Q9UQR0
O94763,P07996
Q07021,Q96MH2
P40227,Q13444
Q96SB3,O75663
P41220,P01040
Q8IX03,P22087
P51451,Q14296
O95639,Q9C0C2
Q9HBH7,P84103
Q9Y478,P08476
P25815,Q9NQ55
Q92636,Q9UQB8
O95677,Q00577
Q15465,Q01082
P01374,Q96LR5
O75969,Q8IXW5
Q8TES7,P22460
P19532,P57775
P0DI81,Q9Y4A5
P49810,Q9Y2W7
Q6GTX8,P08195
O60759,Q99732
Q8N201,O60869
P13807,P22570
O43307,O60264
P60709,Q96HS1
P49642,P53367
P62873,P15172
Q16644,Q92793
Q9UKK6,Q13009
Q13472,Q07325
P02774,P05549
Q15370,P02765
Q9NQT5,Q14289
P02671,Q15700
Q9UGN5,Q9Y2W1
P01042,P47804
Q9UGM3,P34932
Q9NWQ8,Q9Y383
Q14185,O75396
Q14103,P17861
O15357,P32246
O00241,Q7Z6A9
O60239,Q9UPT9
Q99750,P36954
Q03001,Q9Y3Y4
Q96G21,Q12769
P10916,Q9C029
Q14781,Q9UK53
Q9H4P4,Q99732
Q16526,O95336
Q9UPS6,O00189
P39060,Q14919
P06454,O95573
O00192,Q13153
O43395,Q9Y2V3
Q13586,Q8IXQ6
P49675,O15145
Q5VZM2,Q15361
Q9H9S0,Q6NXR4
Q02790,O00716
Q9C0C9,Q96QC0
Q9H9Q2,P84085
P06307,Q9UPY8
P53985,Q92888
P02747,P35670
Q9Y265,P61244
O43913,O00443
Q9Y535,Q14152
P08572,P98172
P13010,Q14183
O15287,P60510
Q8N4C6,P30876
Q9NQ48,Q9UQB8
P03951,Q2NKJ3
Q8WTW3,P32969
P61457,Q9UKY1
P13639,Q13127
Q8NDV3,O75477
Q96EU7,Q06455
O95376,Q70EL2
Q9UJY5,Q9Y2D8
P02675,Q8TCX1
P43246,P16410
P05106,Q9UHB4
Q13257,P55347
P49458,P05556
P11802,Q9BWW4
P67936,P43250
P62805,Q92613
Q76L83,O43294
Q9UNE7,Q8TAP6
Q03014,Q15427
Q13057,Q9NQ29
Q9UBN4,Q9BRQ0
Q9ULV0,Q15427
P43246,Q92613
Q8TB45,P06730
P51946,P15090
O75914,Q8N1F7
P01130,P15408
Q96QK1,Q9UK58
Q15554,P15090
Q8IWZ3,Q9UMD9
P08047,Q2NKJ3
Q9BVA0,P18846
Q13164,Q13087
Q13576,Q86U70
P09661,Q8IVH8
Q15008,P05388
P06730,P07951
P62942,Q13617
P78362,Q03518
P46939,Q9NVF7
Q99436,Q15648
O14777,Q9C0J8
Q9UJV9,Q12873
Q9Y2J0,P42025
P14866,Q96Q42
Q13190,P51790
O00499,Q5TD97
Q9HCN6,P42166
P15056,P54920
Q9H9T3,P60604
Q96S59,Q9Y6E0
O75147,P49821
Q9UGI0,Q99996
P54132,P26599
Q6P2Q9,O43187
Q9UGN5,Q8IWL3
Q9UKF6,O95140
Q9UBQ0,O94888
P62273,Q9NPC6
Q9Y3E7,Q9NQC3
P17275,Q86WX3
O15155,P25789
Q96NW7,Q92973
O75582,Q8NEM2
O14543,Q9BXW9
P43630,Q9UMX1
Q16288,P50151
O00487,Q02447
P09693,Q9NW38
Q92993,P21580
P51116,P10398
P61923,Q8N5I2
Q6ZVD8,O00762
P17544,Q99640
Q14765,P18075
Q93074,O95475
P60903,P08311
Q9UBK2,P46776
Q96J84,P02743
P29322,Q06587
Q9P2M1,Q63ZY3
P61764,O95390
P11712,P60953
Q702N8,O15055
Q8IYD8,P14678
P07900,P48730
Q5S007,Q9UHX1
P15018,O76041
Q58A45,Q15389
P12081,P50553
Q7L591,Q9UPT5
P62273,Q13094
Q99727,P29376
Q8N3Y1,P09936
P23771,Q9UMD9
P19474,Q09028
P29322,Q9UMX1
Q8IW19,P13688
Q6AHZ1,Q14397
O43745,P01112
P23297,Q96BH3
Q6TFL4,O43597
Q5VT25,Q96QG7
O95831,Q14676
O43719,Q19AV6
Q93034,Q03181
Q14C86,O43521
O00622,O00124
P18850,Q9UNM6
P61019,Q8N556
Q04756,P07737
Q9UQK1,Q9Y262
Q00688,Q8IWI9
Q14764,P16157
Q9Y275,P49207
Q8N556,Q8N4P2
Q02952,P49354
P63279,Q8NHW3
Q14194,Q9GZX6
Q9UFG5,Q9Y264
Q5SW79,P47755
O95571,Q15361
Q9H3S7,Q9NZM3
O43516,Q6PIJ6
Q96AE4,P28360
Q14749,P35354
O95999,Q92934
Q13402,P61218
Q9UJW0,Q15389
Q15700,Q9GZN8
P05112,Q9NYB0
P16871,Q9P275
Q9Y570,P49795
Q9UHB6,Q969G3
O60826,P26374
Q8TF05,Q8NB91
O15350,P20701
P49454,P62993
P54920,Q9BSL1
P39023,Q8IY57
Q14161,O14593
P35580,P54253
Q9UNF0,Q8N3X1
O00487,P01588
P45984,Q15427
Q9H944,Q15637
P54252,P53618
Q14160,P46776
Q92889,Q9UJX3
Q9H211,Q9Y6D6
O95544,Q9NPF7
Q96MT8,P24278
Q8NB16,Q8WVM0
Q9UFF9,O60583
O75446,P61916
P42345,Q8NI27
P04229,P16278
P46976,Q9BXL8
Q99612,Q9UHN1
Q03135,P49796
Q5VTR2,O43294
O43734,P15336
Q9Y5N6,P15941
O75688,P01732
P30307,Q96JM3
Q7Z3Z4,O43251
Q15485,Q9Y5U5
Q9UQN3,P15153
P03951,Q6IBW4
P11142,Q9BWU0
Q9Y6W8,Q13227
O60583,Q86WV1
P78364,P16070
Q8WXF1,Q96EB1
Q9H7L9,Q8NDV7
P62714,Q14831
P20749,P27658
Q7Z5K2,Q15562
Q9BVM2,Q86XK2
P02766,Q7Z6M1
Q9Y2X0,Q9NWS0
Q9UBU7,P67870
Q96RN5,Q13425
Q15406,P12544
P55039,Q9UBT2
Q96N96,P29083
Q9Y271,Q9NQX5
P46976,Q6PIL6
Q7RTN6,O94985
O95235,Q5PRF9
O14777,O95149
P23634,P08962
Q96EK4,P02549
Q9UH73,Q96B67
Q8TEL6,O43597
P49796,P40939
O75460,Q4VX76
Q14957,Q9H2S9
O43502,P78552
Q15021,Q14240
Q9UKW4,Q969G3
P06401,P57682
P26045,Q9Y3A3
O43156,Q5VTL8
P62841,Q9P287
P43005,P08514
P30154,P15374
Q16740,Q9NW38
Q9BXS5,Q9H2X6
P30531,Q9UL33
P21796,Q9H9E3
Q9UHD1,P54646
Q9BYM8,P09486
P22223,Q9NZJ0
Q969T9,P11277
P83876,Q05516
P55895,Q9H6U6
Q16849,P12268
Q9UJF2,O95977
P53680,P30989
O75628,Q9UI47
O14519,P63220
Q9NP97,P42166
Q02790,O75969
Q96B67,Q9UQC2
P17931,P02545
P55085,Q96DE5
Q15080,Q9NWA0
Q9GZL7,P49795
Q86YT6,P04075
O00716,O43583
Q969P0,Q9HBH7
P49917,P48378
Q9BT67,Q6PIL6
O95571,P05452
Q8IWL3,Q99719
O60256,Q15404
Q9Y572,Q9NPC8
Q01844,P24278
Q9BPW8,Q5VWX1
P58753,Q9BZD4
Q9P0U3,Q9BXF6
Q9HD36,Q9NZC9
Q9P2J5,P26441
Q8IZD4,Q09019
P25490,P29459
Q14746,P33991
Q969R5,P63027
P25788,Q9H0E9
Q03111,P49848
Q96L91,O60840
Q9H2L5,Q9UPN7
O96011,Q9UBF1
Q99836,Q96C03
P14635,Q14145
Q9UKA4,P50750
P11215,P37088
P48507,O60756
Q96EV8,Q7KZ85
P23458,Q9NQ25
Q7RTN6,P32004
O14879,Q13002
Q9UBC3,Q9Y6W6
P28324,Q8N4P2
Q6ZMQ8,P18848
P78364,Q92781
Q04724,P22674
Q15404,Q13619
P54284,Q13107
O00148,Q9H6Z4
P62995,Q9UBP6
O14958,Q13838
O60238,P51693
P55773,P07737
P60891,O43745
P18846,Q15404
Q9NZ94,Q9Y262
Q5T5X7,O14980
P12544,O94927
Q13362,P16144
P02792,P55786
P24386,Q5TD97
Q96CS4,Q15406
Q15831,P30203
Q9H5V8,O43670
P35221,Q99801
Q8N5M1,P30281
Q5JSH3,O95373
Q9Y574,Q15038
Q02447,Q8NC51
Q9UKT5,O75529
P08621,Q6W2J9
P22570,P28482
P53396,P39023
Q8N531,P33993
Q9BSL1,P16109
Q9NRD1,P55273
Q13402,Q15208
P07947,Q9UIF7
Q14149,P84095
P15863,Q14938
Q9H0Y0,Q9P2K3
Q9H1K0,Q9NS00
P62312,Q15025
Q8N1F8,P81877
P60903,P16410
Q9UBK5,O75170
P52597,Q8IUH3
Q9Y4Z0,P27701
P35555,P50990
Q99618,Q9H0M0
Q9Y2U8,Q6NXR4
Q15388,O14497
P08648,P30988
O00329,Q9UQK1
P62906,P15036
O15116,Q8NFH3
O95628,Q9NV31
Q6P4Q7,Q99962
P36957,Q07157
Q2M1K9,P51677
Q9NZN4,O75494
Q99743,P01584
Q9NSC5,Q14746
P09769,P57105
Q8N1F8,Q9UL62
P02549,P35612
P50991,Q13416
P16949,P01019
P27658,Q6VAB6
Q14526,Q9BRG1
O75832,P55347
Q9UBU8,Q96JM3
O14983,P50749
Q7L576,P42263
Q96L92,Q9UQK1
Q9NZN4,O43683
Q01826,P01106
Q5T2W1,P99999
P56545,P61326
Q9UK45,P11474
Q9NWB6,Q92636
P02768,Q92934
Q9ULT6,O43432
P62140,Q9UNK0
P09486,P52435
Q8N5Y2,Q9UJY4
Q9UMX0,P49238
Q53GS7,P62140
O43364,Q15022
Q9H668,Q96J92
Q674X7,Q14653
Q63ZY3,Q9BX63
Q13425,Q9Y4J8
Q5XUX1,Q92834
Q6GQQ9,P29376
O95429,P48730
Q92499,Q9H9E1
Q3SYG4,P06730
Q15532,P07204
Q5T6S3,Q9Y2V7
P54578,Q08AG7
Q5VVQ6,P52594
Q5VWQ8,P18433
Q9Y678,P35625
Q9BSL1,O00303
P63316,Q99759
P09693,Q9UBF1
Q8WWL7,P16112
P62841,Q9P2W9
P24941,Q96DX5
Q6KC79,Q9P0U3
P01135,O14879
O14788,P00533
P14770,P46782
P05412,P45379
P30279,Q8IZQ8
Q14677,Q8N3L3
Q702N8,Q9Y6A5
P15170,P81133
P18827,Q9P287
Q8N6M0,Q13643
P18031,P83436
Q8IWZ3,Q9Y6W8
P83436,Q9UIF7
Q6S5L8,P40937
P62244,P16144
O00625,P57740
P35219,P41240
Q9H2X0,P41002
Q14722,Q53HV7
Q9Y4C1,Q9H3S7
O43516,P29376
P59998,Q7Z4H7
Q96QC0,Q9NQB0
Q99547,P09958
Q13625,P67936
Q12846,O94889
P43119,P31350
P40123,Q9Y6Q5
P43630,P56537
P46734,Q9UK53
Q03181,Q5JVS0
Q92781,P48378
O43181,P25789
Q9NS23,O75531
Q9H6T3,Q9H4B6
Q7Z6J0,P55317
Q9UKV0,P49736
Q06323,O76041
P14866,Q8WYP5
O43187,P06454
P25103,P01160
P51692,Q9HAW0
O76081,Q9NZN4
Q86W92,P23760
P31273,P38432
Q9UQN3,Q53EV4
O00291,P11166
Q8N5V2,Q5W0Q7
P41146,P41143
Q14765,Q13838
Q96RT8,Q8TAA9
Q99466,Q9UHN1
Q9NTX7,O75558
Q15645,Q5VTR2
Q9Y6W8,Q14114
Q99638,Q08379
Q06323,P54136
O00291,Q92730
Q9Y3A3,P07998
P29459,P42575
P60709,O75528
Q6PI98,P02741
P61020,P11474
Q9NX08,P45880
P35251,Q8IX90
P28336,Q9NZN4
P06307,Q04721
Q9NVR0,P03973
P10145,P20594
Q9NVF7,Q9GZM8
Q8NAV1,Q15021
P62253,O60885
P61020,Q9NY12
Q3KNV8,P24864
P12644,Q9H816
Q7L804,P55055
Q9Y566,Q99962
P57678,O14641
Q96D46,Q8TF74
P11277,Q15118
Q9NZL6,O43318
Q01664,O94906
P41180,Q99942
Q8NFJ9,Q14118
Q9NVR0,Q92917
Q7RTV0,P05549
Q00597,Q8TAP6
Q14318,O43390
Q9ULH1,Q9Y2V7
Q9NQY0,P68431
P98082,Q9NVR7
Q9Y2S7,Q14974
O15524,Q9UL33
P16885,Q9UI14
Q86VN1,Q9Y2V0
Q9H7Z6,O14770
O60934,Q99698
P26371,O14730
Q09472,P34998
Q8NFD5,P43250
O15392,O43920
Q8N729,Q13507
O00622,Q9Y5X4
P24278,P23229
Q68CP9,Q92800
O43593,Q9Y2W7
O95460,Q53HV7
Q9HBI0,P48357
Q8TE68,O00762
O75335,O00626
Q8TD16,Q9GZR2
Q5VZL5,Q9UK58
Q8NDV3,P42081
Q9NP71,O14579
Q7Z4G1,P16410
P27037,Q9Y3L3
Q13239,P20702
O00339,O00623
Q9NSC2,O14727
Q96IY4,Q6SZW1
P32121,Q5VZL5
P30622,P26367
Q15080,Q05682
Q9Y5W3,Q9BUQ8
Q9Y613,Q99567
Q15582,Q6IAA8
Q06190,O75663
P61225,P35625
Q9NRP7,O75161
Q02447,O14654
O75323,Q99873
Q02535,Q9H6Z9
P50616,A9UHW6
P35858,Q12929
P52945,Q13042
O60927,Q9NPJ8
Q9BXS5,Q8IY31
Q8TBZ2,Q13287
Q15418,Q9Y248
Q9Y295,P23327
P15923,Q9H160
Q9UL25,P39060
P61457,O95271
P46976,P05452
O60759,Q14746
Q9NPD8,P42701
Q93034,P30153
P49767,P49815
Q9H2D6,Q6S5L8
O75947,Q16537
P16152,Q9BYE7
Q9H0A8,Q16633
P17980,O95831
Q02388,P41143
P02746,Q9UKL3
P51114,P09936
P57796,Q9UGL1
Q9UPY6,P09693
P18545,P24864
Q86Y91,Q15154
P36894,P53611
O00220,Q14114
O15078,Q09019
P10144,P52435
P16860,O15357
Q7Z7C8,Q9H832
Q92556,P08754
O60563,P29475
Q9BZE9,P22001
Q86X29,Q13555
Q9Y261,Q58A45
P40926,P21675
P29992,O43491
Q9Y6Q6,Q14764
Q99961,Q9UPU9
P52333,Q13501
Q13043,Q9NZC7
Q00610,O94889
Q92887,P35858
Q92886,P20701
Q9Y4Z0,P35228
P52790,Q9Y2X3
Q8N122,Q9UQQ2
Q9Y613,P36941
Q9NZL9,P35368
P62253,Q8NHG7
Q4G0J3,Q15366
Q16555,Q9H0Y0
Q9NS23,Q96KJ9
Q04323,P61619
P62834,O00189
P62191,Q99075
Q15542,P19174
Q9H4L5,P15391
Q76L83,Q8NFH3
Q9UBU9,P07992
Q8IX03,P08476
Q674X7,Q9UBP0
Q9H7C4,Q9UN37
Q9NQ48,P21728
Q9NX70,Q86XK2
Q6ZNA4,Q9UJX2
Q96B01,Q8IUQ4
P20333,Q8WTR2
O75312,Q8IU81
Q8N122,P02511
Q86SZ2,Q8WVK2
P40424,P19387
Q13519,Q9Y2J0
P28336,P50613
P06702,Q7L523
Q08334,P35236
O95460,Q9NRG0
Q14241,O75969
Q9NQC3,Q15532
P08069,Q15208
Q9Y210,Q9H9T3
O43665,Q15466
Q07890,P05452
Q5MJ70,Q9GZT9
Q8N531,O14893
Q9H2K2,Q9NR55
Q9H160,Q16633
Q99962,Q86U86
O95816,Q0VG06
P27361,O95251
Q9UBT2,Q15334
A0JLT2,O14893
P61981,P21953
Q7Z6M2,Q96F86
P15170,P21583
Q9BU64,Q9GZT8
Q9HB90,P51149
O15519,Q9UIB8
Q9UGL1,O43929
O60729,P63279
Q9GZQ4,O14543
Q9Y2V0,Q8WVM7
P42224,P61077
Q9NRH3,O76064
P41091,Q14865
Q13352,Q00613
P51671,Q96A72
P07550,P20701
Q13144,P13612
Q13443,Q9UI08
Q9UPV9,Q9H4P4
O43745,P49116
Q14957,O75161
Q9BT25,P50616
P05156,P22692
P11215,Q01196
P24593,P57678
O60927,O75056
Q96SN8,P51636
Q02447,Q6NZY7
Q13156,Q15078
O60894,Q9Y2Q5
Q9HB89,Q9NY12
Q9NQ55,Q9Y2K6
Q92736,Q96M94
Q00526,P17480
Q96QK1,Q9GZQ4
O00213,P07315
P40306,Q8TEC5
P80098,O95336
P41180,Q5D1E8
P04141,Q16531
Q96EB6,P26368
O00300,P19544
Q99467,P30988
P61457,Q9NQT5
O14965,Q9HCS4
Q66PJ3,Q06546
O95793,Q9NWS0
Q7Z628,P35346
Q8IVT5,Q96SB8
P48730,Q13507
Q9UQ35,Q16478
Q12840,P00742
Q9NQT8,Q9UK97
Q13107,Q96KJ9
P40616,Q15759
Q5T5C0,P35612
Q15173,Q14011
P08559,Q93008
Q08881,P47897
Q15256,P49257
Q96QB1,Q6NZ67
Q9P2J5,P33076
Q8IY57,Q9BQG0
P08908,Q9GZV8
Q6P0N0,P21728
P24386,Q53EL6
P43356,Q9NSC5
P57796,Q13424
O15350,Q9UBY9
P17661,Q8TAC2
Q9GZS3,Q13362
Q09028,P12235
Q8WV41,Q9NRY2
Q14192,Q99547
Q96JZ2,Q09013
P16234,Q96SU4
Q14005,P05181
P52952,O00303
P30048,P51531
Q96M61,Q12802
P51946,P27986
Q99732,Q6PJG6
Q9Y6I3,Q14957
Q16548,Q96N96
Q12774,Q9UQM7
Q9BT25,P46695
P98155,P01303
Q15836,Q9Y6H5
P62333,Q02930
P13631,Q9Y6F1
Q8NDX5,Q13347
P47897,Q53HL2
Q9NY61,Q9BQB6
P54578,O75410
Q96JM2,P53355
P14210,Q9H832
O00148,O60583
O43572,Q13011
Q9H5V7,O00167
Q13472,P18887
Q01831,P24864
P50591,P15692
O15520,Q9HAP6
Q00987,P01375
P02765,Q9P2W9
P22301,P67809
Q14781,Q16533
P41236,Q15046
Q9BXL8,Q9BV36
P13051,P14210
Q9C0C7,O75529
Q02930,Q9UIF7
P18887,O95977
Q9P2M1,P63241
Q13474,P13569
P29323,Q6ZRS2
P08246,Q96SU4
P57682,Q71SY5
Q9Y3F4,Q96EQ8
P30273,P09668
O15525,Q8NC51
Q9H6R0,P29474
Q96KP1,O75369
P48729,Q9Y2X3
Q14683,Q07890
Q5TKA1,O00548
Q13573,P53567
Q96EZ8,Q92830
P08588,P0CG47
Q5T124,Q07666
P40424,P61225
P56282,Q13501
Q08345,P02743
O95149,Q9BYW2
Q15833,P42224
Q9P1U1,Q92614
Q8NAV1,Q5JQC9
P09651,P51884
Q9BZJ0,Q92538
O60921,Q9UNY4
P49643,Q9UM73
Q05066,Q8WWL7
Q99594,P36896
Q5JSH3,Q9Y3D8
O95714,Q9H1A4
Q9BVA0,Q15363
Q13443,O75478
P10147,Q8TEP8
P01241,Q9Y264
O96028,Q9BQG0
Q9Y244,O95758
Q8WWY3,P84243
P83436,P15924
Q9NVU0,P50281
Q5VWX1,P62140
P19388,P61587
Q12788,P17813
Q12852,O14737
O14796,Q9H4E5
P27361,Q9H6R0
Q9Y463,Q7KZ85
Q969R2,P15173
P51571,P13805
Q9P086,Q9Y3C8
O95931,Q5RKV6
P61326,Q86VP6
P22736,P55795
O60880,Q15648
Q8NI27,O75947
O14746,P46940
Q13573,P04049
O43257,P16109
Q9UHQ4,Q9UGK8
O14983,O75800
P37088,Q9UNY4
P32302,Q15788
O43680,O14958
Q9HAP6,P49238
P21506,P29992
O95197,Q02388
Q13153,P68402
Q86UP2,Q3LFD5
Q8N8S7,Q92966
O94906,O15144
Q96AX1,Q9NZD4
O94842,Q9NPH3
Q8N668,Q9HBE1
Q15388,Q06413
Q16667,Q5T7B8
P55060,Q13351
Q9NWB7,Q8TF42
Q9BXM7,P35269
O75460,Q9H1K1
P62834,P62495
Q9UJA5,Q9UGL1
P07858,P78345
Q9Y3I1,P50148
O43251,Q9NWS0
Q96RU7,Q96LR5
P05109,Q7LG56
Q02952,Q12815
Q15642,P50616
Q13469,Q00534
Q9Y217,Q8N7R7
P63279,P08559
P51571,Q9H8Y5
O95149,P22692
Q9H8Y5,Q86Y01
Q9BXW4,P05783
Q9UPQ9,O43680
Q14573,P06401
P40222,O75478
O75947,Q9Y343
Q01664,Q9Y2K6
Q86X55,Q92854
P01130,Q07960
Q96KR7,Q8N1F8
P27037,P10916
P03951,Q9Y2A7
P35613,O94776
O95835,Q9Y6E0
P09874,Q8IYB3
Q9UK58,Q96EP0
Q53GS7,Q07890
Q9BY67,P61925
Q15008,Q96JM3
P22570,P0CG13
P61328,P01116
P23921,Q01081
Q8N196,P25189
O95190,P03951
P55209,P26885
Q96NE9,P16278
Q8WWY3,O00186
P16591,O60869
Q9BSV6,Q01105
Q13563,P43146
Q9Y2T3,Q8NB12
Q8IZQ1,Q9NVI1
P62875,Q9NV31
P20618,P14555
P42025,Q9ULR0
Q13137,P29274
P20719,Q8WWW8
P20783,O15524
Q9UMZ2,P20936
Q9Y2I1,P18564
Q9NR50,P13688
Q9BXW4,Q06481
Q9NZL6,Q8WYR1
P27482,O14727
Q08050,P0C1Z6
Q13888,P62072
P60604,Q6W2J9
P08700,Q16288
P51116,Q9BXK1
Q96QK1,Q92667
P18054,P35637
Q96JB5,P05108
P51003,P05783
P12956,Q8NFJ9
P01040,Q4VX76
Q14151,P15382
Q9BXL8,O95425
P20333,P19419
Q13438,Q13895
Q9UBS5,Q14161
Q9HBI0,Q8WVM0
P07384,Q8IZJ6
P07355,Q12874
Q9H9F9,P60604
P61204,Q96B67
O95487,Q6ZRS2
Q9Y3I1,Q13642
Q9NVP1,P51636
P48061,Q15915
P07225,P14923
Q8IYW5,Q92564
O60610,Q8TCJ0
Q13705,P26717
Q04771,Q8IU81
P49675,P48553
Q8WV41,Q8N8A2
P54646,Q9BY43
P06870,Q14831
Q99814,P55347
P01042,Q9NPA8
P67936,P06702
O00231,P11362
O95352,Q9UKV8
Q9H2X3,Q86SQ9
Q06481,Q86SZ2
Q13555,O76064
P22413,Q96AP0
P54577,O60264
P13501,P61254
P41134,Q07820
Q99750,Q5JSH3
P39019,P02748
Q9BVI4,Q9NY12
Q969H6,Q2TAY7
Q15762,Q9Y2R2
O75694,Q66K74
P61020,P27701
Q9HCI7,Q92667
P53803,P22674
P01137,Q9H765
Q13402,Q71SY5
Q07866,Q99418
Q8WXI2,Q13761
P01583,Q92793
P09629,P62314
P31321,Q9UPN7
P07711,P08559
P01588,Q9UIB8
Q96BH1,P27695
Q9UHW9,Q8TF05
P40926,Q9BWF2
P29474,Q9NXR1
Q9BTV7,P01042
O43734,P15382
Q53HL2,P51809
Q8NEM2,O95373
Q9UGP5,Q96DB2
P50613,P55786
P07225,Q2MKA7
Q14449,P17542
P07942,Q02388
Q53GL0,O94966
P40123,P30281
Q7Z406,P02708
Q6WKZ4,Q96HR8
Q7Z4H7,Q99418
O75410,P31949
P11474,Q9BQG0
Q13029,Q96JH7
Q13573,Q14194
Q9H410,Q16695
Q7LG56,Q9UPN3
Q9NYB0,Q9Y2V3
Q9NRW7,Q96A56
P52952,O75509
Q12834,P51668
Q16890,P78552
O43196,Q7Z7C8
P61587,P31949
O75592,P41743
O95600,Q07812
Q9NYF8,Q9UQE7
Q9BZE4,P56192
Q9UKC9,Q8WVM8
O14976,Q9NT62
P28074,Q8WVK2
Q9Y244,O14744
P15173,Q9H015
Q8NB12,P05121
P29459,P05106
O95544,Q9NXR1
Q9Y6I3,P49761
Q9Y2Y1,P06858
P78345,Q9NQP4
O43395,P49796
Q14134,P12272
P51965,Q02223
P36542,Q9UHB4
P15923,Q7Z6M2
Q9UMX0,Q702N8
Q6NXR4,Q96IV0
Q6FIF0,P30679
O60729,O43508
Q96Q27,Q99962
Q8IWZ8,Q9UBP5
Q96KR1,O75489
P12644,Q04912
Q9UJX2,Q9P0U4
P40306,P10646
P10606,P15941
P28799,Q03518
P45985,P18428
Q02790,P38646
O95630,Q9Y2M5
Q6ZTQ3,P49116
Q96PN7,Q9Y283
Q06643,Q7Z6E9
Q13884,Q9P0L0
P55884,Q8NHL6
Q96RR4,Q7Z6M2
Q9HCI7,P21926
Q13547,Q13501
Q99436,Q13478
O94921,O75448
P35606,O75688
Q9BUE0,Q9NYY3
Q96I25,Q9Y508
O43815,P08754
Q02535,Q8TD08
Q99471,O75558
P50542,O76041
Q9H8S9,Q8WVB6
Q8TEY7,Q9UM07
Q9HCS7,P01308
Q9HAJ7,P48730
Q96D46,Q13200
P20042,P18433
Q96IY4,Q7L5Y6
P51610,P68032
P43026,O43583
P16152,O00303
P29459,Q8N7R7
O43150,Q9Y6N8
O75052,P62820
P49796,Q7Z628
O60884,Q15691
P06734,P51843
Q99627,P02743
Q04771,Q5T7B8
Q96D46,Q06546
Q13118,Q14155
P55773,Q13185
O14925,Q14204
Q9Y2V7,P31949
P60033,Q14118
P39748,Q86WT1
Q00610,P22692
P01106,P10909
Q9H9E1,P09874
Q9UM13,P00736
P16144,P49763
P51170,O43432
P14625,Q9H1R3
P25791,O95071
P68431,Q92796
Q14008,Q9NQP4
Q16623,Q07325
Q15303,P15813
P27348,Q9NX24
P55081,P57796
Q14344,Q9P2D0
Q9Y5J7,Q9BQ67
O00716,Q07812
Q96CA5,Q9H9G7
P61247,Q9P0U4
Q13542,P42166
P40939,P13569
P41273,P81408
Q9H4I2,Q9ULR0
P08949,Q9BYW2
Q96AY2,P49848
Q9UGJ1,P16278
Q9NVR0,Q9NQ94
P49810,P02647
P63165,P35556
P81877,Q969T4
Q9C029,Q9Y6A5
P78346,P21728
Q702N8,Q9P2M7
Q13505,P41273
P49207,Q9H7L9
O75909,P53992
P29992,Q9BUZ4
O15116,P35637
O95198,Q9H9E1
Q9H7D7,Q15843
Q9UNS2,Q9UK97
O15164,Q9ULC4
Q86YV9,Q08752
P61764,P08588
P51451,Q9UHL9
Q5SW79,Q9H9H4
P16860,P28074
Q9NSC5,P68431
P31323,Q15785
O00253,O60869
P14653,Q14296
P84996,P29274
O75955,Q14397
Q14994,P02452
Q6QNY0,P43364
P08514,P10515
Q08881,Q15834
O15265,P51825
P10109,O75582
P00750,Q15833
O75446,Q96HN2
Q8WWN9,Q8IUQ4
P47804,P78345
P61457,Q7Z460
Q96BH3,P00918
Q14498,Q76N89
Q9NRD1,P61764
Q99547,Q2QGD7
Q9NRR4,Q9H9G7
O15211,Q8NI36
Q16288,Q02535
Q3KNV8,P43628
Q02763,P15531
Q15323,Q96FJ0
Q9NUX5,Q14155
Q9UMX1,P55327
P49821,Q00688
O43592,P37840
Q14344,Q13224
Q9NQU5,Q9H6D7
Q92643,P21817
P26583,Q9UJY5
P60953,P62834
P50148,P16144
Q92956,O15539
P49450,Q9Y376
P24941,Q9UIU6
P18545,Q9Y2R2
Q93074,Q6UXL0
Q8NCM8,Q9UBT6
Q9HAU4,P61952
Q99081,Q9Y4B4
O60741,Q8TBZ2
P62487,Q96A47
P40238,P35611
Q5VWX1,Q9UQK1
Q9UKV3,Q9Y3Y4
P01303,P11362
P49459,O43390
P24386,Q96AJ9
Q53T94,P46695
Q9UGI0,Q9H4H8
P26641,Q9BZE9
Q92614,Q9Y692
Q96IT1,P62906
Q9P2B2,Q969U6
O14519,O75529
P46108,Q16890
P21980,P39748
Q6UWE0,P35556
Q9BXC9,P10144
Q7Z4H7,Q96CS4
P56159,P51957
Q9ULM6,Q15393
Q9Y265,Q96FW1
Q9H9H4,Q14114
Q07889,Q96FJ2
O60674,P57105
O43186,Q13478
P39060,Q96PM5
Q96RU7,Q07820
Q15717,Q9Y2M5
Q14103,O60741
Q96D46,P28328
P62263,Q96II8
Q9Y3Q8,P48730
Q86UP2,P09382
P49454,Q9BQ95
Q08999,P14921
Q9UGJ0,P02545
P32969,P49750
Q02952,O75326
P08581,O00300
O95460,Q8WXE9
Q09028,Q8IXQ6
Q99075,Q8NB91
P25063,P15692
Q9UKN8,Q8NI35
Q92974,O75340
Q07021,P09486
Q96DX5,Q6NXR4
O60645,O43293
Q96L91,Q05639
Q9NRL3,Q9BXH1
Q9NPG3,P25705
P45983,O95319
Q8N3X1,Q9NRD0
Q3SYG4,Q9H165
P63279,Q9NRD0
Q9BTE3,Q8N5V2
Q15696,P62834
Q16633,Q7L523
Q13952,Q13901
Q9NQ25,Q01860
O96017,P01308
P29622,Q8NI36
Q9NPI6,Q96BH3
Q86UT5,Q13555
O75676,Q02223
O75052,Q9NV70
Q96JM7,Q99952
P14316,Q9H2X0
Q04724,Q9UKV8
P51813,P29460
Q13492,Q9ULB1
O60907,P55039
O14836,Q9BUZ4
P35221,Q5JQC9
O75410,O15265
P12259,P27695
Q9BT67,P08151
P14866,Q13901
Q14653,O43427
Q9H4M3,Q9H0E7
Q9NYG5,Q14161
Q01844,Q05086
P30086,Q13002
P29353,Q14957
P50748,O60232
Q9ULM6,Q09666
Q8WWN9,P30542
P09038,P42226
Q96E09,P53611
Q96QK1,Q00534
P08922,P01834
Q8IW19,P61925
Q15404,Q9NQ29
Q969F2,Q96F44
P62304,Q8N4C6
P40337,O15539
Q9HA65,Q9H4B6
Q9NYF8,Q15645
Q14004,Q96IZ0
Q9HB19,O75056
Q13315,Q9NQT8
O95487,Q03111
Q5SW79,Q9Y4E8
Q9H7C4,P07998
P08100,P45984
Q8WU20,P49848
Q9BUI4,Q5TGY3
P20719,Q9Y4A5
P52948,Q86Y82
Q14451,O94829
O95677,Q12972
P42575,P55795
P09681,P55060
P48506,Q9BVM2
P11215,Q3LFD5
O60568,P41002
Q9UBF1,Q13588
Q9Y679,Q13151
Q7RTV0,O60830
Q9H7D7,P30520
O95400,P19404
Q9ULK4,O14802
O00625,Q96BH3
Q9NPD3,Q6ZSG1
P55771,Q96AX1
Q15287,Q9NP71
Q14149,Q04756
Q9H211,Q9UIG0
P49207,P55347
P12755,O60610
P24928,Q9UK58
Q969S3,Q9BY67
O75643,Q13554
O15457,P78357
O75376,O60488
O43186,Q6GQQ9
P20783,Q9BYE7
O43741,O75807
P01133,Q01105
Q9UJX5,Q8WXH0
O75865,P14635
P68431,O00628
O60256,P23511
P62834,Q8IU81
Q9UNS2,Q9UPS6
P61024,P60709
P27986,Q9Y2Z4
P12314,Q96B36
Q96CW5,Q7RTV0
O75676,O94817
Q8N668,P12235
Q9HB19,O15111
O94952,Q96MT8
Q969H6,Q8TD08
Q9H8T0,P68402
P17844,P62258
P81133,Q05639
P98161,Q9UPY8
Q6ZRS2,Q8WXH0
Q9H165,P48553
P22223,O15357
O95685,O75461
Q92918,Q6SZW1
P06753,P26715
Q14005,O60664
Q8NBZ0,Q8TDN4
P16035,Q8IYJ3
Q9BYM8,Q9H0U4
Q96QH2,O43929
P60604,Q00534
P49238,P12270
Q14681,Q8TDD1
Q9BSJ2,P53618
P20749,P61962
P16435,P62873
Q8TEU7,Q8NHL6
Q9HBI1,Q14C86
Q9UGL1,P78348
Q9H0A8,P09913
Q13144,Q9BQB6
P62879,Q8TDY2
Q9GZT8,P84085
O43491,A9UHW6
Q15466,O15539
Q96QC0,P62328
Q9NR77,Q9BQ95
Q8N5M1,Q12774
O00470,Q96RU3
Q13283,O00255
O75340,P46976
P00505,Q6P1N0
Q9UIQ6,P26885
O95197,P56693
O75335,Q71F23
P26599,Q9HAU4
Q12841,Q6PH81
Q01094,Q99075
Q9P104,Q13351
Q8TB45,Q9UBF8
O95352,O15297
Q08380,Q9NP97
O95273,P20849
P10644,Q8IUC6
P16591,P81408
P35579,P63010
Q9Y6R4,P32856
P55209,Q9H9Q2
O75909,P61006
O14733,Q02548
P35555,Q9Y248
O15018,Q9NP97
Q9GZV5,Q96PK6
Q9NVV5,Q9HB89
Q8TES7,Q9UBQ5
Q8TAM1,P07951
Q86T24,Q13507
Q13227,Q9UHX1
P48145,Q9Y5K5
P30305,P61968
Q5TKA1,O75531
Q02487,Q8TD08
O75663,Q9NRG0
Q13153,Q9Y535
P04229,Q9NR50
Q9BT25,Q96IF1
Q9HB19,Q92966
Q96CW5,Q9NVP2
O94776,O43264
O95816,P01040
Q96DI7,Q9UBP6
P42858,Q3LFD5
Q9UI10,Q02930
P49006,Q96KQ4
Q53HL2,P29376
Q6ZMQ8,P49768
Q9HBI0,Q9H2X0
Q13884,Q8NI27
P98077,Q14657
O43491,O14933
Q7Z6E9,P43250
P07384,P61006
Q9UHB6,Q99836
Q96JB2,Q9Y3M2
P0C2W1,Q9H1J1
P48145,Q1KMD3
Q00688,Q9Y6X3
P49789,P20042
Q15582,P46776
O60921,P30281
Q00536,Q14145
Q96P71,P59780
O43150,O75663
P22830,Q8N488
O15068,P15090
P18077,A9UHW6
Q8WYK2,Q9NQC3
Q96IY1,P22692
P25103,Q9NYJ8
O43566,Q9ULV8
Q96NY9,P15924
O95967,O14744
P30542,P36873
O95336,Q9NZU7
P78352,Q9Y5R8
P29692,Q9BYG5
P62258,Q9P2M7
Q9H845,P48023
Q16659,P20701
P52948,Q9NV56
Q9Y570,Q86SZ2
Q8TAG9,Q13541
Q16181,Q02224
Q9Y228,P81408
P31749,P13804
P35346,O00470
O95273,P61081
P17252,O43164
Q9UJV9,P26373
Q9HBH9,Q06546
Q96MW5,Q9UKJ3
P81877,Q8N3U4
Q96GG9,Q8TDW5
P23297,P27658
Q969H6,Q96RK4
O15078,Q96HN2
Q96CS4,Q00722
O60500,Q15465
O43184,Q9Y279
P62879,Q92973
Q9UNP9,P16278
O75369,Q8TEL6
O75586,P15976
Q9BWC9,P42680
P28074,P49589
P27815,P26885
O75368,P20827
Q9Y6D6,Q99835
Q15853,Q9NS00
Q86VX2,Q13002
O75925,Q5VV67
Q15528,Q96S55
Q8NFH8,Q9UGK8
Q9Y679,P18075
P13693,P51148
Q9GZY6,Q8IU81
Q5JTV8,Q92851
Q9UEW8,Q96A72
P28324,P14210
Q7Z7C8,Q9UKV3
Q9H9C1,Q7L523
P49642,Q15717
O94915,P31152
Q99497,Q16539
Q29RF7,P35368
Q6SZW1,P00533
P10242,P40818
Q15834,P09681
Q9BRK5,Q9Y3C6
Q9H3U1,P39086
P49918,P15863
Q9H9G7,Q9H4L5
Q9UG01,Q13761
P09651,P50539
Q15022,P56282
O14599,Q8N5V2
Q96Q15,Q9H9F9
Q96S52,Q92574
P19838,Q96SW2
P09564,P05546
Q6IA86,O94864
Q13547,P98172
P19883,Q12769
Q9BT67,Q8IY57
Q9Y4C1,Q15642
P50150,Q53HV7
O15126,Q15025
Q15642,Q02880
Q13595,Q9Y2X0
P05160,P18054
P14316,Q96II8
Q16623,Q9Y2X3
Q9HCN4,Q8IXQ6
O94763,Q9UBN4
Q9UBT2,Q96II8
O00186,Q9UK53
P98160,Q04912
P40306,Q14746
P51531,Q9Y5Z7
Q8N729,P11171
Q8NHG8,O60884
P50616,Q96AX1
Q8TEY7,Q13131
Q8NHG8,Q08AG7
Q5TGY3,O00763
Q99418,O60609
Q93074,Q9H251
Q6AHZ1,P18887
Q01664,P78552
Q9UMX0,Q5VTR2
Q9NWT6,O75689
P25205,Q14C86
P42345,P12814
Q9UMF0,P15153
O15164,P05813
O60238,P54136
Q96DI7,Q15406
Q9Y230,P53567
Q14643,Q96CD0
Q8NBW4,Q13617
P53396,Q96EE3
P02511,Q03518
Q01844,Q12934
Q68E01,Q76N89
Q9P000,Q7Z6G3
P23284,Q13200
Q6X4U4,O94905
Q9NWF9,Q13061
P49356,Q7L0Q8
Q9ULI3,Q16666
Q7Z417,O95336
P18077,Q9BTT4
Q96KR1,Q15915
Q86XL3,Q5U5X0
P81133,Q8TEL6
Q96P71,O14958
Q9NYF0,Q9UKI2
Q16526,O14879
P35251,Q13163
Q93038,P06454
Q8WUF5,Q99801
P09661,P28072
P17544,Q14181
P04234,Q12774
O95271,Q96A44
Q7Z7L7,P56178
Q12923,P31150
Q13561,P14210
Q13535,Q5XUX1
Q9UGM3,Q9UHV7
P04183,P62736
Q15915,Q92925
O43852,O15511
Q96PU5,Q9NY61
O95140,Q96CS4
P01111,Q9Y6A5
Q9NR77,O75334
Q99594,Q9BY84
Q9UQ88,P55001
P01034,Q13936
Q9UBW7,P05230
P41220,P43026
P30279,Q9UJX5
Q9UKK6,P00568
Q68E01,Q8WVC0
Q9NS75,Q86YC2
O00622,Q99575
Q9Y244,P52298
Q8WWW0,P14210
P45984,Q71DI3
Q13470,Q13838
P62841,O95704
P35241,P42680
O14737,P48553
Q9Y6Q5,Q7Z434
Q4G0J3,Q6IA86
P81877,P55199
Q86T82,O60664
Q7Z6J0,P63000
P01189,Q86Y91
Q8NFH4,Q86SZ2
Q8TCG1,Q9NSC2
Q9UI36,P04628
P54252,Q6PJG6
Q7Z419,Q9UK53
Q99081,O43707
O00241,Q12840
O00198,P02749
O60880,Q9Y2H1
Q92956,P48546
P20719,Q9BY84
P38936,O43164
Q3SYG4,Q5T4F4
P06753,P56192
P46940,Q16695
Q7L2E3,Q32P44
O43734,P23193
Q9BUE0,Q9UIF9
P26045,Q15118
O75604,Q9NZN5
P24385,Q92636
Q9HD67,Q7Z412
Q9C086,Q9H5I1
Q58A45,P78552
P13805,Q9H0Y0
Q96L91,P60604
Q99973,P10242
Q9Y698,Q9BZE4
O14544,Q9GZM8
P51571,P41743
P62942,P02748
P12830,Q9P2F5
O14836,O00628
Q9BY67,Q9UBN4
P02679,O14576
Q13239,O60568
P52701,Q9NVK5
P11474,P42081
Q9UJM3,O95197
Q16667,P18510
P18054,Q5TCZ1
Q9P000,P15172
Q5T2W1,Q96SB3
P21506,O00141
Q9ULV0,Q9H8T0
P42685,Q96BR1
P23760,P51170
P24864,P09493
Q96LD8,Q8TEL6
Q99961,P04198
O43741,Q14957
Q9Y2T3,P02549
Q70IA6,O75334
Q8IVH8,O00141
Q8IX07,P05109
Q9UKA2,P20810
P19174,Q9Y4B4
Q9NX70,P13688
Q6P2Q9,P05549
Q6P2Q9,P50613
O60756,P01584
Q02750,O75478
Q9BUZ4,Q86UE8
P11684,Q96AX1
Q92817,Q6W2J9
Q9H160,Q14296
P04234,P25391
Q13595,O75170
P55347,P21802
Q13158,O14908
P32121,Q14814
Q6ZRS2,Q13588
Q00577,P52799
O76003,P02545
Q9H2X0,P20042
P02746,Q99567
P43235,Q9UHN1
P08637,Q9Y6E0
P09001,P84243
Q9ULT6,Q9Y5B9
Q06828,O75478
Q8IZJ1,P62834
Q5T5X7,O96017
P15880,Q9BY11
P30260,Q8WWW8
P62993,Q9NZU7
Q9NPC8,Q9Y6A5
Q13435,P54253
Q13474,P40937
Q8TBB1,O00303
Q14681,Q13277
Q13153,O75529
P10828,O15533
P04792,P58753
Q03113,P17706
P78543,Q9UKI2
Q8WUP2,Q9H6T3
P62906,Q13427
O95685,Q93062
O15143,Q96QT6
Q01844,Q9NV70
P61587,P08709
O00303,Q9UPN7
Q13887,Q9NZC9
P42081,Q08050
Q9NZL9,P53367
Q9UQ84,O43395
Q13595,Q14011
Q9BXL8,Q15691
P83916,Q09470
P29460,P27361
Q8IXH7,P84095
O00429,O95573
P50281,Q96B36
O60683,O14744
P98164,Q9BVP2
P62314,P10144
Q5H9F3,P78314
O95257,Q9H1D0
Q15025,Q9Y6D6
Q14168,Q6EEV6
P28161,Q93008
Q9H1Y0,O15160
Q9Y6N8,O14948
Q16832,Q9Y2V7
Q8IZJ6,P10145
P17096,P23229
Q99741,O75592
Q9H6Z4,O15144
Q7L5D6,P30542
Q02763,Q5VWG9
P24941,Q9UBC2
O75604,Q5XUX1
P22459,Q8N729
O75554,Q96JB2
P22455,Q9NWS0
Q9Y6R4,Q9Y3C7
Q9ULT6,Q9UBY9
Q16586,P20807
Q13905,P20849
Q9Y5J9,Q9NS75
O43187,Q86YS3
P08631,P16591
O95232,P61925
Q02487,Q96DX5
Q9NZL9,Q86UE8
P54132,Q00534
Q7L590,Q13277
O14618,Q9HD26
Q6UXL0,Q14449
P21333,P51911
Q15008,P05109
Q14258,P68032
Q6QNY1,Q96JM3
Q86X29,Q96NE9
P01116,P17706
P29466,Q16623
Q9NPD3,Q9GZX6
Q14160,O14795
Q9P2W9,P0CG47
Q02535,P09493
P13224,P24723
Q13635,O75489
P23467,P55795
Q99961,Q8TDX7
Q9BVA0,P16389
Q13085,Q9UK53
Q14738,Q9UNS2
Q3SYG4,O95155
O43847,O95758
P41238,P31483
P04275,P30542
P18545,P13987
P29375,P17535
Q9P1A6,P02748
Q92882,P53999
Q96CS4,P36507
O00512,Q00534
P13747,Q2M1K9
Q96P09,P11684
Q13098,Q9ULB1
Q9UBE0,O14770
Q6X4U4,Q99835
P07737,O75558
Q05066,Q9UQF2
Q8NDV3,P05107
O76070,P30989
Q08345,O14802
Q14168,Q86WB0
P09038,Q8IYI6
Q99640,Q8NFJ9
Q9NYB9,O15018
Q9BT25,O75439
P19532,P35637
O75081,Q9UHV8
P08100,P61020
O94776,P10589
P27037,A5YKK6
Q6NWY9,Q9P000
Q9C0J8,Q5VTL8
Q9NYB0,O60830
P01160,Q9NR77
P61328,O15066
Q92530,P43320
Q9HBI1,Q9NZN9
Q16890,Q9UQM7
P14653,Q9UK97
Q8WUH2,O60741
O00623,Q15363
O15264,Q9Y2M5
Q8WYH8,P34130
P40306,Q14643
P39023,Q15915
O00241,Q09028
Q13011,Q9HBZ2
Q96MF7,P26885
Q86U70,O75312
P51571,Q9Y263
Q06190,P09958
P21506,P55198
Q9H2L5,Q8NHY5
Q99967,Q8TAD8
P45379,Q9NZN5
P13639,Q14498
Q92585,P32239
P13807,Q13595
Q04917,P51812
O43752,Q9NRR4
P04234,P19174
O43521,P25800
Q9BWT7,Q92793
Q14449,Q8N3R9
Q15021,O60683
Q8N7R7,Q9P2F5
P07949,Q13115
P13639,Q9UJV3
Q99967,Q7Z417
Q9P209,Q9Y3Q8
P02675,Q96A44
P98155,O00472
Q9UHD2,P31949
Q8WXF1,Q9NW08
Q15554,Q9BQE4
O15360,Q9H6U6
P15382,Q9BV36
Q6IE81,Q8WWL7
Q9NWT8,Q16633
Q9UKL3,Q7Z589
P09603,Q8IWT3
Q9C0C9,Q9NP97
Q9NT62,Q5TCZ1
Q9HCU9,P43364
P36956,Q5JQC9
P22674,P39748
P02748,P99999
P53803,P10636
Q8TBK2,P98160
P51451,Q9Y2J2
O75832,Q01974
P53680,Q5T7B8
Q9P0U4,O00189
P30203,Q9BXH1
P21333,Q92796
P61956,O00512
P41091,P98172
O43927,O15018
P56693,Q8N5C8
Q6GQQ9,Q13642
P05160,P28827
Q8IY57,P10398
P08571,Q5T7V8
Q9GZX9,O95433
Q9H0W8,O75030
Q02078,Q9NZD4
P61088,Q8IY92
P20594,P11684
P01834,Q9UPY6
Q03135,P22314
Q9H6T3,P51965
Q8N1F7,Q9UHD1
Q96A65,Q13351
Q04323,Q00613
O00522,Q9UL63
P20700,P49327
Q86YP4,P04080
Q92636,O95249
P33681,P36507
P51610,P04075
P49207,O15400
P01111,Q9H4L5
Q9H4E5,P18077
Q92783,Q8WVK2
P84996,Q9UQE7
Q6PIJ6,P56537
Q9NZJ0,Q9UNN5
Q9NPH3,Q9BZD4
Q9ULZ2,O00443
O95198,O75461
P27348,Q86VQ0
O75061,Q8N1E6
Q7Z6J0,Q86X83
Q99523,P43627
Q96AE4,P20585
Q9NRA8,Q9UH73
O95983,O75317
Q99961,Q12905
Q53GS9,O14641
Q9C0C9,Q9UGK8
Q14643,P62879
P29460,Q8IWU2
Q9UI12,Q30201
Q92785,Q9P246
P78406,Q13588
O95271,Q15389
Q14653,Q6P1N0
P01889,Q13555
O60880,O75791
Q8WYP5,P02675
P31273,Q13873
O75061,Q8WXA9
P19447,Q14451
P23467,P09493
P01374,O43516
O43752,P15391
Q8TEC5,Q96RR4
P51553,P30260
Q8WYK2,Q13867
P63211,Q6P1N0
Q9P2W9,Q96EP0
P11712,P16949
P09564,O60840
Q8IX03,P28074
Q9BVM2,P30626
Q16739,Q08050
O95967,Q9P209
Q2T9J0,O14662
Q05655,P18859
Q15831,Q5T7B8
P19532,P05388
P05412,P61289
P49711,P12273
O75369,P51149
Q01844,Q15596
Q9NYY3,Q9P2Y5
P40222,P54136
Q9H9C1,Q8TAP6
Q9BXF6,Q14118
Q16543,Q969Z4
P0DI81,P08648
Q9NRR4,Q9UK53
Q9BTW9,O43597
O60674,O75528
Q9UKW4,Q9H816
Q13625,P61024
Q99081,P62633
Q5T124,P46736
P29373,Q0VDD7
Q9H0N5,Q9UNH7
Q12815,O43264
Q86X55,Q9BSL1
Q00005,P05771
Q13505,P43628
Q13156,Q6ZYL4
Q6IE81,Q9BTP7
Q8TDR0,Q8N5I2
O14810,Q8NB12
Q9UJF2,P03973
Q9Y566,Q9GZM8
O95544,O00303
Q5SW96,Q674X7
Q9Y2U5,Q9UNP9
Q9BVA0,Q96A44
Q9BXW4,Q99569
P11473,Q5VVQ6
P53992,P49795
Q9UBD5,P19838
Q99741,Q13424
Q01638,O43502
P49427,Q9BW11
O95600,P20849
Q702N8,Q8N3R9
Q9H211,Q8IZD9
Q96CS4,O95273
P20807,Q9NVF7
P40227,P30989
P55039,Q8TEU7
P30273,Q99962
Q96QH2,Q5TCZ1
O14777,P30279
Q9BUL5,Q9Y239
P52594,P35354
P54259,Q13291
Q9UJT2,P52435
P20042,P02786
Q15102,Q92870
Q969T4,P30281
O00220,P32780
P19438,P40337
Q9H8S9,Q9HCJ0
O14746,Q96GG9
O43516,P29459
P16615,P22303
Q9Y566,Q9BVC4
Q0VG06,Q9UQ35
Q9HAW4,O75056
Q8WXX7,Q9NQZ3
P0DI81,Q07864
P11474,P61163
Q9NSA3,O75164
Q12934,Q9NZM3
P32856,P29374
Q96P71,Q8IVI9
Q12789,O43920
Q9Y6R0,Q9NVX0
Q9P2G9,P30050
P19878,Q96JH7
O43927,Q9H9C1
P25490,Q96B97
Q12923,P31930
Q8WWW0,Q8WV16
P38398,Q8N5Y2
P10275,P19532
Q14004,P14210
P01189,Q9Y2V3
Q07157,Q9Y3L3
Q15554,P11177
O43172,Q9NWA0
P49796,Q09013
Q06828,Q9Y2W1
Q96J84,Q7RTV0
P31994,Q9BW61
Q8NE01,P25391
Q9UBT6,Q9UQB3
Q9NS56,Q9UKV3
Q9Y2Y1,Q1KMD3
Q9Y383,Q96QG7
Q8WYQ5,Q14BN4
P50749,Q9H9Q2
Q15645,Q12802
Q8IWU2,Q9NSC2
Q5VT25,P28907
P25103,P19387
Q9Y2H1,Q8NHG7
Q9XRX5,Q9UBP0
Q9BVW5,Q96DU3
Q93009,Q8NFT6
P07949,Q13151
P19438,Q6FI81
O14746,P15153
Q8NC51,Q9NXK8
P23921,O15055
Q8IZQ1,O60488
O15111,P60709
O14625,P06239
Q8WXA9,P35637
Q16537,P28161
P47874,O43390
P09874,Q86UL8
Q8NFT6,Q9NSC2
Q5SW79,P43626
Q9UNY4,P24522
Q14160,Q8NI27
P50570,P60604
Q13387,O15357
Q02413,O14649
O60296,Q12769
P26045,Q8WVM0
Q99958,Q9C005
Q9NQT5,P00505
Q86VN1,Q14242
P36405,Q5T1R4
P04075,P18031
O95613,P01133
P18827,P02549
P43320,Q96QT6
O95140,O95863
P09493,O43929
Q9UKK6,Q7L0Q8
Q9H2X0,Q9H1K0
Q13485,O75864
Q6GPH4,Q13888
Q9UK41,O95758
P63261,P62834
Q6GQQ9,Q9NY61
O75955,Q9BZJ0
P16234,P46934
P98077,P02778
Q06587,Q96K76
O00757,Q13643
Q16548,P49750
P04049,Q14240
P51170,P25705
Q13769,P68032
O15371,P62316
Q13023,P50148
Q16533,P34932
Q86X29,P54253
Q8TAP6,Q9BW27
P00747,P06756
P15153,Q9ULW0
Q96QG7,P25774
Q9P2J3,Q14974
Q02763,Q9H5V8
Q5VSY0,Q9HBZ2
Q12874,P84243
Q06124,Q86YV9
Q16665,Q9NRW7
Q16623,P60763
P23193,Q8N4P2
P25490,Q06828
O60907,Q9NYB9
Q9P2M1,P32780
Q7Z7C8,Q14145
P15151,P49821
Q96A72,Q14232
P62249,P62070
P61586,P85298
Q9UBW7,P21926
Q16602,Q9UBP5
Q9UBP5,O95425
Q8IVP5,P49116
P09234,Q9BUN8
O14798,Q53TQ3
Q13620,P10644
P11474,P08559
P28702,P07858
P08922,Q99732
Q86U06,Q15532
Q8IVT5,Q9UHD9
Q9UHQ4,P19022
P36507,Q7LG56
P25205,Q9BW71
Q12860,Q9H3S7
P25063,P62873
P27986,Q9BQ95
O75956,Q14582
P26951,P49716
Q8N8S7,Q9UIV1
Q13637,Q92519
Q6PIL6,O94927
P46734,P62820
Q02543,Q8IZP0
P08833,P18615
Q7Z7C8,P98160
Q8WVY7,P35916
P00451,P09874
Q9NV56,Q05639
Q9UGJ0,Q9UGL1
P62875,P10916
Q8N729,P50749
Q8WYR1,Q9NV31
Q9H8Y8,Q9P0K7
A8K8P3,P09382
Q14676,Q9UKA2
O43294,O15066
Q9GZV8,Q71DI3
O60486,Q9UKT9
P54646,Q9HBZ2
O60516,O43353
Q9NWT8,Q9NQB0
Q9NRI5,Q8NA54
Q9BYE7,O15357
Q96A72,P35251
O43745,O43264
Q9NRZ9,Q9UIV1
P35555,P60604
O60264,P18507
O14879,Q96AH0
Q9UKT9,Q06413
P47224,P35916
Q6P4Q7,Q9P246
Q9H4M3,Q8NCQ7
Q9H0D6,P55055
P98155,Q9NY12
Q9HCG8,Q92889
P06241,P10275
Q9Y698,P20226
Q99962,P56192
P62304,Q9UBD5
Q92882,Q13523
Q8ND04,Q9P2D0
O75689,P15090
Q9Y463,P57678
P24522,Q92838
Q92887,Q8WVM0
P15923,Q9NQC3
Q96JB5,Q12802
Q13232,P08246
Q15029,Q13087
P38936,Q99640
P20963,Q7Z6Z7
P62306,O00716
O75529,Q9H254
Q9H422,Q96RT8
Q13586,P32246
O95235,Q92889
Q9NQT5,O15344
P14866,P02741
Q9NPQ8,P10244
P42336,Q9NRZ9
P24386,Q09470
P29376,O00287
O00757,P01116
Q9H3M7,Q99952
Q99584,P35998
Q12830,Q8IWZ6
Q9UIQ6,Q9C0C2
O95721,P16152
P55789,O43913
Q6NZY7,O60285
P50914,Q8NFZ5
Q15544,Q86VN1
Q12841,P07237
P20849,Q9UKB1
Q96J84,Q96CS4
Q99653,P04070
P17275,Q9Y4K4
P43364,P84243
Q99640,P11277
Q9NVR0,O43896
Q6AHZ1,Q9H2G4
O43189,Q9HBM1
O75528,O00308
Q12947,P15382
P04083,P35568
Q9BT67,P55895
P35221,Q9UKS6
Q96I99,O43432
P00492,Q70EL2
Q9H5V7,P27348
P41212,P17342
Q9UKF6,Q86SX6
Q14990,Q92754
P61923,Q9NRI5
O60825,P49639
P23467,Q96T60
Q8IUQ4,Q9UL63
P62942,P62875
P17535,Q6IBW4
Q9NPI8,P03951
P28328,Q14114
O95278,Q9Y2V0
O60486,O95197
Q4VCS5,Q9HB90
P11177,Q03518
P09693,P01730
O60927,P25685
Q15696,P98172
Q6GQQ9,P55196
P21817,Q9Y6D6
Q92754,Q6VY07
Q00987,Q8IYD8
Q86XE0,P26599
Q9NQC3,P16112
P09603,Q9BU64
Q9NRL3,Q9H2K2
Q96AE4,Q99575
P07766,Q9Y2W2
O43353,Q05682
O94972,Q6ZUJ8
P30273,Q9UQK1
P49643,Q07325
O43543,Q9UKA4
Q96EV8,O15145
Q96J02,Q9P253
P51677,P51965
P00748,P49116
Q8WU17,P62140
P06702,O76021
P06493,Q8N1I0
P17980,Q15459
P51531,Q8TBZ3
Q12778,P30203
Q9H6T3,Q8N9N5
P61204,O95503
Q9H2G9,Q14203
P55197,Q9UKY1
Q9UKF6,Q9P104
Q9H0W8,P63010
P02743,P29992
O95402,P28065
O00257,O75317
O15116,Q99062
O14757,Q9ULC4
P05161,P85298
Q5XUX1,O95071
P14866,Q96CS3
O75689,Q9UHI6
O14737,Q9H147
P41208,O75528
Q13332,Q13029
Q5D1E8,O94888
Q92542,P00533
Q9H2L5,Q9BQ95
P12272,Q96M61
Q9NYF0,O60840
Q9Y5B0,Q8N3R9
Q9HD67,Q9HAQ2
Q8TD08,Q9H1K1
Q9UPW8,O94905
Q9NZ94,P78413
P21860,Q96RJ3
Q9BT25,Q13432
Q9Y3Q8,P55055
Q92973,Q9Y243
P42229,Q15788
Q15506,Q92830
O95967,Q07864
Q9BQQ3,P32942
Q9UNE2,P26599
Q13310,O75817
P22059,P02786
O60675,Q9UMX0
P01112,Q8WXX7
P04049,O75925
Q02878,Q14204
O75175,P07196
P62714,Q15544
O43491,P13598
O15457,P56159
P0DI81,P68871
O43488,P15692
P78543,P62879
Q9BS18,Q99598
P62249,Q9Y297
Q9Y275,O00141
Q01453,Q9H4I2
Q14566,Q9UNN8
P50213,P21926
Q9P2D0,Q9GZT9
P61081,Q96NY9
Q99583,P63167
Q96EU7,Q8N5C8
O75161,P05771
Q12972,Q00005
Q02487,Q15555
P62906,Q6PH81
Q53T94,P27701
Q6TFL4,P25189
O75446,Q9UMF0
P55039,O75928
O76003,Q7Z412
P02686,P00918
P52306,Q13418
Q9H8V3,P20849
Q16666,P62834
P01588,Q7Z7L7
Q9C0C4,O75525
Q9ULC4,Q13094
O60516,Q9P2G9
O15525,Q8N8A2
Q9H221,O60739
P18146,Q8IY31
Q86SE9,P10398
Q9BT25,Q8N5C8
Q92793,P07951
P35241,P23582
Q9P2W9,O43294
Q96HE7,Q5T2T1
P12956,Q8TEK3
Q9BPX3,Q5U5X0
Q9UBF2,O75489
O43592,Q76FK4
Q96AY2,P05813
Q5T3J3,Q14626
Q9C0C7,Q9Y215
P26951,O95278
Q9H0C5,Q14512
Q8IWV8,P62841
P19544,P01889
O75293,Q86TM6
Q9NZL6,O14618
O43447,Q9NQB0
Q96II8,P06746
P43403,Q92918
Q8IWV8,Q13761
P32302,Q96HS1
Q96NE9,O15455
Q9UPY8,P10827
P05362,Q9UNM6
O43852,Q6NWY9
O60603,Q6N043
Q99665,Q13571
Q9H165,Q9P2M7
Q8N122,Q96S55
Q9NRY2,Q99418
O00743,P49238
P09622,P09913
Q15120,P56693
P62750,Q92614
Q96QH2,Q02297
P23511,P01579
Q5RKV6,O15116
Q6NZY7,P14625
O60825,Q6ZRS2
P61923,P51946
P26641,P25054
Q15942,Q7Z412
O60296,O43719
Q93063,O43318
O75865,Q9NPI6
Q96EB6,P61925
P41229,Q9NZN3
Q6R327,P60484
Q14566,Q9UNS2
Q9Y6Q5,Q8TAG9
Q8IWV8,Q969R5
P33240,Q9BZI7
O00231,O00273
Q13009,P13569
O00716,Q9Y3L3
P02778,P52952
Q96JN8,Q9UIF7
Q7Z7C8,P15090
Q3SYG4,Q9NWF9
Q96CS4,Q00987
Q96AP0,P09486
P18077,P98160
Q14764,Q9UI47
Q9H944,Q15418
Q8NHZ8,O00287
Q96EB1,O60830
P61626,P19419
Q53T94,P55317
P10242,Q92796
Q5T124,Q9Y6F1
Q6P2E9,Q13542
Q14012,Q01844
Q9H5V7,O43765
P07355,P50151
O75969,Q13002
P33897,P25054
P41743,O15205
Q14596,P48551
Q9UJM3,Q8N5M4
Q9UNE7,O43251
Q8NHZ8,Q3ZCQ8
P40123,Q9Y2X0
P61086,P11308
Q96A56,O95210
P20719,Q3LFD5
P53803,Q9H6T3
P20273,P52630
Q8WZ74,Q96IF1
Q8IYB3,Q04912
P53803,Q7Z6E9
Q8N3X1,O60609
P22413,Q02078
Q9Y6N7,O75807
Q01638,Q969H4
O00567,Q99576
P56645,O15084
Q9BVW5,Q13404
Q96A56,P32780
O43164,Q96L14
P24386,Q96A47
P16591,P62070
P07954,P51684
P05108,Q9NP64
Q03188,Q96AY2
P04899,Q15154
Q9UPZ3,O00308
O43707,O75970
Q6ZNA4,Q9UNY4
Q9NYG5,P04406
O75182,Q96JB2
P35638,P17342
Q86Y91,Q9H147
Q14739,P49763
Q8TEY7,Q04724
O00244,O15457
Q8N3U4,Q9NVI1
Q16695,Q13643
P42772,Q9H0U4
P62508,Q86VQ0
O75144,Q7Z569
Q96NA2,P55089
P31942,Q14865
P29466,Q9H8T0
Q13315,Q96FJ2
Q13595,O43491
P62312,Q9UP52
O43251,Q12873
Q16537,Q15596
Q96A47,P11308
O60486,P18054
Q9UIF9,Q9Y2D1
O75197,P19532
Q5T5X7,P16860
P15407,Q9BQ67
P13671,Q96KJ9
Q05397,P49754
P42229,Q8TBZ3
Q13905,P29692
Q96A56,P18510
O43583,Q86US8
Q8IZP0,O95425
Q96L91,Q5T7B8
Q9H9T3,O76075
Q7Z6B0,Q9ULB1
P40306,O43196
Q9H4L5,P18859
P01034,Q9UPT6
O60500,Q86VP6
P62324,O14730
O43681,O94813
O75506,P81408
O00487,Q9NS91
O00548,P01584
Q9NV44,P51668
Q14865,O76075
Q13009,Q5TD97
P51148,Q9BUN8
Q8N3R9,O75934
Q06787,Q6SZW1
Q99961,Q04756
P61086,Q9H469
Q7L590,Q14814
P14555,Q13351
Q9H7Z6,P62310
Q15843,Q9UIF7
Q16602,O14544
O43734,P36897
Q13705,P50591
Q9HAW0,P06493
P08235,Q07020
P01042,P04150
Q5JVS0,P41252
Q8WYH8,Q8WWN9
P09769,Q8IZJ1
P07225,P11474
P22459,Q8TES7
Q9H211,Q9Y478
O75628,Q5XUX1
Q06787,P12314
P01374,Q9Y248
P57678,Q9UIB8
O43929,Q9H1D0
P21802,P40939
P39060,O14727
O75340,Q92966
Q8IZD4,P26374
Q08722,O43242
Q9Y6M7,Q9NSC2
Q9UBW7,Q9BYE7
P47897,Q96KQ4
P19174,Q07864
O00401,P05129
Q86YP4,Q9Y264
P61328,P17096
Q7Z465,P14373
Q674X7,Q14152
P08670,P01308
P41236,Q99719
P51116,Q13546
P23297,Q9UKT7
P40222,Q53HL2
Q9NWV8,P50616
O75369,Q9NV56
O00220,P17544
O75410,P51677
Q9UBQ0,P60709
Q14194,Q9BQ95
P08651,P42345
Q9NRW1,P62906
P08151,Q96T37
Q9UQ84,Q04721
Q99661,Q9UGI9
P45379,Q15506
P46087,P38398
P52565,P20810
Q15170,Q08334
O15160,O14948
O15371,P15374
P55789,Q92530
P61978,Q9H1I8
O43189,P35611
P08949,O75506
Q02930,Q71SY5
Q8WYP5,P21796
O95278,Q6NUQ1
Q9NUU7,Q15029
P10451,P68431
Q9UHQ4,Q9HAW0
P25054,Q9Y2Y0
P78364,P10071
Q99665,P31942
Q99567,Q8NFH3
Q6R327,O75478
P61604,Q9Y6H5
Q9H0E7,Q9Y5B0
Q92558,Q9UGJ0
Q8N201,P02675
P07101,P30154
Q9HBH7,Q9UIU6
Q13492,O96028
Q66K74,Q9UBU8
Q969K4,O95544
P58753,Q5VTR2
O43187,Q8N5H7
O75558,Q99618
Q9H8T0,Q13224
Q5S007,P56178
P10916,P63010
P20333,Q15311
P08684,Q02297
Q96PU5,Q8N9M5
Q9H9H4,Q9ULJ8
Q9UJU6,P01892
Q6GQQ9,Q6IA86
Q96PB7,Q9BTP7
Q13227,Q9NR80
O95831,Q9ULW0
O75865,Q13232
P54257,Q15746
Q9NPI8,P37173
P50991,P11171
Q9BXB1,P10275
Q6PIJ6,P14923
P04070,P14921
Q8TAQ2,Q9UNM6
P19838,Q04721
Q9NQC3,P21728
P52945,Q13887
P25815,O60240
Q9UKT9,Q9UPN7
P50148,P10398
Q9NPJ6,O60504
O75161,Q16595
P01127,Q15003
Q9UI12,Q702N8
P16220,Q9NSE2
Q9ULI3,Q8N196
Q8N3L3,P01308
Q9H6T3,P28827
Q9UJV3,P18564
P50991,P43686
Q9BRK5,Q9BZK7
P16871,P16109
P01116,Q99942
Q9NZN5,P25800
Q9NR46,Q9BZI7
Q96E09,Q9Y2T3
Q13888,Q9NP64
Q9HBI1,P26717
O43402,Q8NHL6
O95271,Q9UHN1
P07996,Q9UJX4
Q9NV58,P61457
P84022,Q86XL3
Q9BVI4,P05549
Q12929,P20807
A8K0Z3,P29459
Q5XUX1,P08572
O75312,P12544
P14373,P15941
O14879,Q92796
Q96J84,Q9H8S9
Q96CW5,Q9Y3T9
O60741,Q13608
Q9Y244,P25788
Q9H8V3,Q9NY61
Q9BXB1,P53999
Q96PN7,Q8NCM8
Q07866,Q6NZY4
P28482,Q15334
P37088,O75150
P38432,Q9NPC6
O75461,Q92904
Q9ULX9,P17600
Q7Z406,Q9NZD8
Q96NE9,P01236
Q96QK1,O95967
P62753,O75478
P16035,Q9Y4A5
O43292,Q06830
P37088,Q99719
O43663,Q9Y2W7
P49755,Q9UKL3
P78347,P35354
Q99653,P27037
Q99523,Q13889
O75586,O15151
O43745,Q9BZE4
Q15173,Q9UNN5
Q99966,O14933
P30279,O60830
Q9Y244,Q09470
Q15170,Q9UK41
P04229,P01275
P01127,Q9BWU0
O60927,O00548
Q9BXL5,Q9Y5K5
Q8TD16,Q8N9M5
P49642,Q8N196
Q9H2G9,Q16082
Q9UJM3,Q86U86
Q9UGM3,O14901
P11216,P22307
Q32P44,Q96IT1
Q13045,P84243
Q9UPX8,P25787
O75865,P51398
Q9Y2W2,Q13541
Q8WXE1,P05108
Q8WTW3,P18433
Q9UBZ9,Q8TBB1
Q99748,Q96FV9
Q9HBI0,Q12788
P57081,Q9Y5P4
Q14194,O14757
Q86YR5,P34932
Q9UHQ4,O43294
O15457,P55771
Q2TAY7,Q9NVF7
Q9H944,Q08499
P14923,Q9NPF4
Q9UQ84,Q9NRY2
Q01892,O15446
P02748,O75477
Q15672,O75791
Q15366,Q9UBT6
Q8WZ42,P20290
Q9ULC4,Q9NSC2
P11362,O75807
Q99665,P01189
Q8IY57,P15090
Q00577,O60664
Q9BRB3,P34130
P24863,P07093
Q9BXL5,Q09028
Q14565,P67870
Q9UM07,P21728
O75494,O75477
Q92754,Q03519
Q14565,Q7Z569
Q9NP66,Q71U36
O60716,Q05209
O75586,P15692
P0C1Z6,P10827
O15530,Q92608
Q9NY93,Q86WV1
P10914,O14599
Q9UBN6,P52435
P35237,O75312
Q14831,Q8NFZ5
Q9UBZ9,O43665
O75410,P55055
O95352,Q9Y3C8
Q15645,Q9H9C1
P54646,P23468
O60741,P85298
Q86X83,P17535
P49137,Q7L9L4
Q9HBW0,Q03181
Q9NRR4,Q13617
Q9NQC7,Q96FJ0
P30989,P28340
Q16832,P42680
Q14008,Q00987
Q5SW79,P51911
Q8N3F8,P23327
Q9H461,Q9UER7
Q12788,P28062
Q9Y2J0,P26927
P67870,Q9BY11
Q9H2L5,P09564
Q93052,O95278
P49841,O60826
Q6UB99,Q9NZU7
O15078,Q6ZYL4
Q9UGM3,P49137
P28074,P56693
Q13625,Q9Y2W2
P36873,Q96T37
Q96GM5,P42025
P35869,Q9NPF7
P29692,Q9Y2Z4
Q9Y572,O00255
Q9UI12,P63220
P62195,P21953
Q8IWU2,Q9UIF7
O15018,Q13608
Q96RU7,Q9HCS4
Q9NWT8,O75663
Q99728,O15068
Q8N6M0,Q9BSV6
P49675,P08246
Q8NE01,Q96EK4
Q92736,P26367
P31629,Q96EY7
Q9UKW4,P67775
P13051,P20618
Q96J84,P49116
O15143,O95487
Q92993,Q9UGK8
Q9H939,Q9BY84
Q96DU3,Q9Y2A7
Q15054,Q66PJ3
P09972,Q13163
Q99626,O60216
Q92844,Q15788
Q9BTW9,O75439
Q7L3B6,P15976
P13224,P62314
Q96CW1,Q13042
Q9UJF2,P49759
Q15717,Q86T24
Q00536,Q9NZD4
P52948,O43815
Q15418,P27361
Q8N5Y2,P30460
Q8TEQ6,O75695
Q8WU17,Q9Y6I7
Q9NZD4,Q5T9L3
P11047,Q7L0Q8
Q9H2B2,P18075
O76021,Q99835
O00198,Q13112
Q04864,Q9GZX6
P49721,Q6IBW4
Q5VST9,Q13362
P25774,P06858
P05412,P28360
Q9NWQ8,Q5JY77
Q01344,P20273
Q13114,Q86VP6
Q13085,Q7L0Q8
Q9NQ48,P19793
Q9UJY4,Q9H2X6
Q8IYD1,P49407
Q8IYD1,Q8N3F8
Q99574,Q92777
Q9UKV3,Q8WXA9
Q15650,O00628
P62820,Q6VAB6
Q6ZRS2,Q16478
Q9UGP5,Q9UHQ4
P09619,Q9NPF4
P49427,Q01658
P31629,P48553
O94905,Q9Y2V0
O75081,P22392
Q9Y5X1,Q2TAY7
Q96KJ9,Q9H6D7
P36956,P55347
P04075,Q13011
Q15109,Q6NZ67
Q09472,Q9UBI6
Q8TEQ6,P28062
P35354,Q9BQ67
P32245,P61225
P30101,Q13643
Q9HCI7,Q96PF2
Q8TE68,Q9NZN5
Q6FIF0,Q9BRQ0
P31689,Q9ULK4
Q13156,Q15468
Q99665,Q05516
O00512,Q9BW11
Q9Y5J7,P50553
Q9UL25,O15519
Q9H7L9,Q08050
P36542,O95863
P52655,O75592
Q92599,P41229
P08684,Q9NQZ3
Q9UBX5,Q86US8
Q9NV44,Q12913
P26641,O75676
Q16778,P06239
O75914,O14492
P31629,P10828
Q96SB3,O60488
Q9Y613,P51553
Q9H307,P08588
Q7Z3Z4,Q9Y283
Q9UKA4,P20749
Q8NFT6,Q9NRR4
Q08AG7,P25189
Q9UBV8,Q9UK58
P18621,A5YKK6
Q9NTI5,P46087
P06703,Q15388
P08908,Q5VWQ8
P28907,Q9NWA0
Q63ZY3,Q8TB52
Q96B02,Q9BZK7
O95352,Q9NZN3
Q96EF6,P32942
Q9HCU9,Q6NYC1
Q9BXS5,Q14240
P13639,P29320
P23760,Q15427
Q9C086,Q9Y4Y9
Q9H3M7,O75061
P30542,Q03181
Q9Y5P8,Q13541
P12273,O15116
Q96LI5,Q7L2E3
Q93009,P28702
Q9UBB5,Q9H147
P45983,Q99466
P30876,Q9Y2A7
Q04637,O00255
P30511,Q8IYB3
P50281,P55795
P43364,P05783
Q15834,Q9H1R3
O75925,Q13761
Q8N556,P55735
Q8NDX5,Q05209
O43924,P11166
Q86XR7,P15173
Q8NE01,P07093
O60291,P30556
P49716,Q04756
Q9NP85,P14373
Q9NV92,P09622
P22695,P51149
Q9BRK4,Q99471
Q9UPY8,Q9NWF9
Q99836,Q15562
Q9H4B4,P07951
Q9UBF1,Q9UKT4
P46939,Q96L14
Q9NPH3,Q16825
P26368,Q14938
P01116,P20849
Q9UBC3,Q14582
Q9P2W9,Q92570
P60520,P35612
P62266,Q9NRD0
Q8N8A2,Q8NB12
Q13347,P60763
Q8N1F8,Q14393
O00268,Q92574
P10916,Q9UHC6
Q9BXW9,O00141
Q09472,P63000
Q9NX70,Q8NEM2
Q9P0V9,Q92569
P02743,O94813
Q15759,Q92830
Q9H074,O15151
O95149,O94817
P55085,P08151
O60884,Q8N5R6
Q9HCG8,Q9UPT6
Q9UMD9,P01023
Q01130,Q15109
P01189,P47224
P61244,Q9H270
Q99653,Q9H204
Q01201,Q8IXJ9
P46939,Q86WV1
Q9H4E5,Q96T37
Q9H6Z4,P60842
Q9BXM7,Q9Y248
Q13868,Q8NFH3
Q9H221,P25054
P28072,Q14289
Q9Y2Y1,Q92585
Q13642,Q9P253
Q9UNF0,O94985
Q8WWN9,P04198
Q9UFG5,O75629
P05452,Q7L2J0
P51948,P19387
O75363,Q12834
Q06643,P40939
P60880,Q8IZD4
Q6ZN18,O60716
Q96KN7,P16949
Q68CP9,P05156
Q14161,P36954
P42575,P07992
P78396,P02760
Q969F2,Q8TAG9
P41236,Q6NXR4
Q9UBS5,P62913
Q14677,Q8NEM0
O96011,P46531
O75351,Q9H0K1
Q07889,P36897
P49716,Q9Y297
P52655,Q86XR7
Q9H0E2,Q14562
Q96EK4,O15144
P23582,Q16828
O95352,Q58A45
O95487,P20339
Q8TD08,Q9H015
O14618,Q7L2E3
P26951,Q9BZJ0
Q09472,Q9UPY6
Q13352,Q96AY2
P41229,Q13873
Q7L8J4,Q00975
O14745,P01892
Q7Z6G3,P35916
Q9UL62,P40937
P17252,Q12996
P51178,Q9NYB0
P25063,P41146
P54132,Q6UN15
P49916,O60216
P17813,Q9H2X6
O95816,Q8N5H7
Q9UJV3,Q9UPZ3
Q9BXW4,P62310
O95429,P01023
Q13151,Q99640
O75312,O95758
P42261,P36941
Q9BPW8,P26927
Q96PM5,P43627
P63279,Q9NZN5
Q16629,Q9UL62
Q8N6M0,Q9Y5Q8
Q8TB45,Q9NWT8
Q96L91,P06396
Q9H9T3,Q9H6U6
Q68E01,Q96JH7
Q99962,Q13351
O15503,Q8WW38
P35052,P04075
Q15051,Q9Y5B9
Q86WT1,Q9P2Y5
Q9C035,Q14974
Q3LFD5,P07196
P31483,Q53HV7
Q969R2,Q9UGI9
P07359,P22692
P10646,O95243
P83876,Q9H334
P22314,Q86W92
Q07325,Q5JVS0
P55317,P01275
P01040,P51884
P61024,O75170
Q9NQ48,Q9UHF0
P08670,Q5TCZ1
P61978,Q12873
Q13561,Q8WXE9
P57796,P63272
Q969R2,P60709
P09234,Q6ZUJ8
P11831,Q00613
Q01831,Q5SW79
Q00526,P23945
P56377,Q9ULB1
Q9Y2U5,Q01658
P46734,P17181
O15143,Q9H7D7
P09132,Q9BWW4
Q9UPQ9,P51114
P26373,P32246
Q14498,Q9P0W2
P35670,O14770
Q99727,Q9C005
Q9NSA3,Q14118
O60825,P51610
Q96CS2,Q9BY43
Q9UBI6,Q2NKJ3
Q14790,P02654
O43734,O95163
Q9NTG7,Q14764
O60583,Q9P0P0
O95628,P15382
Q96T76,P49116
P56270,Q9Y4J8
P42685,Q96MH2
Q9UJA5,Q9UIU6
Q9H2G9,P60842
Q5T5X7,Q6IBW4
O14519,Q07912
P55072,O00716
P61916,O14893
Q09028,Q9UK97
P09769,Q8N1E6
P21452,O43432
Q96KR1,Q06481
Q15599,O75934
P81877,P08138
O43680,Q969P5
O43663,Q9UL46
Q96KJ9,Q13936
P01889,P12272
Q9HCS4,Q9UPN3
P54259,Q9Y264
P11532,Q9NPJ8
Q9UG01,Q9Y264
P43356,P51572
P0C2W1,P49721
P35606,Q9P246
Q9BZL4,O75689
P18887,Q9UIV1
Q00536,Q9H765
Q99748,O94817
Q02156,Q9BTW9
P11216,Q9GZQ4
P49642,O60583
Q14974,P07288
Q8NI35,Q9BQ67
Q93074,Q15554
P02751,O60840
P13667,P98172
Q5T5X7,Q05469
Q9UKT7,P62913
P16104,Q8TF40
Q9HCG8,Q9Y343
Q7RTV0,Q08043
P23469,O00429
O94889,Q86UP2
P04141,Q86SQ9
Q5T5C0,P06746
Q15349,P61244
Q15582,P05556
P52952,Q8WXE1
P16104,Q96RU3
P48357,Q16890
O00625,O43196
Q15382,Q02388
Q96JB5,P55010
Q13387,P22392
O43364,Q32P44
Q02930,Q9P2B2
P51888,Q9BRQ0
Q96CA5,P81408
Q6ZN18,P02743
Q8N201,O43264
Q9UMX1,Q6ZTQ3
P21333,P24278
P01034,Q15046
Q92985,Q14974
P41134,Q9Y5B0
P24394,Q9BQB6
Q01826,Q6ZYL4
P23769,Q9Y698
Q9Y2S7,Q15744
P05412,P40123
Q8TEB1,Q15643
Q02930,Q13287
P19544,O60240
Q9H1A4,P49327
P0C2W1,Q9UBF6
P18465,P38484
P09769,P01034
O43395,P55316
P11388,Q9BV38
P49006,Q99547
O14576,Q08050
Q9UNY4,P54577
P61024,Q9UNF0
O14492,P61968
P12081,P30281
Q9C0C4,P23945
P05107,Q9UJU6
P84996,O95997
O60239,P39023
Q9BY77,O15144
P43026,Q969G3
Q8TBZ2,O14901
Q9Y6R4,Q71F56
P62875,Q01658
Q9Y2Z4,Q92783
Q9UJU6,Q9BWW4
Q13596,P54198
P51170,P16112
P78543,Q9Y3C4
Q14112,Q16644
O95639,Q99661
O00585,P15884
Q9Y4D1,Q7Z494
Q7Z7C8,Q8N122
Q9H668,Q7L523
P63167,Q04756
P48552,Q8IWY9
P54274,Q7L5Y6
O75175,P41279
Q09013,Q9BUL8
O43187,Q13322
P35568,Q13901
Q14512,O60216
P31689,P25024
P29622,Q96KJ9
P98155,Q9Y5K5
Q9UKV3,Q8TBB1
Q5T3J3,Q7Z5K2
O95816,Q5XPI4
P26367,Q05682
P10155,O14544
O60711,P12273
Q53HL2,P41236
Q8NFT6,P08637
O15264,P46736
Q13057,Q8N556
P78504,Q00526
P34130,P49327
Q13144,Q05209
P29373,Q96B02
Q5VTB9,Q9NW38
O60896,P04066
P62736,A9UHW6
Q8N122,Q9UHB4
Q9NYF8,Q96LD8
Q9UJV9,Q9P0P0
Q9NV58,Q8N729
Q01664,P07315
Q70CQ1,P37840
O95433,Q9UIG0
Q9NYB9,Q12962
P05386,P20810
Q9NRA1,P13232
Q08881,Q9NRI5
Q9NZ94,Q00987
Q06587,O75969
Q99966,P30499
Q9UFG5,Q9BTC8
P35869,Q9Y698
P12081,Q9Y3C4
O14983,Q13873
Q05193,Q13444
Q8N6P7,Q9UBQ5
P84996,O00443
O95297,P46060
Q9UKW4,Q9UHD1
P11047,P39748
Q8WYR1,Q3LFD5
P53567,Q96T23
Q6PCD5,P30622
Q9Y483,Q9NQ25
O15530,O00628
Q15942,P49761
Q04759,Q2NKX8
Q99967,Q9H4I2
P22830,Q9Y3D8
O95573,Q92796
Q06323,Q9HCS4
P19474,O95831
Q9NRA8,Q9UBI6
Q14161,P02741
Q96JH7,Q92542
O43292,P62508
P62273,P32239
Q9NZV8,O60285
O75146,O14958
P02647,P26367
Q13137,O43447
P07288,Q93008
Q96II8,Q9BQE4
P46777,P30876
Q9NWF9,Q99972
P61758,P43364
Q04917,Q14738
Q92844,P63215
Q6ZN18,P57678
O60239,P20908
O14958,O00628
Q5VTR2,Q12888
P31749,Q7LG56
P07996,Q16526
O75340,A2RRP1
Q13492,Q9H257
O60675,Q92918
P00750,P46019
Q7Z2E3,Q00839
Q9Y3C5,Q96F07
P51398,O95573
O75431,Q12967
P00747,Q9H3S7
Q9BUH8,Q9ULZ2
P46087,P54725
P29371,Q9UNN8
Q15834,Q9UBY9
Q9UM47,Q96CW5
Q02952,Q6IA86
Q7Z6J0,Q5VTL8
Q86U70,P62841
P09936,Q5TD97
Q92854,P29274
Q92844,P25774
O43602,P35637
Q9Y2V3,Q8WWW8
Q7Z6A9,Q71SY5
O00233,O43516
Q92529,Q13285
Q53HL2,Q06546
Q8IXI2,P25063
Q9UIQ6,P41227
P18621,Q9UGI8
P31749,P30305
P49459,O75940
Q8WVJ9,O94927
Q12959,O43402
Q16548,Q92625
P32004,Q07020
P38159,Q9GZN8
O60486,P61956
P36873,P35556
O60516,P85299
Q14498,Q8TEP8
P16333,P98164
Q92667,Q9NZM3
Q86UT5,Q9BYG5
Q8IWI9,O14544
O43196,P18084
O00566,P20333
P25024,P49795
Q9NR77,P20807
P10914,Q9UHN1
Q14938,P18615
Q7Z419,Q9NY33
Q92918,Q96I99
Q8N196,P18846
O60256,P68363
O14649,P25189
Q9H8V3,Q9P2Y5
Q96DY7,Q8NDV7
Q5XUX1,P38606
Q9UJM3,P81274
P04083,O00124
Q07157,P49754
Q8N196,Q7Z417
Q4LE39,Q8NCQ7
Q9UFG5,P52952
O43889,P17275
P55773,Q8WVC0
Q9Y5J9,P47874
Q07352,Q9P2G9
Q14626,Q14152
P11387,P02545
P23560,Q86Y91
P51812,Q9BQ95
Q15717,Q9BQ67
Q96B97,O75592
P01116,Q9NPF4
P49238,P05106
Q8TF74,Q9UL63
Q13895,P06881
Q13131,O95336
P08588,Q9UQ88
O60240,P42081
Q9H2X0,P20226
Q8NBW4,Q96NA2
Q9BU64,Q9UER7
P28074,P23297
Q96QK1,O94829
O75689,Q6PH81
Q8N6P7,Q96AX1
Q99741,Q9UH77
Q9UP52,O14939
P05231,P52597
P28074,O75170
P11940,P07766
Q9H4M3,O60232
Q9Y2V0,Q9BZW8
O94927,O75717
Q9NYA1,O00522
Q8IVH8,Q9BRQ0
Q8NG41,P26885
P07384,P23582
P23258,Q14197
P26368,P10747
P55957,Q9Y3U8
P51116,Q9BQ15
Q14990,Q14676
O14958,P15382
P63010,O95243
O95402,Q8WTR2
P23469,Q9NPC6
Q01201,P21453
Q7L804,O75150
O15360,Q92887
P80098,Q6VY07
O60296,P12268
P14625,P05556
Q9UBT2,P21453
Q16531,P68032
P54284,Q8WVM8
Q96L92,Q3V5L5
P61619,Q9UJY5
Q16667,P42684
P49257,Q8WXE9
Q9UKV8,P36405
Q86SQ0,O15297
Q13418,O76064
Q8TBZ3,Q14289
P78362,Q8IW19
Q04323,Q92636
Q02543,P10145
P01374,P28069
Q68E01,P60604
Q7Z4H7,P53618
O14511,P46695
Q15389,Q9NXR1
Q13705,Q5T9L3
P62273,Q9BWF2
P35638,Q15365
P50281,P51957
P35269,O75970
P51398,Q96C24
P38919,Q9HB90
Q9Y2T3,P12644
O43150,Q14011
Q13546,Q9P2G9
P23467,P46776
Q9Y5Y5,Q9Y2V3
Q13472,O95819
O43264,Q9ULV3
Q9ULM6,P61956
O60934,P62244
Q9Y6N8,Q96MT8
Q13523,P16144
Q8IWT3,P54578
O94966,Q13322
O60840,Q8N7R7
P03951,P24278
P08581,Q15038
P01135,Q9Y6M7
Q9UNE0,Q3ZCQ8
Q9UGL1,P51172
Q9BVM2,P55795
Q9BUZ4,P57682
Q8WWW8,P50453
Q9UQ88,P62316
Q04771,P10515
Q15811,Q12840
P16619,P57678
Q14511,Q9UQM7
P21506,P36542
Q9HB89,Q13464
P07332,P36404
Q9NXR8,Q8IYB3
Q15831,Q86SZ2
P01106,P22607
P00451,Q9H6U6
Q9H1K0,P15941
Q9HCI7,Q07325
Q07866,Q9BRQ0
O94973,P68871
Q14919,Q9BW61
Q7RTV0,Q92830
Q9H765,Q9UKB1
Q96JN8,P56279
Q8WWW0,Q5VTR2
O76070,Q13002
Q15022,O95257
Q15528,P28161
Q99436,O00585
Q07812,Q5TCZ1
Q9NPF5,Q6NYC1
P06400,P61758
Q8N1L9,Q96BR1
P15407,P23193
Q9H4H8,Q96QC0
P26641,Q9UNY4
Q9UK45,Q16633
Q9H2X0,O75629
Q8NDV7,Q15811
P20339,P08887
Q49AN0,Q8IZT6
Q7Z4G1,P55196
Q16611,Q9P000
Q14202,O75962
O43745,Q9UHF0
P01112,O00303
O43852,P05783
P18848,Q7Z494
P14784,Q15323
P22455,P62070
Q14677,Q96QB1
P22674,Q9GZQ4
P01135,Q9UL46
Q96CF2,P30622
P26010,Q16695
P02768,P30307
Q08334,Q8WXF1
Q01831,P23396
O00623,P17600
P49716,P05771
P29373,Q96NY9
Q13554,P31321
Q9UBZ4,Q0VG06
P32004,P61925
Q9UKV3,P84243
P16410,O43707
P49792,P78371
Q14919,Q15831
Q15831,Q96B67
O75604,P11216
P28074,P06239
P07948,P01019
P16070,P02749
Q9Y2A7,Q96A44
Q99467,O00244
Q9H4M3,Q9NR55
O43439,P16278
Q16656,Q96AH0
P61006,Q5JVS0
Q13614,Q9NXR1
Q9BYW2,Q9P0V9
P17275,Q8IVH8
Q9H8Y5,P42263
O00192,Q9H2D6
Q05513,P31942
O14599,P05129
Q9NY33,Q9NP97
Q13233,P35398
Q7Z6J0,Q9HAJ7
Q9UKA4,P49815
Q99436,P29274
P78543,Q15287
P05160,Q9ULM6
O75323,Q15303
P13010,Q9UH92
O14925,O43513
P61020,Q92796
P09958,Q9UQB3
Q8WUH2,Q9UQB8
P15822,P07992
O95297,O60256
O95619,Q96MW5
Q9BUQ8,Q9Y587
Q15475,Q15942
Q03431,P04628
Q14004,P16104
P08603,Q8NBT2
Q13625,Q9NSE2
Q13387,Q6PIL6
Q13642,Q99598
Q5VZL5,O75312
Q08334,O43502
P20138,P30556
P29475,Q2NKX8
Q8NHW3,Q00534
Q9BTP7,Q9NW08
O95198,P61586
P61769,Q9H2D6
P68431,Q9NW38
P18887,Q9BQG0
O95295,P04183
Q96G21,Q9UHV7
Q9UBN6,P29692
Q5D1E8,O95977
P18847,Q9Y262
Q8NC69,Q9BW71
Q68DK7,O95696
Q9UMD9,Q9BYG5
Q9Y6X2,O60741
Q02790,O94985
Q15369,P13612
O75369,Q13588
Q96B01,Q15672
Q9Y3A3,Q07864
Q14626,P33993
P07225,Q86SQ0
P11940,O14727
P19105,Q96QG7
Q9H3M7,Q9NX47
Q9BZI7,P21860
P37173,P06702
P26441,P19388
Q9Y6M7,O14802
Q9H4M3,P49736
Q15853,Q4AC94
P11473,Q08209
Q5MJ70,Q9Y6H5
Q92673,Q2M2I8
P14373,Q13404
Q5JTV8,Q96F44
Q96KR1,P53992
Q9Y6X3,O14920
P10147,O15533
Q9Y692,Q86WT1
P41146,P78552
P63010,O96028
Q8NDX5,O00339
Q9Y3C8,Q9UPY3
Q9HAV0,Q93008
Q96FZ7,P45984
O95983,P30048
Q96EU7,P42679
P15173,P04080
P78396,Q14118
Q9UBF2,P68032
O60840,P08575
O75144,Q04637
Q96GM5,P04085
Q92922,P84022
P03372,Q9UHD8
Q15120,Q9NRL2
P51116,P11308
P61158,Q9C0J8
Q12774,Q6IAA8
O43395,P25788
O60927,Q9Y343
P78364,Q14344
P35869,P51965
Q92835,Q92888
Q9BXB1,Q8TEB1
Q9H944,P51671
Q01344,Q3LFD5
Q8WV16,P85037
Q96Q27,O15511
Q7L591,P51965
O95140,O75800
P28074,Q8N196
Q7Z569,Q9NPC6
P54132,P14210
P09681,Q9Y2X0
P31942,Q99547
Q8IWV8,P28907
P06850,P39748
Q15796,Q07812
O14925,Q96FJ0
O43395,P55209
Q86U42,P04066
Q5XPI4,Q15154
O95602,P08637
P68400,O15020
O95677,Q9Y6W8
Q8N8B7,Q9UIG0
Q15424,Q13444
P52565,Q9H0Y0
Q96JM7,P17542
P01031,P29460
Q9BUE0,Q9BQ52
Q12815,O95433
Q9H0E7,Q7Z6A9
Q9H410,Q96QG7
Q96HN2,P30542
Q9UBV8,Q9UKA2
P61758,Q96AP0
Q7Z6B0,Q8NFH8
Q13625,P63261
O75558,O95336
P22455,O15344
Q9HCS7,Q8N3V7
P62070,Q96B36
P61962,Q14565
Q96QB1,O75688
Q02952,Q969R5
Q9UHA4,Q6WKZ4
P50213,Q86UL8
P98155,Q58A45
Q15785,P43626
Q9Y6R4,P46060
Q9NRZ9,P60842
Q93096,P18850
P20719,P36404
O00186,O15259
Q3KNV8,Q1KMD3
Q13310,O95433
P00374,Q8ND25
Q9NWV8,O14979
Q15361,Q9Y6F1
P23921,P10398
P20265,Q2QGD7
P08574,P24278
P05023,Q9ULZ2
Q14315,Q8N3R9
Q13283,Q8IUD2
P15813,Q13427
Q9Y2V0,P25116
P62487,P17096
Q9BRK4,Q96CS2
P54257,Q09472
Q9NUU7,O94972
Q8WYL5,P35080
Q9BXW4,Q16650
P18031,O14576
Q9NR46,P50148
Q8N8S7,P07204
P11473,Q9Y6N7
P52948,P62491
P84022,Q7Z434
P05362,Q15386
Q14194,Q8IY57
P42229,Q8N5C8
Q96RK4,O95400
P16860,Q15008
P49682,Q92636
Q969H6,P42680
P01034,Q7L9L4
O00167,P18615
P16860,Q9Y2D1
O00220,Q15788
P57105,P63220
P56693,Q92796
Q96CS2,P08670
P78406,Q9UH92
Q86Y91,Q9UHC6
P20719,Q13127
Q71F23,Q96I34
P37023,Q9UKB1
Q12972,P21453
Q9NYG5,Q92934
P02795,Q9Y4Y9
P04792,Q9NRA1
Q9Y2T3,Q3KNV8
P17544,O00567
P56192,Q53EV4
Q96KP1,P26045
Q9BY77,Q8TDY2
P25054,Q96QT6
Q9UBZ9,Q6ZSG1
Q9Y566,O75056
Q58A45,Q86UP2
P13051,P43250
Q9NPH3,Q8N488
P61764,P43629
P43235,Q13740
P29373,P30305
O95602,Q9UPM8
Q9H840,Q92614
Q15759,O75030
P19883,P37840
O14599,Q9Y6D6
P55327,P05556
P62253,Q6ZVD8
Q9BYG5,Q92830
Q86VX2,Q9GZS3
Q9Y2Y4,P04066
Q9UNH7,P16278
Q99547,Q8N4C6
P19447,Q15025
P22459,Q969G3
Q96L92,Q92797
Q7Z419,P09326
O75052,Q9UBT6
P28702,Q96CS2
Q5T1C6,O95573
P57081,Q6WKZ4
P50281,Q8NEM2
Q8IWZ6,P07992
Q99759,Q14011
P49006,P30405
O75179,Q13404
Q96GM5,Q99576
Q99653,Q16288
P28702,P42025
P05109,Q15700
P10588,P32246
Q15019,P09486
Q9Y4G8,O15550
Q01664,P08311
Q8IWL3,P13760
P47897,P10515
Q9HCI7,Q09470
P62487,Q00722
P84243,P55055
Q9H939,O94927
P16234,P37173
Q06190,P78406
O43745,O00141
P39023,P32971
O75164,Q9NYJ8
Q01968,Q9NPG3
P35052,Q9NQC1
Q71F56,P18428
P49736,P08833
Q8TD08,P63220
Q9Y2Q5,P51693
Q9BVW5,P07814
O60756,P32246
O00287,Q14582
Q9H3M7,O15304
Q4LE39,O60716
O75446,Q86Y01
Q9UHQ1,Q2NKX8
P00747,P12273
Q9NX08,Q04695
P16871,Q9NZN4
Q14681,P62081
O94921,O14770
P54619,Q00526
Q15542,Q99584
P54727,P51808
Q93009,Q9UPQ9
Q13387,Q9H2X0
P51398,O95758
P16591,Q86VP6
Q96QK1,Q9Y294
P10155,Q9BXS5
O60826,Q8TD46
Q14134,Q14566
Q16777,P02788
Q15762,Q7L0Q8
Q13625,O60716
Q9Y4K3,Q8TCX1
O43734,Q15428
Q53GS7,O14933
Q99502,Q5XUX1
Q16548,Q15555
Q9P0L0,P17152
Q8WZ42,O60437
P47804,Q9H2G4
Q8TDU9,P19256
O14974,Q96E14
P52657,Q92667
O15105,O60716
P34741,Q9H1D9
Q86X29,Q07866
Q9HCH5,Q9H3U1
P51681,Q6ZW49
Q9BTW9,Q9NVP1
O43572,Q9H4I2
Q9H9E1,Q8IYI6
P18054,Q15291
Q96D46,P11177
Q99583,Q6N043
Q04759,Q8IWZ6
P01730,Q15428
Q6IPU0,Q99719
P61619,P30203
Q9UJW0,O95382
P15374,P62841
Q5W0Q7,Q9HD67
P61158,P16278
Q12851,P28907
Q99750,Q7L3B6
P46100,Q15022
P08603,Q9UNH7
Q9H9T3,Q9NWA0
Q14691,Q13884
P31483,Q9P2D0
P14866,Q9BVI0
P35869,Q08397
P09917,P30542
Q9P0N9,Q96DX5
Q9BY43,O76041
P46736,Q9BWF2
Q8N3Y1,Q9UQQ2
Q13156,Q9Y5P4
Q9UJX4,Q92747
P07954,Q16851
P61218,P14543
Q96II8,P47224
P61626,Q9NYA1
P46776,Q14562
O43752,Q71U36
Q8TBZ2,P35998
Q02535,O15066
P36578,Q9H816
P09629,Q13200
Q9NPY3,P49768
P22695,Q8TF42
P61586,O43307
Q75N03,P51170
P38398,Q14197
Q96EP0,Q96JC9
Q9H267,P62136
P13051,Q8IZD4
Q9NVR0,Q16623
P55085,Q9H4H8
Q13443,P85037
Q9C0C4,Q8NHG7
Q04756,P51843
P02679,Q53EL6
Q8WV24,O95071
Q8WTW3,Q9UBY9
Q14155,Q96CD0
Q9GZY6,Q5VTL8
P07949,Q15323
O76064,P16109
Q9UGJ1,Q8WU17
O75604,Q9UPY6
O95460,P41227
O95983,Q6PD62
P17947,P19419
Q6ZN18,Q9UI12
Q15834,O75330
P49736,P35998
Q13227,P01579
P42858,Q01860
Q14643,O15524
Q9H9Q2,Q9P2G9
Q86WB0,Q7Z6B0
P19838,P62136
Q5VZL5,Q9BXH1
P20138,P18077
Q99871,Q9Y3M2
Q9Y2Q5,P16333
Q06187,O60664
P68104,O60832
O75956,Q96B02
Q9NVV5,O95400
Q5T5X7,Q9H6D7
Q9HCG8,Q06587
Q49AN0,Q8IXJ9
O76075,P49763
P10275,Q9NPC6
Q99623,P51531
Q76L83,Q8N5C8
P53567,Q9UNH7
Q12778,Q15596
Q08881,O94966
P49006,O15061
Q96RN5,Q96PN7
Q9NRI5,Q9NRL2
P02743,O43663
Q9UGI8,Q9UQ35
Q02763,Q9H444
Q96AE4,Q16611
Q13156,P02647
O60907,P00451
P02760,Q6ZNE5
Q13470,Q7Z6M1
Q9BQQ3,P02760
Q9NV44,O43929
P08648,Q6S5L8
P47712,Q92783
P19086,Q9UH77
P51170,Q92696
Q96C24,O15519
P22626,Q19AV6
P51587,P38484
P23510,Q14011
Q9Y2X3,Q9UHN1
P28715,O96013
P24863,O43513
Q14691,Q15025
O75293,Q9Y2X8
P78314,P21810
O15553,P34130
P51617,P62834
O00305,Q96RK4
Q86T82,P23468
Q9BUH8,Q9Y2D1
Q15366,Q96CS3
O43852,Q5W0Q7
Q15459,O00273
Q70CQ1,P23327
P13232,Q70IA6
Q12788,Q2NKX8
Q6QNY0,P31749
P06401,Q15642
Q16586,P49815
Q9HB19,Q14565
Q15542,Q13190
P48509,Q15466
Q9NQC1,Q92777
O95405,Q3V5L5
O95704,Q8TF74
P40306,Q8N122
Q96RR4,P25787
P45379,Q8TDX7
P61020,Q01860
P49639,O60291
Q674X7,Q9Y6N9
P46934,Q8TDN4
Q12972,Q13873
O14798,Q9Y6I7
Q6X4U4,P78552
Q9ULV0,Q9H1R3
Q9NRD1,Q92599
Q08999,Q9NZN9
O15068,Q8TBB1
O14974,Q9P2K3
P20339,O43557
P21817,Q9BVP2
Q99626,P20248
Q8IXJ9,Q15759
P63279,P33991
Q96C24,Q5TD97
Q96F86,Q9NXV2
P78543,Q14145
O95644,Q00536
Q8TDD1,P35637
O43543,P31314
P17655,Q969P5
O94915,P49848
P62333,Q8WX93
Q9NRA1,Q09019
P61201,P21333
O15169,Q99075
P09661,Q96AJ9
Q9BQE4,O43663
Q9H939,Q6ZU15
P09001,P01116
Q96MT8,Q9NPY3
O95208,P10515
P62633,P51681
Q09470,Q8IYI6
P60033,Q9Y239
P14316,P24941
Q13309,Q13163
Q6IN85,O00165
Q9UNE2,P35228
Q8NF50,P62913
Q99741,Q9GZT8
P18621,Q8WYR1
O14745,P62495
P55789,Q12948
P30273,Q9H9H4
P33681,P60660
Q8N7R7,P78348
Q9Y5P4,P15260
Q9BYH8,Q9HB21
Q86YP4,Q9NPG3
P49336,O75182
Q92599,Q9Y2Y9
Q92974,O95997
Q92844,Q9UKJ1
Q06643,P08519
P20333,Q9BUN8
P37023,O75530
Q03431,Q13501
Q99471,O75334
P02778,Q08752
O94842,P52799
Q6QNY1,P34998
Q13547,P50995
Q8WV24,Q9Y6N8
Q96SD1,Q9UGI9
P19793,Q8TBB1
Q13557,Q9NZJ0
P06307,P60660
Q9BT25,O76021
Q9BYV2,Q9NZM3
P13747,Q96MW5
Q9H2D6,Q12905
Q8N4C6,P17542
P35858,P13987
P49796,Q96BR1
O95155,P27361
P35638,P08833
O15455,Q9NZD4
O14879,Q86US8
Q9C0C9,P07996
Q16633,Q99972
O95319,Q9H2X6
Q13409,P25116
Q9UKN8,Q9H4I2
P05771,Q12774
O60741,Q6SPF0
Q92613,P25208
O15169,P61326
P49840,Q53EL6
Q01201,P01106
P18077,O14920
O43719,Q9UBT6
P07858,Q7RTV0
P46531,Q9BRQ0
Q13451,O75884
Q9NPJ6,P27348
Q7LBR1,Q7Z6E9
O75367,P38117
P32246,Q9UHB4
Q14202,Q96A44
Q8WX92,P30626
Q9HB89,P11171
P15407,P18507
O95190,O43502
O14980,P09382
Q9Y219,O75496
P08100,Q9UMZ2
Q6IE81,Q86TM6
Q9NYF8,Q9H2K2
Q96AE4,Q07325
P62258,P62913
Q8WWL7,Q9H0M0
P51003,Q6ZU15
O00232,Q9ULW0
Q96KQ4,Q9UL63
Q07352,P42226
P10114,P36578
O75340,Q9UDY2
P49682,Q9UQC2
Q9UPY3,Q96JB2
P54253,Q9H1D0
P18545,P23467
O75164,P01019
Q9Y294,Q53HV7
Q9UQ84,Q5S007
Q8WU17,P11308
Q9NWQ8,Q14764
Q16543,P16284
P13612,Q13643
P09603,O60264
Q7Z419,Q12788
Q06190,Q9HBH7
O14976,Q9NPD8
Q9Y4Z0,Q99698
Q7RTN6,Q9Y4Y9
O00622,Q13503
Q8WWL7,P84085
O43734,Q16478
Q9H307,P29474
Q96PU5,Q13651
Q9Y3E5,P48378
P00918,Q96JB2
P36956,Q15700
P51148,Q8IXH7
P08571,O95571
Q9UHR5,Q9P086
P49761,Q19AV6
Q9HCS4,O14744
O60481,O95644
P19235,P31483
P63261,Q13277
Q13444,Q9BZJ0
P08908,P18507
P41161,Q96SD1
P14866,Q92673
O75604,P78364
Q53GS7,P38484
P06396,Q9GZM8
P23396,P13569
P61218,P56693
Q92904,P98160
Q01974,Q8IWZ8
Q14498,Q96HE7
O43187,P52434
Q9H2L5,Q9Y2W1
O15550,P54132
P32121,Q14114
O15230,Q9NZJ0
Q9UMX0,Q13185
Q99962,Q15836
Q7L5Y6,O43933
P30622,O00308
Q15349,Q02223
P51172,Q92830
P09769,Q7Z6M1
P15173,P41182
O95999,Q9BRG1
Q9H4I2,Q9P2F5
Q8NHZ8,P61289
P30533,Q15599
P43629,P31314
O14787,O75509
Q9NV70,Q9Y3B2
P55060,O15519
O00220,O94813
P60891,Q9NT62
Q99590,Q86SZ2
P04141,O75694
Q02878,P62140
P16949,O15027
Q9UKV3,Q8WVY7
P02647,Q13480
Q9UHQ4,P61604
Q96JB5,Q96FV9
Q8IWI9,O75864
Q99698,P17600
P23763,Q8WW01
Q8WUD4,P35080
Q9H944,Q13112
P78395,P46776
Q9NZC7,Q9Y6N9
P12757,O15539
Q14202,O94829
Q9BZW8,Q96FV9
P33681,Q15427
O00339,P09382
O43592,P15692
Q13740,P52434
Q9NY93,O43390
P24588,P18859
Q5T5X7,P04085
P16860,P30460
O15350,P17706
Q9H8T0,P25787
Q01658,Q9UNN8
Q53T94,Q15465
P17693,P50616
Q13153,P49768
P46108,Q9UIV1
P52907,O95831
Q9H944,P78324
P16104,P20936
Q9UQ35,O95251
Q96QK1,P15407
Q96BH3,P08637
Q9H8T0,Q9Y6H5
O75147,Q8IYJ3
O15392,Q969P5
Q5T4W7,Q9HBH7
Q93009,Q9UGM3
O00499,P84085
Q7Z6E9,P50151
Q12774,P23025
Q5VVQ6,Q9Y3Q8
P23471,Q9NTI5
Q9NQ55,P31150
O75147,P28074
P35244,O75807
O00472,P46695
P19532,Q9Y2Y0
O00567,P33993
Q9BUL5,O95273
P26374,Q9BRK5
Q01664,Q13936
Q9P2J3,P07237
Q96B36,Q96PK6
P35638,P49736
Q13705,P51684
P08833,P08709
O95714,Q9BYG5
Q8WV41,P39023
Q7Z4H7,O94966
Q9Y613,O43447
P02747,Q9GZN8
Q9NV31,Q13509
Q9NQP4,P43250
P08700,O95793
Q99467,Q6PH81
P20645,Q9H3U1
P30279,O95602
Q9UJF2,O43586
P43026,Q86Y91
Q969H0,Q9UJY5
P60880,Q9UBT6
Q12947,O60716
P26010,P59998
Q9Y3C5,P25685
O43353,P53805
Q16533,P29083
P15407,O75061
Q13029,P04085
Q969G3,Q01105
P62310,Q9NVI1
Q96CS3,P12272
Q13617,O00628
Q9NXK8,O95977
P84243,O15297
Q15648,P45880
Q66GS9,P43627
Q96PM5,P05121
Q92574,Q92643
P51003,O75689
P51808,P62380
Q86VB7,P41002
Q9P2B2,P55089
P61457,Q8IU81
P61981,O00231
P17544,Q9UKB1
Q92785,Q8NAV1
Q9Y4K4,Q9UHN1
Q9ULT8,Q3V5L5
P49841,P48730
O15516,Q8IU81
Q14241,P57087
Q9BV68,Q8TF40
Q9UHA4,Q92530
Q9BV73,P05386
Q9NWB7,Q92851
Q14526,Q86WT1
P0DI81,Q02363
P10451,P55317
Q12905,P54725
O94985,Q15389
P08887,P43250
Q9GZR2,Q99942
O76070,O75943
P78337,P13747
Q06418,Q12789
Q5TKA1,P26599
Q7Z6E9,O76064
Q16633,O95503
P17812,P23763
Q99700,P07359
Q9H6T3,Q6NXR4
O14746,Q14289
Q86SX6,P04080
O00220,Q16623
P42336,P40123
P50148,P78348
P49354,Q96LR5
Q8ND04,O75410
P14866,Q12840
Q86U42,P43626
P05109,Q29RF7
O14965,Q9NR80
P50613,O75525
Q8WXF1,Q9NP85
Q9H8V3,O94888
P62244,Q9UL63
P30203,P60484
P33991,Q9NRL2
Q9NRI5,P19532
Q4AC94,P49815
O00487,P11912
Q7Z6B0,Q14938
P42685,Q9NRR4
Q16555,Q02224
Q5XPI4,Q7Z7C8
P35580,Q7Z6E9
P08651,P52597
Q93034,P11362
Q9UGL1,P21796
P43364,Q8N5C8
P35712,P05783
Q86YP4,P18510
Q9NTJ3,P30622
P11441,Q8TAC2
Q12996,P49116
O00622,Q96RJ3
Q86T82,Q6PIJ6
P20333,P28161
P22301,Q9GZL7
P78317,P01019
O60645,Q9HBE1
O75962,P06239
Q15233,P42226
P61081,Q92585
P04141,Q969G2
Q15233,Q9NZC9
Q9UKF6,P68402
O75618,P02741
Q33E94,Q13490
