node1,node2
P07225,P49768
P36542,O00273
P04075,Q9NZU7
Q92854,Q14011
P05412,Q9NX08
O14497,Q8NFJ9
Q8WXX7,Q99598
Q96JM3,Q96MH2
Q13573,Q8WUF5
O75340,Q9UHD9
Q9Y6X3,Q9UL63
Q9Y6R0,Q9UK97
Q01844,Q9NW08
Q96J84,Q16548
O95429,Q08043
P08574,Q8WVM8
Q9NPY3,Q5U5X0
O75367,Q9HB90
Q86U86,Q96DX5
P48145,Q7Z5K2
Q7Z417,P31314
Q13595,Q9H4E5
Q3KNV8,P31483
Q5VVQ6,Q86Y01
P47224,P98160
Q9BYV2,O95475
P61328,P07814
Q00577,O75334
P32302,Q9NVX0
Q9UBQ0,P15813
Q96JH7,Q8WVM7
P07814,P24278
Q6EEV6,P01023
Q92956,Q13277
Q2M1K9,P20827
Q9NY33,P49450
Q99958,P09622
P07101,P78371
P18583,O95278
Q9Y5P8,P00533
Q86XR7,Q9UQE7
Q13651,P04085
O60486,Q00536
Q99569,Q15208
Q5SW96,O95249
O76003,Q13563
Q9UJT2,Q8WVY7
Q9BU64,P04150
Q12789,Q6ZRV2
Q03519,Q9H6Z4
Q9NW08,Q96QC0
Q8N729,P25787
P26006,Q96AH0
Q9P2W9,P25789
O75081,Q9HBI0
P14770,Q01844
P20138,O60488
Q16288,Q15831
O14618,Q9BWU0
Q93052,Q8TAA9
P02766,O95400
Q9Y210,O43815
Q15723,Q86WT1
Q86SQ0,O75934
P31150,P02745
P22087,P53567
Q96RR4,O43482
P35611,P05771
P08238,Q6P2E9
Q14160,Q9Y2Q5
Q9BQF6,Q969G3
Q8NHL6,P23142
Q969T9,Q9Y5K5
Q04756,P40937
Q96SN8,P40939
P43489,P48167
Q9UK53,O94985
P10145,P32971
Q96LR5,Q7Z412
O95677,Q14192
P52298,P62244
Q9H0E3,O00567
O15068,P23945
Q5JSH3,P60842
Q8NC51,Q5JVS0
Q14160,Q9Y3M2
Q15287,Q96F07
Q14011,P41227
Q14674,Q86X29
Q9GZR2,Q9UBC2
Q9UHW5,Q9UL63
O43927,Q8N5M1
P30679,Q9UKY1
Q8N3Y1,P01023
P31629,Q9UNF0
Q14686,Q02297
Q9UGM3,Q13351
O95696,P02788
O60884,Q96B67
Q16595,P15880
Q13470,O95402
Q13416,O75369
Q6P1J9,O94817
P51957,Q9UBN4
P35052,Q6ZNE5
Q15334,Q9P2K3
P22570,Q96IT1
O43307,Q9H2G4
Q92887,Q02388
Q9NWV8,Q9NVK5
Q9UIU6,P05556
P02792,P55199
Q9UHF0,Q9Y2K6
P26045,P17706
Q14865,Q8TEB1
O60664,Q969H4
P50150,Q96QB1
P30622,Q00526
Q13287,Q9UPN3
P46060,Q96EP0
Q9BQA1,P04628
Q9Y2W1,P51684
Q86YV9,Q8IZD9
Q9P246,Q8IWY9
O75864,P41743
P15822,P42772
Q9BXM7,Q86TM6
P43626,Q96JC9
P02747,Q12802
Q9Y345,Q9UBT6
Q9UJX4,Q92574
P16591,Q8IZP0
P49682,O75695
P04070,Q9NW38
O43752,Q9NW38
Q9Y2W1,P62491
Q93052,P46821
Q92574,Q15562
P46934,P52434
O43379,P68032
P78356,P46379
Q9NQ25,Q8TF42
O60256,Q9UMZ2
Q9UBF1,O75717
P35611,Q5JY77
Q71F23,Q15562
Q01844,Q9UBP0
Q8NFH3,Q9H1D0
O75144,P62195
P16152,P25787
P50750,Q3KNV8
Q96II8,Q96P70
Q13387,Q13416
O75439,P23945
Q9BW83,Q15366
Q9H0A8,P61163
O75947,O75695
O00186,O75525
Q8IZJ1,Q86U42
P08246,Q99714
Q14004,P62633
P01130,P35916
Q9UJF2,Q71SY5
O60516,P15172
Q8WUF5,P51532
P04626,Q5JY77
P51948,Q9Y2X3
P16152,Q6VAB6
Q86U06,Q7Z4S6
Q00872,Q99062
P01034,O75663
O43734,Q5TD97
Q9HBI1,Q9UBY9
Q9UKI2,Q13351
Q9BQA1,Q9BUL8
P14543,Q8WVM0
P19022,O43390
O15360,Q9UNY4
Q9Y265,Q96BD8
Q9UQK1,P20810
P24539,P34932
Q9P000,Q96AX1
Q16611,Q8IX90
Q7Z589,P43146
Q6ZNE5,Q9Y6J9
Q8N2W9,Q00722
Q7Z6A9,P11308
P51116,P36542
Q7L2E3,Q9HCS4
P11802,O15344
Q8IZH2,P42166
Q13444,P30281
Q9Y2Y1,Q86YR5
Q9UBE0,Q33E94
O43172,Q15562
O43572,P00488
Q8IYJ3,Q99661
Q7Z6M1,P61978
P02452,Q96BH1
P13861,P08047
Q9UL33,P62906
P04049,Q9BVP2
Q8TAP6,Q9HCJ0
Q07021,Q8NC51
O43353,Q8N5I2
P60604,Q96SW2
O43927,Q2TAY7
P60891,Q9NNW7
O43187,P14784
Q13474,Q8WXH0
Q96DB2,Q14114
P55089,P48378
P01889,Q96HR8
Q9BQ67,Q96NY9
Q8IZJ1,P49910
P53803,Q9GZZ9
P31350,P11166
O43927,Q92781
P49589,Q9Y3U8
P02686,Q9UK41
P54136,P35269
O75529,P19793
Q14141,O75817
Q15388,Q5T1R4
P38159,Q96JM3
P39086,O94829
P68543,Q15038
P28799,Q9UBU8
P19838,Q99952
Q15131,Q00975
Q9H2X0,P63146
P35227,O14958
Q9UMX0,O60683
Q16543,P09326
P22695,Q08345
O60741,Q04756
Q8IU60,Q9H0U4
P45985,P19532
Q13332,Q02548
P15374,Q9UM73
Q9BY77,Q2QGD7
Q9Y6Q9,O43427
Q14686,Q13557
P02743,Q9Y279
Q9UPT6,Q14106
Q5JY77,Q14676
O43196,Q13061
P02686,P62841
Q9GZQ3,Q13619
Q15532,P27824
Q9BUZ4,Q8WXA9
Q6P2Q9,Q08AG7
Q9UGJ0,P52435
Q15349,Q9UIF7
O43488,P29320
Q99819,Q9UJW0
P54577,Q07866
O15457,Q8IZT6
O60921,P23297
P78371,P10515
O15392,P35269
Q9H0N5,P84103
Q9H4I2,Q9NZU7
Q9UHD9,Q9NVF7
P14210,Q9HAP6
Q9H204,P29474
Q00577,O15457
Q8NCM8,P30460
Q9P246,Q8TEU7
P00374,P36404
Q33E94,P18510
Q9Y6B2,P78371
Q7Z465,P05156
Q15762,Q8NC69
Q969T4,Q8TEP8
Q9UBC3,Q04724
Q8NHY5,P30305
Q9H2X6,Q9H4B6
P08235,Q06413
P43146,O00628
Q16633,O43663
Q9H2S9,Q9H270
Q13127,Q19AV6
P54132,Q9BU64
P42773,Q15154
Q13501,Q5T1R4
P78347,P10515
Q9BPZ7,Q92781
P37173,Q99519
Q9Y4Z0,P06756
P38398,Q86UE8
P56645,Q9Y6W5
Q9BUL8,Q9Y508
P30626,Q9UM54
Q96DB2,P25024
Q9H074,Q9Y297
Q6P4R8,P35900
P52594,P20807
Q9UBE0,P62873
Q9NR55,P52657
P05161,Q99972
Q05086,O14770
P13611,Q00536
Q06587,Q9Y2A7
Q99814,P07237
Q9UKT7,P25189
Q92574,Q9BSV6
Q9NP98,O00151
Q9BWN1,P84103
Q92813,P40227
Q96A47,Q9H0E9
Q68EM7,Q9NP64
Q9H0N5,Q9BWU0
Q9NZW5,Q05682
Q8WWN9,Q9BPZ3
Q9BXL5,P36578
O43924,O14867
Q13200,Q2QGD7
P50749,P08684
Q9NQ25,Q9Y6X3
Q14241,P23297
Q13216,P14921
P26373,P42224
P26022,Q13352
Q8IZD4,Q12906
O43592,P01106
Q9UBC2,P51790
Q96MF7,O95297
P31483,P16104
Q99075,P60510
P11308,Q9UNH7
Q9NQ55,P62913
P10644,Q8N5F7
Q96BH1,P41273
Q6WKZ4,O00541
Q8N201,Q07866
Q8NHM5,O43264
P46019,Q92925
Q8NBZ0,Q9Y2D1
P57678,Q13451
P32245,Q9NZN5
P22695,O14745
Q9H081,P07951
Q9C005,P26374
Q9UBU8,Q9UHC6
P15813,O43597
Q14643,Q12874
O15553,P62508
P40926,P25800
O60486,P30556
P42261,Q96PF2
Q9NQC7,Q9Y508
Q86X29,O15516
O75525,P18433
P22695,Q9UH77
Q8IZJ1,Q9UKJ3
P33032,O00308
O95544,Q8IYD8
Q14957,P61077
Q15008,P57740
P48061,P36941
Q96IY4,Q6X4U4
O43307,P30260
O60232,Q96BR1
Q9UGJ1,Q8N3Y1
P19022,Q99075
P06870,P49591
Q15120,Q9UMZ2
Q9BPZ7,Q8IUH3
P61586,P56645
O15297,Q9UBI1
O43196,P61952
P29374,Q9UNM6
O43502,O00429
O14795,Q99661
P29474,Q8NB12
Q7Z5K2,Q05469
P23560,Q8NFD5
Q14118,Q9HB21
Q9H2X3,O60231
Q8TDB6,Q7Z406
Q13153,Q9UIV1
P48551,Q8TBK2
O15212,Q9H5I1
Q96QV1,Q7Z6Z7
Q9UPT5,Q9HAZ1
P49916,Q9NPC6
P78413,P37173
P62277,Q9Y6F1
P14770,Q9H1D0
Q16526,O95071
Q9BPW8,Q8N3Y1
P50895,P01584
Q96FW1,Q15788
P18621,P23469
P33076,P50553
Q5JQC9,Q13936
O75807,Q00534
Q96FZ7,P48730
Q9H410,Q9H5V8
Q92966,Q8NHG7
Q70EL2,Q9BZK7
Q96B26,Q9UIG0
O00623,P29320
P61587,Q9NVP1
P08833,P35998
Q96L91,Q16667
Q9H2K2,P84103
Q99075,Q9HB21
Q9BYE7,Q9H0M0
Q9HAV0,P01019
Q9Y2W1,Q9UPT9
P15336,Q96NA2
O60683,Q9HAP2
O95243,Q3V5L5
P25705,P43626
Q13190,P04229
Q5TCZ1,Q86US8
Q92614,P50591
P54132,P05230
Q13574,Q9UK41
Q5T6S3,P42226
P31323,Q96IF1
O14770,Q16828
Q15562,Q9BX63
Q01344,Q8N5R6
Q9BVP2,P09429
Q9Y5X4,O14933
P60033,Q92777
Q92882,Q86XK2
Q9Y265,Q96E14
P34932,Q92993
Q13233,Q13643
Q6VMQ6,P98160
Q9H816,P49815
Q76L83,O95600
P48357,P21796
Q9UL62,P28065
P02748,Q9C029
Q9UGK8,P98160
P57078,Q13009
P06746,Q9H6Z9
Q96SB3,Q53HL2
Q93096,P55347
Q96QK1,Q15744
O95155,Q9NP84
P53567,O14933
P60660,Q6PJG6
Q99814,A5YKK6
O75628,Q8WXA9
Q86XR7,Q14573
P54829,P15090
Q13451,P37173
P51572,O95863
O43502,P46736
Q8TDR0,Q9P287
Q96J84,Q04756
Q14512,Q99958
P50990,Q86WV1
Q5TGY3,Q9BW11
Q2NKJ3,Q96JC9
Q14498,Q9HAQ2
Q6IA86,P49959
O00244,P00742
Q13474,Q9Y508
Q16629,Q96JB2
Q674X7,P51965
Q14814,Q13009
Q92540,Q99618
Q58A45,P40938
O75689,Q99615
Q9BUG6,P53350
Q99590,Q9H147
Q9BYG3,Q15723
P19532,Q9NVF7
Q9UI08,Q9NQZ3
P02746,Q9UPY8
P23468,A9UHW6
Q9UJT2,O75509
Q92800,Q9Y264
Q9Y698,Q9H469
P53567,Q9UBI6
O95602,P09211
Q16613,Q86U86
Q96P71,Q9H251
P67809,Q5S007
Q9P0L2,O75530
Q6PIJ6,Q9Y5B9
P22695,P61962
P43146,Q9HD26
P62736,Q9P2G9
Q9UBU8,Q13838
Q9BY43,Q15389
Q9Y2J0,P05181
Q9UK41,Q99418
Q9UHQ4,P32245
P05787,Q99640
P06307,O14544
Q9H0A8,O75448
O95229,Q9H816
Q14161,P21675
Q9UJW0,Q9H3S7
Q9Y6N8,O15297
Q5JQC9,O14879
Q96L91,O00762
P42025,Q15361
O75884,Q9BQG0
Q06481,P30279
Q96CD0,Q16644
Q14242,Q92904
P35613,Q9UBD5
P78347,Q16890
O75943,P29376
Q9BVI4,Q12769
Q9UGM3,P61247
O14618,P35900
P25391,Q92830
P20333,Q9NP64
Q9GZS3,Q9NY12
Q01105,O60762
P10644,Q92570
Q93009,Q9BXB1
P0DI81,Q7Z406
Q99590,Q6ZSG1
P61457,O75506
O75676,Q96EZ8
P35250,Q13884
P15170,P62273
O75528,Q9UQ35
P35368,Q3ZCQ8
Q86T82,Q14974
Q9H0K1,P36873
O95297,P50990
Q9BPW8,P78362
P42263,Q9NXV2
Q9BQ67,P49795
Q8WWL7,Q9NVX0
P46734,P61626
Q9Y6B2,Q13838
P55198,Q9C0J8
P15884,P68402
P09486,Q9UPZ3
Q99741,P21810
P24928,Q96KQ4
Q8TAG9,Q92747
Q15404,P62736
P49336,P15813
Q99759,P56645
Q15834,Q9HAW0
O14836,Q8IWI9
O60826,O95336
Q9UBQ5,Q3LFD5
Q86UT5,Q14011
Q9BPZ7,P35398
Q13625,Q9BVC4
Q06455,Q92830
P24941,O15524
Q96E14,P52735
Q8WVY7,Q96BR1
Q2QGD7,Q9BY11
Q9GZU2,Q2NKJ3
Q15672,Q12967
Q53HV7,P05556
O43189,P21953
P20042,P42226
Q9NVF7,O94941
Q7L5D6,Q9NX24
O43150,Q9H9E1
Q14004,Q13287
Q93052,Q9ULV3
O95967,O43353
P01034,Q15406
Q9UGI8,P30989
P02686,P53365
Q01826,O75448
P28702,Q8WYQ5
Q7Z406,Q13469
Q9UBB5,Q8IXW5
O95278,Q9NQC1
P61289,Q5VWQ8
Q86VN1,P49257
P32856,O75962
Q8NBT2,P60510
Q9GZV5,O14544
Q9UBN4,O75326
Q58A45,Q13588
Q96S52,P07858
P54920,P21675
P11474,P51948
Q9HAW0,P62633
P11912,P49639
Q9P2M7,Q13427
P36954,Q9UHC6
Q7L576,P55327
Q4G0J3,P09493
O75190,Q99598
O75914,P14921
Q8WVJ9,O43264
P31350,Q2NKJ3
Q9Y2H1,P45379
Q9UP52,P00533
Q9UHD8,Q99459
Q9H0C5,P02765
O43502,Q14938
O95785,P15924
Q9H9E1,Q9Y4J8
O00167,O43896
Q9UQB3,Q9UPN3
P05787,Q15744
Q9Y4Y9,Q9H2G4
Q9UBF2,Q13432
P17661,P42679
Q9H9F9,Q9Y6J9
Q9NPY3,P41273
Q9HBM6,P13569
Q7Z628,P09086
Q7Z465,P55884
P15173,P01023
Q8NB16,Q13490
Q8TF40,P49795
O15055,P30622
Q9H7D7,Q8IWI9
Q9BU64,Q9Y2I1
Q8NHY5,P52435
Q92625,Q9NPY3
Q7L5N1,Q96FJ0
P21953,Q92783
Q99612,Q8N5V2
P55039,Q01658
Q86X83,O14497
O75147,Q92783
Q9UL33,P51684
O60486,Q9UNF0
Q13637,P52630
P42081,Q9Y2K6
Q9Y5R8,Q9Y6M7
P62306,O43156
P40424,Q9NQP4
Q14653,Q8IUC6
Q92777,P35556
P12004,Q9NVI1
O75448,Q07866
P61006,Q9NXR1
Q14990,Q03933
O95155,Q9NXV2
P30260,O76021
Q15131,P41743
Q9BSV6,P20807
O75592,Q96JM7
Q9BPW8,Q9NTI5
P31273,Q8IXH7
Q86U06,Q8IUD2
P42772,Q8NC51
P67775,Q00722
P62166,P50616
O60216,Q969T4
P62280,O14544
P35900,Q08050
Q9BU61,P61981
Q6IA86,Q9NR77
P50616,P36405
O75663,O95249
Q9UIF9,Q04721
P22303,Q6FI81
Q9H9F9,Q13087
Q92747,Q15025
P17947,P10909
Q13829,P15880
P08637,P49750
Q13873,Q9HAV0
Q96Q42,Q9P104
P01040,Q9UHB4
P34130,O95613
P31942,Q9Y376
P33076,Q7Z7L7
P20042,Q5MJ70
Q9UI09,Q96A44
O15297,O14594
Q6UWE0,O14920
P24941,Q8TEW0
Q92870,O75334
Q9Y2X3,Q7KZF4
P23396,P49336
Q16531,P13987
P02792,P53992
Q9GZS3,Q8TD31
Q8N196,Q9P246
P19174,Q9Y6J9
Q86UT5,Q9UL54
Q9UNE2,O75676
P15151,P50591
Q9NVP1,Q8IUQ4
P30533,Q14112
Q14318,O75525
Q9H9Y6,Q6NYC1
O00625,P18054
P61158,Q92917
P15151,P68363
Q99570,Q92793
Q76L83,P20336
Q6IA86,O95319
Q8IZD4,Q8TDD1
Q6PIL6,Q9H4B6
Q702N8,Q09019
P12004,P22460
Q9Y6R0,O00626
P56537,P01023
Q9H2L5,P51451
Q96AP0,Q9H8S9
Q2MKA7,Q16478
Q9H7Z6,Q92888
Q13884,Q9NVK5
P35227,P11177
O75293,Q9UL54
Q93096,Q05209
Q9Y239,O75478
P37173,O75030
Q68CZ2,P05121
Q9BYG3,P45984
P05388,Q16082
P62487,Q8NCQ7
P16591,Q9H9Q4
Q15746,O00189
Q13387,Q12873
Q13387,Q96DX5
P05120,P49336
P23467,P41240
Q96BD5,P31930
P35613,P35638
O75146,Q14197
Q9UK58,P48167
Q8IXI2,P16070
Q96EP0,P25789
P02679,P06746
Q9H0E7,O95573
Q9NP84,O95997
P62875,O60216
Q9UKJ1,Q9Y2X0
P61764,Q9H9Q4
Q71F56,Q9NZU7
Q9UN37,Q12905
Q9NWV8,Q8N4P2
P11473,Q9NPE3
Q9Y6Q9,Q8TD31
P51398,Q8N4P2
Q9NPQ8,Q9NRG0
P83916,P38117
Q9UBT2,Q96AX1
P52948,O43402
Q86X83,P63272
P10916,P17544
P63165,P51957
Q7L804,O75840
Q9P2M7,P17342
Q16543,Q9NZM3
Q16623,P35658
Q92529,Q92917
Q68CP9,Q96JN8
O60271,Q70CQ1
Q8WYK2,P49257
Q9H307,P09493
Q7Z3Z4,O14979
P51571,Q9Y5K5
P21817,P08476
Q7L9L4,Q9NY12
Q99996,Q8IU81
Q9BUE0,P02788
Q7L2E3,O95433
O60271,Q96AH0
P31994,Q13541
Q8IZT6,O60678
Q9NUU7,P51148
Q00688,P46934
P13224,Q96T60
Q9H6Z4,P68363
Q93009,Q969R5
P28074,Q9NSE2
P51170,Q6VAB6
Q9H9G7,P29374
Q9P1U1,Q9BX59
Q8NBT2,P52952
Q9UPZ3,P04198
P06746,Q92781
O95816,Q15427
Q99081,P42226
P01023,P05546
Q9NZL6,P55001
Q92558,Q96RR4
Q53GS7,Q14938
Q96IT1,Q9BW61
Q13233,P34998
Q6IE81,P09668
Q9NP71,Q99748
P78413,P14653
Q13362,O75334
P09874,Q5JVS0
Q9P287,P78318
P15813,O43683
O95677,P05106
P51451,P02749
P06730,Q9ULW0
P42025,Q96EB1
P15382,Q9BW11
Q14155,Q14397
O43665,Q9UL46
O75529,Q96RR4
O95714,O43592
Q9P287,Q8NB12
P84022,P41279
P49207,P07998
Q96KQ4,P67775
O15457,Q9NSK0
Q15717,Q9Y5B0
P49450,Q9GZM8
O14796,Q9NQC7
Q16394,Q4VX76
Q14831,P15880
Q9Y271,P20701
Q99436,Q99418
Q02080,O75962
P49682,Q9HBM1
O60840,P08962
O94782,Q8TAG9
O43307,Q9Y6F1
P14625,O95425
Q13557,P18615
O95197,P01040
P52298,P30989
Q9P000,Q15078
Q9Y343,Q7Z6E9
Q5VTB9,O75969
Q15080,Q6SZW1
Q14151,Q92925
P20701,Q9NXK8
P15863,Q8IWZ8
O43396,Q96AH0
O75676,P49959
P54577,Q9UHX1
Q9Y2U8,Q15528
P28907,P07951
Q96II8,Q12834
Q13107,Q8WYJ6
P49721,Q7Z460
P29992,O15055
Q8TAC2,O60264
Q9UPT5,Q86Y01
P78406,Q01518
Q12972,P32239
P49759,Q8N4P2
Q99962,Q15468
O75478,Q9NVF7
Q9NYY3,Q12996
P60903,Q9H4P4
Q9NUX5,Q9UBP0
Q12959,Q15532
P09496,P54253
P52790,O75330
P20749,Q9Y6F1
Q9BVW5,P06734
Q96RU3,Q9NQZ3
O43402,Q15759
Q09470,P56817
Q92797,O95696
Q9H270,Q99598
Q13503,P32780
Q9H6Z9,Q9Y2V7
Q9P0U3,Q9NPA8
P30086,Q9Y2W2
Q9Y692,P10515
P35638,Q13507
Q9UJX4,Q71F23
Q9NZL6,Q9NW38
P42684,P50990
Q9HBM1,Q9HAP6
Q9UH92,P05181
P09681,Q16082
O75676,P16152
Q9Y3I1,Q8TDY2
Q86Y82,P42680
P14625,O14939
Q96LR5,Q8TEW0
Q99700,Q9UQR0
O43353,Q9P2D0
Q96A65,Q9P246
P11473,Q16613
O43566,P61218
P63027,Q96SN8
Q9HB19,Q01167
Q7Z589,Q96DX5
Q7Z6A9,P60763
O15078,P16591
Q9BV73,Q8NHL6
Q14315,Q9BUN8
Q15233,Q9GZU2
Q96BH3,Q9Y2W2
Q96EK5,P09619
Q7L014,Q96DE5
Q9H7D7,Q15428
Q12788,Q14152
Q53T94,Q8TDD1
O15111,P13726
P34130,P17861
Q14194,Q05639
Q14160,Q9H257
Q9Y6Q5,Q8IXQ6
Q13144,P18564
P52597,P35637
Q15762,P23469
Q86Y91,P61587
P22830,Q9H0W8
P07996,Q14582
Q16513,Q86SQ9
P15880,Q8IY18
Q86XL3,Q8IY31
Q14289,P19387
P04070,O15524
Q8TAF3,P51965
O43680,Q9UQE7
Q9BVA0,P26367
Q13884,O15144
Q9UJY5,O43482
P05230,Q9NVP2
Q8N6P7,P61081
Q6PCD5,Q9BXK1
Q9Y5Q8,P50895
O14979,P31350
Q09013,Q13087
Q15054,Q9H6U6
Q9NYY3,Q15648
Q8WV41,Q7Z6E9
P16278,Q99835
Q8WYH8,O00165
O14925,P05181
P16152,Q03431
Q15208,Q5T1R4
Q9H2L5,Q9NRD0
P13611,Q5U5X0
P03951,Q9Y5P8
P63279,Q52LR7
P23582,P10515
Q9H2D6,P26367
Q96RU7,P09693
O75832,P63241
P18054,P05388
Q8NFH4,Q9P253
P61962,Q9P275
P26641,P50616
Q13315,P23327
P49643,P55347
Q7Z4H7,P84103
Q9H1J1,Q86US8
O14796,Q9Y6A5
P31314,P52630
O95819,Q9UHC6
Q9NP97,Q13029
Q8TD46,Q14204
P48509,Q9GZR2
P78413,Q00534
O00499,P33991
Q13464,Q13588
P51587,P61981
O60675,Q6P1N0
Q16531,P62913
Q9NP85,P08709
Q96E09,O15061
Q8N1F8,Q16548
O96013,P53992
Q9P246,P11166
P56159,Q9NZN9
Q8IY57,Q9H6U6
P09693,Q86Y91
O00189,P13987
P01834,P00742
Q99471,P40937
P49715,P09913
Q9Y345,Q8IWU2
O95243,Q8NHG7
O95376,Q9UPT6
P17600,O43513
O95297,P78362
O60232,Q9H553
Q7Z7L7,P51884
P26371,Q6S5L8
Q9NV56,P20936
Q8N3Y1,Q16890
Q14008,Q9H221
Q12788,Q15404
Q9NUX5,Q8WXH0
Q9Y333,O43513
P12956,P22736
Q8WYL5,Q9UKT9
P00167,Q13642
Q99698,Q9UKB1
Q7Z6M1,Q9ULV8
P09086,P62136
P18846,Q71U36
Q96EK5,O14511
Q8N1I0,Q9BX63
P09668,Q16851
Q9Y239,O15519
P04141,Q03181
Q8IZQ8,Q9HAU4
Q13151,P29474
Q9HCU9,P15976
Q7L9L4,Q96JC9
P14635,Q9HB90
P62244,P16410
Q92973,P33552
P07900,P16035
Q8TBN0,P49721
Q13233,P40937
Q9BXM7,Q96F44
O00623,P42224
O95793,P54136
Q16740,Q9NRZ9
P51532,P17706
Q9NXR8,P68402
P11532,P17275
P60660,Q9UKA2
P48061,Q9NYA1
Q01844,P61218
P20719,P10747
Q6FI81,Q53EL6
Q14938,Q9UIG0
P12755,Q14565
Q96Q27,Q13287
P30048,Q76N89
Q9NVP2,Q9NQC1
P68106,Q99567
Q96CS3,Q8TDN4
Q92887,Q9BWN1
Q8WYR1,Q9NRZ9
P12270,Q16236
P01189,Q9UK97
O95967,Q7Z6M1
P40938,Q9UKY1
Q01844,O60741
Q96M94,P38484
P35250,P54253
Q13217,P00748
Q96EK4,P35556
Q14160,Q12929
Q7LG56,Q9UQM7
P13611,P47804
P31749,Q9NS75
Q9UQ84,P43146
Q68CZ2,O60437
Q8ND04,Q9HAU4
P62633,Q9H161
P05388,Q9NRD0
Q8IZP0,P20618
P20138,P35658
Q9UPT5,Q9P0L0
Q8N1I0,P42680
Q9HB21,Q9UBI1
P61952,Q15691
Q08722,O95573
O14649,Q9UBY9
Q5JY77,Q9P253
Q71F23,Q03111
Q16611,P16234
Q14168,Q9H9H4
Q16739,P19387
Q96Q27,O75717
O95433,P21796
P02675,Q13009
O95402,Q9P2G9
Q9NP85,Q92730
Q8IUQ4,Q9UHX1
Q9BY77,Q9Y297
Q92564,O95405
O43236,P16389
Q13438,O60716
Q8N3L3,Q9NPF4
P62312,O14497
Q13347,P13612
Q99466,Q9NZU7
P02786,Q01167
P10912,P62328
P05771,Q8IZT6
Q8N1F8,Q9GZU2
P29459,P09651
O43913,P20849
Q02543,Q12840
Q8IYD8,Q86WV1
Q13635,Q9Y5R8
P61371,P26371
Q96RK4,Q9H1D0
O75179,Q15208
Q92956,O75461
Q13387,Q7Z406
Q96DB2,O14867
P49642,Q12874
P01106,P40227
P15880,P05549
O15533,Q15078
Q86X29,Q13402
Q9Y2D8,Q9UKJ3
Q96IZ0,P30050
Q14192,Q14814
P43246,Q99638
P50281,O75326
Q15648,P12980
Q9UBY9,Q96QT6
P13498,P41217
Q9UL25,P05108
Q969R5,O43933
Q9H221,O00291
O43293,P16144
P51003,P10071
O43593,Q96RU3
P40939,P32246
Q9Y6M7,Q9NP64
P17844,P11047
P17096,P06730
Q16478,Q9P2F5
O14544,Q96FJ0
Q9Y3Q8,O00541
Q9UBP6,P62820
Q70CQ1,Q96PK6
Q8NCQ7,Q9H6U6
Q15080,P50895
Q9C086,Q03933
Q58A45,Q969P5
Q9NZ94,Q15406
Q9UJX2,Q13113
Q9NZ94,Q86UL8
O75317,Q96A44
P41238,P23582
O95544,Q9H2G4
P16860,Q8NI35
P61158,Q8TEW0
Q58A45,Q96B67
P08908,O75477
P16860,Q16204
P13805,Q5T5C0
Q03014,P62328
P30305,Q14974
P52799,P30281
Q5T2W1,Q9BV36
P17096,O94776
Q9C0C7,Q15759
Q9BVP2,Q8ND25
Q9UI09,P06734
O00623,Q9UI14
Q96AE4,O75817
P23469,Q96L34
Q8NHW3,Q13829
P19256,Q8TF40
Q9H9S0,Q96RU3
Q8WW01,Q86VQ0
P62258,O95336
Q9NZ94,Q15118
Q8IYD1,Q9UHW5
Q9UJF2,Q99814
Q5T2W1,Q9UIV1
P63000,Q96DE5
P61956,Q9UNF0
Q9UGI8,O95831
O95835,Q9UMZ2
Q9HCG8,Q9NRY2
P42025,P84103
Q13347,P17706
P02748,Q969P5
P46087,Q6ZSG1
P29322,P02746
P27658,Q8TEU7
P21583,Q9GZN8
Q13322,O15344
P42345,Q9H0M0
O60739,P19387
P55085,Q9UJY5
Q14BN4,Q14318
Q5SW96,Q9NSE2
Q9H8S9,Q8NC69
Q96CW5,P19256
P49642,Q5VTR2
P61247,O15344
Q14643,Q2NKX8
P20042,P22455
Q13347,Q969J5
O60759,Q96F07
P51825,P35916
P00747,Q9H4B6
Q6ZN18,Q7Z412
Q7Z3B3,O15066
O60880,P08069
P08238,Q9BYW2
O00273,O15123
P35612,P16109
O94817,O00592
P04141,Q9UPS6
P20719,Q9UBI6
Q2QGD7,O96020
Q8IZP0,Q9H6Z4
Q14494,P51948
Q15436,Q9NRD0
O60500,Q5XUX1
Q96RJ3,Q8N6Y0
Q92918,P54368
P19022,Q96AP0
Q5VVQ6,O15123
Q13315,Q15811
Q9NSA3,Q9NP85
P51965,Q9H2D6
P55773,Q9UPZ3
Q08043,Q14197
O43313,Q14114
Q9NR33,P17252
O60516,O75928
P08700,P62841
O75928,Q15334
Q6NZ67,Q86US8
P50750,P11802
Q12788,O75494
Q8IX90,P45880
Q09472,Q9NZU7
Q8NHG8,O95785
Q9BWW4,O94906
P50613,Q9UGM3
Q9NPD3,Q96RR4
Q8IWL3,Q8TDX7
Q99962,P11362
P61244,Q96NE9
Q9H553,Q4VX76
P05787,P00736
Q9Y4K3,O95163
O60481,P10147
Q8WYH8,O95997
P05107,Q16539
Q01831,P02748
Q15834,Q7KZ85
Q14315,P01241
Q9NTI5,P25789
Q9BVA0,O95487
O76003,P21817
O94817,P63241
P09486,P08754
Q96F44,Q8TDX7
P51531,Q6PJG6
Q02447,Q6GQQ9
P46940,P28161
Q14192,Q9NWT8
Q99519,P08709
P02774,Q99952
Q96B97,Q6W2J9
P46934,Q96RU3
Q06481,O75558
Q9Y3E2,P41743
P09622,Q9HAJ7
P68106,Q9BRK5
P09496,Q8NFJ9
Q9NZN3,P84085
Q96BH3,P84243
Q14498,P15924
Q86UT5,P05783
Q9BU64,Q03519
O14745,Q5U5X0
P42081,Q14118
P19838,Q53EV4
P26373,O95319
Q14919,A8K8P3
Q5T4F4,P15407
Q8NB16,P26885
O75496,O95863
Q14512,Q96PB7
Q7L591,P78356
P68106,P18077
Q70EL2,Q9UK41
Q14161,P36896
Q9NS75,Q13889
P42336,Q8NA54
Q86XL3,P18433
Q14566,Q15506
Q8TDY2,Q86Y91
Q9UJW3,Q99598
Q96BD8,O15211
P18848,Q9Y2M5
Q14103,Q8TDN4
P49720,Q05519
P27824,Q8WXH0
Q9P0L2,O00273
Q9NPQ8,Q7LG56
O00763,Q8N5C8
Q9Y4C1,P63220
Q96PB7,P16144
Q9H2C0,O00151
P14780,Q8TD46
O43927,Q96IY4
Q9NZL6,P24386
P26045,Q9UKA2
O00148,Q9NRY2
Q96B97,Q9H221
P53567,Q96HR8
P61457,P39905
Q9H257,Q06455
Q9Y3E2,Q9Y4B4
Q14318,Q9BQA1
Q9H211,Q9BRQ0
Q13951,P49959
O00186,Q15717
Q96Q15,Q09013
P35579,P16152
Q92673,Q9BWW4
Q99661,Q9H9Q4
Q96I34,P31949
Q9BXL8,P57796
P51957,P83436
O14737,O15211
Q15532,P11277
P41002,Q14974
P68400,O15297
P61981,P13598
P27701,Q86YC2
P38646,O00165
Q14112,P48546
P00488,O95503
P14770,P18859
Q14494,Q68EM7
Q9UMW8,Q9UL63
O75293,Q9BY77
P05181,Q7Z6Z7
Q9H410,P54253
Q8IZP0,P10589
P19338,Q04756
Q9Y2V7,Q96IV0
Q9UGI8,Q68CZ2
Q96RK0,P01730
P61020,P28907
Q14289,P43250
P47874,Q71F23
Q9Y6N8,P25685
Q9UMZ2,P17812
O14757,P30305
Q9UL03,Q5T7B8
P57105,Q16623
P00451,O15516
O15553,O75531
Q13057,P11684
P50990,O75150
Q5VTB9,Q15642
Q15633,Q9BXH1
Q7Z6M2,Q86Y01
P49591,P13688
Q76L83,Q9NP64
Q9P2W3,Q9H147
Q9HC77,P43627
O75529,P11166
Q14008,Q9H6Z4
Q12947,P18031
O60285,O43566
Q9Y271,Q9ULM6
Q6P0N0,Q86US8
P00751,P04628
Q7L804,P51587
Q96B02,O14576
Q7Z406,Q15365
Q70EL2,P48553
Q13057,Q16595
Q9UMW8,P49257
P15924,Q9H015
Q13546,Q8TF40
Q7Z589,Q13402
P03952,Q99567
Q13554,O14925
P20749,O43913
Q96L91,Q6R327
P61619,Q99576
P17936,Q9H6T3
Q93063,Q3ZCQ8
P51693,P52907
Q9BUL9,Q9HD67
Q96A47,Q9H6U6
P51693,Q6NZY4
P47755,P0C0S5
Q9Y5Q8,Q9H816
Q9Y2W1,P23763
Q9UH73,Q8WVM7
Q9UBT2,Q92854
P11362,Q8WYJ6
O00541,Q9BW61
O00167,P12980
O14979,P18564
P29992,O00141
Q9H3M7,Q76N89
P40616,P19532
O75161,Q8NHL6
Q6UWE0,Q6N043
P30279,P20618
Q8TDU9,P36404
Q9NYF8,P17096
Q9H832,P21333
Q13043,P48023
Q9UBE0,O60664
Q8N3Y1,P10275
O00548,O75489
P23511,O00141
Q7Z589,O94985
Q9Y5U5,P49759
Q9UKV3,Q9UBI1
Q7Z6Z7,Q92608
Q99575,Q13464
Q9Y6W6,O00443
P06702,Q9NRD0
P25391,P23945
P05161,Q14186
P36896,Q86XL3
P11387,O43236
Q03135,Q15910
Q96LD8,Q9BZJ0
P11047,O43491
O43521,P21453
P35354,O75970
Q6PIL6,P31942
P51681,P61081
P02786,P51668
P51948,P02741
P18545,Q8TD46
Q15008,P30203
Q702N8,Q9BYG3
Q15080,Q9UKS6
Q15746,Q9UNM6
P61457,P43320
Q9BUL8,Q9NT62
Q9BSV6,Q8IUQ4
Q7L590,Q9UIU6
P35612,P51911
P09211,P55795
P01130,Q92636
P09326,Q9H6R0
P14859,Q9P253
Q9H9F9,Q4VCS5
Q08999,O75335
P29322,O15519
P23560,P20849
Q9BXL7,O95433
Q86SE9,Q13094
Q14004,P56645
Q96II8,O43719
P41146,Q8TBB1
Q7L804,P18077
Q6WKZ4,Q8NHL6
Q09028,O43242
Q15691,P22692
P59998,P08574
Q9UNE0,P04066
P25205,O14925
P26010,Q9NW08
O14787,Q8NC69
Q96MW5,Q99719
O15126,P36578
P02545,Q00534
Q7Z4H7,Q96AX1
P04141,Q16082
P20226,Q96S55
Q9BVC4,P45984
Q9UHQ1,Q6NZY7
Q13418,Q96BR1
Q2M2I8,Q12873
Q14957,Q9Y4Z0
O60291,O75934
Q96HR8,P07992
Q96T37,P08709
O95714,Q6FI81
Q9Y3I1,P35638
Q9HB19,P05156
O00300,P13612
O60488,Q9NPA8
O75689,Q7Z406
Q9Y275,Q5T7B8
P61978,Q9Y279
P21731,O00762
P61952,O43681
O00241,Q6PH81
P29992,P11387
Q99700,P17096
Q86X83,Q9H6Z9
Q9C0C7,O15400
Q9HAW0,O15018
Q99471,P10644
Q13595,P54577
O95155,O75800
Q96AY2,Q7Z7L7
Q14192,Q8IWI9
Q9NZN4,P55089
Q9NP84,O60869
O43264,Q92570
Q13503,P16234
Q09472,Q7Z6M1
Q5VT25,P41217
Q16548,P32780
Q9GZY0,Q01105
Q03001,O15155
P43356,P32246
Q86T82,P60709
P12757,Q53HL2
P18621,P23467
Q5JSH3,Q15811
P38606,Q8TEB1
Q13888,Q92844
P18428,Q96RU3
Q9ULZ3,Q8WVJ9
Q8WVY7,Q96D31
Q08379,Q9UL63
P15170,Q9Y2Q5
Q9Y2R2,Q9Y279
Q6VMQ6,Q96AX1
Q9P2M1,P26367
Q07352,Q8IX07
Q9H160,Q7Z406
Q86WX3,Q9UH77
P09211,P32239
Q9NX08,P02749
O96020,Q8TCX1
Q6P1J9,P23025
P62829,Q01638
Q96BH1,P61247
Q9HCG8,Q9UPY8
Q9NPY3,P04899
Q14240,P07992
Q3KNV8,P09038
P27695,P23327
Q16611,P28340
Q9Y5K6,Q9BXC9
Q13332,P08887
Q8N4C6,Q13163
P04070,Q96EZ8
O75363,P15090
Q99590,Q719I0
P23467,Q9HCE7
Q9NZV8,Q15942
P52735,Q19AV6
P47874,Q9Y2Y1
Q8N1L9,Q9HB21
Q9BVP2,Q13887
P32780,Q9Y264
Q7LG56,Q14118
Q99594,Q13155
Q7L3B6,Q9BXH1
Q8NFH4,P02788
Q9H2K2,P16112
Q8WYH8,Q99075
Q9Y6B2,P61619
O43143,A7MCY6
Q9UQN3,O15511
Q9H4I2,P01584
O95229,P26640
P28336,Q96F24
Q9H0W5,Q9H270
Q9Y2V3,Q96T58
O95155,O75330
Q01094,P14625
Q86X29,Q9HC77
P36896,P50750
P56279,O75489
Q96II8,Q9Y5R8
O00622,Q86X29
Q8IWI9,P61006
P35250,O95251
Q13291,Q9H4B6
P62277,Q8TAG9
Q96DU3,P27348
P20585,Q92608
Q13769,Q14397
Q12905,P62913
Q9NPG3,Q9Y6E0
P02743,Q5XPI4
O14576,Q9H270
Q13501,O95249
Q96M61,P17813
Q16548,P51532
Q93063,P10124
P04075,O00451
Q96Q42,Q92854
Q9Y2X3,Q07955
Q12967,P25705
Q16595,P19419
P07315,Q14011
Q9UBE0,Q71F23
Q96L14,Q4VCS5
Q9Y6N7,Q6NZY7
P57105,P30622
O14543,Q8TD31
P30520,Q9UHV2
Q8WXH0,P42263
Q96AE4,Q13232
Q9NSA3,Q13595
Q9UPT5,O60237
Q9H461,P21953
P49918,Q9UHF0
Q04724,Q9UPM8
Q9UFG5,O43164
Q9NYG5,Q92667
O43752,Q7L3B6
O95819,P08519
Q9H7D7,Q9HD47
P10147,P11474
P17676,P57740
P35354,P02708
Q6NUQ1,P05121
O95376,P47874
P25208,Q96AX1
P02730,Q70EL2
Q86SQ9,P15880
P53611,Q71SY5
Q9BQ15,Q8NB12
P18846,P41208
P12931,Q9P2K3
Q96EK4,O43765
Q13057,Q9UHF0
P07996,P22001
P08922,P06756
Q9BYE7,Q9Y2D1
P48506,Q5T5X7
Q05066,O95967
P35900,P21580
P63167,P63220
P20273,O75496
Q9UKV3,P61968
P29320,O95758
P17535,P16949
P61020,O95999
Q29RF7,Q8IVH8
O95967,P63165
P02760,Q9ULV0
P20336,Q7Z7L7
O75529,O43670
P50990,P22455
O14965,Q8TDN4
P30531,Q93063
Q13011,P40938
Q8N3U4,O76021
Q9BPW8,Q8NFH8
Q86X55,P85037
P06746,Q9H015
P06756,Q9BW11
P26006,P83436
Q96M94,Q13761
Q9UBD5,Q1KMD3
O43593,P06730
P17544,P02788
O60741,Q12778
Q99962,P45880
Q9UBF8,Q13884
O43745,Q9UHX1
P39060,P60953
Q93062,Q01844
P23510,Q7Z4I7
Q9NZC7,Q02548
P39060,Q8IWI9
O94829,O60609
Q8IWZ8,Q96B02
Q5VTB9,Q9BUN8
Q9BQG0,Q86US8
Q8IYW5,Q92781
Q08999,Q14669
Q9Y508,P05121
Q9NPY3,P49750
O00716,O75558
O75970,P08247
Q14524,P00918
P17661,P35658
O43187,Q8WVB6
Q92781,O76041
Q9NYB9,Q9UNH7
Q9NPF5,Q96AJ9
P05386,P45984
O60486,Q6QNY1
O95433,Q8TEB1
Q6EEV6,Q7Z569
Q14181,Q7Z494
Q76N89,Q99418
P31150,Q9NY12
Q9NR50,P54725
Q9Y3Q8,P08709
P01563,P78356
Q13642,Q9HC77
Q15833,Q92564
Q96L14,Q8IWZ6
P01023,Q4VX76
Q5XPI4,Q8IXH7
Q04724,P42081
P50750,Q96FV9
Q12841,P05556
P0CG47,P98172
P09234,P43320
Q9BUL9,Q9UNS2
O76003,P49711
O60759,Q9NVX0
Q9H4H8,Q8NB16
Q9BUL9,P62380
Q9UKK6,O15055
Q9UKT9,Q9BXH1
Q8TCG1,P04080
O43390,Q15038
Q8WXH0,O60231
Q13332,Q9BXS5
P29371,P50995
P62136,Q8N3X1
O43592,Q9NQH7
Q9NZ94,Q13951
Q9NPI6,Q14197
O14901,Q9UHC6
P62508,P62913
Q96CS2,P42166
Q12815,Q9H2D6
Q9H0E3,Q8N8S7
Q99698,Q9BQ95
Q92783,Q8IXH7
Q9Y4K3,P13726
Q9H9C1,Q9Y2W1
Q8NBZ0,Q13425
P49642,Q9BY11
Q8WVY7,Q9UBN4
Q14240,Q96IT1
Q9Y2Y0,Q13163
Q9H8S9,P39060
Q5VTR2,Q7Z406
O75928,Q9NNX6
O95639,P51170
Q01826,P62140
O14757,P55001
Q7L2E3,O15020
O94927,P18428
P09651,O75489
Q99569,Q96T58
P13501,P51114
O75410,P41161
O14901,Q71U36
Q9Y3T9,P53805
Q9UBZ4,Q6NZ67
P26022,Q7L9L4
P27348,P53611
O14796,Q9Y3C7
P55072,Q86U86
Q9NQL2,Q92956
P09234,P09382
O75884,Q9UNN5
Q9BXL5,Q8TDN4
Q99836,Q9BZK7
O75323,P22455
Q9H3P2,O75330
Q01970,Q9NPF4
P62191,Q5T6S3
Q5TKA1,Q9BWW4
Q9NPI8,P46019
Q9H3U1,O14745
P22570,P09619
P35611,P23921
Q5JSH3,P61006
P61371,Q8WVB6
Q8ND04,P61587
Q92673,Q9H9E3
Q93052,P50616
P07998,P10515
Q5T4W7,O15020
P23467,Q6P1J9
O43572,Q15046
Q9Y5K5,O95257
O75800,P18084
Q6IBW4,Q9Y262
P19793,Q9Y2Z4
O15530,P55347
O00241,Q9UQQ2
Q7RTV0,Q8N488
P43686,O75190
Q07890,P42679
P59998,Q9C086
P49916,Q14681
Q9UL25,P50148
Q8N196,P63000
Q9P0U3,P05023
P78357,Q9GZT9
P52597,Q8TAM2
Q9H0K1,Q05639
Q12816,P51172
O60716,Q9H6Q3
Q9NP84,P49736
P22307,Q9P2W9
P32302,Q8WXA9
Q14161,Q9UHW5
Q14512,P09496
Q9NZN8,Q9NRD1
O15530,Q5T7B8
P61201,Q6SZW1
Q719I0,O43264
Q9Y2Y1,P18031
Q9BY67,Q8TD31
P25490,O15360
Q9NSK0,P09326
P31949,P55196
P61247,Q9Y6Q9
Q9UMF0,P12980
P18846,Q9NQP4
P04234,Q14865
Q93063,Q9Y6I7
P24928,P01130
P19474,P42680
Q9H4M3,Q8IY57
P41208,Q14C86
Q13347,Q8NC51
P25054,Q9HB21
P26045,P14778
P62993,Q9UGK8
Q71SY5,Q9H4B6
Q9UBL3,P61081
P18433,Q6FI81
Q9HCU9,Q96RT8
P17693,Q9Y6W3
O15525,Q9BTV7
P62750,Q9BPZ7
Q13200,Q13061
Q15645,Q71U36
P54368,Q96BH3
Q93063,Q16828
Q8N5R6,P51608
P61956,Q9H469
Q99627,Q6QNY0
P49796,Q13057
Q15843,P46060
Q5TKA1,Q53ET0
Q9BQ15,Q9BY77
P02792,Q9HC52
P61019,Q9UMX1
O43402,Q9NS75
Q7Z589,P51668
O14795,P02747
P02730,O15357
Q01826,P30679
Q5VTR2,O14777
P30203,O43513
Q14524,P51572
O60232,Q9NW38
Q8TAM1,Q15700
P56279,Q9Y2A7
P55316,Q06455
Q12841,P35670
P98161,Q15038
Q13233,P02675
P02747,Q14562
Q96EK5,O75884
P51817,Q14562
Q6PCD5,Q8N1L9
Q9NZN4,P32971
O00220,P78406
Q12860,Q8WVM0
Q99459,Q9P0K7
P16234,Q9UHN1
Q9BXW9,O00189
P43246,Q96L92
Q01658,Q16595
Q96NE9,P32246
Q9BT25,Q8IVH8
O00623,P35228
P13805,Q12841
P84022,Q96DE5
Q969R2,P78362
P61962,Q6ZRS2
Q9NQT5,P01730
P52565,P80098
P11362,P61925
Q15562,O60762
P61457,Q9BQE4
Q01658,Q86U86
Q15834,Q9UIB8
Q9Y271,P49810
Q02156,Q9H9Q4
Q00839,Q9Y3M2
Q70IA6,Q9BQ95
Q9NPF5,Q9H2G9
Q02156,Q14790
P08581,Q96B97
O15446,Q15365
Q14865,P07942
Q7L2E3,Q9UBB5
O14599,Q9P2R6
Q9HD26,P55735
Q13464,Q9Y5P4
O43745,O43513
P00374,Q13505
Q9BVM2,Q9UBF1
Q7LG56,Q8IY18
Q14681,P41236
P01275,Q9Y2K6
Q16656,Q96QC0
O75334,P35998
P53567,Q96AX1
Q8IXI2,P61218
Q9H7D7,Q99962
O00548,Q9UN37
Q5VTR2,Q9BRQ0
P09668,O14662
O43765,Q16478
P37840,P34998
Q9H6T3,P42025
P16860,Q9H3S7
P19086,Q16890
Q9H5V8,P61968
O15020,P51965
Q96B02,Q9UQC2
Q86U06,P78348
P63279,Q13637
P24390,Q00613
P55209,P05813
Q8TBZ2,Q86TM6
P39019,Q14114
Q13554,Q9UK73
Q15054,P56537
Q15648,P16112
Q7L8J4,Q13509
Q9Y228,O75056
Q9UBE0,O75884
Q96L91,P50750
O75161,Q9NPF4
Q9H3U1,Q92828
P06746,Q9H5V8
Q9UGJ1,Q9UBN6
P62508,P05108
Q13474,Q9NZN4
P46777,Q14114
O75312,Q8WUA4
Q9BWN1,Q13501
P61158,P98160
P51787,Q02880
P14784,Q96J84
Q9UKV8,Q9UHX1
P49711,P84085
P35250,P21728
Q93034,P60660
Q99961,Q9Y2K6
Q8WVM8,P41273
Q9NRW1,Q6PJG6
Q9UHW5,Q8IWI9
Q15054,Q9HCJ0
Q5VTR2,Q9NPC6
Q9Y3C7,Q9NZN3
P18827,P51172
P49716,Q9H5I1
P41146,P49848
Q14106,P33552
Q9BZW8,Q86US8
Q96RR4,P62318
Q6TFL4,P54136
O14746,Q9Y2Q5
Q9UKV8,Q86UE8
P09914,Q14BN4
P02768,O75694
P08235,Q86WV1
Q13588,O95163
P61371,Q8IZD4
P13804,P28827
Q8WZ42,Q6ZYL4
P38936,Q96JN8
Q9ULG1,Q96LD8
P21926,P52435
Q13503,Q8NC69
P46734,Q8IWZ8
Q09472,P31942
Q15759,P06702
P07996,Q9H553
Q9H9E1,Q8NHM5
P23769,P57105
Q9H1K1,Q9NVX0
Q15131,Q12841
P26640,O00124
Q13492,Q8N3X1
Q9UHP3,Q15311
Q9BQ95,P01892
O14796,Q86U06
O95983,Q8IWT3
Q14566,Q07864
P50895,Q09019
O60826,Q16613
Q9UL54,Q86US8
Q09472,Q9P2R6
O43913,P01730
P04049,P21675
P29376,Q13619
P28161,Q13619
O43719,P35658
Q16623,Q15466
O14862,Q9Y6J9
Q9BXM7,Q9H147
O95460,Q9Y570
Q9Y6I7,Q8N1I0
P61019,Q15019
P17661,P0CG47
Q92854,Q96B36
P23921,Q14681
P48556,Q99519
P19883,Q9H270
Q9UQB3,O75840
Q8IWI9,P30499
P57740,P14923
P68431,Q8NI27
Q5D1E8,Q16890
Q12923,Q9Y6Q9
O15372,P62140
Q9P2M1,Q6NYC8
O95835,P30405
Q9NTI5,Q8TDY2
Q7L804,Q9UP52
Q14494,P28161
Q14203,Q9NP64
Q93009,Q9NP97
Q9NRY2,Q9NZC9
Q6P2Q9,P24390
P62508,Q15404
Q9Y5R8,Q13478
P78371,P43628
P07093,Q92956
Q9UQ35,O95977
Q9P2R6,P17600
P35658,Q13761
O43745,P09668
Q6IA86,O60609
P27701,O00541
O15516,Q9UK97
Q8WYH8,O75461
Q15785,P38432
P04075,P19404
Q9H9Q2,O14867
P55039,Q13351
Q9BPX3,Q13554
O95835,P23396
O94889,P98160
O14544,Q9UM73
O95571,Q13224
Q03014,P61968
Q96HN2,Q12851
Q92973,Q9Y3R0
Q9NTJ3,P43320
P26640,P62913
Q5T5X7,O14727
Q96SB3,P50616
Q5PRF9,Q8TD31
Q6R327,Q13087
Q9Y2Q5,O00303
Q9NUX5,Q9UNE2
Q9H221,Q9NZN4
Q92747,P55010
Q5MJ70,O00541
P11831,Q8TDN4
Q13287,O43683
P04637,Q6PH81
O60296,P40227
Q96EV8,Q13285
Q53T94,A5YKK6
O43745,Q92643
Q6IA86,Q9UQ35
P01106,P30622
Q5PRF9,Q9H0M0
O96013,Q9BU64
Q9BPZ7,P61952
Q969T9,Q6PI26
Q9UPT5,P06239
Q96LK0,P84095
O00241,P22736
Q15543,P62328
Q99661,O60756
O43307,Q8IVI9
Q9Y2W1,Q8IYB3
Q86U86,P62736
Q9NR46,Q5XUX1
P31942,Q96EP0
P12755,Q01844
P26599,Q96I34
Q9UPT6,P61020
P19256,Q8IU81
Q5SW79,Q92934
P28324,Q9HCS4
P04234,Q92813
O75529,P07992
Q9UI47,Q9BVG8
Q96AE4,P0CG47
O60880,Q9UBP5
P49910,Q9UM54
O75461,O14594
P06753,P00374
P21506,P02747
Q9UPM8,P61587
Q9HB19,P57678
Q99081,P36542
Q99973,Q9NQB0
Q6PCD5,Q9UK41
Q86U06,P12814
P21953,P16104
Q6AHZ1,Q16595
P02749,P0CG47
P62995,P21796
Q8IZP0,Q9BW61
Q9P246,P21731
P28907,O95071
Q99683,Q9BUL9
Q9H9F9,Q15386
Q8TEP8,P51668
O00232,O75884
Q13310,Q00975
Q96II8,Q96FJ0
P11912,P09326
P98177,Q8NF50
Q16513,P49354
P31273,Q15691
Q9NRF2,P07315
P18031,Q8IXW5
Q13224,Q9Y2D8
Q8IVP5,Q96JC9
Q9UHL9,Q9H9Q4
Q9NPD3,O94906
Q8WWL7,Q9BW27
Q9Y6W8,P42262
Q9UKI2,Q9UQ35
Q8NBZ0,P61244
Q9BWU0,P49763
P35637,P51884
Q6PIL6,P20336
P61326,Q96AY2
P05107,Q9H9E1
O60840,P01583
Q92736,O43264
Q9NYB0,Q13901
Q13387,Q15363
Q9Y4Z0,Q96SD1
Q9UBY9,P21453
Q13347,Q9P287
P43146,Q15562
Q9NRG0,Q8WW01
Q86TM6,P46019
P61764,P56817
Q9H446,Q8TEK3
P81133,O96020
Q8NEM0,P54725
Q53G59,Q13163
Q13285,Q9H0M0
Q5QJE6,Q12934
O43264,P50151
P07996,P24588
O75145,P29320
P52799,Q99075
P55085,P15408
P50570,Q86SX6
O43439,P36405
Q9H2L5,Q96JB2
P51572,P78406
P11473,Q96A56
P17861,Q9NV56
Q6ZNE5,Q15173
Q9BXS5,Q96FJ0
Q99575,Q12769
Q92754,O75334
O75439,P57678
Q9H3U1,Q3LFD5
Q9H1A4,P07947
Q2M1K9,P01275
Q9NS91,Q15915
Q13283,Q8N5R6
Q8WUF5,O00716
Q9NWF9,Q71U36
P10275,P08247
Q9HAW0,O60678
Q9UKT9,P30154
O43172,Q9H0U4
Q9HAT0,Q8TB52
Q14BN4,Q8TDY2
P52594,P35638
Q96PU5,Q9UJF2
P51808,Q93008
Q6GPH4,Q02297
P51693,Q15262
O75925,Q86U42
Q13485,P21810
Q13347,Q8N122
Q5T5X7,P22307
Q9H9F9,P00488
Q9H0F6,Q16548
O94782,Q15836
Q16832,Q05516
Q9NPJ8,Q9P2Y5
Q9BVC4,P02792
P02730,O75334
Q9HCE7,Q9P2K3
Q9Y2V7,Q96T60
Q9GZL7,P21333
P27986,P08962
Q14691,P05108
Q9NSE2,P28360
Q07325,P84103
P42701,Q9H0M0
P28062,P0C1Z6
P17480,P43320
P31273,O95503
O60285,O43251
Q9BPX3,Q7Z417
Q9H9S0,Q13404
Q9H0E7,Q8IY57
Q9C086,Q01105
Q9UQQ2,P11166
P10155,P15924
Q8IY57,P13688
Q09013,Q9Y6B2
P02654,P14923
Q6NZY7,P08637
Q7L590,Q96F07
P29376,P22455
Q96A72,O14867
Q8N4P2,Q9BWW4
P50750,O94888
O95400,P43250
P17096,Q9NP71
Q9Y2A7,Q96AY2
Q99759,O43236
Q9H4P4,P08833
Q15349,Q9NPC8
Q02224,P29460
P42345,P40227
Q13464,O43913
P38646,Q9NWT8
P41146,O75717
P09619,Q00872
Q8TDR0,P01563
P46934,O75800
Q9Y2V3,Q4VCS5
Q92851,P40939
P04141,Q16478
Q8WWN9,P10646
Q5T2W1,Q8N5R6
P45983,Q7L9L4
P06307,O95600
O75164,P05546
Q9UBT2,P54725
Q9BXM7,Q12778
Q9UIF9,P11308
O60437,Q14183
P09486,Q9H081
Q9ULZ2,Q8N1I0
P08908,Q9BZE4
P18433,Q2TAY7
Q9BQG0,Q5JVS0
Q99575,Q96T37
P12272,P32239
Q9UJV9,Q9NR33
P61201,Q9NWS0
P49407,Q6NYC8
O95997,P48378
Q8TAF3,Q9UL54
P35250,Q14240
Q9UPU9,P30988
Q9BTV7,Q9NRL2
Q9UMX0,Q9NRD0
Q13625,O00329
Q96NE9,P12757
Q9NX47,P02647
O43665,Q16526
P31350,P68363
Q02223,Q92966
Q5PRF9,Q15404
P51617,P21453
O60716,P15260
P22455,O95319
Q13952,P15813
Q9UNA4,P11277
Q12947,Q99567
O94842,Q13200
Q99459,Q9HC52
Q15287,P39748
Q9NQ25,O60291
P20333,P39748
P29373,P37840
O14948,P38484
P11912,Q6GPH4
P21506,P20337
P12757,Q9H0M0
Q9Y2W1,Q9NPI6
P02671,Q15459
P07858,Q9NZ43
Q13310,P51679
Q6PCD5,Q13507
P15941,Q15506
Q9P275,Q9UNN5
P06239,Q9H147
Q9H845,Q8IVH8
Q9UNY4,O14879
Q13829,O75030
Q8NHG8,P17861
Q01970,Q96RT8
Q9UHP3,Q8N7R7
Q5TKA1,P41279
Q08881,Q969P5
O60504,Q9Y3E2
P32971,Q9H1D0
Q9H9H4,Q13571
P55039,O75369
Q92887,P25815
Q9UNY4,O60683
Q8NB91,P21453
Q9UPY6,Q9UPN7
Q96MF7,P08519
P51812,P50591
Q14657,Q8WXH0
Q96P70,O75791
Q9Y2Y4,Q99519
P49639,O95319
Q13144,O95243
O60762,Q9NT62
Q96CS2,P01584
P28074,P02748
P08700,Q9NQC7
P49760,P51617
P35052,P06734
P32302,Q00534
O15550,Q15025
O60739,P10145
Q12906,O60232
P46060,P20807
Q00688,Q9UHC6
Q9NRW1,Q8N5C8
Q9NZN5,Q9NVK5
P08700,Q13642
P18621,Q12774
Q96C03,P15172
P43686,P25024
P41091,P85037
Q14790,P61968
Q13153,O14579
Q86UP2,Q9UNK0
Q9P246,O00124
P30876,P31150
Q9Y2U8,P50151
P15531,Q16478
Q9NSC5,Q93063
Q9BYW2,P01019
P62873,P14921
P15151,P09651
Q9BXW9,Q15386
Q13200,P10909
Q16543,P41279
P49682,Q6IAA8
Q9Y6Q9,Q86TM6
Q9NR55,Q86TM6
Q9H6Z9,Q9NVI1
Q15672,Q9GZT8
Q14739,P35625
P85298,Q15744
P07998,P14210
Q12996,Q15046
P78356,Q9Y6D6
P18077,P26371
Q16650,Q86XK2
P49763,P35236
P52306,O95400
P78543,O00167
Q86VN1,Q96AX1
P53985,Q15468
Q92917,O60678
Q9Y6R4,P28161
P28069,Q96JB2
Q86XR7,P31930
P01042,Q15465
P53611,Q96SW2
Q9UL18,Q9BXH1
P83876,P29320
Q15013,Q7Z412
Q15628,Q8N3Y1
P33897,Q13542
Q9HAP2,Q8NF91
Q99574,Q9BRT9
P31751,P10828
P35637,P01275
P42345,Q8NB16
Q9BUB5,P02748
Q02763,O95229
P08581,Q13351
O15527,Q86T24
Q13523,Q9UPN7
Q99471,Q12967
Q13485,Q8TBB1
Q9BSL1,Q9BZK7
Q8IWZ8,O43293
O43184,O95714
P68106,Q7KZ85
P01189,O43913
P30203,Q13541
O00566,Q9BZD4
Q8IVT5,P62834
Q9Y2Y1,Q7L5Y6
Q92696,Q9BQ52
Q96BH3,Q15459
P01106,Q9UHB4
P54577,Q13277
P29460,Q9BZJ0
Q9H2G9,P26367
P20290,Q96AX1
Q13042,O94817
O43143,Q9GZT9
P61254,O60678
Q08881,P07951
Q8TEL6,Q13509
P49682,Q9HB90
Q9NZN5,P21817
Q9Y6R0,Q70EL2
O94888,Q15427
Q9Y2U8,Q7Z628
P16860,Q16595
Q13137,Q13239
O60296,Q9Y6X3
Q86VN1,Q99640
P51911,P19404
P50613,P45880
Q16665,Q96BH3
P48509,P08519
P49916,Q86XR7
Q13188,P51636
Q8NC51,O15265
P23025,Q8TAA9
Q9Y6W5,Q15386
Q99590,Q5VTR2
Q01892,Q9H0K1
Q9H2G4,O75326
Q9H9Q2,P48730
O95433,Q9H9E3
Q9UNE7,Q14814
P50991,Q15349
Q7L804,O95071
P09874,Q9NP64
O15061,Q9Y6F1
Q9UL25,Q9UQ35
Q9UGJ0,Q9HD67
Q92973,O43683
Q93009,P07288
Q8WUH2,P08709
Q13492,P29376
P35637,Q96D31
P26374,P61619
P24522,Q14183
P78362,Q9NZC9
Q9BWU0,O14579
Q9BRT9,P61081
Q6GQQ9,Q13501
P15407,P54646
P51553,O43257
Q99590,Q8NFZ5
Q14566,Q6N043
Q6PI26,Q6PH81
P20151,P11362
Q99873,Q9H765
Q9BSL1,Q99466
Q9NPF5,Q9HC52
P41235,Q03135
Q9UQ84,P49768
Q7Z4I7,Q8IUH3
Q06323,Q9NPA8
P21675,P05549
P00492,Q6UXN9
Q9UBT2,Q9BRQ0
Q9NZL4,O95944
P46695,P32239
Q8TDY2,O00303
P30989,P19404
O00622,P67870
P23467,Q96SU4
P55273,Q92570
P50150,P04066
Q8WYH8,P36941
P12268,P21796
Q14004,Q9H2X0
P22455,P50749
P02765,Q9BQ67
P50613,P15374
Q9NS23,P46019
P43686,Q15075
Q63ZY3,Q96NA2
Q9H4H8,P51398
P17252,P19419
O75955,P55060
Q9BUL8,P56693
Q9Y275,Q16082
P31942,Q92667
P61158,Q8WVC0
O75478,O14879
Q12874,P36954
Q68DK7,P01023
Q9NP97,Q99584
Q9Y2X8,Q13114
Q13190,O43427
Q8IVI9,Q9H469
P35568,Q9H765
Q7Z417,P62736
Q6AHZ1,O95503
Q9UER7,O15511
P42261,Q15025
P51693,P01730
Q99519,P02788
Q96N96,Q8TEW0
Q96RR4,P78527
Q9UHQ4,Q9HBM1
Q9Y6M7,P02545
O43184,P01106
P12956,P31314
Q96QC0,Q8WWW8
Q86XE0,Q15311
P61020,P67870
P98177,P61981
P38398,P37173
P35244,O95999
P08588,P35228
Q99627,Q13951
Q8N2W9,Q8WVB6
O43189,P35638
Q96NA2,Q9HD67
O43353,P11277
O75446,Q9UNH7
Q14957,P62487
Q9UH73,P10809
O43294,Q86US8
Q13011,P46695
Q13045,P08962
P08575,P56817
Q9H211,P15151
Q96H20,Q8TAA9
P16070,Q58A45
O00329,P02749
Q9H6T3,Q92837
Q03001,Q01130
Q9Y535,P08575
P46940,O43264
P00488,Q9UQ88
Q8NBW4,Q9GZR2
P19883,O60504
P35228,Q13061
P48556,O60437
Q16656,O75150
Q86YV9,Q9H9Q2
O43852,Q96EY7
P43005,Q15599
P24941,Q8TAM1
P08922,P13010
O15055,O15066
P22460,Q15208
P61457,Q14643
O00548,O75582
Q01094,Q15672
Q9BPW8,Q86US8
Q86XL3,P49917
Q8WUD4,P21810
Q13464,Q6SZW1
Q15038,O75817
P24864,Q9NSC2
Q9Y2W2,Q5T1R4
P17600,P41273
Q9UI09,Q9NPY3
P55085,O60296
O43752,P10809
O75112,Q5T9L3
P78413,Q9GZL7
P26885,Q9BWW4
P35250,Q9UKS6
Q86UT5,P01584
Q14994,O00585
P33076,P02730
Q15021,Q9NWT8
O14796,P41091
Q9BXS5,Q13761
Q9UH77,Q96D31
Q9NS00,Q4VCS5
P61289,Q9P0K7
P00374,Q6FI81
O43307,Q7Z7L7
P62140,Q9P287
Q9UM07,Q9NWT8
P12004,P15880
Q9BXK1,Q9UL63
P13569,Q9BUN8
Q9UI14,Q96JC9
P35241,Q9HAJ7
P19022,Q9Y2S7
P16278,Q15386
Q13608,Q13618
P25063,P30101
P78364,Q9UBS0
Q12778,O00712
P19532,P16389
Q13332,P35354
P45379,P41743
P02452,P07737
Q8NF50,P01160
P38646,P30305
P54132,Q12874
Q99418,Q9UPN3
P61020,Q15404
Q96KJ9,P31150
P11047,Q13478
Q7Z419,Q14151
P20908,Q13523
P21731,Q9H1K1
Q9NZC7,Q969H6
Q7Z406,Q15744
Q9UHV2,Q9NY12
Q13884,Q6N043
P49069,P16284
Q96DB2,Q96SN8
Q9GZV8,P15018
O95571,Q96B67
O60880,P07942
Q9NYY3,P20936
Q13107,Q05209
Q49AN0,P01588
Q9UBU7,P18846
Q13554,P17542
P48551,O75717
Q9UPY6,Q9GZT8
P55197,O43390
Q8TEY7,Q15650
Q08752,P36405
Q8TDW5,P55327
Q9UHL9,Q15334
Q9NVR7,Q9UPZ3
P05412,P41227
Q15633,P29992
P35398,P62913
O00585,Q14197
O95997,Q99576
O60486,Q8TBZ2
P50570,Q9H3U1
Q13233,Q9C0J8
P51170,Q9UHC6
O60880,Q9Y3M2
Q86SE9,Q99418
P09493,Q02548
O14979,Q15389
Q9HBI1,P51809
Q7Z6M1,P22001
Q9BVA0,P68871
P20138,P46776
Q7L273,O14862
O94952,Q96A47
P35611,P84085
Q9Y2T3,Q13011
Q9Y271,P08962
P46379,Q9UGK8
Q9H9G7,Q8TBB1
Q9UHD9,Q13362
O75943,Q5U5X0
Q9UKK6,Q9P253
Q53HL2,P51884
Q99836,O75695
Q86UL8,Q8WW38
P30533,P04628
P07204,P78406
P07996,Q92673
P05120,P57105
P43005,Q13224
Q12996,Q6P1N0
Q99471,P47712
Q13617,P24278
P49840,Q9HC52
P32121,P22570
Q9UKF6,O75461
Q14004,Q13107
P09493,P0CG47
P51813,Q9BXW9
O14979,O43670
Q8TAP6,Q9BV36
Q8N8S7,P62166
Q7LBR1,Q13505
Q8N6P7,Q9Y535
Q9UJY5,Q9BRG1
P49682,Q96QT6
Q9NZV8,P35368
Q15311,P57775
Q99627,P61006
P61289,O43639
Q99574,Q96JC9
P07225,Q9NWS0
Q9H981,Q05682
P31150,Q86VP6
P52945,Q15291
Q9NSE2,P23582
Q13470,Q96DX5
Q9P1U1,Q9NR55
Q14397,Q7Z6Z7
Q9BYM8,Q9NS75
Q9P0U4,O43432
O15111,Q9HCJ0
Q86VP6,Q12873
Q8NC51,Q6SPF0
Q99942,P38484
Q9HB21,O95977
O14836,Q96EY7
P51812,P28074
Q14765,O75528
O00241,Q9NNX6
P13987,P39905
P21810,Q9NZJ0
Q03519,Q9UHV7
Q15029,Q9UMD9
Q96ES7,Q86WV1
P26599,Q8IUH3
Q99996,P63272
P22001,P61952
P02786,P10398
Q99728,P27361
Q8IX90,P42263
O75807,Q8WW38
Q9P2R6,P61970
Q13011,P32780
Q8NFH8,Q99618
O75161,Q96AX1
Q13563,Q14566
Q9UQ84,Q15120
P05231,Q9Y5B0
Q7Z419,Q9NW08
Q9UHD1,Q9UM54
O15169,Q9UK97
Q9NX08,Q6IA86
P35579,Q6PH81
O14625,Q5T9L3
O60826,P04229
O95278,P61201
P26371,P40939
P61225,P52434
P09683,O00255
Q15349,Q8TBZ2
P01112,O14925
P22695,Q9GZV5
Q14582,P50553
Q99519,Q92817
Q6TFL4,P05556
Q13362,Q8N201
Q15393,P35638
Q9H6Z4,P34932
P00750,P50213
P07942,Q68EM7
Q9H832,Q15788
P10747,Q9NZD8
O15553,P30305
Q9BUZ4,P11802
Q13283,Q9C086
Q96PU5,P18887
Q9UPY6,Q8IZJ6
Q03001,Q6IAA8
O43516,P02462
Q92870,P42345
P61586,Q9NSE2
P55072,P36896
O75832,Q15173
P13805,Q99683
P21506,Q86VP6
Q9NRD1,Q8WW01
P02768,P21580
Q13107,Q12948
O14543,Q9Y3C7
P27824,P62993
Q9H6R0,P10515
Q13127,P14543
Q8WTS1,O14901
P20700,Q13478
Q9UBQ0,Q13541
Q16623,Q15365
Q15645,P27361
Q7L2J0,P10515
O15018,O43913
O00625,O95999
P53611,Q96JM3
Q7L591,P02747
Q9UNY4,P00750
P61218,Q9NPA8
O43734,Q9Y3B2
Q8WWL7,Q8N201
P11362,Q96EB1
P51825,Q9Y587
P17693,Q13635
Q9UPT6,Q14114
O75832,P51681
Q9UI47,Q01167
P09326,Q7L523
P31314,Q6NZY4
O75461,O00141
P83916,O95400
P07237,Q5TCZ1
Q96Q42,P13010
Q8WWW0,Q9UBB5
P49768,P48730
P49207,Q9Y2M5
P07942,Q5QJE6
P28702,P09622
P19532,Q96SN8
Q86UE8,Q86TM6
O95402,Q02224
Q9NPG3,P05771
Q8TDR0,P30499
Q8TBZ3,Q7Z6A9
Q86XK2,O15084
Q9P2J5,P02748
O60486,Q8NBW4
Q12789,P17252
Q96NY7,Q9Y262
Q13435,P25189
O75410,P49761
Q96M61,Q14197
P48382,Q96T60
O43593,Q9P0W2
Q9P2M1,Q9NZD8
O15516,Q969P5
P43686,Q96B67
Q9HB19,Q9Y6W5
P02748,P15924
Q5VTR2,P49450
P14373,Q9ULB1
Q15717,Q8IY57
Q9BXL7,Q8WXE9
Q9BTV7,Q9NPC8
P62875,P27986
P06756,Q9NQP4
Q9Y2Z4,Q07820
Q14242,Q4VX76
O94842,P24278
P02654,O14594
Q9UKN8,P12814
Q2QGD7,Q12840
Q6AHZ1,Q9Y5P8
O75807,O75477
P51172,Q8N3R9
O94973,Q8N5Y2
Q15465,Q00839
P03951,P85298
Q6UWE0,P05156
P15880,P51636
Q96JN8,P54253
P22460,P51684
Q06187,Q9UBI6
P49137,Q9Y2M5
P32780,P40429
P84996,P20333
Q9Y4G8,Q96AX1
Q7RTN6,P01023
P29460,O14730
Q9H461,P49848
P02747,Q6VAB6
Q14494,O00451
Q15653,Q9P2D0
O75529,Q9Y376
P49639,Q9H845
Q99962,Q96PF2
Q9UBE0,P38484
P45985,Q9Y2Q5
Q92625,Q15642
P09668,P52435
P60604,Q13277
Q06190,Q8TF40
P50914,Q9GZN8
P21953,Q86YR5
P29350,Q15078
P43146,P81274
Q13347,Q96EB1
O15457,P30305
Q96MF7,P56279
P61956,O75170
P37023,Q13163
Q9NXK8,Q96FW1
Q15833,Q9BYG5
Q00403,Q9UHV2
O14662,Q9UGK8
Q9Y383,Q96S55
Q9BUZ4,O60830
Q9Y5K6,P35346
O94966,P56537
Q9Y3T9,Q9UHX1
Q07352,Q13087
Q8NC51,Q9UBR4
Q14112,P04150
Q99942,Q8WXE9
Q9UKI2,O75494
O14576,P06239
Q9Y570,P51149
Q5XUX1,P08574
Q5VTB9,P46776
Q9Y6R4,O75312
Q9Y5U5,Q5VST9
P57682,Q92917
Q16656,P51532
P61981,P04229
Q13310,Q14498
O95714,Q13546
Q6P1J9,O95071
Q96QB1,Q5JSH3
Q7L5N1,O75530
P08195,P30405
Q9HAJ7,P32969
O95149,P02749
Q8IZD4,Q9UPY3
P08700,Q8IY18
P61956,Q96L73
Q8N5I2,P05108
Q8N488,Q13588
Q8NFH3,P41273
Q9NP85,Q9NPF7
Q9UPT6,Q9NVI1
Q92934,Q13901
P46776,P30260
O75150,Q9H6U6
Q969T9,Q9UBS0
Q7L5Y6,O75864
Q9UBF1,P15172
O43663,Q15389
Q6IA86,O94941
O15055,P61970
Q9HC52,Q8IU81
Q92673,Q13838
Q13438,P09668
P51531,P41279
P0DI81,Q16611
P00751,P55273
O43402,Q9UHN1
Q96PB7,P08246
Q7Z6B0,O15144
P53992,Q8TB52
Q9NS75,Q8NB16
P08572,Q9UL63
P61218,Q9P2K3
P26441,Q8NB91
Q96L92,P18433
Q9UL33,Q00613
Q7Z589,Q9H0U4
P09038,P61587
Q99436,Q8WXH0
Q8N729,Q14152
P31689,P54646
Q9NPB6,P01730
P15531,P06239
P56192,O43164
Q86X29,Q92925
Q9Y2X3,Q4VCS5
Q5VST9,Q9UHQ1
Q9NP84,Q15833
Q15013,Q13464
O75832,P46776
P45379,P09651
O60239,Q16543
Q8WUD4,Q9H765
Q9NP85,P13804
O75943,P42226
Q96LR5,O94966
Q969G2,P61081
P30203,P08247
Q86YV9,P15976
O00443,P10909
P07101,P05231
Q99081,O14920
P16615,O76021
Q02080,O43143
Q13352,A0JLT2
Q9BYW2,Q9NSE2
Q9HCS7,P28328
O43765,Q9Y219
Q5TKA1,P25103
Q99626,O95714
Q86XK2,Q00975
Q9UHF0,P50213
P05231,P42772
P22674,O76041
P51692,O14948
P30405,Q71SY5
P20594,P42226
O60739,Q9Y5B0
P30460,P06756
Q13472,P61289
Q9NZC9,P30556
Q5RKV6,O75928
Q9H8T0,Q9BRK5
O95229,P02708
P43356,Q96AH0
P22223,Q0VG06
Q92614,Q92696
Q9Y692,Q99801
Q13188,Q9H2L5
O60271,Q08050
P17480,Q6P1N0
P02760,Q8NI27
P07858,Q9NPD8
P04049,P48551
Q14289,Q9P275
Q14764,Q15046
P14210,Q15386
Q29RF7,Q9H334
P42345,Q9Y4Y9
Q14155,P48023
Q6IPU0,Q03181
Q15717,Q86UN6
Q13571,O00585
P41161,P48730
Q16611,P80098
O00622,Q9ULZ2
P23771,Q9BXH1
Q9C026,O75529
P38398,P00742
Q96DI7,Q04756
P51681,O15027
Q99961,Q14011
P30154,P21926
P52945,Q9BWW4
P24390,P46776
Q6PIJ6,O60869
Q9UI14,P15813
Q00597,Q9H1D9
Q9Y5P4,Q86Y01
Q9HB90,P08754
Q96M94,Q9P275
P47804,Q9BUZ4
P15880,Q9H3S7
O75368,P29459
P26006,Q9H0U4
P60484,O75530
Q66PJ3,O14745
Q96M61,P62913
P12081,Q13432
Q9UKL3,Q9H0W8
Q99459,O95405
P41161,Q9Y2D8
Q13216,Q92851
Q969G3,Q13867
O15400,O75530
O95460,P39748
Q14192,P61247
P02760,P49763
P61923,Q13224
P25815,Q8N3X1
P54253,Q15154
P23327,Q9Y2K6
Q9BT25,O75934
Q9Y6N8,P25774
P49639,Q9Y2D8
Q08345,P51148
O14983,P01584
Q6AHZ1,P15407
Q8NHG8,O75529
Q9UKI2,Q9UH92
Q6ZN18,Q8IWL3
O95571,O75956
P23297,P05546
O00141,Q8WWW8
P48556,P16144
P13611,P62314
Q9BT25,Q9Y4A8
O14543,P18859
Q04637,Q9H161
Q99590,Q8NFT6
P78406,P55055
Q6P1J9,Q9H161
P30679,P46019
Q9H0N5,O00141
P04049,O75081
Q9Y4D1,Q9Y698
Q01826,Q96IY4
Q86X83,P60842
P38606,Q13404
Q9Y698,P17706
P23526,P02741
Q9NRI5,Q9BQ67
Q13009,P32971
Q9Y6D9,P21675
Q00839,P36402
O15061,Q8IUQ4
Q9P2M1,P20807
Q92529,Q9UH77
P02730,Q86WV1
Q96GG9,O14867
O75529,P35712
P49796,Q9P086
P40123,O95573
P62244,P28328
Q9H5V8,Q9HAP6
Q9UBT2,P06756
Q99958,P63279
P63010,P78357
P35250,Q5MJ70
Q13571,Q15831
O43516,P06748
Q9UI09,Q15404
Q8NI35,Q99618
O75914,Q92781
Q9NS00,Q9BQ95
Q92813,Q96L73
P78364,Q9Y2Y1
P40222,Q9UGJ0
P20849,Q96Q07
Q13107,O15553
P12755,P63279
Q9H147,Q9H469
Q96EK4,Q15208
Q9P2J5,O43236
Q9Y5Q8,P63167
Q7L8J4,P05107
Q5W0Q7,P06730
O95639,P53367
Q99075,Q9UL54
P49760,Q16611
O15164,P40939
P31689,O60830
P35579,Q14197
Q92956,P61201
Q13362,Q9H553
Q8IX03,Q13127
A8K0Z3,Q8WUH2
P17544,P09651
Q12947,Q14BN4
Q9NVK5,Q9NZN9
Q9HAP6,Q15836
Q14192,Q14974
Q13352,Q8TD31
Q8TAC2,P14543
P22301,Q9HAP2
O95677,P62277
P63167,O43293
Q15287,P56645
Q14141,Q9UJW3
Q9Y5K6,P98164
O43502,Q9BPZ7
P02538,P28161
O75461,O75179
Q14318,Q02388
Q96A65,O14730
P78347,P47804
P12757,Q9NPC6
Q9NR55,P13010
P61371,O95257
Q9P086,Q13761
Q9H2X0,P05121
Q86XR7,Q9BQ95
P26640,O75056
Q9Y3C4,Q9NZD8
Q16666,Q13557
Q9Y345,Q99466
Q92736,Q9BY11
Q9Y613,Q86UP2
O75081,Q86SQ0
P51572,Q99873
P42684,P43250
Q96CS3,Q9UPS6
Q15173,P42262
P98155,Q9Y6N9
Q9BVP2,Q9H081
P27348,P61978
Q9HAP2,Q9UQE7
P11940,O14730
P15923,Q5TD97
P48509,Q96EB1
P43146,Q08043
Q09019,P24723
Q92834,P09622
P11387,P07951
Q96P70,P40227
P51610,Q7KZ85
P61457,Q92569
P07858,P12272
Q96EV8,Q96EY7
P50150,P17275
P14859,Q03518
P61923,O15553
P41208,P43628
P26374,Q8N488
Q9ULZ2,P51114
Q99836,O75800
P07814,P16389
P19388,P14921
Q9UI10,Q9H0M0
Q6GQQ9,O14939
Q99497,Q9UKA2
Q07912,Q9Y4B4
Q9UBE0,P27361
P50570,Q9UK97
Q63ZY3,Q14683
Q12913,P15813
Q9Y2X8,Q9UL63
P46734,Q04756
P14923,Q12840
Q9BPW8,O75962
Q5VVQ6,Q8NDV7
Q14145,O60830
Q13131,P78527
P31483,Q13217
Q53HL2,P05177
P04141,Q99748
P61024,Q9Y264
P14770,Q9H8T0
O15400,Q9UL33
Q9H9C1,Q13501
Q9NPF5,P68402
Q13642,P42224
Q9Y6N7,P40429
P04628,Q9Y4Y9
Q9NV44,Q92569
P41743,Q8TCX1
P15941,P62913
Q9Y4K3,P62314
P12272,Q9BW27
Q08499,Q13425
Q12888,P61247
P61626,Q6ICG6
P17181,Q9Y264
P35052,Q8IZT6
Q9BYE7,P61978
Q9NX70,Q6N043
P78413,P55196
P32856,O00443
Q6UXN9,Q9P0K7
O15400,P06493
P11912,Q92643
Q15406,P30499
Q15365,Q00534
P46087,P35080
P12235,O15533
Q9UQ84,P06746
P50539,Q86XL3
Q9UKW4,Q76N89
Q14008,Q9HD67
P02679,Q9Y587
Q15349,P19174
P32004,Q13887
O60826,P13805
Q13291,P30281
P61225,O95257
Q9Y6Q6,O60716
P18848,O60603
O14576,Q13061
Q14194,P49354
P19544,P26717
Q99942,P49257
O95613,Q9UJW0
Q13595,P08519
Q96JN8,P00451
Q02363,P13987
Q9H175,Q13614
O15061,Q8IXW5
Q9BQE4,O14654
P48551,P35080
Q14004,O75448
P50750,Q9UI12
Q96B36,Q9NVF7
Q96EK4,P32239
Q06323,Q13427
Q9NP97,P34998
P78543,Q9NZD8
Q14573,Q9UIU6
P78357,Q15700
Q9UKW4,Q92570
Q8WTR2,Q92830
O15061,Q9UBS0
O94817,O14662
Q9NQC3,P26640
P22570,Q969G2
Q9Y6Q5,P23469
Q96I34,Q9HBE1
O95997,O95400
P62979,O94927
P14859,Q99962
Q9ULK4,Q03181
Q6VMQ6,P13569
O14893,Q03431
Q96PU5,O14836
P30876,P43320
Q53HL2,Q92993
P43005,Q8TCX1
P36954,Q5T7B8
P27695,P38432
Q9UPW8,O95257
Q969R2,Q86WX3
P51610,P41743
Q14BN4,Q96DX5
Q9NPA8,P62913
Q8TAP6,Q9BUN8
Q8ND04,Q9C086
O75800,Q9P2F5
O94829,P06730
O95400,Q9UHV2
Q15323,P01019
P61077,Q6SPF0
Q9H8S9,Q7Z494
Q9Y6B2,P04198
Q01831,Q13009
P23771,Q15465
Q9BYW2,Q70IA6
O95544,Q9H816
Q9UKS6,Q96D31
Q99623,P28069
Q9BTP7,Q8N1E6
O75161,Q15025
Q92673,Q9H1K1
Q9NZC7,P14678
Q9BQE4,Q13478
O60741,P17600
Q5VTR2,Q13884
P12004,Q9Y2V7
Q9UP52,P54253
P62277,O95600
P45984,Q9UNM6
P45379,P52799
O75817,Q9UMD9
Q06124,P04628
P11277,P01100
P09668,Q8WVK2
Q14807,Q9NP97
Q8N3Y1,P24390
Q86YC2,Q9UHB4
Q15051,P05107
Q92574,Q9UJX3
Q7L804,Q99584
P11142,Q9UGK8
P16860,P25685
Q9NTI5,O75449
Q9BYW2,Q9H469
P51531,O75955
Q8IXJ9,O14662
Q01658,P24385
Q9H0Y0,P11166
P16333,Q4AC94
Q93074,P13747
Q86WB0,P18564
Q5T4F4,P08922
O14777,Q9NVK5
P43005,O43143
Q15370,P15018
O95400,Q9H2X6
P49711,P35557
Q9GZV5,Q9BW71
P25815,O60583
Q8TAM2,Q12860
O75694,O76041
O14640,Q86WV1
Q01658,Q99640
P07315,Q9P2G9
P01189,Q8N1E6
Q9UMZ2,Q14562
Q15080,O95503
O95149,Q8NHM5
P08238,O43196
Q6PCD5,P46976
Q16832,Q8IZD9
P21333,O60678
O15169,O00300
O43172,Q9HD67
P31942,Q9UHQ1
Q16832,Q9UKV3
P02766,P57678
Q15785,Q7L3B6
Q16667,P60763
Q9NPY3,Q9P275
O14901,P21333
P50991,Q9UMX1
Q9H3M7,Q9ULZ2
Q96B67,Q13619
Q00688,Q9H9G7
Q00872,Q13087
Q9NUG6,Q86U42
P30305,Q9UL63
O60296,P04183
Q96SW2,P07947
O43592,Q7Z569
Q08999,P06748
O14544,Q9NY12
Q9C086,Q8WVM7
P14859,P38117
P52735,Q9NW38
O43719,Q16082
P49137,P05108
P53367,O75582
Q14457,Q13478
Q9GZS1,O95460
P29459,Q9Y2S7
Q96T23,P28827
P06730,Q93008
Q969T9,Q58A45
Q96IT1,P50616
Q8IXI2,Q9UGJ1
Q96E14,Q12788
P62875,Q86WV1
O14974,Q02080
Q8NHL6,Q8IUC6
P62314,P42679
Q8WWL7,Q7L5N1
Q00536,Q9Y6B2
Q5SW79,Q6FI81
P20701,O14730
Q9Y2Q5,P18615
Q96LC9,Q9BQ95
Q9UMF0,Q12874
Q9Y210,Q92956
P06401,O43502
O15212,Q9UBP5
P51398,Q8N3V7
Q12840,P29374
P01106,P02747
Q9UPY6,P01892
Q13216,Q8NF50
P17252,Q13011
O94763,Q8NB16
Q99759,O14958
P54136,Q8NHG7
P01031,P01130
P57678,Q13200
Q9UKI2,Q9Y2D1
O00623,P11308
O60516,O75369
Q5MJ70,Q13233
Q16633,P51617
Q6IBW4,Q5TCZ1
Q8N196,P12980
P12270,Q15427
P42685,Q9BW11
Q9Y6J9,Q13555
Q9Y5B8,P41273
Q8NI27,O14544
Q9BPX3,O00167
Q9H307,Q71U36
Q9H9Q2,O15539
P02746,Q7Z569
P49675,P07951
Q9BQB6,Q96IV0
Q14746,P23469
P26717,O75717
P04234,Q8IZD9
Q8N5Y2,O95249
P62820,O15164
P02741,Q8TD31
Q9H939,P22307
O75969,P05108
P25391,Q13427
Q9Y2J0,Q13094
Q8WYL5,Q9HD67
Q14765,Q96JH7
Q9H0A8,Q13029
Q92564,Q8N3X1
O60504,P17813
P55795,Q9UQB8
P41238,O15297
Q8TBZ3,Q14681
Q8IZJ1,P60484
Q16667,Q9BW71
Q9Y5U5,Q96NA2
Q9Y6W5,Q53EL6
O75179,P24723
O95677,O60231
Q9BTV7,Q8N8A2
Q9NY33,O14730
Q9Y6N8,P00374
P07998,Q9H0K1
Q9UHD9,Q15013
Q63ZY3,Q9H0N5
Q9NVI1,Q7L2J0
Q96EP0,Q8IUC6
Q9Y5B0,Q9NQZ3
Q13224,P13804
Q9NX08,Q8WV41
Q92574,P08754
Q9BY84,Q7KZ85
Q9NYG5,Q9H1D0
Q99836,Q9Y343
Q9UNY4,O14744
Q9BTV7,Q96I34
P49711,P53611
Q5VV67,P10071
O15297,P0C0S5
P16157,Q9NTJ3
P30307,P23582
Q9UNY4,P18031
Q99961,P09038
Q14106,Q86TM6
Q9P2M1,P78364
Q9P0R6,Q99958
P08700,P13010
Q9H3U1,P27695
Q96AE4,Q13409
P47874,Q96AH0
Q9H4I2,Q9NR50
O15020,P49750
Q9NVK5,Q8N5C8
Q9UMX1,Q8IUC6
P00374,P61587
P41180,Q9BWW4
O43665,Q9Y2M5
Q6PI26,P05156
Q9H2X0,O60716
Q96EQ8,Q4VX76
P39019,Q9GZX5
P81877,Q702N8
O60481,O75448
Q01344,O15550
Q9H9T3,Q13951
P61956,Q96JM7
Q9UHW5,Q15154
P63215,Q9UPU9
P18054,P41217
Q9BTV7,Q96BR1
O14879,P00751
P49639,P31314
O95487,Q9P246
O43150,Q8IX90
O43815,P52907
O75146,O43933
P10155,P23921
Q63ZY3,Q9NVP2
Q32P44,Q8WVM7
P03951,P60903
Q13144,Q9NQ48
P10619,P26717
O43516,Q7L9L4
P14373,Q8TAF3
Q14990,P16112
Q9Y2X3,P01023
O43752,P01892
Q9BVM2,O75489
Q9UPX8,Q8NB12
Q71DI3,Q9HAQ2
P56279,Q96EB1
Q9UN37,P23468
O60285,P52952
P84243,P62244
P61289,Q92918
Q9P246,Q14315
O43516,P35228
Q53ET0,P15382
Q9BTW9,Q7Z417
Q9UKT8,P23142
P49761,P46019
Q9NYY3,Q6UXN9
Q9UBY0,P13987
O94905,P16389
P45985,O95243
P57081,Q969G2
P30542,Q8NHM5
P06307,O95382
Q8TDY2,Q9H845
P52790,P26717
P30260,P68032
P32245,O75629
P12273,P23582
Q15468,P04085
O95714,P78371
O00625,Q9UKT9
Q99497,Q9BWW4
Q96EK5,O75817
Q9UQE7,P55795
P13232,Q9NVI1
P59998,Q53HL2
Q07352,P46019
P20701,O43513
P26045,Q16740
Q9NSA3,P98160
P18887,Q86YR5
Q99418,P30153
Q16644,P28328
Q9GZT8,Q8IZD9
Q7L5D6,P51636
O60437,Q96IZ0
Q14151,Q9NQ29
P25205,O75448
P14778,P11684
Q96IY4,P33991
Q9NYB0,Q96B36
Q96A47,Q9Y6E0
P38936,P19174
O75807,Q8IWI9
Q9UBN6,Q9UK97
Q8NHZ8,Q16656
Q13509,Q96BR1
Q9BW61,P11684
O15392,Q14938
P61371,O15144
Q8IZD4,O96020
P22001,P06734
P01563,Q9UBQ5
P08887,P09668
P28074,Q8NCQ7
Q96Q42,Q5VTR2
Q9UNY4,Q8TD46
Q13474,Q14242
O75368,Q9BZW8
P11912,Q96CS2
P20849,O75330
O14492,P32969
Q9BQA1,P16234
P22455,O00628
Q14681,P49795
Q9BWW4,O95758
O15078,O75477
Q96QG7,O14576
P38117,P12931
Q15366,P15090
O60239,Q8WVC0
Q7Z569,Q9H3S7
Q9C0J8,Q96AY2
P52597,P02741
O95544,P20849
P61020,P51684
O75436,Q9NZC9
O94979,Q9UJY5
O14618,Q8N488
P54920,Q96AY2
O43913,Q96RT8
P61981,P38646
Q6ZN18,O60231
P56693,O14925
O75439,Q86SZ2
Q5T7B8,Q15700
Q9HAJ7,O15027
Q9H446,Q9UGK8
P55039,P02760
P30542,Q9Y262
Q7L5N1,P84103
P49427,Q15404
Q9H461,Q12948
Q7Z589,O94906
Q9UQK1,Q9HCG8
Q99575,P14373
P29459,Q96FJ0
P32969,Q8TF74
Q5VVQ6,P26717
Q5VTR2,O15524
Q14498,Q01518
O43927,Q16644
Q9NY12,Q9UBR4
Q96RT8,O95503
P41220,P17706
Q14152,P35269
P78362,Q99519
P47897,O00585
Q92870,Q9H845
Q86Y91,Q9UJY5
O00308,P78318
Q09019,P18859
O15212,Q8WX92
Q9H0C5,Q99075
P51531,P12757
Q15022,Q9GZM8
Q8N3Y1,O94889
O14497,Q14114
Q13241,P27986
O75446,Q92585
P15502,Q02388
P50453,Q99835
Q14957,Q9BQB6
Q8WZ42,Q86VP6
Q13402,P27361
Q9UM47,Q96H20
Q09472,P35658
Q8NFT6,Q86XE0
Q86U06,Q9UPT6
Q04759,Q2QGD7
O60256,Q96L14
O75694,P10589
P07204,Q03431
Q9H2L5,O00628
Q9NP84,P51636
P02760,Q8IZP0
P51149,Q9P2D0
Q14257,P17542
O60285,Q96PF2
Q12788,Q5TCZ1
P11912,Q07890
O43150,P52630
O15519,P23582
P27694,P18887
P14373,O94927
P78543,P20138
O00622,Q13523
O60763,O14770
O95400,Q9UL33
Q15021,P05546
Q92854,P18428
Q96CD0,P02679
P11831,Q8N8B7
P62244,P83436
O75592,P07947
Q15650,Q9H270
Q8NF91,Q99835
O75446,Q16526
Q9NRR4,P20916
Q92614,P63241
Q9NRG4,Q96JH7
Q02156,O43566
Q9NRD1,Q14686
Q9Y3A3,Q9UK41
P11362,Q8TF05
Q8N1E6,P43628
Q8TAM2,P17152
Q08999,Q9Y2K6
P02774,P17600
P26010,P13726
P85298,Q86WV1
Q8IUD2,O75317
Q96CD0,Q8NF91
Q9HAT0,P49917
Q8NI35,Q92696
Q15648,Q86SE9
P08581,Q9Y6X3
P52735,P35998
O95835,Q9UQE7
P01112,P34998
Q9H7D7,P15151
P55773,O95714
Q92813,Q6S5L8
Q9H4P4,Q01105
Q9Y6I7,P63241
P10916,P24522
Q9Y2Q5,Q9H469
O43927,Q9Y2X8
Q14161,Q92585
Q13503,P63010
P43026,P51681
O75164,P54577
P50750,Q5VWG9
Q8IXI2,P62328
P01730,P42262
Q13503,P41217
Q96L91,Q5JSH3
Q15173,Q92542
Q96SD1,P06748
Q00987,Q9NPC6
Q9H0N5,P01275
P19793,P51636
O00291,P08151
Q9GZX5,P01241
O43432,P55273
Q9UBZ9,Q96LD8
Q9NP85,O75509
Q9Y6R0,O15511
Q9NV70,O75582
Q09472,P84243
Q9H0E2,P62328
Q6IE81,P01111
Q9NYB0,O14770
P62508,Q13643
Q9ULV0,Q12774
P18433,Q1KMD3
P08833,Q9H2G4
P06576,Q6IA86
Q15262,Q8TEK3
P98155,Q14168
O14757,Q9HCS7
Q9UBI6,O14579
O75689,Q8TAM2
P81133,Q14114
Q86Y01,Q9Y279
P39748,O96020
P09661,P27658
O60437,O94817
Q8WYH8,P00488
Q9NVK5,O15164
P01584,P18615
Q9P2R6,Q08334
P53611,P09429
Q8WYP5,P07942
Q96SW2,P60953
Q7LBR1,Q12778
P30101,P63272
Q9H0B6,Q00534
Q9Y271,Q99575
Q92519,Q9Y2D8
Q16394,P17096
P18077,Q9NZD4
Q9Y3Q8,Q99418
Q13642,Q8TAD8
P02452,Q03519
P07711,P31930
O75558,Q99871
Q96PB7,Q13769
O94842,Q9BUL8
Q07889,Q12840
P28336,P15408
P59998,P08151
P42224,Q8TEU7
Q15366,P35236
P18077,Q5MJ70
P24588,P30989
Q9UQ84,P11142
Q9UNE2,Q9H0A8
P01308,Q8NHG7
Q9NSC2,Q9H270
Q9H6R0,P53350
Q96CA5,P10242
Q2M1K9,P23468
P16070,Q15334
P26640,Q9UNK0
Q14004,Q92956
P63167,Q9BYG5
Q12996,Q9BSL1
P45984,O14727
P03951,P50148
P09913,Q9UBY0
Q9Y4J8,Q7L0Q8
Q5QJE6,Q13185
P30305,Q96EP0
Q8TBZ3,Q86WT1
P10275,Q9NVP1
Q9GZR2,Q13838
Q6NUQ1,P62316
Q14831,Q96RR4
Q9UHW5,Q8WWL7
O95155,P52434
Q13191,Q86Y82
P24278,P01892
P14770,Q15831
P78347,P26599
Q68EM7,Q15078
P61247,P49917
Q05193,P32004
P19256,P17813
P28562,Q8NHW3
O14646,Q8NHG8
P07900,O14879
P28062,O15027
P26371,Q02223
Q8IZQ8,Q9H6U6
Q13936,O43920
P17181,Q969H4
Q9UJT2,Q969T4
Q9BQE4,P11171
Q15054,O75489
P16860,Q9Y5K5
Q13470,P28074
Q9P0R6,Q8NB91
Q9Y6D9,P42684
P80098,P78348
O60934,P61020
Q8WVM7,Q5U5X0
Q96D46,Q8IUH3
Q9H0Y0,Q9HCS4
Q9BZK7,Q9H9E3
P05161,P59768
P31942,P21860
O94906,Q9H015
O43181,Q15466
P09486,P50281
Q92747,O43264
O43264,P15382
Q9NQC7,O75334
Q8IWL3,P19544
P39019,P49736
P17661,O75525
P49760,Q9UBV8
P50914,Q14197
Q5JY77,O94813
Q16595,Q9NYJ8
Q99683,Q12873
P15407,Q04756
P14373,P02741
Q01826,Q9UK41
Q12789,P48730
Q9UBR4,Q53EL6
Q96J02,P51149
Q8WVC0,Q96IF1
Q9UMX0,Q9Y6W5
Q99836,P35346
P13611,Q9UKT7
P28161,Q2NKJ3
O95967,O00273
P35228,O00541
P01106,P49815
O95376,P08908
Q9UNN8,Q99835
P35080,O15123
Q8TF74,Q6IAA8
O15524,P30989
O00567,P49768
P46736,Q15389
Q8TAF3,P50453
Q8WXI2,Q9P2F5
Q07157,P49760
O75431,Q12913
Q12816,Q99584
P30531,Q03181
Q9BWN1,O75489
P49715,O00165
P62070,Q12840
Q9BXK1,Q14152
Q02535,P53611
Q6PI26,P09622
Q5H9F3,O15068
P02545,P52435
O95487,Q9NPF5
Q02930,Q8WWN9
O14893,Q9BW27
Q96Q42,Q99962
P35250,Q9UM54
Q16659,Q12996
Q13277,Q13618
Q9BPZ7,O43896
P78543,P55327
Q14643,O00762
Q9NQ25,P68032
Q13291,Q9Y281
Q7Z589,Q6NUQ1
P22460,P55735
Q99819,Q13002
O95944,P20042
P16112,Q9ULW0
Q14315,O75530
Q86XL3,O00712
P49257,Q8IUC6
P13056,P01275
Q06187,Q8NEM0
Q9UH73,Q96IT1
P49450,Q14204
O60610,P51965
Q02543,Q8IXI2
Q9H8S9,Q8WXE9
Q9HAP6,Q08050
Q12933,Q9UJY5
P39019,Q9Y2V3
P53999,P30086
P22570,Q13011
P42345,O15265
P35611,Q9BQB6
Q92797,O43924
P32239,P49848
Q96EV8,P85037
Q8IVI9,Q9ULV3
Q96RJ3,P53618
Q8WV41,Q15762
O00463,Q14498
Q15796,P49336
Q14160,Q9NZN3
Q13352,Q9BZK7
P98161,P42262
Q9H7Z6,Q9BYG5
O95460,Q9NP84
O00186,O95243
P25942,Q06587
P21796,Q9Y4J8
P78543,Q9BQF6
Q15306,Q9Y3U8
Q9NS91,P32239
O00244,P49910
O43734,Q14566
P09913,Q86TM6
Q13347,Q96QH2
O60504,Q9UQ35
P35611,Q14681
P16070,Q96AX1
P19086,Q9NY93
Q14240,P19793
P23771,P04075
Q9HCU8,Q9Y5X3
P29376,P46776
Q92542,Q9NNX6
Q9BTP7,Q7Z7L7
Q9NZL6,Q9UKI2
Q93063,P25054
P09496,O95271
Q8NDX5,Q9Y3A3
P46695,Q7Z460
Q92625,Q9BWU0
Q96C03,Q96SD1
Q14814,Q5TD97
P62249,Q8WX92
Q9Y2W1,Q96EQ8
P42261,P32942
P29466,P27361
Q9BRK5,O75525
Q14194,O75489
O00308,P42679
Q9UNP9,Q3ZCQ8
P05120,Q9Y271
P50750,Q7Z6M2
P53355,Q8IVI9
P49910,P23025
P14210,O43156
P08574,P53350
O43390,Q8IVI9
Q9UBF1,Q9H1R3
O95571,Q99576
Q15459,P36405
P55196,Q16851
Q9UBQ5,P09382
P17844,P02792
P26715,Q96JM7
Q9BXW4,Q13451
P01106,Q7L2J0
O95278,P63096
P01031,O75663
Q9GZL7,P37840
P36507,P23468
Q9H4L5,Q9P2D0
P17544,P06746
P49368,Q96JH7
P02746,P20226
P60709,O95257
P02751,O60927
P55317,Q7Z3B3
Q7Z628,P02461
P61758,O95149
Q15051,P51809
Q03014,Q9Y262
P39060,Q13936
P38919,P55199
O75529,P49238
P19022,P0C1Z6
Q15834,Q15406
Q8IVP5,Q13542
P33151,Q12913
O60256,O00141
Q8N488,Q9BZJ0
P01116,P05771
Q9BWU0,P63241
P13611,Q9NYB0
Q13503,Q7Z5K2
P67809,O14579
Q9Y248,Q9UL46
Q8WUA4,O75934
Q7L591,Q99640
Q15465,Q8TEL6
O60884,P63241
Q9UQ88,Q96DE5
Q13829,P05108
Q15672,Q9HC52
P31150,O94906
Q92643,Q9Y219
Q99590,P78413
Q96GG9,P62273
P68106,Q9P2D0
Q13291,Q9Y4Y9
Q8IYD1,O95071
P53803,P07942
O75554,Q3LFD5
Q5W0Q7,P05108
Q9H5V8,Q86YC2
Q9UM73,Q92966
Q9NZL6,P12755
Q9UMX1,Q99727
Q99547,P10398
P00488,P46934
P42684,Q9BUL8
P25054,Q12840
Q53T94,Q9NW38
Q9BXL8,P39023
Q14565,P43626
Q9UKN8,Q8IY57
Q9NWT6,P09668
Q9NSE2,P07947
Q9H081,P55010
P27348,Q92519
Q9UBN6,P11802
Q8TDN4,O15304
Q9UPY3,P14555
P52630,Q9UL63
P63279,Q15406
P27824,O75717
Q5H9F3,P49591
P14543,P35556
O15392,Q9GZN8
Q9H6T3,Q8TAM2
Q9P2M1,Q9GZR2
Q9Y6R0,Q9HCS7
Q99471,Q96F24
P05386,Q02241
P51946,Q702N8
P15090,P35557
Q6ZNE5,Q9UPY8
Q96J84,Q9UQE7
O14727,Q14183
Q8NEM0,P62136
O75832,Q702N8
P46777,P16112
Q5SW96,Q7Z6M2
Q9UL62,Q92934
O14836,Q9Y3U8
P19022,Q9NS75
Q9P0R6,Q99640
P01127,Q32P44
P57740,Q7Z4S6
P50570,O15205
Q16526,Q8TDW5
P15407,P54829
Q969H0,P35638
Q2NKJ3,Q6W2J9
O75694,P53992
Q13546,O43719
P20042,Q16526
Q96CS3,Q8TD31
Q9BU64,Q92608
P39023,Q9UPY8
Q9Y678,Q9Y4Z0
P17480,P43250
Q2QGD7,Q9BYG5
Q9BZI7,Q8TCJ0
Q96EB6,Q92613
Q9Y2A7,Q19AV6
P61289,Q8NFT6
P23769,O60232
P28336,O15511
O60664,Q8WX92
Q9BTW9,P15941
Q99759,Q9NQ55
Q86UT5,Q9GZQ8
Q9Y2Z9,Q9H9E3
O95714,Q8N9N5
O14745,O76041
P31689,Q6UXN9
P17861,P19404
P31483,O00541
P51532,P25787
O95931,P28069
Q7Z406,Q9Y2W7
Q9H2S9,Q92542
O75312,Q4VCS5
O00241,P60033
P62070,Q969H4
P51610,Q13285
P49639,Q9NQ55
Q96DX5,P05546
Q15648,Q99584
P83876,O95400
P56178,P42574
O60763,P27695
O14787,P35900
P27824,O15533
Q969G2,Q06643
Q8WV41,P52657
P20337,P01019
Q03001,Q8WXE9
Q07021,Q9Y6W3
P42226,O95336
P08922,Q9Y2Y1
P19793,Q9BQ52
Q8TDR0,P23945
Q6UXN9,Q9UJV3
O95600,Q9BQF6
Q14141,P00742
P16112,P18507
O95429,O94817
Q06828,P05787
Q14498,P19793
P35398,Q9UBY0
P46734,P41240
O43865,Q9NUG6
P23396,Q13643
P18545,Q8IVI9
Q86T24,Q9UPT9
Q8TEK3,Q9BXS5
Q6UWE0,P13688
Q14498,Q00597
P14859,Q99748
Q9UK53,Q13936
P78314,Q9NY12
P07900,P22460
P49450,P63241
P38646,P21333
Q92800,Q13478
P19419,Q16695
P51451,P04229
Q9NZC7,Q96T58
P50613,Q8TDD1
Q96C24,P36941
O43815,Q92781
Q96NY7,Q9ULV3
Q8IZJ1,O75506
Q53T94,Q9NX70
Q969P5,O43933
Q15022,P16070
Q14160,Q16644
Q9NRW7,Q71U36
Q6ZN18,Q9BQF6
P50749,P78406
Q9H6D7,Q9NT62
P46734,Q9NWT6
Q9Y2Y1,Q96JM3
Q13478,O15344
P62140,Q71U36
O60921,P50990
Q9H5V7,P37840
Q99966,Q15942
Q99590,Q8NHW3
P61604,P32004
Q9NVR7,Q13233
O75081,Q9NQZ3
P14653,Q03431
Q9UKT9,P14625
O75330,O75688
P49407,O14867
P47804,P50616
P50748,P36873
Q9Y5U5,Q9H078
Q96EQ8,Q9BWW4
Q00577,Q14183
Q92887,P45379
O00329,O43513
Q9UQQ2,Q7Z4I7
P08908,Q9GZL7
Q9P2J5,Q8NFD5
O15553,Q969G3
P43005,P06396
P49917,Q9UQE7
Q8N684,P18615
P11474,Q13619
P61604,Q15466
Q9H8T0,Q9Y6A5
P04899,Q7LG56
P18564,P35557
Q9NRG0,P42773
O95544,Q96II8
O60664,Q16478
Q14155,P68431
Q9H2X0,Q13352
P02743,Q8WXX7
P13725,Q9UPY3
P07858,P25788
Q14814,Q8IY31
P27540,Q6P1N0
O75477,Q13427
Q6ZN18,P30153
P51965,Q9UI14
O60934,O15055
Q8IVP5,O94888
P15407,Q9UL62
O75582,Q9UMW8
P43246,P61758
Q7Z406,Q9H816
P08908,Q9Y508
Q14790,Q9UGM3
Q16825,Q13432
P78371,Q9UPS6
O75446,P61020
Q05193,Q02388
P13725,O95714
P49796,O00626
Q96PU5,Q9Y3B2
Q9NY61,Q03181
Q9Y2W2,Q9P2G9
O43927,Q16656
Q99873,Q14145
Q9UP52,O60832
Q9H0U4,O75717
Q02241,Q9H5V8
Q14677,Q6P1N0
P36873,Q8IXQ6
Q9Y210,P40227
Q8N8S7,P01732
Q12874,Q9UNM6
O95433,O14867
Q9P287,Q15744
Q9NZL6,P09661
Q93062,Q8NB16
P42336,Q9Y2Y1
P61956,P48553
Q8WUF5,Q9UMX1
Q12851,P62875
P47755,P07550
Q13472,Q9NVD7
Q99590,Q16526
Q6FIF0,Q9H0Y0
Q9UBU7,P26599
Q09028,Q9H6D7
Q9NV92,P02760
O75928,P21817
P20585,O43307
Q6N021,O14576
Q92904,Q9NZD8
Q92934,O95071
Q9H0W5,Q92585
Q96B01,P32239
Q96F44,Q13761
Q14512,Q14204
Q8TDW5,Q05516
Q04637,O14730
Q9UBU8,O95163
O75368,P51532
O00329,Q9HB21
Q9GZU2,Q15723
O60664,P62072
P29992,Q8TCJ0
Q86YV9,Q09470
P60228,Q8N4P2
P16104,O75489
Q9P0U3,Q9Y248
Q969P5,P12980
P55039,Q9Y210
P20138,O75478
Q9UFG5,P10071
Q2T9J0,P13987
P51610,Q9UJW3
Q9NZN4,O95704
Q9UI47,Q8N3V7
Q7Z6M1,P52435
Q8IZJ1,Q96BY2
P11473,P78406
O95232,O43852
Q8N5C8,Q9Y4Y9
Q9H0W8,P18846
O75146,Q66PJ3
Q9P246,P39905
P62310,Q9NY12
Q16586,Q99759
Q9NQ25,Q14566
Q9BQG0,Q92777
P22314,Q9H9Q2
P11362,Q9P2W3
Q16890,Q8TBB1
P31629,P34998
O75410,P20290
P04183,Q92608
O14544,Q8NFH8
P10301,Q96C24
Q9UGJ1,Q8N1E6
P08151,P26715
P26599,P04085
Q5T124,Q8WVC0
P61923,Q8N5V2
P49639,Q14318
Q14393,Q05682
Q9UPW8,P13987
Q99627,O14641
P05107,Q7Z434
P00374,P23468
P00488,Q8IWY9
Q9P104,P15260
Q96PU5,O60762
Q15109,Q9Y5P8
Q9H8Y5,Q7Z494
Q96RK4,Q00526
P45985,Q8TEW0
Q13554,P25685
Q13042,O75056
Q9BVW5,O00716
P19086,O15111
Q14677,Q9H2X0
P21980,Q0VDD7
Q9HAJ7,P00742
Q9UGJ1,O60832
Q7L5D6,Q8N5F7
O15553,Q9H257
Q16644,P62328
P48551,P09668
P22223,P62244
O14983,Q14203
O43396,P16949
Q9HAW0,P30988
Q9NQ66,O14770
Q99683,Q86YR5
Q12788,P51668
Q99743,Q05682
Q9BS18,Q58A45
Q02156,Q9UQB8
Q9UPT9,P32239
P18031,Q53EL6
O00472,Q9ULV0
Q8WYH8,Q9UMZ2
Q9H765,Q13277
P0DI81,Q9Y2T3
Q76L83,P19174
Q9Y239,Q8N6P7
Q9NRY2,Q9UL03
P51398,P53350
P07814,Q15427
Q7L5D6,P55316
P12270,P35658
O60568,O43390
Q9UIQ6,Q09019
Q92781,P11277
Q8IVP5,Q13352
O94842,Q8TAM2
Q9H5I1,P51957
P19474,O60296
Q92574,Q99497
P17181,Q9UBY9
O14958,P50553
Q96A47,Q96DX5
Q96RK4,P61587
P06307,P08514
O43592,O15066
Q4G0F5,Q9BW11
O75717,O95243
P49639,P46776
P29992,O43396
O60285,O60609
O75061,O95336
P78362,Q92838
Q9C0C7,Q9Y6D6
P32245,O75970
P16070,P50990
P09769,P07315
P25063,Q92667
Q99819,Q8TAC2
P04083,Q9UNH7
P19388,Q9BX63
Q02241,P14625
Q9H221,P15692
Q96HE7,O14757
P51681,P35568
O15061,Q96CS4
O43313,P37840
Q9UBF8,Q8N5R6
Q9UKW4,Q8NHL6
Q9NRL2,P12272
P43005,Q9P2F5
Q96EK4,P10646
Q6NYC1,Q96EZ8
Q14674,Q8WXE9
Q14691,Q14974
Q05086,P22736
P62633,P38646
P19883,Q9BY84
Q8WVC0,Q8WXX7
Q8TBB1,Q9H147
P15923,Q9UNM6
Q96E14,Q9NR33
Q99081,Q8IZJ1
P08047,P07998
P61077,Q9Y264
Q9Y6M7,Q9P209
P20719,Q03181
P15170,P28062
O94973,Q86SQ0
Q7L5D6,Q13404
O60583,Q5T1R4
Q96EV8,Q15428
Q9UKL3,P42680
P31689,Q9P287
P20042,Q9HC52
P48551,Q9Y2Z4
O43566,O60678
O75940,Q9NQT8
P61956,Q07912
P22736,Q53EL6
P05412,P04070
P60660,Q9BXH1
Q9Y2X0,O76075
Q96RU2,Q8IY57
Q99958,O95405
Q16665,Q96CW5
Q92800,P24522
Q9UMX0,O43583
Q16656,Q13541
Q07890,Q8TDX7
P16591,Q96C24
Q96PB7,Q8IYJ3
Q8WXX7,Q05639
Q12851,P24539
P43358,P62244
Q9H0E9,P55317
Q92754,Q9NPC6
P21675,Q9UPN7
Q9UBS0,P25189
P02730,P62993
Q9Y228,Q8WXA9
P18827,Q9UL46
P49327,O00762
O00512,P41217
Q13131,P49815
P05120,Q8WW01
P63279,P13598
P13726,Q9H469
P47755,Q19AV6
Q9UHP3,P20618
Q9BTV7,Q99996
Q9C0C7,P51948
P49354,O75056
Q96PF2,Q6FI81
Q04917,Q15466
Q8IZJ1,O95425
Q9P0L2,Q99459
Q5VZM2,Q86VP6
Q13705,O75056
P14784,Q9HBM1
Q9BQ15,Q8WXE9
Q13107,Q9UPT5
O95644,O95400
P60842,P16389
O75800,P31949
O00585,P08311
Q9Y5B0,P24278
Q9Y2U5,Q96JM3
P07858,Q96PK6
Q13356,Q92934
Q13951,O43156
P02760,P15924
O43665,Q15759
Q15003,Q16531
Q15834,Q8TAF3
Q5TKA1,Q9P0P0
P42684,Q9Y6R0
Q9UBD5,O15392
Q96LC9,Q96SD1
Q96EY7,O43156
P61289,P05787
P46734,P05156
Q9H4H8,Q9Y3M2
P78371,Q7Z5K2
Q8TAD8,P02747
Q9NPY3,Q9UKJ3
Q9NPI6,P83436
P17181,Q9Y6E0
O75943,Q9UK58
Q9H7Z6,P25685
P02746,Q9BQ95
Q6S5L8,P48730
P68543,Q9H0K1
P19387,P21810
Q9Y4K4,Q9UH77
P35250,Q8WUI4
P31629,Q9H6Z4
Q99523,P53350
Q9UKV8,P14778
Q8IVH8,Q07890
P19474,Q8IUQ4
Q9UH73,P06401
O00628,Q96I34
Q15834,P49354
P02647,Q99873
O60506,Q09019
Q96SN8,Q07820
P35613,Q9Y3L3
Q9UBU7,P52435
P12270,Q86VP6
O95278,Q96B67
Q7L3B6,Q9UJX5
Q5JQC9,Q15562
O95677,Q29RF7
P06401,Q14296
Q16548,Q9BWW4
P16871,Q9NR50
Q6P2E9,P01137
P51571,Q9UKT7
Q2T9J0,P17861
Q9P2M7,Q9NVK5
P52701,O00762
Q13444,Q8IYD8
Q7L804,O95210
Q6VMQ6,Q8TAP6
P43246,P15498
Q6P2Q9,Q9ULW0
O95190,P41236
Q99759,Q96PF2
P09086,P51790
P33681,Q9UGI8
Q13151,Q5JY77
Q7Z6J0,Q9Y4A5
Q9NR77,Q8N3R9
Q01860,P09429
P25391,Q14938
Q13888,P41217
P16615,Q96DE5
P29371,Q8TF05
P00167,O00189
Q9H2X0,Q9Y5N6
Q9UBE0,P61006
P04150,P11171
Q9P246,P30876
O94927,O60678
Q96AY2,Q13227
Q9UPW8,Q8IUC6
Q9UK45,Q14681
Q07912,Q8WXX7
P63000,Q9Y3R0
Q99567,P18428
Q9BV73,Q9NVD7
Q9NYJ8,Q7Z7L7
O95630,P51172
Q8N3Y1,Q02388
Q8WVY7,P61968
P51532,O43427
Q06643,Q8TEB1
O60826,Q969P5
Q96CD0,P62834
Q96CS2,Q9NQ29
Q9C086,P04628
P21583,Q4VX76
Q8TAA9,P28161
O14745,O94817
Q9UHL9,Q9UIF7
Q9HAP2,P38484
Q13563,Q9Y6D6
P23921,Q8NFH8
Q6QNY0,Q13233
Q06413,Q14114
Q6ZU15,P04066
P61077,Q9Y4B4
P42680,Q9BUN8
P21127,Q9UHN1
Q8WYH8,O00255
Q9H221,Q9NNW7
Q9UNE2,Q70IA6
Q9HAQ2,O95343
Q9HBI0,Q9UMX0
Q9Y6W5,Q9NQ94
Q7Z4H7,Q93008
O43734,P42025
Q9NPP4,Q6P1N0
Q08999,P08574
Q9NV92,Q13002
O15211,Q15388
Q15406,P45880
Q99418,Q96D31
Q8N3U4,Q71F23
Q01892,P14778
Q13232,P09493
Q8IZD4,O43847
P42263,O14948
Q13625,Q58A45
P07996,P61006
P38432,P55196
Q9UI08,Q6NYC1
Q9Y570,Q9UMW8
P62263,Q5VTB9
P02765,P56645
Q15532,Q99519
Q9Y5R8,O00141
Q9NS00,Q7Z494
O60504,Q9NW38
P42336,Q2M2I8
P83916,P18564
Q99640,Q9UM73
Q9BRT9,Q6NZY7
Q8IXI2,P06756
Q5VWQ8,P09382
Q13233,P27361
Q8N2W9,Q9H2X6
Q9BVP2,P12814
Q5JQC9,Q6IAA8
Q9BS18,P17600
P20749,Q8TAM1
Q7LG56,Q15506
Q7Z434,P19793
Q9UMD9,Q9H4B6
Q9Y5Q3,P34998
P25815,P62328
P20749,Q6IAA8
O95944,Q9BSV6
Q9BY84,Q03519
Q6ZU15,P26640
Q9NYY3,P22307
P35998,Q05682
Q92800,Q99598
P35244,Q15154
Q14739,Q8TAP6
Q5VWQ8,Q8WVY7
O60437,Q9GZT9
P08235,Q9UBY9
Q8N4C6,P35637
Q6NZY4,P43250
P10275,O60830
P19532,P39748
O15457,P48061
Q03519,Q8N6P7
O75147,Q96E14
P15018,Q15118
O14599,Q9P2W9
O60481,Q92636
P52735,Q9UBY9
Q13625,P48509
Q9NVC6,Q86WV1
Q96A47,Q70CQ1
P11802,P62834
Q9UI12,P62736
Q00534,Q96IV0
P06576,Q9UKS6
Q9UBU7,Q7Z4I7
Q6ZRS2,Q71U36
P54253,Q9NRD0
Q15915,Q7Z4S6
Q16656,Q16828
P05107,O95400
Q9Y6R0,O95271
Q92542,Q86SE9
P51965,O95613
P35244,O75947
Q14397,P51684
Q15375,Q9NPC6
Q9P2J5,P23142
O75056,P20807
P10071,Q9BWU0
Q14241,P15260
Q9NX70,Q96SN8
P50613,Q14203
O43566,Q8N5I2
P78357,P30153
Q15834,Q9P2R6
O43516,P11684
Q16623,Q9HBE1
P78356,Q9UQN3
Q96BD8,Q9Y3C8
Q9UM07,P21580
Q6P2E9,P15498
P54132,Q9BUL9
Q02543,Q9UHB4
P78371,P35637
P31152,Q13936
P78543,Q9NY27
Q05048,Q8TAP6
P61457,P50553
P62714,Q9HBI0
P50553,Q05639
Q01974,P25774
Q9C086,Q9UBN4
P18621,O60678
Q9UQ84,Q05066
P55089,P30203
Q9Y5B0,Q9BSL1
O95460,P01019
P21333,O15085
Q9C0C2,Q99942
P16591,Q14565
P61626,Q8WX92
Q9NP64,P01732
Q8IWI9,P20810
P56279,P54725
Q9BVC4,Q13190
P01116,Q9H7Z6
Q96IY4,Q9BUL8
Q9NRG0,P30679
Q14103,O14576
Q96HR8,O76041
O60884,O75531
P20783,Q9Y6E0
P35658,P62316
Q9NWB6,P53992
P11473,Q9Y2V3
Q9Y5K6,Q9GZU2
Q15262,P35354
Q96AJ9,Q96B02
Q9H334,P30460
Q9HAJ7,Q04721
Q13557,P42263
Q9BTP7,Q92781
Q96BD8,P10275
Q6EEV6,O00141
Q9UQK1,P28907
O60262,Q9UNN8
Q9NY12,Q9BUN8
Q9BUE0,P52434
P30086,P62913
Q8IZD9,Q9ULB1
Q9NYG5,Q14183
Q9UBY9,P53992
O60832,Q02388
P21506,O14901
Q13523,O15304
Q9BV73,Q13332
Q14318,Q6FI81
P35250,Q16828
P48378,Q9H816
Q8WXA9,P55327
Q9Y2U5,P53992
P68431,P01308
O43602,Q15466
P51965,O75506
P62312,Q9NZL4
P08047,O95977
Q9NPB6,P46019
O43680,Q9NY33
P00505,Q14118
O75962,Q9H1I8
Q9NQU5,P01303
O15211,Q14112
Q9H765,Q9UNS2
Q03519,P18428
O43439,Q9UK41
P61163,Q9H816
O43379,Q9Y6J9
P08754,Q7Z6Z7
Q9H446,O94889
Q9UL03,Q8TDN4
Q01130,O95835
Q9H221,P49959
P31150,P62834
Q9BYH8,Q9NP85
Q9Y6Q9,Q9NPD8
P26045,Q12948
P11473,Q9UNE7
Q15262,Q08043
Q7Z406,Q8NF91
Q8IX07,Q92796
Q8TD46,P42261
Q7Z419,P22460
Q12874,Q9BWW4
Q9Y3E7,Q96PU5
Q99748,Q02548
Q8IY57,Q96SW2
P46108,P09429
P61604,Q86UP2
Q13642,P55196
P32245,Q13402
Q9UBF2,O95336
Q9NVD7,Q86VP6
P30542,P54577
O00757,Q86UT5
Q9Y4D1,P26373
Q9BQ95,O15066
Q99081,Q9H6U6
Q9Y3M2,Q96D31
P55089,Q8IX90
O15020,Q8N1E6
O43896,Q8TAP6
Q9NVR7,Q53EL6
P06307,Q6ICG6
Q9Y3E2,Q96RU3
Q01543,Q9NRY2
Q9NPF5,Q8NHG7
Q9Y2X3,P50151
Q7L014,Q12874
Q9UI14,P32971
Q15388,Q14814
Q9NWF9,P14543
Q14643,Q6R327
Q8IZJ1,O14893
P17152,Q6W2J9
Q9HD47,P20701
O75446,O00220
Q9GZX5,Q5TCZ1
P61981,Q13505
Q7LBR1,P19419
P06401,Q9Y3Q8
P35611,Q9UJX3
P31483,Q15796
P68871,P23469
P45983,Q92797
P78395,Q8TF40
Q969G2,Q9NZN3
Q16650,P68871
Q6P2E9,Q96AY2
Q9H0A8,P55327
P10114,Q9Y2W1
Q7Z628,Q13740
Q8WU90,Q92530
P52435,P33993
P11912,P52701
Q8TDY2,P06748
P36896,Q5TCZ1
P53611,P29474
P15813,Q13287
Q13107,P31942
Q13546,O76021
Q99590,Q9UQB8
P09603,Q9Y6N7
Q05209,P50281
P38484,Q9P0K7
O75147,P30876
P19838,Q9H147
P61326,P04229
Q5JQC9,P06493
O95999,Q9UHV2
Q9BQ15,P15408
Q8NC51,Q5T1R4
Q02363,Q9UJV3
P57081,P83916
P62993,P51149
P09629,Q8WXH0
Q9H4M9,Q93008
Q5JY77,P15498
Q6IQ32,Q66GS9
Q9HAU4,Q15365
Q14764,O15524
Q99075,Q9H553
Q8IVP5,O15055
Q99759,Q14686
P04141,Q9BQE4
Q15120,Q9ULV0
P07093,Q06413
Q96EY7,Q71U36
Q9UBS0,Q00526
Q13951,Q12840
P50148,Q09019
P04075,Q14562
Q15022,P60763
O95487,Q9HAJ7
Q86YS3,P07992
Q8TD46,P11684
P40222,P24723
Q96C24,Q9UNP9
P04083,P43627
Q15834,Q71U36
Q9UBL3,Q53HV7
O75689,O00585
Q96J92,P25189
O95376,Q13501
Q96MF7,P12235
P52701,P33993
P01111,Q96NE9
Q8IY57,Q12860
P78543,Q99972
Q6VY07,P23327
Q02413,Q08722
Q06587,Q9UNN8
Q9UNN8,Q9H0E9
P15374,Q92917
Q96EK4,Q12873
O14983,O75928
O60231,Q9GZM8
P53365,O94813
P54132,Q8NB16
Q7L8J4,Q8NB12
O95639,P49848
Q86VN1,Q9GZX6
Q9NRW7,P30679
Q8N3Y1,P30876
Q09028,Q14562
Q969U6,Q86UL8
Q9BPX3,P42226
Q8IWU2,Q7L523
P08581,O15123
Q9Y5V3,P02749
P22455,P35658
Q04759,P49257
Q15833,O60830
O75351,P21926
Q5JSH3,Q02880
P17861,Q9UBI6
P62312,Q86Y82
P36957,Q9UHD9
O75529,Q8NFD5
O95944,Q86UN6
Q96J92,P36954
O60264,O95257
Q9UBL3,O43439
Q9H0K1,P61077
O14511,P20807
O75446,Q9H1D0
Q9H765,Q9BVG8
O15205,Q9NQT8
Q4VCS5,P36405
P09651,Q96JH7
P51681,Q8TAF3
P18077,P08709
Q8NF50,P09038
P09972,P34932
O15350,Q8WXA9
P02730,Q07866
Q9BVA0,O14730
P30876,Q8NB91
Q9GZL7,P05121
O43502,P28347
Q8N488,P18084
Q07889,Q8NC69
P46782,Q12834
P19256,P54136
P42263,Q9P275
Q96H20,Q9UI14
O00329,Q6P1N0
Q8IW35,P28827
P15407,P23582
P57796,P13804
Q93062,P61289
P55347,P60763
Q9UHP3,P09913
Q9NUX5,Q99612
P83436,Q9HB21
P03973,P33552
Q9Y6B2,Q09028
P49796,Q96NE9
P09681,P49910
Q8TAF3,P10909
P35250,Q9UPM8
Q7L5D6,Q9NQ25
Q9NY61,Q9BPZ7
P60891,Q9BY77
Q9NPY3,P05452
Q6UWE0,Q6PJG6
O75628,Q9Y2W2
Q13153,Q9BY77
P21802,Q9NR50
O60610,P51149
P15923,P20749
Q6IA86,Q8NCQ7
P18077,Q9Y4H2
O60271,P0CG47
P08235,Q9P2M1
P51965,Q8IXW5
Q14919,P31350
P36404,P49327
P51610,Q96JM7
Q8N1F8,Q9H5V8
P98155,Q9BPZ7
Q99727,P50616
Q8N5M1,Q8TEP8
P63165,P27361
Q92614,P30556
Q9Y6Q6,P53999
Q9BYW2,Q9BZK7
O95977,Q8WW38
Q14BN4,P00751
Q9UP52,Q9BXH1
Q9NV56,P07992
Q16667,P38117
Q9NRR4,Q12774
Q8TF05,Q14114
Q9NWB7,P22460
Q9NQL2,P26717
O95696,Q14582
P49238,P20810
P49840,Q8N5R6
P30499,O14867
O95983,Q9NV70
Q16586,Q9HB21
Q9Y383,Q13427
P57678,Q9BWF2
O00329,Q15054
P25815,Q92608
Q9BRT9,Q86Y01
Q9BVA0,Q7Z628
Q66PJ3,O95271
Q14974,Q9GZU2
Q14155,P29376
Q14957,Q9BQF6
O75317,Q9Y6R0
Q93062,Q13185
Q8IZP0,O75525
Q01844,Q99698
Q08881,Q06643
O00763,Q9BW27
P13612,O75558
P01563,O60884
O15457,Q8TD08
O14746,P08922
P50750,O95433
Q14674,Q92973
Q96J92,Q06587
P48552,Q05639
P21817,P02675
P01889,Q92837
Q969R2,Q99972
Q2TAY7,P48730
P49736,O75629
Q8WYJ6,Q9NRY2
Q12788,Q7L523
P30542,O43670
O43187,Q5VST9
P06307,Q9H7Z6
P02748,P05106
Q9BUE0,Q14681
Q5T6S3,P26717
O75376,P13501
Q13642,P35637
P26374,P10145
Q8NC51,Q8TDY2
P29373,O43566
P53355,P05181
P23469,Q12905
O43156,Q9NVF7
Q13418,Q92570
P61956,P78371
Q6GPH4,Q9NZ94
Q9NP85,P84085
Q8TAF3,Q9H257
Q5T5X7,Q9ULV0
Q9BRT9,P10147
Q9UNN8,P56377
Q99873,Q9UKJ3
Q5VST9,O43491
P14770,Q9HBH7
Q13470,Q86WT1
Q8NHW3,P25685
Q15723,Q9UQB8
Q9NR77,O76075
Q9UPT5,Q96LD8
Q13625,Q9Y5B0
O60884,P06454
Q13347,Q8WYH8
P05109,Q8N3V7
O75478,Q12873
Q15021,Q8WW38
Q9H2K2,P30499
Q15645,Q8N3X1
P30499,P13688
Q16537,P38484
P52945,Q9H9E3
Q08722,Q8NHL6
Q9NQG5,Q8WWW8
P63218,Q9Y262
Q9H410,Q92934
P56159,Q96IF1
P32245,Q15078
Q9ULC4,P30153
O15553,P19404
Q6PI26,Q9BVG8
Q13402,O95433
P04899,O75962
O43307,Q8N5R6
P09693,Q9BXH1
Q9H160,Q8WW01
Q8N1E6,O15519
P31150,Q02388
P54920,Q9Y3C8
Q9UPY8,Q13011
Q9NS75,P42226
O75175,Q99418
Q13469,Q92530
P61457,Q9Y3E2
Q92736,Q6UXN9
Q9H4I2,Q9Y508
O43447,P42574
Q8NFD5,Q7Z6E9
Q7L804,Q9Y6Q9
Q9UHD9,Q9NPD3
P85299,P15692
P62714,P20810
Q15389,Q8WVK2
Q8N122,O14958
P14635,O75688
Q96Q42,Q8WWW8
Q5T5C0,P30281
P21796,Q9UQ35
P62280,Q9UHN1
P28360,P30153
Q9UQF2,P61981
Q01130,Q92614
Q92636,Q92570
P23511,P78406
P16471,P01116
Q9H0F6,O95278
Q13470,Q8N5R6
P02768,P22303
P81877,P21728
Q9NYF8,P25103
Q9HCE7,Q06830
P78362,Q96F07
Q9H4E7,P18621
Q9C086,Q9HD67
O94782,Q92608
Q02543,P45379
Q9GZQ3,P28074
Q9BT67,P30533
P29992,Q13951
P61758,P05783
Q9NYY3,P35354
P24386,P01584
P52597,Q9NPF7
Q702N8,Q9H2G4
Q13332,Q12769
P13569,Q99418
P07951,P52815
Q9HD47,P62316
Q86YV9,P49795
Q00403,Q9UHC6
P16591,Q15717
P23769,O14594
P40424,P09486
Q14814,P78552
P62875,O14641
Q14145,Q13351
O15212,P35250
Q15334,Q9UHB4
O60356,O75695
Q13740,Q8ND25
Q07157,Q13485
Q9NQY0,Q96SN8
P10114,Q13485
Q13216,P00751
Q96JN8,Q9HCS4
Q32P44,Q9H0K1
Q96B97,Q9Y4C1
O43488,Q8TEB1
Q9BUE0,P23763
Q9UBT6,P61968
Q9UBS8,Q6P1N0
Q14008,P17152
Q9Y3Y4,Q96QT6
P24864,Q9UPS6
P22674,Q96L14
Q02363,Q8IX90
Q04637,Q96QC0
P13688,P23582
Q13554,Q9Y5P4
O75081,Q86XL3
Q14BN4,Q9Y570
P19086,Q70EL2
P17676,Q9HAJ7
Q96NY7,Q15831
Q96JN8,Q9UBN4
P57081,P14210
P49720,Q14469
Q86WT1,O00273
O95376,Q9Y5X4
Q9NPD3,Q05048
Q13144,Q8WVK2
Q14451,Q2TAY7
Q96EK5,Q9H9H4
Q9H7D7,P54136
Q13043,Q96CD0
P43146,Q8IWZ8
Q13241,P11277
Q9UPY6,P53567
Q9H9S0,P39748
Q15650,Q9NS00
Q9Y570,Q8NB16
Q6NZ67,P42679
P61956,Q13322
Q9UBT6,P67870
P04899,P13569
P31323,P60033
P60660,Q15723
O15520,P59998
O14777,O75840
Q9Y2Z9,Q14494
Q12967,P35900
P11308,Q9H832
O95249,O95071
P02792,Q13557
P08574,Q13829
Q16695,P15260
P84243,O75884
Q9UPT9,P62316
P35241,O94906
P17661,Q9NSC2
P04070,O95977
Q02447,O15205
Q9HAF1,P02788
O95819,Q96AX1
Q96CF2,Q9Y383
Q9Y6N8,O14777
Q7L5D6,Q14240
Q92837,O00628
Q8WV41,O14901
P62875,Q9UH73
Q9GZT8,P62913
O75112,Q9BUL8
Q8WV41,Q16849
P05023,P15941
O14543,P08709
O00763,P32942
O60880,Q8WW01
O60603,P34998
Q96LR5,P10827
Q8IVI9,O14579
Q7Z5K2,Q92966
Q9H410,P26374
Q674X7,O43236
Q13239,Q14526
P15153,P36405
Q8N1F8,P39060
O75582,Q9NZN3
Q9P2R6,P16234
Q13501,Q9NZD4
Q13239,Q09013
Q12959,Q9H3M7
O43491,Q9NVK5
Q6QNY0,Q96DI7
P29376,Q9BQ52
P15941,Q8TAM1
P09486,P09211
Q9BVM2,Q96LD8
Q9GZR2,P10398
Q92887,O75525
Q8WTS1,Q15154
Q96T76,P63215
P19320,P11831
P51398,Q00534
Q96AY2,Q53ET0
Q96B36,O14641
P52306,P30988
O15550,Q9H9S0
Q9UBC2,Q16828
Q9UMX1,P17812
O75448,P41273
Q13888,Q8IY57
Q9UM47,P31152
Q03431,P55196
P78371,Q9NPF4
P32780,Q8TCJ0
Q99759,Q92730
P48145,P62328
O15145,Q8TCJ0
O95405,P05181
Q02487,P00488
Q9Y2J0,O43924
Q99996,Q9P0V9
P09486,P61086
P19256,P24522
Q8TAM2,Q9NR77
Q02880,Q92838
Q9UBY9,Q9Y3B2
Q9BUG6,P61587
Q15485,Q9NZN5
Q9UKT9,P55273
P49841,O43597
P11362,P12273
P06730,P49327
Q9UGJ1,P31350
Q8IVH8,O00443
P07947,Q9Y4Y9
Q8N488,O75663
P53618,Q9H2X6
P22570,Q14494
P24928,Q96IY4
Q4AC94,Q15389
P35250,P17600
P51812,P51957
P02788,Q5T1R4
P24941,Q8WWM7
Q96PU5,Q70EL2
P24593,Q9UHN1
P02747,Q0VG06
Q16665,Q9H6Q3
P22392,Q9BWU0
O00712,P01579
Q15013,Q92817
P46782,Q96NA2
O95460,Q14565
P78413,P61586
P34130,P62316
O00232,Q9NS75
P22413,P61204
P48556,O60216
O00712,P50553
Q92643,Q92585
Q6GPH4,Q9H161
P62312,P83916
Q9H307,Q4AC94
Q92785,P50553
P50539,P49757
P08922,P25024
Q13151,P39023
Q9BPW8,Q7Z6B0
O14576,P35228
P26006,Q14686
O75528,Q8IUC6
P08922,Q15759
O95067,Q02297
P47897,P62913
Q15078,O76064
Q9UHW5,Q13285
P11802,Q9UHV7
Q13239,P32942
O95696,Q96NY9
Q2M1K9,P49848
P38606,O75506
Q9Y2Y4,Q9H8Y5
Q9BY77,Q7L9L4
P42226,P10909
P10809,P49327
Q9UL25,P16035
Q9NY33,P14210
P25445,O15503
Q9Y2Y4,Q8IXW5
P02654,Q00403
Q9UGI8,Q8TF40
P05107,Q9H6D7
O14879,Q9H2G9
Q07912,O75807
Q9NPC6,P15260
Q6GPH4,Q969R2
Q6GQQ9,Q2M1K9
Q9Y5P8,Q9NZD8
P02686,Q96PF2
Q9BPX3,O43734
Q7L591,O75509
Q6VVB1,O14730
P61952,Q96QC0
P13501,Q8IUQ4
Q7Z569,P22692
Q12967,P49768
Q15366,Q9BQB6
P46736,Q9NPD8
Q9P2M7,Q13432
Q9HCU9,Q8WW38
Q8NBW4,Q9NVX0
Q8N488,Q9NV56
Q9UBD5,Q70IA6
Q86SQ0,Q15428
Q9NS56,Q9H469
P35346,P51149
Q9BUG6,P42680
Q9Y6N7,Q16543
O43719,Q9NQT8
P49458,Q8WYJ6
P62906,O95573
Q9BYG5,O75791
P35579,P28161
Q96EB6,Q9UKA2
Q99973,P51572
P19086,Q12905
Q07866,Q05639
Q9HBW0,Q6IA86
Q9UJ70,P11277
Q8TEP8,Q9P275
P16157,Q9H6T3
P01160,Q9NZ43
Q9GZL7,Q8N684
Q8TD08,Q16478
Q8N2Q7,Q15365
Q99436,Q96S55
P02748,Q9GZT9
Q9H307,P18564
Q9H9S0,Q9GZQ8
P35250,Q8N9M5
Q8TDR0,Q9NVR7
P02654,Q92519
Q13098,P08754
Q9NRD0,P98160
P17844,Q9NQZ3
Q7Z460,P06748
P42345,P55060
Q9Y2H1,P07315
Q96PF2,Q9UPN7
Q9UGM3,O15392
P16234,P12235
Q96J84,Q13608
Q15599,O75695
Q9Y3E7,P04229
Q96A56,P43364
O75689,Q92777
Q15562,P55273
Q9NZV8,Q7Z589
P15692,Q9UHD1
P18827,Q5D1E8
P12980,Q9UQM7
Q86VN1,Q9NS91
Q9BV73,O75179
Q9BX59,Q9Y279
Q8TEK3,Q15428
O76003,Q92870
Q96AE4,Q96NY9
Q9H2S9,O00308
O14787,P60033
P04141,P05386
Q8NA54,P50995
O95257,P42081
Q8WWW8,O43586
Q9Y570,P25788
Q9Y2R2,Q9Y4B4
P05783,P46019
Q9Y2Z9,O15511
P08235,O60216
Q92882,Q9NZL4
P25791,P54252
P60604,Q9NPJ8
Q13950,O00443
Q9Y3E5,Q6P4R8
Q14790,Q96BD5
Q9UHP3,Q9NZJ0
O60884,Q96BH1
Q7Z6J0,Q99873
P02774,P09493
Q9Y2U5,Q9BUL9
O43566,Q9UBC2
O43913,Q14197
Q9Y6K9,P45880
Q13362,Q58A45
Q96QH2,P20749
Q13642,Q9H9G7
Q15555,Q6W2J9
P38117,Q6VMQ6
Q9UGK8,Q13427
Q8NEM0,P36578
Q6NWY9,Q8WVB6
Q01638,P56282
Q13444,Q9UHB4
P46734,Q99640
P20138,O00628
Q9NRW1,O15511
Q9UHD9,O94985
Q9BVP2,P02708
P02765,Q13115
O43745,P08962
P01130,O60840
P43146,Q13557
O15126,Q99961
Q86XK2,Q9UK97
O14818,Q14681
Q96EY7,P26640
P62841,Q9NWF9
O75529,P50750
P45984,Q9UHN1
Q9UPV9,Q9UM47
Q14674,O00567
P30154,Q8NFJ9
Q14512,P46087
Q5VVQ6,Q15287
Q9Y678,P09619
Q86UT5,Q9UKV8
P08581,P36941
Q9Y6N8,P52907
Q9NQU5,Q9NZC9
P57682,Q14183
Q53HL2,P84243
P08833,Q9Y281
P25815,Q7Z6B0
Q9UPT6,O15145
P61626,Q9GZR2
Q92636,Q9NW38
Q9UMX0,P28827
Q9H0A8,Q9UK41
P08581,Q9NVD7
P17275,Q6UXN9
P00505,Q969G3
Q7Z417,Q6NYC1
Q9UNE0,Q9NYB0
Q49AN0,Q9UHV2
P20701,P63220
Q96L91,P04183
Q9BRK5,P09936
P02760,Q9Y2V0
Q8IX07,Q93063
Q6P2Q9,Q92540
Q92574,Q7Z494
Q05086,Q9BUN8
Q9H165,Q9Y6Q5
Q13332,P39905
P16104,P25787
Q9C0C2,P15408
P54253,P49815
Q96EZ8,P20810
Q4AC94,P01019
P18583,Q9UMZ2
Q9C0C7,Q02535
Q96BD8,P63167
Q02080,Q14112
Q9HBI1,P15408
Q9C0C2,Q9HAJ7
Q9UBD5,Q07890
Q03014,Q13322
Q8IUQ4,P13804
Q9BTE3,P23025
P16615,P21810
Q13216,P02708
Q99584,O15344
Q14BN4,Q8N196
Q9UHQ4,O95140
Q16849,P51572
Q13387,P02766
O75448,Q9UHB7
P23467,Q8NDV7
O14980,Q13501
P45985,Q12996
O14613,Q15506
Q96MW5,Q19AV6
Q99996,Q92966
Q9H3M7,Q96AH0
Q09472,O43293
P29622,Q96HE7
P19419,P35228
Q9H3U1,Q9Y6R0
P61019,Q96Q42
Q8TDR0,Q8IWI9
Q5VVQ6,P09326
Q9H410,Q9BYW2
O14613,P15018
Q96PB7,P19338
P35625,Q07889
Q96EK4,Q9HD67
O75969,P60842
P04275,Q7Z7L7
Q9UBF6,Q9Y2M5
Q6NYC1,Q13351
Q9NPC6,O95071
P50150,P02763
Q5QJE6,Q99732
O95819,P08754
Q96AP0,Q13233
Q58A45,P22692
O43663,P24522
Q15013,P61247
Q6GQQ9,Q13618
P01563,Q9BRK5
P53999,Q92736
Q9NYF8,P10828
P35225,Q9NWA0
Q8NHW3,Q07955
Q03135,O43513
Q8WVY7,P20618
Q9Y6W3,P06241
Q9BU61,P18848
Q8IX07,Q14498
Q92614,Q9H1R3
P68106,Q14114
Q14168,P57105
Q96F44,O75791
Q12972,O43196
Q8IW19,P07998
Q14315,Q96PF2
P30281,Q14197
Q12840,Q9UPN3
Q9Y345,P05181
P35244,Q15334
Q9UQQ2,Q9BQG0
O75840,Q86US8
Q96LD8,Q15361
Q15834,P63279
Q8WV41,P62979
O60488,P42226
Q9UMZ2,P49917
Q16739,P35236
Q8TES7,P25189
Q8IWT3,P06748
Q96HS1,Q9P0K7
Q96PB7,P46821
Q14451,Q03933
P08047,Q9ULZ2
Q8TES7,P15153
Q96KQ4,P78371
Q7Z6J0,Q13542
P68032,P63220
Q13485,P16278
P21796,Q92993
Q9UJF2,Q9UL18
O60285,O43491
Q8WTW3,Q9C086
P35368,P36405
Q14194,P29459
P51610,P23297
O14979,Q15506
Q13485,O75489
P09913,Q9P0K7
Q969H4,P53365
P60033,P56537
Q15363,P26715
Q9Y3M2,Q15361
Q8IU60,P41743
Q9Y6W5,P05546
Q96A47,P29474
P12235,P01040
O60488,P55196
Q9H4M3,Q96EK5
P54284,Q9UKK6
Q96M61,Q8WXX7
Q99814,P19388
P27986,P14543
Q8IZD4,P35900
P29459,Q5VWQ8
Q9Y383,Q9Y2U5
Q96AP0,Q6ZUJ8
P05129,P85037
Q15744,Q13351
Q04724,P01160
P18846,P40939
Q5VST9,P51693
O15068,O75478
P49354,P27348
P40227,P78348
Q9P2N7,P38484
P62253,Q9P0K7
P08235,Q8N6Y0
O95696,P43320
Q5JSH3,P14921
P49069,Q02363
Q02952,O75052
O60826,Q9NX70
Q8TD46,Q9Y2D8
Q86U06,P51168
Q02543,Q9UBY9
O60583,Q9NYF0
Q86XE0,P15813
Q9BVC4,Q13416
Q8WUF5,Q8TEK3
Q01201,P17542
P61923,O14893
O75335,O94829
Q6IAA8,Q9UQB8
O43745,Q6PJG6
Q9H9H4,Q8WVB6
P83916,P02708
Q07325,P10589
Q9NYF8,O00592
P11387,Q13505
Q9UHF0,P26885
Q96PB7,Q9NSC5
P05120,Q7Z6A9
P32302,P98164
Q8IWZ8,P11277
Q9H175,Q96SN8
Q99741,Q9Y6W3
O15111,Q9HB90
Q99569,P62273
Q09472,Q12769
P00167,Q9UBF6
P11308,P13569
Q13291,Q9Y3U8
P01730,Q9P275
P25189,Q01105
Q92834,Q13094
O60885,Q6PH81
O43396,O95400
O14939,O00628
Q96GG9,Q96M61
P26717,Q92917
Q6P1J9,Q16890
Q9BT25,Q6EEV6
P10644,Q03933
Q9NQ25,P35241
Q969R2,Q71F23
Q14149,P25789
Q99961,Q92585
Q96BY2,O14867
O75340,P16284
Q12841,P80098
Q13042,Q9BW11
Q13542,P46736
Q9Y4J8,P35236
Q9BVG8,Q07820
O60486,O94813
P06241,Q9P2R6
Q96J84,Q86XK2
P50591,Q6N043
O76075,P28347
Q96E14,P20936
Q6PCD5,O43719
P15863,Q92673
P18077,Q86WV1
P62633,Q30201
Q9UBY9,Q96PK6
Q7L804,Q8IUC6
Q12967,Q86Y82
P47874,Q9P275
P30460,Q9H553
P46734,P31483
P23921,Q7Z7L7
Q92973,Q53EV4
P61218,P01732
Q96KN7,Q6PI26
Q9BWN1,Q13884
Q9HCN6,O15533
Q16613,P05452
Q96Q42,Q02078
P84243,P42025
Q96HE7,P33076
O15155,Q9UHB4
O95297,P18510
P27695,Q9BYG3
P62753,Q7Z6E9
Q14566,Q96AH0
O00141,Q2NKJ3
O95140,P06734
Q9H5I1,P30542
P26045,Q13618
P07737,Q9C0J8
Q9NRY2,P23468
Q99623,P21728
Q9NRR4,Q9Y281
Q96LD8,Q6NXR4
O75695,Q9UHC6
Q96DE5,Q15596
O60516,O60609
Q15349,Q9H0K1
Q96QC0,Q7Z460
P25103,Q9P253
P60709,P28827
P48509,P17252
Q9GZU2,O00592
O15446,Q7Z6M2
Q86X83,P57775
Q9BTV7,Q8NHL6
Q8WXX7,Q8TF74
Q12789,P14210
O95402,Q9HCE7
P56159,P84085
Q5JSH3,Q9HCS7
P16949,Q07864
O60741,Q8IUC6
P49458,O15164
Q8IZD4,P23582
P40306,P15374
Q96J84,P27361
Q9Y6B2,Q8IY57
O15304,Q9NNX6
O75529,Q9BUN8
Q8IXI2,Q8IUD2
O75175,Q9UBK9
P32302,Q13884
Q9NS75,P62081
P49450,P49761
Q9UQ88,P55199
Q9Y5P4,Q96B36
Q96EB1,Q8NF91
Q9BPZ3,P01040
P48509,O43164
Q8WVM8,Q9C0J8
P56645,Q8TEB1
Q9H257,Q8IY31
O95278,O94906
O43815,P21731
Q9Y265,P30626
O95793,Q07866
Q9NQH7,Q8NFH8
Q9UBF8,O43593
Q9Y570,Q96JC9
P29376,Q8NEM2
P55001,Q8N5R6
P40123,Q8WWW8
Q96MF7,P21583
Q13444,P35557
Q9BW71,P13987
P48378,Q13478
Q9UQ35,Q9Y297
P51531,Q01658
P23469,O75791
O75197,Q96PK6
Q8IX07,Q96J02
O95460,Q8IYI6
P63151,Q9Y239
Q9H5I1,Q8N1I0
O75582,Q8TEB1
Q96JB5,P09493
Q9NY27,Q96FJ0
P61006,P02788
Q9BWF2,Q6IAA8
Q96A47,Q9UL18
P28340,Q9UKJ3
P35579,Q6NZY7
O14544,P25787
Q92542,P35557
Q9NTI5,Q9UBZ4
Q14683,P20807
Q96QH2,Q13155
P28062,Q9GZX6
Q15363,P26717
P20336,Q9NP64
Q09470,Q7L5Y6
Q8TDY2,Q5MJ70
P05109,O43307
Q16543,P15153
P55327,P25189
Q19AV6,Q92917
P11142,Q92838
Q9BY77,Q70CQ1
Q9Y5P4,Q92570
P51681,Q96EP0
P12273,P23229
P49642,P01031
Q15653,P61619
P13688,Q6PJG6
P51817,P49238
Q96L34,P24278
Q02413,O60256
Q96II8,P41236
Q9UPW8,Q9UKY1
Q15388,Q8WTR2
Q6NYC8,Q13277
O00712,P30988
Q9UKC9,O75461
Q96B67,P14543
Q92564,O60231
P22695,Q96KQ4
O15550,P34130
Q96PU5,Q9Y6Q5
P23396,Q9Y6W6
Q9H3M7,Q9UL63
Q9BVP2,P62508
Q9NRR4,Q86XE0
P13598,Q9UBI1
P62875,Q9NRG4
Q15555,Q8IY57
P07711,P67870
O00124,Q03518
O00300,Q9UPM8
P55884,O60885
Q6ZN18,P09429
P56159,Q96LD8
O75335,P53365
Q03001,P52799
Q15109,Q9GZU2
P20827,Q9NRY2
Q86WX3,Q86XK2
Q9NS28,Q9NY12
Q12815,P17812
Q9NR77,O95863
O75147,Q9NR33
Q96PU5,P26006
Q8WYJ6,Q86SQ9
P17600,Q92608
Q9H7Z6,Q8IYB3
P18848,Q5U5X0
Q15363,Q9NRR4
P02679,Q9Y4J8
P02730,P07315
Q9Y2U8,Q4VCS5
Q6X4U4,P49959
O95544,Q92985
P24522,Q9UIG0
Q8IXI2,O75175
Q99569,Q9UPN7
Q9UQK1,P98164
P02786,Q9UBR4
O96028,P20618
P54764,O94889
Q96EQ8,P32246
Q96EB1,P18084
Q96H20,Q6P0N0
O75800,Q13427
P09493,Q05516
P02545,P52298
P12755,Q9Y3A3
P09211,Q9UBP5
Q9Y4K3,Q96SD1
Q96SD1,O75791
P13725,O95602
Q8N1L9,Q8WW38
Q8WTS1,Q99640
P48509,Q9Y5X4
Q9UHQ1,Q03014
Q15650,P43686
P24928,Q9NV56
Q9H1A4,Q9NP97
P29376,Q9UKA2
Q9H2S9,P11474
Q01831,Q5VT25
O00291,P28907
Q9Y210,P16284
P02774,Q99584
P55196,P25800
Q66PJ3,Q9UKV3
P32004,Q15388
Q99547,P12814
Q9GZQ3,O14745
P09429,P00742
P13693,Q15389
Q14626,Q05639
P11234,P01040
Q8TEK3,Q9P275
P01116,P31749
Q9Y6R0,P62491
Q9UQ84,O95487
Q8N5C8,Q8NFJ9
Q99653,Q96EV8
P04083,P06730
O75807,P16410
Q96RN5,O14776
P13804,Q8WW38
Q13705,Q9BUL9
P28074,Q96T58
P51587,P57678
P41002,Q92542
Q8WVC0,Q9NWS0
Q9Y2Y9,O14727
P62750,Q13936
Q03181,P04066
Q8NC51,P01584
P15018,P51636
P49715,Q9NQ29
Q9UNN5,P22692
P11387,P08962
P52298,P55055
Q9H9Y6,Q9NS00
P18075,Q9Y6E0
P02647,P01023
P32121,P07992
O43390,Q7Z434
Q8NI35,Q9NR33
Q6P4Q7,Q8N5I2
Q9H3U1,P09958
O75369,Q99418
Q96B97,P55060
Q92985,O14948
Q9NPB6,Q86UE8
Q8IXJ9,Q08AG7
Q8WVB6,Q96EP0
P24863,Q96BD8
P46108,Q9NZC9
P00488,P17535
Q9UHD9,Q14258
Q07890,Q9UKJ3
P30622,Q9UBT6
O94776,Q9P253
P49639,P20807
Q16656,Q8N4P2
P20138,O00443
Q9UMX0,P49795
Q9P086,O00186
P51681,P30086
P30273,O95758
P01189,Q5VVQ6
O43929,P38432
P10147,Q9BU64
P00451,P07204
P48553,P15382
Q96DE5,P15382
P02730,Q9NVI1
O75832,Q99576
P07996,P09326
P18887,P67809
Q12846,P49760
Q12996,Q15836
Q5W0Q7,P28827
P62306,P62875
Q96P70,O14925
Q9Y3I1,Q9NVD7
P69905,Q92530
P25391,Q14814
O95967,P53618
P43686,P49754
Q8TEC5,Q96DB2
Q86U06,O75525
P25685,P17152
P04049,P49910
P35222,Q99814
P60604,Q9UBY0
P51451,P46934
P50613,P36873
Q5VTB9,Q9HD67
O00625,Q9UL54
P52756,P08962
Q13464,P05549
O75081,Q9H0D6
P26885,Q16644
O95295,P35658
P30533,P49327
P49354,Q96B67
P23025,Q9UIU6
Q15208,P62328
O15533,O00273
O75529,P13671
Q96KN7,P11277
P10145,P50281
P47755,P51172
P61289,Q9NZC9
Q9H9C1,Q9NYJ8
O95336,Q9H9E3
Q9BUE0,O00451
Q14990,P49848
Q96IY4,Q15762
O60927,Q15208
Q9UKT7,P12980
Q9UNA4,Q9Y2M5
Q9Y2Q5,Q6R327
P01588,P17480
Q9UNP9,O43597
O15068,P14625
P61626,Q8TDY2
P39748,P24723
O95600,Q92625
P08311,Q96EB1
P08519,Q9UKS6
P11233,Q13107
P16112,P38159
O95602,Q9UPZ3
Q96A56,P04628
Q86YR5,Q14114
Q86XL3,Q13127
Q96MF7,P48509
Q02447,Q6ZRS2
Q8WYH8,P35228
Q8TAG9,Q08050
O95544,Q3V5L5
Q9Y2V0,O00451
O94973,Q92797
Q9NY27,P17480
Q5TKA1,P17813
P61619,Q86XK2
Q9NY33,Q99436
O95336,Q13061
Q9Y2Z4,Q8TAP6
O95571,Q02363
P62875,P61081
Q01974,P22307
Q14686,O14641
Q96HE7,Q03518
Q16656,P55196
O14613,O94889
P26373,Q13061
Q13503,O43432
Q9H2X0,Q9UGK8
O95257,P07237
Q9Y3C8,Q12802
Q01844,Q99638
P16885,Q92844
Q9BRB3,Q9P287
Q14155,Q9Y2X8
Q96RK4,P50914
Q14681,P56282
O95967,O75061
Q92882,Q14112
Q8IWS0,Q9NVX0
Q14746,Q13507
Q13127,Q14197
Q6QNY0,O95373
Q71F56,Q9Y5R8
Q9H4H8,Q9UI47
Q13884,Q9ULV0
Q9UBC2,P68363
O75317,Q9UM73
O14757,P02708
P23560,P23193
P11831,Q7Z589
Q5VVQ6,O60232
P49336,P10589
Q70IA6,O15297
Q13045,Q13163
Q9ULG1,Q9Y5X4
Q9NQ25,P42166
Q9H8S9,Q9NVR7
O15116,P35998
O00512,Q13761
Q92918,O00429
Q92574,Q13541
P16860,Q13740
P42336,P35221
Q6ZVD8,P50914
O14746,Q6P1J9
Q9C086,Q8WXH0
P21796,Q9UNM6
Q5T4F4,Q13107
O14744,P25789
Q02487,Q9BWN1
Q9NSK0,Q8IVI9
Q30201,P06748
P31323,Q9HAJ7
O43913,P61968
O43734,Q9BY84
P13569,Q9UIB8
P20042,O75663
P38117,Q9H0Y0
Q96EP0,P46019
Q9UBD5,O00499
P16615,O00541
Q02223,Q6PJG6
Q8NDX5,Q6PH81
Q8TD46,Q9UKY1
O75586,Q9GZN8
Q96KJ9,Q92830
Q02447,Q96DE5
Q15942,Q8NCM8
O60741,P04150
Q5T5X7,P10588
P38919,O43593
Q86X83,Q9BU64
Q9H2K2,P52907
P68543,P35637
P50991,P46736
O14795,O95831
Q96CF2,P26640
Q7Z494,Q92793
Q86U70,O75582
O15539,Q6PH81
O60664,P84085
Q9NRY2,Q9H9E3
Q15465,Q96QC0
Q9UHD9,Q99618
O95785,Q9UHN1
Q13595,Q13618
Q8N3Y1,P08574
P42262,P00736
Q9UNP9,P55010
P62244,P98172
Q14192,Q96M94
P30542,Q5VWG9
Q07864,Q6IAA8
P40337,Q96RU3
Q13216,O95863
Q99741,P50616
Q9UFG5,P08247
Q3ZCQ8,P43628
P04049,Q8NHZ8
O43187,P38432
P00492,Q16666
O15205,P21731
Q6VVB1,Q969P5
Q9P0U3,Q92830
P49716,Q9Y6E0
P61981,P62913
P51812,P18859
O43143,O60739
O95817,P02730
Q96CW5,Q9H7Z6
Q14315,Q9BZJ0
P46060,Q13057
P09496,P25391
Q96T23,P53992
P38117,Q70EL2
P78362,Q92599
Q13951,O00470
O95140,Q7L5Y6
O95149,P28069
Q9HBI1,Q6ZRS2
P15692,O14933
P50150,Q969T9
Q13951,Q02297
Q6QNY0,Q92542
Q5MJ70,O75970
P02686,P07947
P21860,O75969
O60486,Q15555
P24588,P25789
Q99497,P23142
Q9P2M7,O60232
Q7L9L4,Q9P275
Q9NZL6,O00625
P51808,Q9Y2Z4
P57796,Q92917
Q9Y4D1,Q8WVY7
P54284,Q96RT8
Q96F07,P67870
Q9H2X0,Q05639
Q8IUC6,Q8WW38
P09693,Q71F23
Q13554,Q9HAU4
O75164,P56693
Q96A72,P22460
O43143,Q9BZE4
Q9NTJ3,P23511
Q9HAJ7,P02745
O14649,P48167
P40926,P60660
Q6NZY7,P18510
Q33E94,Q12996
Q76N89,P51911
P36404,Q9ULZ2
P51172,P14635
Q6ZNE5,Q13332
P07101,P02741
P63215,Q9NQZ3
P39748,O95071
P01160,Q9NZU7
P25054,P50995
Q96LD8,P62993
Q9UHV7,Q9P0U4
Q14582,Q3V5L5
P47897,Q9UKA2
Q07352,Q13887
Q06265,P20827
O14599,O75506
P16591,Q16623
O43313,O75478
Q9Y2W2,Q9H0U4
Q93052,Q8IUD2
Q96A47,O15116
O14939,O14579
Q9NVC6,Q8WXH0
Q02223,Q9UKS6
Q92614,Q53G59
Q9UKI2,P48378
Q9BUG6,P35916
Q01892,Q8TD31
Q9NV31,Q9H2X6
Q96Q42,Q92519
P35225,Q9NQ94
P78413,P19532
P05388,P25024
A2RRP1,O75477
Q49AN0,Q9C0J8
Q13571,Q96IT1
P01303,Q13542
P27348,P36941
Q9NRW7,P16220
Q13563,Q9Y2M5
P19105,Q9P104
Q99814,P16284
Q9Y6A5,P98160
P85299,Q92830
Q5T4F4,Q9Y2W7
Q01453,P12980
P14770,P08151
P07359,P05121
Q9P0U3,P17661
Q9H160,P78406
Q9H4P4,Q9NZ43
P27361,Q96QT6
Q9UBW7,Q92530
Q9UBE0,P00533
Q03181,O95336
O75689,P08151
Q13740,Q15691
Q9Y5J7,Q2T9J0
P54136,Q5TD97
P23467,P04264
Q9UM73,Q9Y3M2
O95429,P42574
Q92519,Q9UNS2
Q00536,Q99584
P16591,O75530
Q9Y3L3,Q8N6Y0
P20701,P21333
P51116,P50749
Q9UGJ1,Q702N8
Q96PU5,Q71SY5
Q96IT1,Q92570
Q01844,O43439
Q5S007,Q96IF1
Q02535,P30203
P08922,P30203
Q14746,P15408
P26367,Q8IX90
O43852,Q8TBB1
O95639,P67809
Q9H0D6,Q9H0U4
Q8N668,Q00403
O60664,P26640
Q9NVK5,Q8IX90
Q13905,Q12778
Q15532,P05546
Q9BQ95,Q15723
Q9NSC2,O14594
Q9HCG8,O95140
Q13485,Q8WX92
P42772,Q96NA2
O95602,P38606
Q13625,Q13595
P14678,P41279
O00472,P27361
Q9H2L5,Q6NYC1
O14613,Q92608
Q9P0U3,Q5QJE6
O15392,P16615
Q15173,O75190
P01730,P60484
P56192,Q9UBC2
O60741,P10145
Q9HAF1,Q9Y2M5
Q9P246,O14770
O95232,Q15120
P06702,P21731
Q8TBB1,Q92542
O15155,P98172
Q16740,Q9UPS6
Q5T4F4,Q9NQH7
O00329,P61956
Q8IYD8,P52434
O15018,P25789
P62166,O75970
P05107,Q9UJW0
Q8IZJ1,P25705
Q08117,P30101
P02654,P29459
Q01453,Q9BRG1
Q99727,Q86TM6
Q06546,Q92917
Q9UBD5,Q99996
Q9NPQ8,Q8WXH0
Q9UI08,P23142
P61764,P07093
Q8WWN9,P61978
O95155,Q9NZN4
Q8TCG1,Q13761
Q9UL62,P41208
Q99615,Q15038
Q8N729,P31483
Q13153,P98161
P02675,Q13478
Q02790,P13987
Q9Y6N9,P28062
O60603,Q9UL63
P55795,Q96T37
P35658,Q9H4B6
P61289,O76064
Q13868,P06881
O15031,Q9UJY5
P98164,O00255
Q15831,P83436
Q9NV70,Q96S55
Q9Y5T5,P60953
Q8WVY7,Q06455
P19086,Q9P2R6
Q96HE7,P29474
P20336,Q9UL03
Q99741,Q13740
Q96CS4,Q9BXS5
P35998,P11171
P04070,P60660
Q9UGJ1,P62820
O60739,Q13351
P47804,O95503
Q9Y3E7,P23763
O15455,Q96T60
P08311,P02708
Q13571,P60660
P54920,Q9NQ25
Q9NZN8,Q15389
Q9UBS0,Q08AG7
Q14011,P43250
P61586,P20701
Q9H0E3,P46776
P20618,Q13061
Q13009,O95977
O75461,Q99459
Q9UQK1,P81133
Q5JVS0,Q9H4B6
Q8N4P2,Q12769
Q9Y6W3,O15446
P15918,Q9NVF7
O95793,P35221
P05156,P10809
Q9NR55,Q9UNN5
Q13474,O94829
Q13464,Q9H7Z6
Q8WYR1,Q9BPZ7
Q9ULK4,Q8WW01
Q92887,P51532
Q9P0U3,P56817
Q05066,O00541
P04234,O14727
P78346,O75448
P62753,Q07890
P49767,P25685
Q9P000,Q8WU20
P51825,Q15466
P11802,P20807
P13693,O75525
P08476,Q7Z460
P23396,O00189
P30203,Q5W0Q7
P08754,O75688
P04070,Q96QT6
P30273,Q3ZCQ8
P35241,P28069
Q9HAJ7,P48378
O95999,P16112
P24941,Q9UKA2
P06307,Q8N488
Q8TF42,Q9UPS6
P09326,Q15459
P22830,P21980
P03951,Q14183
O75529,Q99567
P17661,O75695
Q99497,Q14145
P05412,Q8WXH0
P42261,O14901
P32969,Q13322
P48553,Q9HC52
Q13042,Q9Y4J8
O60756,Q99835
P63261,Q15386
O43293,P08754
P49407,P29460
Q8TDU9,O14867
O00241,P55347
Q99836,P62081
Q9UBZ4,P27701
P10589,P05556
P84996,O60741
Q9NR33,P00736
Q9UI12,Q9Y2W2
Q9BVC4,Q6IAA8
P23025,Q92730
P18510,O95271
P78318,P15172
Q9NVI1,O00273
O75694,Q9H0Y0
O75312,Q8TAG9
P49458,P61326
P02538,Q5VZM2
P40306,Q99459
P45985,Q14315
Q6PIJ6,Q9Y3U8
Q9UP52,Q9H9E1
Q9NS28,Q9H816
P52735,P01583
O75369,P55735
P68543,P51532
P02686,P62873
Q14241,Q9P2W9
O75478,P01241
P10588,O15400
O95704,P53350
Q96AH0,Q8TD31
P51812,Q702N8
P30203,P55273
P01034,Q12778
Q8NFD5,Q07325
Q13319,O60488
Q9UKT9,Q5VTB9
P07858,P30086
Q8IWZ6,Q9BV36
Q76L83,P51172
Q07666,Q8TEU7
Q9Y6N9,P36578
Q96JH7,Q9ULR0
Q09013,P52790
Q9NPH3,O15297
Q16548,P02647
O00623,Q9Y5P8
Q99836,P07947
P09496,Q9BZD4
Q96A72,P17480
P62508,O15205
Q9Y6W3,Q9UQK1
P16234,Q86UP2
P02760,Q9C0J8
Q06481,O75934
Q15542,Q9UNN8
Q14118,P62328
Q12906,P20810
P39019,Q00872
Q9Y261,P32780
Q96S44,Q9H2L5
Q92696,O00303
Q13310,Q9NP97
Q13501,O94927
P62273,P10589
P33076,Q92608
P29622,Q00536
Q8IZJ1,Q9H6R0
P51571,Q13492
P45984,P23469
P25789,Q92917
Q9H9E3,Q13618
Q8TEB1,Q15744
O15519,Q5T1R4
Q99727,Q15311
P10147,Q15025
Q7L5D6,Q00987
Q14151,O60762
P30531,Q9H4B6
O00487,P10398
P48556,Q14168
P62714,P98077
Q96II8,Q9UKA2
Q9Y376,P19404
Q93096,P45984
Q14004,Q4G0F5
Q13115,O95336
P34130,Q5U5X0
Q9NR12,Q71U36
Q6GTX8,O60488
Q4LE39,Q8TAG9
O43156,Q96BR1
Q86YV9,Q8IWZ8
Q13625,O15350
Q16478,Q9UL63
O60759,P27361
Q96JM3,O14948
O15211,Q9HCS4
P01130,Q9H832
O15169,O95602
Q7L804,Q9Y343
Q8IZP0,O00626
O94952,P60660
P48552,Q9HBE1
P51668,O14594
Q9UBZ9,Q96FV9
P42226,Q8TEW0
O96020,P62316
Q68CP9,P30989
P50748,Q9NRG4
P51531,Q53HV7
Q86VN1,Q9UBU7
P01189,Q96NE9
Q9UBK9,O95831
P18827,Q8WVM7
P02746,O14544
P11233,Q8NF50
Q99640,Q92608
Q9H074,P26373
Q9H9Q2,Q8WVM7
Q9UIV1,Q9NT62
O95819,P32246
Q969P0,Q8WVC0
Q8WXF1,O43502
Q12824,P32246
P61962,Q15386
P23467,Q14C86
O75817,P33552
P08151,Q05639
Q8WZ42,P05230
O60500,Q9HAQ2
P22059,O14958
O75396,Q96IF1
P12081,Q71SY5
Q99933,P32780
Q68CP9,Q92917
O75817,Q6ICG6
P49910,Q9BWW4
P46734,Q9Y6E0
P06307,P35579
Q9H267,O00628
P31150,O00287
Q9Y275,O75695
O96013,Q9NZN9
Q9UL25,Q99996
P30279,Q9UHB4
O75335,P16284
Q9Y5Q3,P49458
P25490,Q14155
P31483,Q9BW61
Q8WW01,Q13643
Q9Y265,P18031
Q15796,Q9HD26
Q15109,Q9Y239
P22570,P02741
P62312,Q2M1K9
P46976,P51825
P28062,P06756
Q9Y383,P13612
Q9NPF5,Q9HBH7
Q9BSL1,P06454
P16035,Q9UMZ2
Q9H074,P49591
Q86XK2,P02708
P31689,Q9P104
P52565,Q9GZN8
P04070,P02774
Q8WVM8,Q12934
O43852,P81274
Q15075,Q99748
P04792,O75368
O60716,Q92519
Q9H2K2,O95758
Q07912,Q8N6Y0
O95477,P09913
O94889,P26374
P07737,Q96C03
P31689,P55347
P13010,Q9H816
Q96SW2,Q9P2F5
P57796,A5YKK6
O60568,Q9UKI2
O60481,Q9HAJ7
P33151,Q00688
P61244,O14770
Q12913,Q9H2D6
P19532,Q9Y698
Q8TBZ3,Q15311
Q9UBW7,P35228
Q8IZQ8,P50151
Q00577,Q9NS75
Q13043,O43196
Q15080,Q8WVM7
P25774,P42081
Q13131,Q9UBY9
Q9BQA1,Q6PI26
P54284,Q9NR77
P25103,Q8TCJ0
Q9NRW1,Q96JH7
Q16890,Q99814
P62906,Q9H816
Q8WXF1,P26373
Q9UH77,P41273
P30531,P18084
P00492,O75494
Q06828,P19256
O75914,Q92747
P02654,P55347
Q6GQQ9,Q9UL46
Q9P246,Q9UPY3
O15511,P98160
Q9H3Z4,P18075
Q9HD67,Q6FI81
P20339,P15941
P17096,P25787
P29992,O75330
Q9C0J8,P04085
P30086,Q13200
Q6N043,O15144
P00167,Q9Y279
P25705,Q8WW01
P29322,Q86US8
P60520,P18510
Q0VDD7,P0C0S5
Q93052,O43663
P61962,Q14112
O60285,P30153
Q9H257,Q03518
Q6GQQ9,P51149
Q9NVP2,Q9NZU7
Q9UI12,Q9NZD8
Q8TD08,Q13478
Q96A72,P56537
O00429,O75525
P48378,Q19AV6
P07900,O15392
P01106,P49715
Q15366,Q15365
Q9Y6N9,Q96LD8
Q96J02,Q96IZ0
Q7RTV0,P36405
Q14155,P07093
P09661,O75334
P40227,P51843
P02760,P55884
Q16394,P18621
Q9H0W8,O60762
Q06265,Q9NP64
Q8NBW4,Q9HD67
Q86X55,Q9H6U6
P10144,Q16828
Q9UBV8,Q07820
P49796,P62195
P30048,Q8IY18
Q15746,P48730
P17661,Q9UK58
O95460,P78364
P41182,Q9H6Z4
Q13884,P36941
Q8IZJ6,P55060
Q92796,P23582
P48556,P49760
Q86UE8,Q8IY31
Q01638,Q03431
Q8WUF5,O15018
Q9Y5Y5,Q9UIF7
Q9Y587,P85037
Q9NP97,Q92777
Q9P2B4,P17600
Q9NVD7,Q9Y5B0
P37173,Q6PH81
P50616,P03973
Q9Y6Q5,P41217
Q66PJ3,O95163
Q12841,P40939
P68104,P81133
Q7L5D6,Q9UHP3
P60903,Q9UJW3
Q9Y6Q5,Q13505
O95477,Q9H8S9
Q9BXL5,O95967
Q15459,P49750
Q03519,Q9NPC6
O43680,P63010
Q96JN8,Q8NFH8
Q8NI27,Q9UNK0
P23510,Q9UNN8
P45379,Q9P246
O15287,Q9BWU0
P29350,Q6NYC1
P11474,P51957
Q9P2Y5,Q8IU81
Q33E94,Q96EB1
Q5VVQ6,P31150
Q9BS18,Q6ZRS2
Q8N196,Q9H161
P00374,P32239
P29459,O95210
Q5T6S3,Q6PI26
Q5T4W7,P20618
P16871,Q9NPI8
Q14974,Q5JVS0
P05160,O94889
P05386,Q8IY18
P01034,Q9Y4J8
Q9GZR2,Q9UHB7
P16860,Q9NQ66
P40222,Q99942
Q92754,Q15788
P49721,Q96HR8
P51808,Q9NZN3
P41146,P35670
Q9BRB3,Q7Z6A9
P60880,P30876
Q8WU17,P42025
O75461,O75330
Q9HAP2,O76075
Q99623,Q92530
P61081,O75817
Q2QGD7,P68363
P09629,P23396
O75179,P30499
Q15762,Q5T6S3
Q9NX47,Q99584
Q01892,Q9H0Y0
Q08999,O76064
Q8IX90,Q93008
P54368,P46736
P84022,Q71DI3
O60683,P02747
O00232,Q08397
Q96S55,Q53EL6
Q13239,Q9Y239
O95831,P51170
Q9BQA1,P42226
Q13740,P29375
Q12816,Q01844
P00748,P10515
Q9UMZ2,Q8TCJ0
Q16611,Q9Y535
P49336,O94813
Q9P2M1,O95613
P26641,Q9BWN1
Q9BXM7,P12272
P16112,Q7Z3B3
O15553,Q13509
Q9Y570,Q8TCJ0
Q16739,Q8IZH2
Q96KJ9,Q92538
Q9Y2Y1,O75884
Q8TF40,Q8IYF3
P35398,Q8TEB1
Q9H0R8,P61619
P54920,Q9BUN8
Q49AN0,Q13155
Q96G25,P42261
P15923,P17812
P80098,O75170
Q15311,Q9H553
P06702,P23763
O43566,Q7Z406
Q9NZU7,Q9UIB8
P08700,O43379
Q9NZL4,O00401
Q04917,P11387
Q9NV44,Q12996
P14653,P23763
P13725,P67809
Q9BU64,O76075
P12272,Q9UKA2
Q14738,Q8WXH0
P35611,P16109
Q01638,Q9P2D0
O75529,Q9Y6J9
P38646,O14543
P10644,Q9NP97
Q13107,P07550
P18846,Q8TEU7
P62195,Q9NWS0
Q13642,Q03933
Q9Y2U5,Q6GQQ9
P35858,Q8NEM0
Q13362,P22307
O43396,Q13555
P43026,Q9Y2A7
P33681,Q9BY84
Q9NZM3,P16284
O95278,Q96L73
Q9UBQ5,Q8N1L9
P36956,Q14566
O14796,P61020
Q15543,Q16082
P23760,P05388
P10147,Q9NPD8
P55060,Q8IUC6
Q01718,Q9NRY2
P51790,Q96BR1
O14939,Q9UKS6
P49768,Q99598
Q12996,Q9UQE7
Q9NW38,P25116
P02741,Q8NB12
Q8N5H7,P09086
O00585,Q14151
Q01081,Q14296
Q14669,Q15365
O43184,Q9UQC2
Q9H9F9,O75170
O43663,O15297
Q99871,P05546
Q9HBW0,P18428
O95487,Q96FW1
P09651,Q8N3X1
P04083,O14544
P21817,Q9H0U4
O60486,P01579
Q8IWU2,P10909
Q92574,P42224
P12980,Q02548
Q6WKZ4,Q8IWI9
P04080,O60885
O95235,Q6ZYL4
P01031,P42025
Q13905,Q9P209
Q9NWF9,Q12873
P54132,Q16623
P01588,O75530
P04070,P61586
O00220,P27824
Q9UGL1,P23468
P28324,Q92917
Q86Y91,P45984
Q4G0J3,O75334
Q9H5I1,Q9NR55
Q92529,Q4AC94
P61020,Q13936
P08238,P11362
Q9H2X0,P06241
Q02080,Q9NSK0
O76003,Q96Q42
P20618,P49959
O75689,Q8WUA4
P43364,O95433
Q9H7Z6,Q9UNS1
P33991,Q9NNX6
P08311,Q86SQ0
Q8IUH3,Q86VQ0
O75947,Q13351
P26010,P02765
P28074,O14511
Q9NV56,P48167
P02760,Q9UGJ1
Q9C026,O00273
Q6NYC8,Q6NYC1
Q9ULC4,Q9C0J8
Q01970,Q9UP52
P08151,Q15642
Q9Y692,Q06830
Q9P0U4,P30203
P17861,P06702
Q07352,Q9UMZ2
O00186,Q9H175
Q12834,Q19AV6
P61289,Q8WVB6
P02792,O60756
Q9GZX5,Q12769
Q9Y248,Q9NWA0
P62166,Q5T9L3
Q7LG56,P25116
P55327,P43628
Q9NWT6,Q9UJY5
P13611,Q96KQ4
P15408,O14497
P51532,Q9H6Z4
O75865,P54725
P51677,P34998
Q13425,P09884
Q8IYD8,P55055
P45379,Q6PJG6
Q13239,Q8NHM5
Q9H2L5,O96028
Q15466,O95573
Q8IZQ8,P42261
P14373,Q13485
Q8NHM5,Q13155
Q9H160,Q9NWS0
P43246,Q86XL3
Q8NE01,Q02224
P63261,P22307
Q7LG56,P08514
O76003,Q8WVY7
Q9NX47,O75663
P84103,Q99835
O75962,O60231
P07093,P25815
P51610,Q92870
Q9C0C2,O00592
Q9UBE8,P98164
Q96S44,Q8WXH0
Q02447,P08588
Q8TBZ3,Q9UL46
Q8WX92,Q9NVP1
Q9H0W5,Q9BPZ3
P61204,O94905
P41161,P38432
P49767,P48730
O43927,Q15700
Q02363,Q9HB90
Q92599,Q09019
Q9NSC5,O95714
Q9UQN3,Q92888
Q04637,Q6NYC1
O15211,P06748
Q5RKV6,Q86U86
O43396,O95163
Q9P2J5,Q8WWN9
P29375,Q96BR1
P08047,P41217
P50570,O95429
Q9NUU7,P06702
Q14112,Q5TD97
Q6PCD5,Q9UBT6
O75914,Q96MH2
Q9ULG1,P20807
Q99075,P01375
P19438,Q14289
Q92499,O60437
P05231,P42081
P63279,P27361
Q9NZV8,Q93096
P48556,Q5VTR2
Q8TES7,P19387
Q9P2J5,P41279
O15164,Q14197
P04075,Q96N96
O43752,Q8WXH0
Q15406,Q9H1D0
Q09019,Q14296
P51149,O14641
Q9P2M1,Q15532
Q09028,Q13087
Q15915,P18433
Q96FW1,P49815
P62314,Q8IVI9
Q13402,P22736
Q9UQF2,O15527
P11233,P05108
Q96AY2,Q03518
Q8NBW4,Q93096
P78362,Q9HAP6
Q99700,P30101
Q96BD8,P51149
P20337,O75030
Q15796,Q15389
O95831,O43251
Q16611,P09668
Q04721,P05556
Q9Y4Z0,O75695
P53611,Q13002
Q9NTJ3,Q15365
Q12913,Q9HD26
Q8WVB6,Q9HB90
Q9H1R3,P25189
Q9Y265,O15211
Q9UL62,Q9Y2Y9
O60762,Q92796
P34130,P06748
P43489,P13569
P52735,P27361
O75144,Q92574
P15880,Q9UKS6
P01111,Q86UN6
P18077,P23634
P52434,O75791
P29992,O75410
Q92854,P01160
Q9NQ66,Q71U36
P46087,Q16644
P07093,Q96AP0
P36542,Q9HBE1
P20339,Q14112
P26651,Q9UBY9
P19838,P30499
Q8TAF3,Q9Y6J9
P49238,Q15389
Q9BZI7,Q08999
P43005,P31949
P02749,Q13427
Q14168,Q9Y2D8
Q14194,P08962
P34741,Q96NE9
Q14242,Q9BYM8
P61587,Q9NXV2
O43292,O43663
Q9BVA0,Q9UNY4
P29376,O43681
Q16739,O75955
P33151,O95785
P07737,Q8N5I2
Q9H4I2,P00533
Q9Y3I1,P62906
P14770,Q92851
P01135,P01584
Q99576,P62508
P61457,O75717
P53567,Q92851
O43913,O00762
P51965,Q9BQ95
O94842,Q9NQB0
Q13873,Q96J02
Q9UI09,O43292
Q9Y2U8,Q9UHN1
Q53ET0,Q9UL63
Q06124,O60880
P11142,P26717
P42574,Q9NP64
Q13303,P32942
Q9NRG4,Q92673
P31749,Q9NPF4
O75197,Q9NPY3
Q9NUG6,Q6NYC1
P23467,Q9ULC4
O14746,Q9UL63
Q8NFH4,P49736
Q5T2W1,Q9BZD4
P61764,Q04756
Q7Z4I7,P06881
Q06828,P05108
P0CG13,Q9UBI1
A0JLT2,Q12873
O14893,P17342
O75694,Q86WV1
P62312,Q86UP2
Q12815,P61619
P01563,P53365
Q99615,Q92542
P05231,Q9NPC6
Q9BUL9,O75807
P05787,P81274
Q96EV8,P19838
Q8NHG8,Q12959
O95319,Q9UMD9
Q9UPM8,P45984
P09486,Q13418
P02679,P36578
P36957,Q15388
P22830,P67809
Q8TEK3,Q96EP0
P09874,P84243
Q14315,O43293
Q9H2K2,Q9UQQ2
Q9P246,Q6UXN9
P28328,Q9NZD8
Q29RF7,Q9NS00
P32780,P17152
P46976,Q9NPC6
Q9P0R6,P19838
P01730,O95163
Q9UPY6,O95977
Q12815,P46736
Q9Y6D6,Q03933
O15265,O75962
Q9UBF8,Q06587
Q9HAP2,O95197
P07858,O95613
Q9NZN8,Q58A45
P68543,P53999
Q9UBP6,Q8TD31
Q9UBU7,Q9Y376
P40222,Q9Y5B0
Q9Y6R0,Q8WWW8
Q9UBS5,Q9H9E3
P06703,Q6ZYL4
P06702,P30153
P06734,Q6S5L8
P55072,Q9UQB8
P35613,Q9Y281
O14802,P22307
Q5PRF9,Q9NPH3
Q08043,Q86SE9
Q9ULZ2,Q5VWG9
Q16666,Q15386
P01019,Q16828
Q9NP84,Q9BWU0
P31930,Q13643
O95405,P10398
Q9UER7,P61925
O94889,Q9HC98
Q99741,P62820
Q6VMQ6,Q6N043
Q9UMX0,Q92793
Q8WZ42,P20827
Q01105,Q6W2J9
P10114,Q9UK41
Q9HBI0,Q9P2R6
P21453,O00626
Q8N531,P85037
P61956,Q719I0
O00148,O95336
P01563,P62736
Q9H0D6,P63241
Q9H1K1,O95758
Q15013,O15297
Q13596,Q8IWZ3
Q13614,Q07960
Q06587,Q9BRQ0
Q9NPH3,O95257
P60866,Q02930
P49642,Q15311
O43488,Q9UM54
Q6P2E9,P50553
Q8IWZ3,P48061
O43292,Q15406
P01040,Q9Y2R2
Q5VWG9,Q96F07
P53999,P22223
Q5VST9,P19532
O14497,Q12802
Q15022,Q9BYG3
Q16665,Q9BX63
Q9UNF0,Q9Y3M2
P17813,O95573
Q8TDR0,Q9H0W8
P20702,Q6NZY7
Q9BXL7,Q9NP97
P46736,Q9HBZ2
Q8NBW4,P40939
P11912,P26010
O15400,O43933
P08047,Q96A72
Q9UPW8,P11166
Q93096,O14948
P31321,P68871
Q9UGJ0,Q8WVB6
Q7Z4I7,Q13404
P06307,Q5T1R4
Q9Y6M7,P18031
Q9NYG5,Q9BU61
Q9NPG3,P63010
Q15555,Q92781
Q8NAV1,Q969T9
P17980,Q13233
Q9UL46,P35557
P17181,P00533
Q14451,P26367
Q5T4F4,O00626
P14373,Q9NQ94
Q702N8,Q96FJ2
Q16548,Q8NHM5
Q16890,Q9NP64
P02747,Q9UM54
Q9HBM6,Q9UBF1
Q9H4L5,P09913
Q14241,P38117
Q70CQ1,P31314
O00300,Q9H0M0
Q9UPZ3,Q15723
P04075,P81408
P19256,Q4AC94
P57775,Q9UJY5
Q96EK4,O95967
P52655,Q9UBU7
Q9UHD1,Q9BW11
O43566,Q12802
Q15596,P63220
P22223,Q8N1E6
Q9Y6K9,Q9BZD4
Q96EB6,Q9UK53
P43146,Q96NY9
Q92887,P10747
Q7L2E3,Q9NZC9
P49795,Q6PJG6
Q9H4H8,P49789
Q7Z628,O75956
Q9Y6R0,Q8IUH3
P37023,P61925
P05109,O00308
Q01844,O14958
O43583,P83436
Q00975,P30533
O15400,P55317
Q15650,P09493
Q13472,Q12873
O95373,P30153
Q9NRR4,O75928
Q5JQC9,O00141
Q07889,P08684
P02778,O00189
P05412,P02730
Q16513,Q99962
Q6ZRV2,P02792
P78357,P45880
Q9NVD7,P40937
Q9NZL6,Q15389
O14613,P01730
Q71F23,Q96MH2
P41236,Q92925
O00548,P51532
Q9P2W3,Q99584
Q13554,Q96MH2
Q13625,Q9BU64
Q12860,Q15404
P30542,Q9UGI9
P0CG47,Q9UL63
Q16650,O60885
Q07352,Q19AV6
Q9UMD9,P35269
Q9NPG3,Q86WT1
Q86VN1,P15018
Q8IU60,P28161
Q86Y91,P08637
O94966,Q9BWW4
Q8IVH8,Q9Y2D1
P17661,P62873
Q15311,P68363
Q9UM07,Q6IBW4
Q15436,Q9HCJ0
P14859,P38484
P50461,P83436
Q9Y5B0,P04150
Q8WXX7,P33552
P22307,P30101
Q06828,Q9HD67
P11142,P04085
Q9H9H4,P12235
O43294,P04229
O95232,Q9BQ67
Q02952,Q92918
Q14974,Q16602
Q86XR7,Q9HD26
Q5SW96,P07315
Q16739,P36941
Q13137,Q8IZJ1
P40227,P61218
P21810,Q9Y5S2
O60716,P32004
Q7L273,P31689
Q96II8,Q86SE9
O75800,Q8NFZ5
P62304,O75531
Q16543,Q86XK2
Q15233,P41212
Q92838,P18615
Q13057,Q9BRQ0
P78314,Q13507
P12235,O94906
Q14691,Q9Y6Q9
Q969G3,P24522
P61764,O60678
O60583,O95249
O43242,P31949
P14653,Q86UP2
Q9NVI1,Q6IAA8
Q9UBP6,P60842
Q93052,Q12996
P36896,O15519
Q9P2B4,Q6ZW49
Q9P0P0,O15511
P08476,Q8TBK2
P13612,Q06643
P31948,O14948
Q00987,P11802
Q93096,Q15788
Q9UQK1,Q8TF74
P36578,Q6IAA8
P35638,P46776
P30542,Q9NNX6
P19447,P05230
P28336,O15344
P50150,Q8N3X1
Q99640,O95243
Q6GQQ9,P62834
Q00005,P98160
P33552,P46531
Q9NVR7,P55795
Q9Y265,Q9H270
P51693,Q8TDW5
Q96EB6,P55199
O75489,P14543
Q96EK5,Q15334
Q16611,Q5T1R4
Q9UPY8,O75807
P10155,Q9HCS4
P04066,Q96JC9
O15360,Q70CQ1
P61006,O60678
Q9UL03,Q68EM7
Q9Y6D9,Q13523
Q13315,P49257
Q01664,Q5JY77
P05771,Q86WV1
Q9BXL7,Q5T7V8
Q9H2L5,P50453
P11802,P04198
P61587,Q6VAB6
P25103,Q01105
Q6P2Q9,P26715
Q2M1K9,Q07666
P46940,Q86XK2
O94889,Q86VS8
P15941,P40939
Q00872,Q86US8
P60709,Q9UL62
P22301,Q13936
P56159,Q8WVY7
P01034,Q9UQE7
P02751,Q9UPT5
P62195,Q99418
Q99996,Q03519
Q9ULB1,P25800
Q9NZN5,Q14686
Q8IXI2,P16152
Q8TAC2,Q8IWU2
Q9H307,Q99547
Q8N1F8,Q9H845
Q9BPZ7,Q96HS1
P68543,Q13155
Q15363,P78357
Q7Z6B0,O75396
Q8IXJ9,Q9UI14
Q969H4,Q13285
P62841,P23396
Q86U86,Q9NS28
Q9H1K0,Q99748
P35080,Q13094
Q9UNL4,Q4AC94
P11362,Q13509
Q96B26,Q9Y3U8
P23469,Q96EP0
Q9C035,Q7L5D6
Q9BY77,Q6PI26
Q9P0U4,P51684
Q68E01,P10644
O15516,Q13478
P98164,Q92925
P40926,Q86US8
P06396,Q9Y264
O75489,P39905
O43639,P01241
Q14289,Q9UK53
Q07666,O14770
Q9BY84,Q15459
Q9Y2H1,P43627
Q13474,P55089
P52701,Q9HBE1
P50570,Q4G0J3
Q66PJ3,Q9Y3L3
P09326,Q14393
P50553,Q16828
Q15628,P67809
Q9GZQ3,Q6P1N0
O43513,Q9NNX6
Q9BVC4,P49767
Q13107,P68106
Q9Y3E5,Q9BUE0
P23769,Q13002
Q8TEP8,Q01081
Q9BVC4,P52435
Q8IU60,O15145
Q9UBF1,Q14582
Q15465,Q13490
O95257,Q5TD97
Q15427,P51149
Q6EEV6,P15692
Q14643,Q9GZQ8
P62820,Q9UIU6
P32302,Q9BRK5
Q13352,Q9BW11
P52701,Q03518
Q14457,Q96IF1
Q9BUQ8,Q9NW38
Q9UNE0,P28360
O95376,Q5VVQ6
P49767,P84103
Q96B67,Q9NNX6
Q92834,Q9UMZ2
P16104,Q9Y6H5
Q8WXH0,P24278
O94817,Q96T58
P02747,P62328
Q7Z4H7,Q9H0U4
P50151,P48546
Q33E94,O75150
Q13233,O60609
Q9H4I2,P43628
Q9UHD8,O14745
Q04724,Q15562
Q5T4F4,P47755
P09651,P23469
Q7Z465,Q13451
P62140,Q14582
P23193,P62841
Q9H2K2,P02452
O75150,Q8IUC6
P29083,P78552
Q96A44,P53992
Q9Y4A5,Q9NVI1
P15173,Q4AC94
Q8TDB6,Q13555
O95149,Q9UKV8
Q8IZD4,Q49AN0
Q8NB46,Q7Z6Z7
P55273,P17152
Q07020,Q9NP64
P19544,O15297
Q86UQ8,Q15366
Q7Z406,O15511
O14979,O14948
Q9HB89,P42345
O15211,Q9NNX6
P21953,Q9P2W9
Q969P0,O15511
P07196,Q9Y3M2
Q00577,P62316
O60927,P38606
Q15649,Q96AX1
Q01892,P17600
P13056,Q9BQF6
Q6PCD5,Q8TAA9
Q14957,P51531
Q9H3U1,Q8TCJ0
P41134,Q6R327
Q9P0U4,Q9UPN3
Q9UBP6,Q9BQF6
Q9Y3I1,Q14118
Q9NPC6,P18859
P43246,P08700
Q92574,P25189
Q96FJ0,P04198
P46976,Q8IU81
Q9UPW8,Q8WVM7
Q9P2J5,P57740
Q9UJV9,Q9H1D0
Q9UNY4,P30876
Q6P2E9,Q9HAJ7
P04049,P10644
Q9Y613,Q6PIJ6
O60583,Q92540
P23396,Q9H469
Q9H0K1,P50914
Q9H7D7,Q92813
Q99759,P23327
P53365,Q13155
P57740,O75330
Q12905,Q96FV9
Q9H2X0,Q9HBH9
Q12774,Q9UNS2
Q8IVP5,Q14114
Q07864,P42680
Q9HD26,P12270
Q7Z6M1,P61163
P25189,Q9Y6E0
Q6GTX8,Q96L14
Q9UGM3,P49840
Q9NVF7,Q86UL8
P18887,Q9BVM2
P61978,O00273
O43196,P57796
P23763,P23582
Q9H9G7,O94927
P42568,Q9NZC9
Q9ULT6,P53611
Q15543,P23511
Q96A72,Q9UBP0
P04075,Q9HAJ7
Q9ULZ3,Q9Y2M5
Q6TFL4,Q99871
P15863,P16109
P30876,Q9Y2D1
P02748,Q5VTL8
P19474,P02774
O75925,Q9P2M1
P02654,Q9UKJ1
P09683,O75695
P68543,P41208
P78543,O43521
Q9UQK1,P32004
O75448,P30460
Q9Y5P4,Q9GZM8
O14893,Q9P2W3
Q5XPI4,Q93008
P55273,Q8TDX7
Q5VTB9,Q96RT8
P35637,P07992
O75410,Q9Y6M7
Q9UBU8,P00736
Q9UP52,Q9Y376
Q96LC9,Q03518
P51813,P11308
O00716,P42772
P62166,Q13586
P12270,P13987
Q6GTX8,Q9UJW3
P11912,P30556
Q9UGI8,Q99958
Q8IVI9,Q13009
Q96AY2,Q15208
P42336,Q92887
P02654,P05230
Q8TEP8,P11171
P48145,Q9NZD8
O00623,P04229
Q9Y2Z9,Q9NW38
P50553,P05546
Q9Y2Y9,P36578
Q8TBZ3,Q96BH3
Q99732,P43250
O00124,P32246
Q08AG7,P10809
Q00536,Q9NRG4
P35638,P24864
Q9BQA1,P52952
Q15650,P19256
Q8N122,Q14C86
Q7LBR1,P78357
Q13107,P17861
Q7L3B6,Q13061
O15155,Q12874
P04141,Q9BVG8
P00918,Q9GZT9
P61923,Q13347
O00541,P50151
P54764,P02774
P26715,Q8WW38
P30405,P13598
Q86U42,Q9BQB6
O94888,Q9P2G9
Q12905,P17342
Q9H9A7,Q14974
Q15833,P07992
O75955,O43670
P61587,Q96RU3
P12956,Q96DB2
Q9Y2U8,P23760
P25774,O75791
P62820,Q9H8Y5
P24386,Q15833
Q9BVA0,P35080
Q16666,Q16825
Q9UI14,P23945
P61077,Q12769
Q8WZ42,P09622
Q13402,P10747
O96013,Q6PI26
Q14677,P25789
P35227,Q02388
O95352,Q86SX6
Q99741,Q92569
P31314,P01730
P46695,P00533
O60516,Q9BPX3
Q6WKZ4,Q96T60
Q14974,Q13838
Q9UHD8,Q9NVD7
Q9UJX3,P24522
Q9UHB6,Q9UER7
P48552,O14925
Q7Z465,Q00526
O95944,Q13889
P53803,P36542
Q9NS28,Q9UBI1
Q969U6,P62328
Q53ET0,P53805
Q9Y5K6,Q5T5X7
Q9UI12,Q00722
Q13188,Q5VZM2
O60684,P00374
O95639,P11308
O00712,O43164
P51668,Q00526
Q13200,O43264
Q96MT8,Q9NZD8
Q9P0U3,P62913
Q8N3F8,P17096
P22001,Q12840
Q02763,P32969
P08962,Q14582
O43913,P08151
Q8N8S7,P35900
Q9UBE0,Q15723
O76003,Q8NI36
P43686,Q15466
P22307,Q16851
P55773,Q8WTR2
Q8WTW3,Q8NFJ9
Q15915,P62913
Q96AY2,Q9UKS6
P49427,Q9BT67
Q8WZ42,Q00536
Q14106,P02788
Q8N5F7,P49238
O15360,Q15120
P17947,O00512
P14678,Q9UBN4
Q6EEV6,Q9UNH7
Q96LR5,Q76FK4
O75689,Q5VT25
P61218,P05156
Q15003,Q9NVK5
Q70IA6,P50213
Q9H4P4,Q86WV1
O75150,Q08050
Q7L2E3,P49354
O75800,P26885
P31314,Q8N3R9
Q5XUX1,P14780
P30876,P57078
Q99459,Q96JC9
Q3KNV8,Q96RT8
Q8IX03,P53567
Q96SN8,P15813
P13725,Q9UJX5
P05412,Q13029
O43187,P15151
Q93074,Q92759
P30542,Q9NR12
O15360,Q14155
Q13227,P23582
P35080,Q8WXH0
Q14451,Q12873
Q92800,P02708
P42858,Q0VDD7
P09629,P15880
O00757,Q9BWW4
Q9BUZ4,Q96JC9
O43752,O75170
Q9P2M1,Q15650
O43566,P22736
Q86YV9,Q9NVK5
Q12788,P81274
Q53T94,Q12906
P62633,Q6R327
Q7L5D6,P19532
Q63ZY3,O43143
Q8N201,P83436
Q93063,Q13285
P55895,Q9Y2Y1
Q9UPY6,P29692
Q93052,Q9C0C2
P28074,P49116
Q6PCD5,Q99961
Q9Y3I1,Q14814
P45984,Q9Y692
O60826,O15111
O94973,Q9UHL9
P50991,Q99748
Q2T9J0,P42226
P28074,P53567
Q8WTS1,O95149
P52597,Q9NPP4
P17980,P32942
O43516,O75791
Q9UNK0,Q9UHB4
Q9Y4A8,P01563
P18848,Q9BY11
P00918,O95336
Q02080,Q9UHB4
P49116,P01892
P54727,O14727
P15863,Q9H9G7
Q8IY92,Q8N3X1
Q9NVX0,Q96QT6
O75317,O14948
P07711,Q9Y5X4
P41180,Q99519
Q8N1E6,Q96FW1
O00585,Q86TM6
Q9UQK1,Q9H9T3
Q99759,Q96E14
Q92813,Q6ZUJ8
Q7L590,O75369
P15692,Q9BV36
Q9UI10,P29320
Q96PU5,Q9UMX0
Q5JSH3,Q6FI81
Q13470,P36404
Q9UBD5,Q9H8T0
P05386,Q8WX92
O75052,Q9HAF1
Q9NZN9,P11684
Q13595,Q9NXV2
O60826,Q8IW19
Q96CA5,O00541
Q9UBZ9,P11387
Q8NFH8,P33993
Q14192,O15455
Q13905,Q9BWU0
Q9UBK9,P46019
O94888,Q9Y3C7
Q13438,Q9UPZ3
Q9UBF8,Q15038
Q9Y2Y9,Q15723
P10588,O95400
P33240,Q96MF7
Q9UI09,Q9UI14
Q4VCS5,Q9Y279
P21506,Q9UK97
Q96KJ9,P17706
O60664,Q9NPC6
P69905,P36578
Q53HV7,Q96M94
Q9H2X0,Q92736
P50750,Q70EL2
Q13554,Q9NY12
Q5VT25,Q7Z5K2
Q9UBU7,O00626
Q06643,Q15365
Q9Y230,O43307
Q13555,P60842
P55039,Q96S55
Q9Y6W8,O14948
Q5T4F4,Q13185
Q15762,P00736
Q9H0F6,O15068
Q99835,P43250
Q9Y383,P53365
P40616,Q8WWW8
P61923,P09326
Q9Y3C8,Q99942
P12314,Q9NPG3
P15407,P20849
Q9UBP6,O00567
P25490,Q9UQ84
Q9H9T3,P18859
O60716,P24539
Q9Y2A7,Q969P5
O43516,Q96BR1
P51884,Q13351
Q9NR33,Q9Y3C6
Q9BWN1,P31749
Q9Y283,Q9UBI6
Q08043,P01275
Q9BVC4,Q15173
Q14957,Q96AY2
Q9Y5Q8,Q9Y6J9
P52298,Q8TDX7
Q00688,P10398
P19438,Q9H0M0
P28562,P06730
Q9UBS0,Q96NA2
Q5VVQ6,Q15262
Q9NRW7,Q9HAW0
Q13625,Q9UNN8
P05109,Q96JM3
O75563,Q6NYC1
P63027,P54646
P22455,O43513
O15068,Q99698
Q13107,O75369
Q9Y2U8,O43236
P08648,Q13505
Q86X29,Q15208
Q12962,P38484
P29375,Q9UNN8
O43680,Q9Y4A5
Q9H8Y8,Q8N5R6
Q9NY33,P04406
O43680,P10144
Q9UMX0,O43639
O60237,P0CG47
Q9BVC4,P49354
Q9NPD3,Q05682
Q9HBI0,Q96AY2
P49821,Q15173
P14373,P14778
O95967,P62491
Q96PB7,P41208
Q13188,Q969G2
P02794,Q14116
Q9Y5Q8,Q9UIB8
P23769,P61201
Q8N531,O76041
O15205,O00762
P54764,Q9HCS4
Q9UNE2,O00585
P13671,O43164
P17980,P35228
P49327,Q6PH81
P25189,Q7L2J0
O95197,Q9H5V8
Q9NRG0,Q96FV9
P33681,O15169
P19387,Q9BW11
Q8IY92,Q02297
Q96RK4,Q86U86
P20749,Q15796
Q96A65,P50539
Q9H175,Q96KJ9
Q9Y383,Q9NP97
Q71DI3,Q8N1I0
P25705,Q9UMW8
P26373,Q99576
Q15672,O75940
Q02487,Q8WXH0
P24390,Q13009
Q15349,Q969T4
Q92530,Q6ICG6
Q9P2J5,Q9Y2W7
P01189,O15061
Q92993,Q9UL46
P22695,Q8TD31
Q14790,P32246
Q14192,Q96M61
Q14194,Q9P086
P18031,Q8N4P2
P26641,P23469
Q99661,P25054
P14373,Q9P000
Q86XR7,Q12860
Q96IF1,P42679
O43896,Q14938
Q9BUL5,P00488
Q6P2E9,P42574
P20749,O43156
P49763,P01019
Q6GPH4,Q6PJG6
Q12906,P19532
Q6ZU15,Q9H4B4
O43670,P13804
Q5JTV8,Q8TD31
Q9H8S9,Q14676
P11166,Q9H4B6
Q9BUQ8,P07992
Q06413,Q8NB12
Q53HL2,Q9UQQ2
Q13011,Q99466
Q8TBZ3,Q9NPA8
Q9P2J5,Q92985
P15407,P25800
P49450,Q15406
P35269,Q01167
Q8IYF3,Q96DE5
P35346,P50151
Q15759,Q9Y279
P61244,O14867
Q9Y6M7,O95071
Q14677,P41279
O60921,P62913
P63279,Q05469
Q9NPA8,P62508
P32245,O43566
Q13332,P16144
Q5T124,O60296
Q9UGI8,Q6PIL6
O00622,Q9Y2A7
Q8WVK2,P85037
P54764,P33991
Q9NV70,Q16537
P32239,Q1KMD3
P00167,O00592
O75832,P35712
P13725,Q9NQC7
P46940,P18621
O60826,Q12802
Q9BVA0,Q9BU64
Q12913,O43508
Q6N043,P61968
Q5MJ70,Q9H6Z9
Q8IZD4,O96028
Q49AN0,Q9H2G9
Q8N4P2,Q5T9L3
Q6GTX8,Q9UHN1
Q13352,Q86US8
O14796,O00186
Q99627,P20042
P42345,P09211
Q5VST9,P49768
Q14990,Q9HB90
O43815,P78364
P62841,P08151
Q9NYY3,P35658
Q9UKL3,P10515
P51825,Q9Y5Z7
P22695,P36402
Q96EK5,Q9H553
P04141,Q8WUI4
Q9NRW1,Q9Y2V3
O14543,Q13277
P30542,Q8N7R7
Q9NP84,Q9NWA0
Q9BSJ2,Q8N6Y0
Q5VST9,Q9UBT6
Q5VVQ6,P42679
Q00597,P08709
P02792,Q8NHW3
O15287,O75807
Q9C086,Q9UKB1
O00220,P06734
Q01664,P25391
O43150,P26374
Q9Y570,Q6W2J9
P24522,Q8WXX7
P05412,Q9H257
Q8WVB6,P51884
O43924,Q4AC94
Q9UKX7,Q13554
Q6UXN9,Q07325
P10071,Q9BSL1
Q9C026,P57740
Q13303,Q8NHW3
Q13485,P05181
Q8IZH2,P49815
Q92529,Q9UBI1
Q92917,Q9H1D0
Q16633,Q8TAA9
Q96MF7,P33552
Q9UI47,P24278
Q9BQA1,Q86SQ9
O43913,Q8NF91
Q66K74,P43250
Q7Z6M2,Q9BRK5
P78364,Q13586
P55081,Q13485
P27658,Q9BQ67
Q8NB16,O95271
Q16613,Q9UPU9
P05112,Q96EK5
P35346,Q9H4E5
Q8N5I2,P49761
Q9GZR2,Q9Y6F1
P62273,Q96AH0
Q15785,Q4VX76
P26640,Q12860
O95243,Q15327
Q9H6T3,O75170
Q8TF74,P49763
P61019,P40222
P25054,O15516
Q13951,Q96RU3
Q9P0R6,Q86U86
P07315,P23142
Q8TEK3,O43597
P15151,Q14186
O14879,Q13509
Q9UGI8,P49137
P00167,Q92667
Q7Z6M2,P42166
Q53HV7,P11308
P32969,P36578
Q9UIF9,Q92837
Q9C005,Q14315
Q15013,Q969G2
Q9H7Z6,P05771
Q9NPD8,P13726
Q12923,Q13951
P30876,P28340
Q13438,O75529
Q99748,P02788
O75147,Q14582
Q99436,Q99835
Q5MJ70,O14579
P07333,Q86WV1
Q9Y2W1,Q9BUZ4
P20594,O60231
Q9Y345,Q68EM7
Q16667,Q8IVI9
Q9UHD8,Q9UHB7
Q9UL25,Q6W2J9
Q7Z6J0,O75317
Q9UGI8,Q8NC51
Q9P0L2,P10644
O43670,P16284
O14965,Q15562
Q8IWL3,O95831
Q9BZE9,Q9NVF7
Q9H6T3,Q9Y2Y1
O60504,P78371
O75676,Q96MH2
Q8WVY7,Q07820
P35219,O75914
Q6R327,O75530
Q96C24,O76021
Q16531,P32245
Q9Y3C8,P53567
Q12906,Q13485
P22674,Q8IX90
P55081,Q9UHV2
Q9UHL9,Q99698
P46939,Q5T9L3
Q8N5M1,P10071
Q9UHV2,Q16828
P11712,Q9UHV2
O60296,Q9UBS0
Q9Y2U8,Q16595
O60264,O43924
Q99081,Q96EK4
Q9BUL9,P10398
P25815,Q9NYB0
Q8N729,O75509
P78314,Q53ET0
Q14974,P37173
P18510,P35228
Q6GQQ9,Q9H9G7
P61328,Q8TD31
P31749,O75150
P01730,O75791
Q5T5X7,Q9UBD5
Q8TAG9,Q9NQC1
P24588,Q9H9Q2
Q86X29,Q99547
Q4G0F5,Q9P287
Q16777,Q9NP85
Q9BQ95,O00255
O15371,Q15311
Q9Y3I1,Q9NYJ8
P48145,Q96JM3
P22307,Q9UK41
P09211,Q9NQB0
P51531,P49768
P19544,Q9H0M0
Q03431,Q9UBP0
P08235,Q9P0K7
P36957,Q8N4P2
O75817,P50461
Q06124,P22736
Q9UPU9,O75530
Q99466,O75170
P29373,O60885
P23297,P45880
O14599,Q15831
P10916,Q9GZX6
Q9UBZ9,Q6FI81
Q9Y6W3,Q92817
Q96S55,Q8WW38
Q86SQ0,Q15154
O14795,Q13571
P52597,P52435
P07900,O94905
P50750,Q9Y5R8
Q8N5Y2,Q9UM73
Q8N2Q7,Q9UPT5
Q13352,P20226
P41217,Q8IUQ4
P78356,Q9NPY3
Q8NFH3,Q70EL2
Q16611,Q9H0A8
Q9P1A6,Q12913
P00374,Q8IWZ8
Q93052,Q14145
P35900,O95503
Q9NY12,Q9Y6D6
Q01844,P22307
O75052,O75525
O95149,Q9UGI9
O14576,Q9UH77
O60264,P53365
P57682,Q9GZT9
Q9Y4Z0,Q9NZM3
Q99627,P36578
O43307,Q96B67
Q01344,Q9BS18
O00716,Q9H1J1
P51679,P32239
P61923,P42574
Q00597,Q9NW38
O14599,Q5MJ70
Q13425,Q86WV1
O43513,P35556
P01236,P54725
P61758,Q9BW71
Q7Z406,O14579
Q9UJT2,Q13936
P29474,Q92569
O14618,Q13042
Q02543,Q9NR33
Q92887,Q16633
P28336,Q13087
Q99942,Q9BXH1
O14649,P68871
Q9Y2W2,P27361
P19474,Q9NPY3
O14901,P24723
Q96RJ3,Q8N7R7
Q7KZ85,Q9NY12
Q9Y239,P30307
P06746,Q13901
O60568,Q9UER7
P15056,O75461
P51170,P48378
P42262,P63220
P81133,P18859
P35241,Q92569
Q14257,Q8N6Y0
Q14512,Q5VST9
Q9H1R3,P36405
P13611,Q9UBU8
P49736,Q9Y6X3
P61962,Q96L14
Q14562,P68032
Q92673,Q02548
P51681,Q13887
P22001,Q9BVI4
Q9UPX8,Q12873
Q05513,Q9HD26
Q9H3Z4,Q92993
O43513,O76064
Q9UPT6,Q8TCJ0
Q9GZY6,Q92854
Q96AE4,Q8WTS1
Q9Y265,O95831
Q86UT5,O15066
P35346,Q07666
P49116,P10589
O75955,Q76N89
Q5T4F4,Q9HAP2
Q96RU7,P52435
Q9H3Z4,P14653
P46060,Q9BY84
Q13478,Q9H0M0
O76003,Q8N488
P55072,Q9HCJ0
Q15080,Q8IZJ6
P27348,O94829
P17096,Q9UNE0
Q8NHG7,O95343
Q9BVG8,Q92569
P46108,P17706
P18887,Q14974
Q15025,Q86Y01
Q96PU5,Q01081
Q6GQQ9,O14727
P05787,A9UHW6
Q9BPW8,P31323
P29622,P78371
Q92574,P41143
O43390,P10912
Q9HB89,Q14315
Q9UGI8,Q13239
O43292,P27986
Q93034,Q96A47
P09972,P23469
Q7Z465,P23142
O95257,P10589
P07101,P53567
P61626,P30679
Q4LE39,Q2QGD7
Q9UMX1,P68871
Q00688,O43670
Q9UQ84,Q99972
Q9UBL3,O95163
P98155,O14879
Q9GZZ9,P61328
Q86U42,P29466
O60741,O15144
P52597,Q9UER7
Q96L73,P30101
Q14498,Q12905
P35228,Q8NB12
Q9NPD3,Q7Z4I7
Q96SB3,Q16656
P15927,O15160
Q06828,P45379
P01116,P27658
O95376,Q68EM7
Q9H765,Q9BWW4
P29320,Q99459
Q7L3B6,Q7Z6M2
P16615,P02788
Q9BVW5,Q96IT1
O60296,Q13895
A9UHW6,P49750
Q9BUL5,P28072
Q96QV1,Q9NX24
P14780,Q8N3R9
P07947,Q16851
Q99958,Q86SQ9
Q8IXJ9,P25789
Q5T2W1,P23142
Q15051,Q9HAU4
P05386,P35080
Q969H4,P85037
P08922,P02765
O43602,O75969
Q96S55,P63241
Q9P2G9,Q92925
P57796,P30101
P48509,P55273
Q8WWN9,Q9H9E1
P98161,O95071
Q92599,P39748
Q9UJV3,O00763
Q93009,O43734
Q92599,P51114
Q9UBT2,P84243
Q8IVH8,O95573
Q6NXR4,Q9UM54
Q08752,Q9UHN1
Q9UK41,Q969P5
P53611,Q15836
O60437,O43251
Q9UMX1,O14543
Q86YR5,P53805
P37840,Q01081
Q9UBQ0,Q53EL6
Q14498,P27695
Q9NQ66,O15511
Q9UPY6,Q9Y3Q8
O14579,Q9UPN3
O60486,Q9Y5N6
P13056,P55089
O75914,P19883
P09493,Q9NPP4
Q13332,Q14197
P14653,P15692
Q02156,O00626
Q6GQQ9,P51170
O75081,P16591
P20936,Q9NZD8
Q96BD8,P13598
Q9UBE0,P51572
P34130,Q9NVK5
P23467,O95067
P47224,Q13643
Q6P2Q9,Q9BVC4
Q99547,Q969P5
Q9Y2X0,Q9Y6J9
O75367,P60953
Q8N8S7,P18846
P47874,O00712
Q9H5V8,Q86SQ9
Q14BN4,P51172
Q6ZU15,P60033
Q14103,Q9H0M0
Q96BD5,P60660
O14974,P51114
Q86U70,P06881
P61081,P17342
P05067,P48764
Q6UXN9,Q9H0K1
Q9Y4Z0,Q96S55
Q14643,O14579
P43005,P55327
Q7L2E3,O75817
Q9Y6X3,Q9UM73
Q14957,P49815
Q9UJT2,P62875
Q9UNP9,P10398
P37088,Q13936
P51681,O15116
P21980,Q9Y3E2
P62979,Q9NRR4
Q06265,O60504
Q9NR33,Q9UKT4
P26045,Q13444
Q13043,P50616
P34998,P78318
P61024,Q6PJG6
Q7Z465,O14879
P53567,P51148
Q99819,Q8N122
P07858,Q9HAP2
Q96JN8,P15924
Q86SZ2,P78527
O15020,P19438
Q01974,P31350
Q02930,Q92777
P62191,P01130
Q9Y2M5,Q13619
P62875,P16234
Q8IUQ4,O00189
O14576,P30460
P50750,Q8NHY5
P50616,Q13287
Q14318,P02708
Q96EK4,O75410
Q9UMX1,Q8N5V2
Q7Z589,P14625
Q12874,Q92837
O60683,P49116
P01160,P38484
Q05513,Q9Y6W3
O15400,P27361
Q9BU64,Q12996
P84243,O00255
Q8NHM5,Q16644
P57740,P43699
P08047,Q15131
Q92813,Q92925
P16471,P61328
Q8NHM5,P51172
Q86X83,Q9Y6J9
Q86XL3,Q00975
P62875,O76075
P19793,Q86UP2
O00622,Q9H1A4
O76075,Q7Z460
Q92574,Q9NVD7
P57796,Q9UNN5
Q9Y6N9,Q9NS28
Q9BT25,P43626
Q13554,P85298
P53803,Q9Y345
Q9UMX1,Q92830
Q9H0Y0,P47712
P57081,P14625
Q9H668,Q86YV9
Q7L5N1,Q8WX92
Q9Y6Q9,Q9NRZ9
Q14145,O95425
Q15427,O75840
O75150,Q96I34
Q92696,Q8TDX7
P32121,P01563
P07225,Q07912
P59998,P09326
P35241,P98160
Q14512,P13725
P61371,O95944
Q9H160,P15018
Q9UMX1,O43396
Q9P2M1,P22307
Q9UPY3,P17342
Q9BZK7,P62834
Q9UPZ3,P54253
P06401,Q9NVP2
Q86UN6,O43156
P61626,Q5T7V8
P24386,Q92736
P50281,Q96BR1
Q9BZE9,P15498
Q9BX63,Q9H1D0
Q86XE0,P18848
Q08050,Q5T1R4
Q9Y3Y4,O14867
Q8WYL5,Q9UI08
O95477,Q5QJE6
Q6P1J9,Q8N3Y1
Q5XUX1,O60216
Q7Z465,Q9H2X3
Q9HCU9,Q92747
Q96J84,Q9BX59
Q2NKX8,Q15788
Q9NQT8,Q6NZ67
O43491,P23469
P20719,P46776
Q5TKA1,P13569
P35916,P49754
Q9UPU9,P25789
Q12778,Q53G59
Q86UT5,O75955
P02786,Q9GZX6
P67870,P07947
O43516,O95817
Q9BZD4,O15400
O75146,O43680
P27695,Q92925
Q9H410,Q8TBB1
Q9NQ25,Q9Y279
Q92837,P61968
Q96BD5,Q13352
Q01844,Q8WXF1
Q12913,Q6NZY7
Q9UIF9,Q9UHX1
Q03519,Q96HR8
P49767,Q12830
P78345,Q86YR5
Q15025,P04085
P78395,Q8IYD8
Q9Y271,Q13614
O75436,Q9GZT8
Q6NZ67,Q3V5L5
Q00536,Q7L0Q8
Q9P0L2,Q9Y3B2
Q9C0C2,Q15599
Q15942,Q9UBN6
Q3LFD5,O14925
P43005,Q93008
O75478,Q96FW1
Q6NYC8,Q9UL63
P23193,O60832
O75410,P23511
Q15834,Q15323
Q92781,Q9H9Q2
Q12788,O75884
Q9BYH8,O75170
Q53T94,Q9UK41
Q9NX70,Q9NV31
Q99683,P55317
Q13563,O15400
Q9P287,O76021
Q8NBT2,Q92569
O00622,Q15404
P61024,P51532
P32246,Q16082
O75618,Q9NP85
Q9BUE0,Q92793
Q9H765,Q9UK41
P61289,Q8IU81
Q9UKT4,Q96F07
P60510,P25789
Q16595,O76041
P50591,P18031
Q9UJW0,O94829
Q96NE9,Q08345
Q05086,Q12873
Q9BXW4,Q9Y4J8
Q6N043,Q8WW38
P19022,Q15788
Q92667,Q71SY5
P04080,Q8TAM2
P17152,Q96EZ8
P42336,Q15078
P62906,P41279
O95297,P16389
P16035,O43491
Q9NYY3,P10275
Q9H9Q4,Q9NVI1
Q8IYW5,P60660
P11912,Q99972
Q9H0F6,P42345
O75056,Q9NQC1
Q9BUL5,O95249
P05106,P05556
P28069,Q15038
Q8IZT6,P04198
Q16656,P35625
Q9GZU2,Q8IYI6
O60516,P49639
P15018,P07951
Q9BPZ7,P0C0S5
P20290,Q6W2J9
Q8TDB6,Q9NQC1
Q7L804,P04628
Q99743,Q9NQ29
P06746,Q8IZD9
Q96QK1,Q9Y264
Q96BD8,Q8TDY2
Q9BUQ8,Q03431
Q9P2M1,P47874
P48509,Q9BRT9
Q6NZY7,Q9H147
Q96SB3,Q01081
Q13404,Q92569
P35346,P45379
P30531,P20248
Q9UI14,Q8TAP6
Q08999,P51681
Q6P0N0,Q9HAU4
P52298,Q5U5X0
P98172,P63220
Q96MF7,Q13061
Q9UJY5,P10124
Q9Y3Q8,Q9Y2D8
Q9UHW5,Q8N3X1
Q03188,P05177
P62318,Q15466
P16885,Q8N556
Q15170,P09668
P55773,Q86YV9
P43403,Q9HB21
P62841,Q2NKX8
P26045,P68431
Q99626,Q8N3Y1
P02452,Q9BZD4
Q8WVB6,P63220
Q86XK2,P60484
O95376,O95433
O43395,Q9NVX0
Q05469,Q86VP6
P17676,P46019
Q13740,Q15054
Q9UHL9,O14593
Q96EY7,P31930
P61952,P21731
O43929,Q13163
Q8N3Y1,Q96Q07
P21953,Q15078
Q9UHV2,P32239
Q9Y4A8,O15145
Q9UBT2,P19438
Q7Z3Z4,Q12834
P20749,Q9Y2M5
P34130,O15116
Q9UQ84,Q8IYD1
Q99081,Q16548
Q9UBF1,O14933
P30405,P00742
O14613,Q15406
O75340,P06748
O60256,Q14011
P47897,Q4AC94
Q00688,Q15038
Q9UI47,Q9Y6A5
Q9Y2X0,O75955
Q96QH2,Q9ULJ8
P12081,P12980
O60285,Q92837
Q71DI3,P50553
O43583,P15090
P25054,O14727
P30531,Q96H20
Q9H0F6,P13056
P62312,P50453
O43293,P41227
Q96RR4,P09668
P01892,Q07820
O60610,Q96L14
Q13332,P40939
P10646,Q7Z460
Q9Y3D8,P21453
O00244,P55347
Q96GM5,P41161
Q2M2I8,P36405
P55317,Q92888
O43639,Q92542
P51787,P42261
Q86YV9,Q15075
Q96RK4,P13688
O00585,P55001
P01031,Q6ZYL4
P24390,Q9NVD7
Q9Y5J7,Q9UHC6
P52799,Q71U36
P16949,Q05639
O14745,Q96IF1
P04070,O75695
O43488,P54253
Q86U06,Q86SZ2
Q9UL33,Q7Z4I7
Q9Y6Q5,Q9UI14
Q14738,Q96BH1
Q9UI08,Q86WV1
Q9UMD9,Q14145
Q9H161,Q8WXH0
Q9UHL9,P84095
O75446,O95714
P09086,P41146
Q15363,Q8N201
Q14192,Q53EV4
Q9H165,Q8TF05
Q9BVW5,Q9UJW3
P57105,P30050
O00585,P78357
Q8IYD8,P42263
P62875,Q9Y3C8
Q15021,P01308
Q15051,Q99569
Q96B97,P62487
P16035,Q8NCQ7
Q01860,P14921
P20702,P26045
Q13233,O95999
Q6ZRV2,P62820
O43745,Q5U5X0
Q13608,P51790
Q9H9Q4,Q13643
P52597,Q14746
P23560,O76075
P06241,P30153
P01133,P17706
P09493,O15519
P11387,Q99661
Q13625,Q9NRD0
P51808,P11166
P48023,Q9UHC6
Q5VTR2,P59768
Q15118,P13598
Q6TFL4,Q07820
O14662,P32246
Q8NI35,Q16526
P20042,Q9UQ88
Q15233,P09234
Q9BXL7,Q14011
Q6ZU15,P46087
Q16644,P07992
P38484,Q16539
P14866,Q9BU64
Q9BUZ4,P41146
Q7L3B6,O15516
P51610,Q96DX5
P17096,O15516
O95816,O75676
Q8WTS1,Q9NV70
Q9UMZ2,Q9UPS6
P43005,Q8WUD4
Q6PCD5,O00592
Q04756,Q9NP71
Q13227,Q7Z494
Q96G21,Q6GQQ9
Q8IVP5,P01563
Q96L73,Q9H1R3
P68431,P25391
Q02763,P18428
Q13705,Q9UQB8
Q86XK2,P15941
P52701,P61981
Q14118,Q9P0K7
P54132,O75317
O14920,Q14197
P19438,O75955
O43566,P04899
Q7Z6J0,Q6PIJ6
P35638,Q8N1I0
Q99623,Q9Y6F1
P56645,P20618
P26022,P14210
Q8IWI9,P53350
Q9NR50,P56817
Q9BUG6,Q9NR77
Q9Y6W6,O75506
P02765,O75955
Q9Y2W1,Q96L14
Q9HCS7,O75840
Q5VV67,P62820
Q9UKV3,Q8TBZ2
O95402,Q96FW1
Q14204,P30988
Q9UKJ1,P56537
P61619,P49757
Q14738,P21675
Q96Q42,P51681
P55895,O43402
Q9H0C5,O14901
P20749,Q02241
Q9NP85,P35637
Q9UIB8,Q9NZN3
P50990,P10909
O00244,P60520
P10644,Q8N4C6
Q96AH0,O95163
P35226,Q9Y262
Q00536,O95271
P40123,Q9NQ94
P54577,Q86UP2
Q93074,P00813
Q9UPT6,P09622
Q00987,O14727
P20916,Q12996
P31751,P07814
P36542,Q13505
P01116,P61326
P48167,Q9UL54
Q7RTV0,Q6EEV6
P41212,Q9UNM6
P60520,Q9Y243
P02730,Q96JC9
Q9BZE4,Q68CZ2
O75563,Q96AH0
Q02487,Q13127
Q13555,O95243
Q9HCU9,P60033
Q9UQR0,O60486
P15173,P20618
P21810,Q9Y297
O00623,Q8IZJ1
O76003,Q9Y6B2
Q04724,P47804
P54920,O75477
Q13425,Q9UER7
Q14974,Q9HAQ2
Q9NX47,Q9UNN8
O14980,Q9H7Z6
Q9UIV1,P85298
Q9C086,Q07864
O95639,Q8NI27
Q9NV44,P49750
Q6IN85,Q15022
P02786,Q3LFD5
Q14957,P41238
Q92888,P13987
P29376,Q6ZYL4
Q13470,O00592
P02786,O15511
Q86X55,Q9HB90
P23467,Q9P0U4
O75439,P08575
O15516,Q15788
O60240,P05783
Q14114,O43933
Q6S5L8,P10242
Q9Y2Z9,Q13155
Q96JB2,Q02548
Q86U06,Q9Y508
Q9Y6N7,Q12934
P46695,Q96MH2
Q8IYF3,Q02388
Q12913,O14925
O95571,Q8N196
Q9UM07,Q9BQ67
Q7L590,Q14498
Q14739,Q9NRY2
O75161,P30533
Q92817,Q9H0M0
Q9Y3E7,Q3ZCQ8
Q16739,Q92667
P55085,P36542
P18621,Q9UNK0
P35606,Q7LG56
O75800,O75150
P49841,P52597
Q96NE9,Q9UHQ1
Q49AN0,Q12841
P26599,P16112
Q7L5D6,Q07890
Q15172,O14901
P52907,O95405
P46940,Q9NR12
P31273,O15145
Q9UBB5,Q96RT8
Q9BT25,P78371
Q9UH73,Q9GZX6
Q9BPZ7,P15090
P10619,O00585
P36542,Q8IUH3
O14836,P18084
Q8TAQ2,Q702N8
Q6P2E9,P62380
Q96A65,Q99836
P13598,Q9NXV2
O60481,Q15054
P09958,Q8N3R9
Q9UBQ0,Q8TDD1
Q7Z6M2,P11308
O75915,P08047
Q92529,Q9ULB1
Q9Y2M5,Q99466
P18510,Q8TEL6
Q15831,P62736
O00241,Q9ULB1
Q9NPC8,Q96BR1
Q15022,O60869
Q5T5C0,Q8NCM8
Q8NB46,Q9H8Y5
P21953,Q96M94
Q9NQ25,Q8TEK3
Q9NR55,P05388
P05783,P09429
Q9P275,Q86VP6
Q9C0C7,Q9HAJ7
Q9H4H8,Q14397
Q14155,O00151
P15531,Q9UIU6
Q14168,Q9UBC2
Q9Y2Y1,Q9Y3Q8
Q5XPI4,O75934
Q8IZT6,Q16695
O15360,P22223
Q674X7,P57796
P30273,Q16595
P37173,P42680
O75864,Q96HR8
P55085,P46976
Q9BWW4,Q6NZY4
Q86XE0,Q9HAU4
Q9HCU9,O15297
Q9Y262,Q9H1I8
Q9UBN6,O43251
Q96DB2,Q9NNW7
P51170,P30153
P31483,Q92538
P14618,P51572
Q9UKV3,Q92696
Q9H9G7,Q9P2F5
P61981,Q9Y3Q8
Q9UHV7,Q15691
Q5T4F4,P50749
Q6TFL4,Q96A44
Q9Y3E2,Q86SE9
Q9H221,O75461
O14796,P52298
Q9Y5K6,Q9UGM3
O43402,Q13285
P42772,Q9H0K1
Q9BRT9,O95336
P05120,Q6TFL4
O15553,Q9HAQ2
P20273,Q9NXV2
Q5JTV8,P14373
Q92613,Q92851
P11387,O75663
P21953,Q53ET0
Q9NYF8,P42261
Q9NS56,Q9H845
Q9NWB7,P02708
P29459,O95758
Q16890,Q8WYR1
Q8NB16,Q14814
P28702,Q96CS4
Q01658,Q9NV31
P01588,P62072
Q6AHZ1,Q9HAU4
Q9UMX0,P02741
Q7Z628,Q9NZM3
P62244,Q99801
P54646,P01730
P11474,O14933
Q7L8J4,P24278
Q8NG41,Q03181
Q9P1A6,Q9NP85
Q9H2G9,P23469
O43447,Q6VAB6
Q9H211,Q9UKS6
P10071,Q13643
Q9UHF0,Q12860
O75439,Q8N3X1
Q15532,O75695
P22830,Q8N201
Q13884,Q7Z417
Q8N6Y0,Q9Y3M2
P11473,Q15349
P51451,P04085
O60683,P53365
Q96BH1,Q92838
Q9BY11,Q8IXW5
P56693,Q13131
P05412,Q96LR5
P60763,Q13287
Q9Y463,Q8WXE9
P17812,Q7KZ85
O75335,Q9NVD7
Q9NTI5,Q13200
P11233,O60716
Q16236,P11684
Q7L2E3,P51825
Q99996,Q9UPY3
P15018,Q13557
Q9UJX4,P35638
Q9UJY5,P06730
Q14691,O14901
O15457,Q9UQ88
Q13239,P02748
P53355,Q7L523
P50148,Q9Y2Z4
P13498,P36405
Q9BQ67,P43320
P41161,Q9UGI9
P11309,Q9Y2Q5
P60903,Q16828
Q9H9Q4,Q9NP64
Q9NVF7,Q03933
Q04724,Q9UHP3
Q9NVV4,Q07820
Q9UPT5,Q8TB52
Q9UMX1,Q96CS3
Q99966,P38646
Q9UNP9,P50151
P49238,P13804
Q96GM5,Q9Y2X3
Q71DI3,Q9BQG0
P49006,Q9Y6Q5
O43815,P18848
Q6P2E9,Q14676
Q03014,O60832
Q12947,Q00536
Q15013,P60763
Q8N488,Q8TEB1
Q9Y5K6,Q86SX6
O43929,P12814
P14678,Q15208
O00232,Q9NS28
P32245,O95336
Q6S5L8,Q13185
Q8IUH5,Q9UQQ2
O43236,P62244
Q8N729,P78371
Q70CQ1,Q92585
O75340,P51948
Q96JN8,Q96HS1
Q9NZV8,P07947
P11912,Q14512
Q9NP84,P17275
P09668,Q15327
P10828,P10124
O60481,Q969H4
P08195,P0C0S5
Q9UBS0,P02730
P02675,Q15466
Q969R2,Q9NWF9
Q16832,O43593
P29692,P50151
Q8IZQ8,P15382
P35712,P23025
O15550,Q9UBR4
Q8WV41,Q04912
P29460,Q9BWF2
Q9UFG5,Q9UBP5
P29475,P28482
O95600,Q13094
P12644,P41279
P55060,Q9UKJ3
O43752,O75663
Q7L5D6,Q93096
Q9UPT5,Q13889
Q9UKV3,P05388
Q96EQ8,Q9H8Y5
O95793,P25116
P15863,Q8NHG7
O60729,Q9UBI6
Q16533,P53567
Q70EL2,Q13163
P07858,P15090
Q13438,P57105
O95149,Q8IZD9
Q8IVT5,P62166
Q9UNE7,P99999
P52952,P31150
P62879,Q9H0M0
Q14790,Q9NZD4
P04183,P25789
P55085,P78314
Q99638,Q9BRQ0
Q9UKA4,P42224
P81274,O75695
Q15836,P53350
O95967,Q8N556
Q9NYG5,P53992
P16104,P09038
Q96EK4,Q9BZD4
Q9NRD0,Q13287
Q6QNY0,Q7Z460
Q9Y6N8,P22301
Q96A47,O43164
P21506,Q9NVP1
Q01974,P39748
Q99961,Q14686
O15164,P36954
Q8N1L9,P50461
Q9UBK9,P28062
P48551,O94927
P35637,P16949
Q07866,Q92888
P46934,P09493
P05177,Q14938
Q13227,Q96PF2
P02679,P10242
P47874,Q9P2Y5
Q13873,O95613
O00291,Q8IZT6
P07711,Q92574
O75439,Q14204
O60759,P53367
Q16656,Q06643
P40306,P34998
Q8TEY7,P78527
P98164,O94829
Q14160,O00451
Q15021,Q6S5L8
Q15303,O15145
P49643,Q9NZC9
O60216,P30499
O14893,P55786
P62072,Q92777
Q8TAQ2,Q9Y2M5
Q9H9T3,Q9UHN1
P52735,P20936
P38646,P15941
O43379,P01732
O94829,P00742
P46087,Q9UKS6
P40937,Q6PH81
P02748,P10828
O95793,Q9Y210
Q8WVM8,Q14814
Q9HAP2,O14730
P31483,O60885
Q8TAF3,P55795
P04049,P29376
P61077,Q9UK97
Q969G2,P42701
P51681,Q9H9E1
Q00597,Q7Z406
Q9NRY2,P26367
P04234,Q969U6
Q9UNS2,P62316
Q13153,P16104
O95376,P98155
P55209,Q92643
Q96II8,P19419
Q96FW1,P16284
O75899,Q9BUN8
Q9NPC8,P53350
O00300,Q9NPD3
Q92851,Q9UBR4
Q7L576,Q6PJG6
P09668,Q96T37
P31350,P43628
Q9UBU9,Q96HE7
Q9H8T0,P19404
Q92785,Q8N6M0
P11912,O76003
P08246,P01019
Q9H9F9,O75531
P09619,Q8NHW3
Q96LR5,Q9BVG8
Q9Y6W3,P19838
P83916,Q96SW2
P61619,Q8WVM8
Q8NF91,Q96AX1
P07942,Q14397
P31629,P55010
P07858,Q6ZVD8
Q9Y679,Q9UGI8
Q8N531,O00273
P51809,Q9BXW9
O14777,P09913
P49716,Q99698
P14653,P62316
P08047,O14802
P00750,O14730
Q12959,Q68EM7
Q8IXI2,P83436
P61006,Q01081
Q9C086,P21452
O00541,Q07820
P05177,Q9NQC1
P20594,P01730
P25815,P38432
P47804,P34932
O43719,Q14011
P29459,Q99497
P10275,Q8WVM8
P13598,P02788
Q00872,Q4AC94
Q9NSK0,P49815
Q9H0Y0,Q01105
Q92956,Q9H4L5
P26885,P13726
Q2MKA7,Q16526
Q13595,Q9H1D9
Q9UM73,P01732
Q07666,P38484
Q5VST9,Q9Y6E0
O14599,O75147
P59998,Q9NZM3
P43628,Q96T37
P01303,Q9UBT6
P11047,Q9UGL1
O75081,P27658
P51172,P0CG47
Q14242,Q13287
Q02447,Q5VVQ6
O95229,Q07864
Q08722,P01583
P34998,P10515
Q9H5V8,Q8N1L9
O43292,Q9NVP1
P11474,P42226
P29376,O60437
O14737,Q96SD1
Q9UPU9,Q15723
Q9NVR7,Q15691
Q99590,Q14676
O43734,O60759
P54253,Q14814
Q9P246,Q9Y6R0
Q15942,P02788
Q14242,P32942
Q9BUL8,Q06546
Q14681,P23025
Q96LI5,Q7Z569
Q2MKA7,O75150
P10828,O75582
O95944,Q9NPC8
Q8TD16,P53367
P22695,Q9P000
O43913,Q9UMW8
P33151,P29374
P18887,Q5VTB9
Q9UL33,Q9UQB3
P61201,O43639
Q99836,Q93008
Q9H3U1,Q7Z4I7
P49207,Q9UPY6
Q9NPG3,P50213
Q8TAC2,Q02297
Q99748,Q96PF2
Q8N6Y0,P41743
Q12948,Q9H469
Q92747,O94829
Q9Y5R8,P0C1Z6
Q6ZN18,Q9Y2R2
P11831,Q9H161
O75146,P62993
Q969R2,P26717
Q5PRF9,O15344
Q9BVP2,Q68EM7
P11387,P42166
Q8N5M4,P18031
Q96G25,P24522
P59998,Q92574
Q96CS3,Q13009
O60759,Q9NZD8
Q00872,Q86XL3
P22736,Q9H4B6
P23025,Q13322
P35222,Q00534
P52952,O60678
P42263,O75330
Q9NV44,P09913
Q9H0C5,Q9H270
Q99759,Q9UIF9
Q13470,Q9UGM3
O60885,Q5T7B8
Q9P287,O95573
P13671,Q7Z5K2
P07814,Q9BXS0
P04899,Q9HBM1
P68431,P57682
Q9GZX5,P13598
P60709,P18075
P30305,P08709
Q12788,Q92696
O75150,Q9UBI1
P07093,O95405
P50281,Q96JC9
Q01892,Q07325
Q7Z434,P43626
P30273,P24390
O60437,Q9HCE7
Q8WUI4,Q13588
Q9H840,Q9HCS4
P49675,Q92854
Q14653,O14730
Q6QNY0,P02745
P13611,P62273
P21796,O15344
Q674X7,P02774
Q9BVI4,Q8IXW5
Q8TDD1,P04085
Q9Y613,P22307
P62306,Q96JM3
P45985,O43184
Q9H2K2,Q9Y2A7
P49795,O14641
P02751,Q6PH81
P02549,P55327
P60709,Q96F24
Q14004,Q9H845
Q9UKT9,Q06546
Q05516,P35568
P05386,P61077
Q7L804,Q07002
P22570,P27701
Q9BYE7,P61952
Q9BPX3,Q9NY12
P45985,Q9NPI8
P19387,Q08050
P11802,P49327
Q00597,Q9NS75
Q9HD47,Q14582
Q9BXM7,Q9NV31
P41236,P50995
Q9UBE8,Q9NVX0
P28324,P62244
Q6TFL4,Q14562
Q53G59,Q9BW11
O95229,P41236
P17661,P50990
O95376,Q9H334
O60645,Q9NS75
Q9Y383,P49910
Q96PB7,P10515
P19438,P17252
P12268,P56178
O15169,Q9H9H4
P49910,P05108
P26045,P21333
Q6AHZ1,O43164
Q02080,Q15404
Q9NRY2,P20594
P17706,Q16478
O43447,O00141
Q5T5X7,Q9Y5X4
Q8WVC0,O95271
P78543,P67809
O94842,Q9UNK0
Q86T24,P18031
Q9H4I2,Q86UP2
Q14141,Q12906
P78413,O75175
Q8N5F7,Q13485
P62263,Q99471
Q9Y3C7,Q13541
O75558,P21333
Q14957,Q13153
Q16832,Q09019
P61158,Q96EZ8
Q9C026,Q5U5X0
P53803,Q9NPC8
P10244,O14770
P61081,P48553
Q9UNE7,Q8TEW0
O95477,Q12996
Q9H0M0,Q04912
Q6N043,Q9UHB4
Q9P246,Q13227
P51681,Q15762
P30101,P56817
P21583,Q8IYD8
O95232,P08571
Q969G2,Q15154
Q9UIU6,Q15154
Q96CA5,P15880
P51812,Q9NQH7
Q9P0L2,P45379
P09211,Q9H816
P29320,Q92538
P08603,Q9UQK1
Q9UKT9,P49768
Q92993,P01023
P51532,P00533
O15031,Q8IX90
P27986,Q9HBE1
Q96Q42,Q9NNX6
Q9UGM3,P50281
Q8WXA9,Q05397
Q92599,Q7L2J0
Q9NX24,P43627
P19544,Q86Y82
P54577,Q8TF74
P05771,Q96JC9
P25705,Q8N7R7
Q12841,P02675
P07998,P15408
Q9NQL2,Q9UGL1
P26992,P50749
P06734,Q01081
P60484,O75717
P21506,P63010
P02545,Q96JM3
P08603,Q14315
P06241,Q9P253
Q9BXL7,P55273
Q13829,P18428
O95997,Q15131
Q5RKV6,P07814
P51812,O43557
P05177,Q9Y6H5
Q9BQE4,Q9NXR1
P47224,P30679
Q12816,Q13503
Q9NRG4,P25788
P05181,P67775
Q14919,Q9H816
P35900,Q9NPF7
P05452,Q96RU3
Q9UBQ5,Q13507
P07942,Q2QGD7
P78543,P26599
P63146,O14901
P31689,Q9H334
O00186,O00443
P48378,P05556
Q93009,P09683
Q14512,P61587
Q9NX24,O00308
Q8TAG9,Q13761
Q9Y239,O43491
Q99594,P17152
Q92817,P49815
Q9NYF8,Q70IA6
Q9H4H8,P35556
Q13571,P05181
P06493,Q96L14
Q92564,P35712
P08833,Q92570
Q9Y265,Q14112
P26371,O00308
Q9Y5Q3,Q969T9
Q9NSC5,Q15365
Q15915,P50453
Q7L5D6,Q5JVS0
P09486,Q96MH2
Q8TEY7,Q8WYR1
Q02388,Q9NZ43
Q9NSE2,Q9BRQ0
P10916,O94927
O75461,P35900
Q00688,Q9HD26
Q9NP97,Q9Y2X3
O75531,Q9P000
Q86U42,P56159
O95817,P32004
P20226,P01892
Q96SZ6,Q96AX1
Q8WX92,P13688
Q15046,Q16851
Q99759,P52630
O15457,P07998
P62875,Q9UH92
Q13950,Q7KZ85
P02545,P38646
Q5T2W1,Q6ZYL4
Q04724,P52790
O75694,P11362
Q8TCJ0,Q9UKJ3
P19174,Q8N1I0
Q9Y2X8,Q9UNS2
Q9UQ84,Q86T24
P17096,P47712
O43896,P52790
Q13608,P23582
Q8N5M1,O14867
P39023,P36507
P43026,Q9UBQ0
Q06323,O75477
Q14582,Q5TCZ1
O94829,P10515
P01563,P01275
O60741,P35236
P49427,O14893
O75592,Q6PJG6
P26441,O00712
O43143,P16278
Q9HAU4,P35900
P51170,O75330
P16615,Q15389
P30305,Q9BXS5
P61020,Q6IAA8
P49910,P01308
Q8N1F8,Q96EK5
Q9H2X3,Q9NR77
Q04637,P08235
Q9UNN8,O00712
P02730,Q8IX90
Q7L2E3,Q9UGK8
P49760,Q14289
Q9ULG1,Q2M1K9
Q96H20,O43156
Q15759,Q6PH81
P47897,Q9Y2X3
Q13107,Q13478
Q5XUX1,P61586
Q9UPW8,Q9H5V8
Q96C24,O43143
Q9Y3C8,P38117
Q15365,P62328
Q7Z7L7,P16109
Q9NWZ3,Q92830
P35900,Q99584
O14757,P28062
P42345,P20248
O75081,Q9HCS4
Q53HL2,P35236
O76041,P43250
Q92636,Q9UBT6
P60520,Q15746
Q02952,Q14183
P48556,Q7Z417
Q9UQ35,Q9HBZ2
P10916,O60504
P50616,Q92783
P61158,Q6R327
Q93052,P14859
P49711,P06454
Q7L5N1,Q15361
P98155,O95817
P21675,P32246
Q66K74,Q9HCS7
P01563,O94776
Q13113,O95257
P62191,P60520
Q9NYB9,Q6PH81
Q8IZQ1,O43307
P61081,Q9HBE1
Q9HCG8,O75150
Q92747,Q9H467
Q03001,P51684
P10301,Q8IY18
Q13113,P33993
Q9Y6W3,Q8WUH2
Q8IYB3,Q6PJG6
Q9NRZ9,Q8TEL6
Q9NYF8,Q14919
O43187,Q96EB1
P30305,Q13057
Q9BWN1,Q13087
O15550,Q9Y5X4
P62314,P22460
Q92997,P10451
P05412,P43357
Q9UIU6,O75970
Q8N6Y0,Q96PK6
Q8IZD9,P36405
P63165,Q9C0J8
Q13131,Q15596
P25788,P17600
Q9UM07,Q969T4
Q7RTN6,P15090
Q53EV4,Q76N89
Q15363,P17812
P15018,Q8IUH3
Q8TBK2,Q92838
Q66GS9,P23469
O75592,O43264
P15173,Q14114
Q8TD08,O95271
Q13227,P52815
Q8N9M5,Q92793
Q96EZ8,O00451
P31994,P04234
Q96M94,O43264
Q8TAM2,Q53EL6
P63215,Q8N9M5
Q99081,P11684
P52701,Q9UQ35
Q9H2X3,P40227
O43847,Q7Z589
Q9BUL5,P52298
Q5VTR2,Q8TAF3
O14746,Q7L8J4
P09326,Q9BQ52
P54577,Q86Y01
Q5JTV8,Q9BWU0
P01106,P62136
Q9Y5J7,O43292
Q9NQC3,Q969G2
Q15811,Q13509
Q969T4,Q96S55
O60674,Q13227
Q15717,Q08043
Q14103,P62244
Q99584,Q8TCJ0
P63279,Q9Y283
Q5VTB9,P49795
P61587,Q9UKA2
Q13554,Q93008
Q96LR5,P02538
P10916,Q16526
O95273,P28907
P46060,Q9NPF7
P60604,Q9Y2X3
Q01344,Q99584
O15455,Q4AC94
P25205,Q15118
Q8NHM5,P23396
Q6PI26,Q9UH77
Q99467,O75506
O75807,P31350
Q9UKT9,P62380
O43181,Q9NRD0
P35625,Q9H3S7
P30279,P53365
Q6GPH4,Q92917
Q06481,Q15465
Q13952,Q92793
P63167,P41273
O43379,Q8IXW5
Q9Y6N8,O15357
Q92973,Q9UBC2
Q14865,P16949
Q6PI26,Q05516
O60504,Q07890
O14893,Q15386
O43184,P13688
Q9C086,Q13444
P78543,P43626
Q6NWY9,Q9NWS0
P09493,Q13094
O94888,P25800
Q9H9T3,Q9NZN5
P51587,Q92854
P78364,Q14114
P15018,Q15025
P49821,Q6ZU15
Q9H668,O75150
P63215,Q9UNF0
O15360,P08709
Q9NQC3,Q15691
Q9NX70,P10124
P16284,Q96MH2
O15211,P55735
Q99590,O15164
Q9H816,Q15208
Q5T5X7,P26640
Q15648,P40937
P19438,P02708
P34932,Q8IU81
P14316,Q9P0U3
Q13444,P25116
Q9NPA8,Q9UKS6
P24588,O00141
P20248,Q9Y2A7
O15360,Q9UQM7
P36897,P84095
O95140,Q9UJW3
P78314,P08833
Q9Y2Q5,O60603
O15123,P13804
Q9Y5Q8,Q15723
P49721,O14948
P05161,O14770
Q9NZC9,Q04721
P63010,Q0VG06
Q8N3F8,O43502
P18583,O00757
P49069,P33993
O43927,Q7Z3B3
P10244,P78552
P60510,P11277
O43602,Q5T7B8
Q9BTV7,Q9GZX5
P05230,Q9Y2Z4
Q14194,Q99618
Q9NRY2,P06396
O43680,P13232
Q8N729,Q9UBS0
P35625,P31949
P21817,Q96AY2
P42261,Q9H9G7
P25063,P01106
P81877,Q96QG7
Q14005,P30876
P20749,P51948
Q8WZ42,Q8WVK2
P36956,Q15466
Q58A45,O75478
Q9NRL2,O95977
P41208,Q9H0M0
O95460,O76041
Q01826,Q9P246
P14373,Q13951
Q8N5F7,Q8N5I2
Q9Y6Q9,Q71DI3
P42772,Q9NR77
Q7Z6Z7,P46019
P22830,O75582
P51812,Q9UBF1
Q9P2M7,O14939
Q8IZJ6,P78318
Q14005,Q5JY77
P26006,O95831
P13760,P78552
Q16543,P30203
O94817,Q14562
P68543,P25391
P43246,P81408
Q8TCG1,Q8TD31
O76070,P08754
Q9Y219,P38484
O95405,P68032
Q9H9A7,Q92838
Q14192,Q13352
P51149,P32239
Q14498,P49257
P09622,P30203
Q14498,P46060
O60291,Q9UL03
P24522,P08247
P01130,P78371
P16035,P78406
Q9H0W5,P09326
P42263,Q8IU81
Q16533,O14867
Q16623,Q99873
P02743,Q9BW11
O95487,O00141
O15520,O95831
Q9P086,Q16526
Q13322,P55196
Q8TDY2,P49116
Q96H20,Q68EM7
Q7Z465,Q13061
P04899,O75970
P50542,Q9NQ25
P49643,P42679
Q96AY2,P98172
Q9C0J8,Q9UBP5
Q9BZJ0,Q86UE8
P07949,P15407
P49675,Q58A45
O95477,Q9UBT2
Q06455,P41227
Q9C026,O15392
Q9H221,Q9UIF7
P62380,Q9NR50
Q9C0C7,Q9UK41
P31483,P62314
Q12947,O00291
O75676,Q9BW11
Q13451,Q92673
P04234,Q70EL2
P15018,Q92608
Q2T9J0,P08519
P09493,O75695
P02730,P28340
P19532,O75695
Q71F23,Q9NSC2
Q93038,P16112
Q8N3L3,Q9NPD8
O43402,Q92934
Q8N5H7,Q9H9Q4
P40616,P57105
Q01658,P31150
Q9UQM7,P68363
P06746,O96020
P54727,Q9ULZ2
P68871,O75817
Q13387,P17096
Q14457,P34998
Q9HD47,P21675
Q9NZL4,P05556
Q8NEM0,Q6PH81
Q9GZQ8,P98160
P01116,P30101
Q14103,P24941
O95967,P60763
Q9BUL8,Q9UKJ3
Q9H9Q4,P25789
Q9H9S0,Q9NZD8
P40227,Q99618
P12956,Q15831
P07949,Q96Q27
Q15831,Q3LFD5
P42229,Q9H0W5
O75147,O00255
Q13239,Q9UIB8
Q9UKV8,O00762
P07225,P04229
Q9NUG6,O75663
Q8TAA9,Q01167
P61247,O95271
P00742,P13726
P43026,Q6IA86
P98155,P61587
O95376,Q92838
O75446,P08949
P60891,P10644
O43639,Q8N3R9
Q76L83,Q99835
Q53G59,Q12873
Q9UJV9,Q15365
O75955,Q8TAP6
Q04721,P25787
P07947,Q8TEW0
Q9P2B2,O75489
P22413,Q9UHX1
Q13239,P02647
Q99638,Q9NNX6
O60645,P23763
P09913,Q9GZQ8
P61956,P51170
O95190,Q9Y2X3
P61081,Q9H015
Q92973,Q9Y6J9
Q8IZP0,P13569
Q16630,P02741
P61218,O60291
Q7L591,Q9BWU0
O95785,Q969G3
O75081,O75525
Q13895,Q86US8
Q08999,Q9UI09
P42025,P17812
Q92985,Q9H334
Q9UQ84,Q13115
P30305,O43933
Q92793,P36405
O60232,P51790
P31942,P28360
Q12788,Q9BWF2
P20749,P10646
Q86U70,P52815
Q96A72,O94973
P57682,Q9NRG0
Q15019,O75170
Q92854,O60739
P18583,O43765
Q9ULM6,P02748
P50613,Q99567
P02765,Q7Z460
Q9Y3R0,O94906
P31629,O43566
O14893,P05549
Q12789,Q9UHF0
P62633,P38606
P11277,Q92542
P62191,P07237
P49459,P02760
O95835,Q12874
P21817,Q9H0E9
P62875,Q86X83
P11474,O00151
P51170,Q99748
Q13451,P17480
P07858,P61981
Q8TDD1,Q9NR33
O60684,Q03181
Q07352,Q8WX92
Q13554,Q96CS2
Q8IZJ1,Q14183
Q86T82,Q8TDY2
P07900,Q5TCZ1
O75914,Q14643
Q49AN0,P20807
Q0VG06,P28161
Q14004,P23469
P42345,Q96IY4
O15151,Q96T60
Q9NS56,P61962
P84243,O75947
Q9Y265,P63215
P14625,P17812
P78543,Q9Y248
Q96CF2,P10398
Q06787,Q9NNX6
Q9C026,Q99942
P49459,P10398
P30279,Q68EM7
P30876,O00308
O00291,P52435
P01116,P14555
P17535,P35900
Q7L8J4,Q86U42
Q8TDU9,Q9NR55
Q9H461,O00303
Q92851,P49754
Q99873,P40939
P26717,Q92925
Q9Y3M2,P10589
Q16526,Q14112
Q93063,Q9Y2Z4
Q02952,Q9BYM8
Q6PCD5,P18510
P16234,Q9P2F5
Q93096,P25189
Q06481,O14593
Q96HR8,P01732
P05412,Q9H3U1
Q969R2,P16070
Q9UBS0,Q9UJY5
O75528,Q9Y2X3
P42336,Q15389
Q96DB2,Q9Y3C8
P99999,P61163
P56178,P78552
Q96HE7,Q99748
P10155,Q9Y535
Q13474,O43143
P52790,Q9UIB8
Q92736,Q8N4P2
P41229,P50749
P09913,Q99801
Q86YV9,P21926
Q13625,Q9Y6W6
Q8NHG8,O14948
P47804,P42081
Q9UMX1,P06748
Q9UI12,P61225
P02452,Q96SD1
P45985,Q15365
Q8IZQ1,Q16633
Q96JN8,P09913
Q9NV70,Q8IXQ6
P62277,P61952
Q12834,P61619
Q13557,Q86WV1
O75449,O75940
Q9UH92,Q9NZD4
P0CG13,P30153
P0CG13,O00512
Q99569,O60437
Q9UQ88,Q9BWU0
O94842,P55001
Q7Z4I7,Q9UHC6
O95544,P07737
Q16667,P17542
Q16849,P21953
P06576,Q9HAP2
Q7L2J0,O00628
P02778,P32971
Q9NVP2,P43626
P21506,Q9Y535
P51787,Q99801
Q14194,Q8N196
Q16548,Q5VT25
P36402,Q9UIF7
P50281,Q9UKJ3
Q9P246,A5YKK6
Q9HCS4,O43264
O43815,P49257
P43320,Q9UKS6
Q15650,O75956
Q14686,Q02880
P30531,Q96SN8
Q15942,Q9Y6Q9
P61626,Q5XPI4
P09619,Q9UBP0
O75529,P45880
P29692,O75150
Q5RKV6,Q96II8
Q9UBQ0,Q07889
P37173,O43521
P55058,P16234
Q07352,O43313
Q93009,P49840
Q9Y508,Q9UBN4
P02760,P43626
P51684,Q5W0Q7
P57740,Q8IVI9
P35398,P16144
Q9Y6N8,Q6NXR4
Q8N5H7,P06307
P05452,P30988
P61981,Q16650
O75940,P59768
Q9HAU4,P20618
Q9H2L5,O95243
P31930,Q12840
P51149,O75840
P62979,P55196
Q01844,Q99952
P31321,Q99819
P0C1Z6,P43627
Q15013,Q9Y4D1
Q8IX03,P18848
Q8WTR2,O15144
Q9Y3B2,Q14938
Q5XUX1,Q9Y6N7
P01116,Q9NR77
Q9H6T3,O75335
Q9H3M7,P22736
O75369,O43439
Q9UBU8,P08833
Q6GPH4,Q9H6Q3
Q6GPH4,P35269
P02774,Q86Y82
Q86U86,P09382
Q9UBI6,P35236
Q15075,P02774
Q13563,Q86XE0
P55884,P38646
Q9UBE8,Q9H6Z4
O95931,P08754
Q96JH7,O14641
Q16644,O00628
Q9GZY0,Q9NS00
Q9UK53,Q86WT1
Q15375,P26599
P15884,Q8TF40
O95487,Q9Y4Y9
P49458,P30305
P49840,Q969G3
P51948,P51172
P37023,P30556
P04070,Q92817
O95639,Q96EK5
P07996,P34998
P07359,O60756
O95400,P05156
Q9UI47,P42679
P21506,Q8NAV1
Q8NDV3,Q9UHV2
Q9Y2V3,Q9BY11
P09622,A0AVT1
Q6PIJ6,P28062
P01111,P28069
Q9NPG3,Q9UNP9
Q01105,Q9NVF7
P33552,P78552
Q13042,Q01081
Q7Z6B0,Q9Y2K6
Q96EK5,Q8IXI2
P49768,Q9Y6X3
P29374,Q9UNP9
Q8IX07,Q5VTB9
P62263,P08908
Q9NP97,Q9NZ43
Q96CD0,Q8N684
Q13217,P42025
P57682,Q0VG06
Q9UNY4,P55001
Q15109,Q99942
P26373,P42773
P11171,Q92830
Q9Y271,Q96IT1
Q9Y4K3,Q9NP97
Q01344,Q8TCJ0
P41238,O95831
P62244,Q15744
Q13303,O14862
Q9Y2Y1,Q05209
P19532,Q06455
Q8IUD2,Q9ULW0
Q9UBL3,O75970
P16112,Q8N3L3
Q96F24,P21926
P54132,Q9BXH1
Q9BZS1,P14210
P25103,Q8NFH8
Q92870,Q15118
P61923,P11387
Q16666,Q9BPZ3
O60481,P21953
Q8N531,Q9UQC2
Q12778,Q9P287
P14859,Q9UM73
P52907,P36578
P01588,P21926
P40123,Q8NC51
P30460,P53350
Q96A47,Q14296
Q13503,Q9NWZ3
Q9P2M1,O14640
Q8WYR1,Q9HAZ1
P09913,Q13478
Q13137,P13611
Q16739,Q99612
Q9Y5Q8,P36954
P05386,O43196
P78364,P41161
Q05397,Q9H0D6
Q9UNY4,P05177
Q13285,Q16082
Q9UKI2,Q9H2G9
Q9Y5K6,O43307
Q13427,O15344
P50616,P0C1Z6
P48145,Q9UK41
P11234,Q9HD47
Q15723,Q14114
Q8WUI4,Q96EB1
P30203,P08962
Q8TEK3,P84085
Q9BUE0,P18848
P35052,Q9NY27
Q15102,Q92797
Q9NV70,O43164
Q01167,P10398
P30260,O75525
P26045,Q7Z412
Q8NFD5,P56645
P56817,Q9BW11
P53611,O15516
Q96GG9,Q9P2M7
P29460,Q13873
Q9UM47,O75170
P30154,P53611
Q99698,P62318
P18054,Q86US8
Q86X29,Q71U36
O75586,P54253
P49427,Q86WV1
Q8NFD5,O14979
Q12774,O43933
O75477,O95243
O43639,Q92888
Q9NV31,Q9Y3B2
Q8TAM2,Q92570
P00488,O00443
P53567,Q9H8Y5
O75312,Q13586
P78356,Q9NQ29
Q14149,P35250
Q9GZS3,Q04721
Q5TCZ1,P98160
Q9H221,O15344
Q9NR33,Q16595
Q96CF2,P84103
Q5VV67,Q2QGD7
Q8N3F8,Q6ZU15
P62993,Q13490
Q96QB1,Q9UL46
Q5VVQ6,P60033
P22830,Q86US8
Q9GZU2,Q9Y2X3
Q9NRF2,Q6GQQ9
Q16543,Q14974
Q96A47,Q9ULR0
Q96AH0,P43627
P01236,Q9NYJ8
P30622,Q7L576
Q12788,O15155
P35611,Q8WYR1
Q9UHD8,Q8IUC6
Q6VAB6,P55199
Q99590,Q15836
Q6NZY7,P08151
Q9BY84,Q8WVY7
Q92797,O00273
P24588,P15172
P21860,P32780
Q9H0C5,P01275
P13056,Q96SD1
Q9C086,P35244
P15151,Q9HCS4
P14373,Q15208
Q13200,Q13114
Q9UI09,Q12774
O14613,Q9UKL3
Q07820,Q9UBI1
Q92854,O15145
Q15785,Q9NZU7
Q14643,O15061
Q9UPY6,O14745
Q02223,P52435
P63215,Q13418
Q15120,Q92781
Q96GG9,Q9H147
Q13233,P54725
P05160,Q9Y3U8
P37023,Q15427
Q99590,P14653
Q01638,Q9UP52
Q6PCD5,P10589
Q96NE9,Q9NX24
O75955,P35557
Q13241,Q02080
Q9H270,Q9Y4J8
P30679,Q8TD31
P15407,Q07889
Q9UL62,P57775
Q9NP84,P04066
P49639,Q8IUQ4
Q96IY1,P78552
P01374,Q9UHL9
O75525,P33993
Q96BY2,Q9UPZ3
Q6NZY4,Q9UQB8
P50570,P17275
Q9UBD5,Q86Y01
P61244,O75582
P81877,P12270
Q13951,Q8N684
Q9Y6W6,Q9NRD0
P30101,Q9Y262
Q14974,Q9UM54
Q9UGM3,P62906
Q13643,Q92608
Q14011,Q9UK53
O00241,Q13291
O75689,Q969P5
Q969R2,P00167
O00305,Q9NRR4
P10644,P32780
Q9Y6N7,O76041
Q07325,Q8IWY9
P17096,Q96FJ0
Q7L591,Q13614
Q9HAU4,O15357
Q92888,Q9GZM8
P18031,P35557
O43734,Q15562
Q09472,P20336
P48552,O15304
Q99626,Q9Y3U8
O75317,Q9Y3L3
P35611,Q9NZN3
O15297,Q6VMQ6
Q8NHL6,Q86WV1
Q13153,Q9H0K1
O14979,Q9UJY5
P40222,O75689
Q9NZN4,Q96T37
Q9Y5R8,Q9UNK0
Q6IA86,Q6SZW1
O96013,Q7Z6Z7
P52799,Q9GZM8
P40123,P08047
P09651,P04066
P45984,Q9HAV0
P01583,P50453
Q15118,P26717
P11233,P78362
P11912,Q15287
P31321,Q9BWW4
P68543,P35712
P17676,Q8WVM8
Q9H9S0,Q99519
O60264,P52630
Q15542,Q15366
Q8IY57,P21926
P31323,P52630
Q9UER7,Q15744
Q9Y248,Q9Y279
Q9UPT5,Q969Z4
P35244,Q92854
O95155,P34130
Q9NX24,Q9Y248
P00374,P02788
Q969P5,Q9BXH1
Q96KN7,O75791
Q9BXL7,P49768
Q12996,P05181
Q9NRD1,Q00403
Q9H2L5,P39748
Q8NFT6,O14979
Q9Y3E7,Q9HB90
Q15109,Q06587
Q8NHG8,Q9Y3E5
Q9Y2Q5,Q02388
Q9BU61,P51684
P05362,O75807
Q8NFH4,P31350
Q9NVD7,Q8WVM8
P54764,Q8N3R9
P09234,Q9Y5S2
O75081,Q9Y5B0
Q13614,Q9BXW9
Q9UHF0,P61006
Q8IX90,O95425
Q9BY84,O14579
Q96PF2,Q8TDN4
Q9NZN4,O96020
Q9BYW2,O43491
P25789,P85037
O00541,Q9H015
P42261,P02786
Q8TD16,P17096
Q96B97,Q9Y6Q9
Q06190,P29320
Q8WVJ9,Q14112
P50914,O95382
P35613,P50553
Q8NCQ7,Q6NYC1
P22223,Q99873
Q9UBU7,Q00975
P36404,Q6PI26
Q12967,Q92966
Q5QJE6,Q14183
Q12888,O75489
P83876,O00541
Q9NPH3,Q702N8
O95140,Q9P2F5
P02748,Q6ZU15
Q15691,P00742
Q9Y2X8,P06307
P61978,O60437
Q02413,P52657
P01034,P30988
P46060,P43320
Q99623,P08833
Q9BZE4,Q96IZ0
P38606,Q8TBB1
Q9H4L5,Q96F07
Q9UBE0,P32245
Q12851,O95831
Q9UH73,P26371
O60683,Q9H1D0
P62191,Q9Y2K6
Q9Y3Y4,P49917
P37108,Q13352
P0DI81,O14836
Q9H981,Q9NVF7
Q00526,Q9HD67
Q96DB2,Q16204
P51178,P84085
P04141,Q9H765
O75940,Q6SZW1
P52790,Q14526
Q53T94,P43626
Q5VTR2,Q9NSC2
P59998,P30989
Q15650,Q13029
P11277,P00742
P48556,Q9Y508
O60921,P10398
P12814,Q96QT6
Q9Y5N6,Q92542
Q14494,P34998
Q8IZT6,Q9UL33
P61457,Q8IZQ1
P62906,Q9UL63
P50151,P35556
P24390,P52630
Q9P0U3,Q9BYE7
P04070,P62834
O94889,Q13002
P67809,Q9UNH7
O75143,Q92973
Q9NY27,Q9NS28
O60504,Q86Y82
O75689,Q9P209
A8K0Z3,Q9Y2W7
Q9UKK6,P45880
P51571,Q8WYR1
P27658,Q9NYB0
O96013,Q13901
Q9H4I2,P49750
Q8WVJ9,P28069
Q8NHZ8,O95402
Q13769,Q9Y6D6
Q12913,Q13432
Q9NTI5,Q8IWY9
P09326,P55010
P50281,P40937
Q9BXB1,Q8NHG7
Q8IXI2,P06881
Q9UBZ4,P01584
P17661,P68871
Q8N7R7,Q13322
Q99575,P18859
P09619,Q96DE5
P04234,Q9UBF1
P63279,P60953
O95967,Q96D46
P23560,Q16478
P24941,P46821
Q9P253,Q16082
P52597,P04085
Q9H840,Q9HB21
Q96CS4,O94817
Q5JSH3,P15018
Q8NHG8,Q70IA6
P16591,O95602
P78406,O43719
O60504,P00751
O14901,Q8TBK2
P36507,P33552
P17812,Q9Y6D6
Q9BUG6,O94829
Q99814,P09874
Q07020,O75506
Q16555,O76064
P62277,Q8TAA9
Q99873,P22692
P05388,P42574
Q5H9F3,P52435
P30531,P16112
P39023,Q70CQ1
Q13387,P62753
P42772,P62328
P13056,O15344
Q9UQQ2,Q9BRQ0
P49458,P67775
Q9NQC7,Q9UBD5
P10244,P25789
P15941,Q96AX1
Q92838,Q16539
Q99627,Q9UHV2
P51813,O00151
Q8IZP0,O15400
P51948,Q9H6R0
Q9Y698,P30556
P29322,Q9NZC7
Q9Y6R4,Q13464
P61201,O43427
Q14240,P18859
P50570,Q92569
Q12996,Q08043
Q96A47,Q9BY84
Q7Z6M1,Q9Y2Y1
P31749,Q92625
Q96DE5,Q16478
O43680,Q9UGL1
Q9Y2H1,P02741
P98155,Q9NR55
P19532,Q8IYI6
P51610,O94817
Q13277,Q14296
Q13241,P42261
Q04724,Q9UHB7
Q8IWY9,Q71U36
Q9HBM6,P07998
Q96QB1,Q96FJ0
P62273,P16109
P36956,Q9Y5B0
Q8TEB1,P16949
P78318,P20810
P36896,O75509
P0C2W1,Q01844
P55773,O15457
P48509,P13612
Q9Y5V3,Q53HV7
Q9NQL2,Q09019
Q12788,P48382
O75717,O15511
P02741,O14744
O15018,Q7L0Q8
Q01831,Q9NY27
Q04724,P21453
P24723,Q14197
Q01638,Q92558
P54136,P61218
P35052,Q07325
Q96LC9,P20807
Q9NQ66,Q96J02
P57081,Q9Y3E2
O76003,P28827
P54764,P24278
P01563,P51948
P19387,P36578
Q86X29,Q13011
P46777,Q2QGD7
P61077,Q07820
Q99836,O43508
Q15366,Q8WVB6
Q9H553,P81408
Q9BXK1,Q9Y2M5
O76003,P01563
Q12947,Q9H8S9
A8K0Z3,Q06455
Q9NY33,P83876
Q96PU5,P11142
Q5T7B8,Q15788
Q9HB89,P02452
Q9P0P0,Q13509
O75496,O15084
Q06587,P78357
O95273,P48730
P21817,Q92570
Q99497,Q9H0K1
P18054,Q9UHB4
P99999,P32246
Q7LBR1,P53618
O14862,P78527
Q9NV44,Q13554
Q06455,P23945
O75081,P28715
P02760,O43181
Q96S44,P60763
Q96T76,P45379
O14599,P05412
P55039,P14210
P61289,O75335
Q12962,Q96T58
O00622,Q7Z494
Q9UNE2,Q15459
Q14155,P07992
P18077,P08311
Q9BSJ2,P78371
Q04724,Q9UJW0
O95967,Q8NFZ5
Q08881,P17706
P29322,Q9NZN4
Q9Y2Z9,P25774
P00918,Q96PK6
P61020,P06454
O14744,Q9Y2R2
Q9H175,P50616
P21127,Q8TDY2
Q9UMF0,P31150
P78345,P17706
Q92530,Q9NR50
Q14669,P25103
P39060,P21452
P08922,P49768
Q13936,Q00613
P21953,P19404
Q9BVC4,P42574
P61586,P16070
O95149,Q13838
P14784,P63165
Q99575,O00548
Q7L590,Q9H9Q4
Q99627,P14210
P13612,Q8N6Y0
O14543,Q15562
Q9H765,Q9P253
Q04637,Q12874
O43150,Q9H0K1
Q9Y5N6,P51114
Q9Y248,O75506
O15371,Q9UGI8
P49916,P23327
P30273,P06881
P48551,P38484
Q15648,Q13057
O43294,Q8WWW8
P32969,P32246
P02647,Q9H257
Q9H160,Q92574
Q15744,P00742
P05109,Q13451
P20749,Q5VZM2
O75368,O75179
P07711,P35658
Q13829,Q9Y4Y9
O95714,Q53ET0
Q86U70,Q14197
O75558,Q9NR77
P36542,Q30201
O43557,P41212
Q13546,Q9UBP0
Q96JH7,P0C1Z6
Q9H204,Q15046
O60481,Q9HCJ0
Q9UIV1,Q9Y2Y0
P57678,Q9NP85
Q9BVI4,Q16526
Q9Y3E7,Q9HAU4
P98164,P01023
Q96QH2,P54577
Q9GZX5,Q9NY12
Q9P2M7,Q5QJE6
Q8NFH8,P05106
Q00597,Q9UQE7
P02774,Q9UKT7
Q15311,P10515
Q9NRG4,Q6ZYL4
Q9NWT8,Q5JY77
P29320,P49917
Q15262,Q9GZL7
P21817,Q9P2F5
P04899,P49815
P29320,P41182
O43318,Q6ICG6
Q8TDR0,P16104
O75145,Q86SQ9
Q04724,Q12929
P31273,P05108
Q9HBH9,Q9NWA0
O00548,P25103
Q7KZ85,P35556
Q6P2E9,Q14807
Q15836,P07237
P51587,P54136
Q12967,Q7L0Q8
P50914,Q9Y6A5
O75293,O60664
O75461,O43439
Q9UMZ2,Q8TAA9
Q03014,Q15796
O60271,P51636
P61758,Q8IZJ1
P25063,Q9H8T0
Q6P2E9,P31949
P62312,P09913
Q9NYF8,P09619
P08311,Q9UQB8
P07949,Q9H9E1
Q8TEC5,P35398
Q5QJE6,Q92966
Q13303,Q9NRZ9
Q9H161,P51843
O95425,P10398
O75030,O00273
Q13635,O60216
Q6IBW4,Q9BQ52
P15407,Q9P000
P11912,P50281
Q13127,Q99801
P33076,Q7Z6E9
P19174,Q92934
P68543,Q9H7Z6
Q7L8J4,Q8N9M5
Q01344,Q53HV7
O43516,O76021
Q9H6T3,O00255
Q8IYD8,P17152
Q9Y244,Q99873
Q9NP84,Q8TDY2
P55773,Q96NE9
Q13352,Q9GZN8
Q8NHM5,Q9NR33
P83876,Q9NXV2
O00339,P08709
P26599,Q8WW38
Q5T4F4,Q16777
P23511,Q9Y3L3
Q15796,Q9NXV2
Q9ULW0,P60842
Q03167,Q9NV70
Q8NB46,P63241
Q3KNV8,Q9UGI9
Q92754,P49815
P51572,Q9Y5P4
Q99436,Q96QC0
Q9UMZ2,P17480
Q9NPF5,P30679
Q9UI14,Q9Y248
Q96JN8,O95163
P19086,Q9Y4D1
Q9H0W8,Q03014
O14777,Q9NT62
P21506,P40424
Q8WUI4,Q9HB21
P29322,O94973
Q04759,P57740
Q9H4H8,Q9NRG0
P28069,Q16644
Q96Q27,O76021
Q9P0R6,O75496
Q96QB1,P62316
Q9Y6R4,Q9Y6A5
P49336,O75663
Q9BXL5,O95460
P18583,Q13542
P27361,P43320
Q9P0U3,Q03933
P31273,P28340
P41217,P10124
P14770,P12980
O00625,P06493
Q14746,Q9NX24
Q53T94,P51684
Q76L83,Q8TAA9
P06241,Q9BW11
Q99496,P49682
P23771,O43482
Q9Y230,Q8IU81
P10155,Q9P287
P48556,Q9H9E1
Q8N4C6,P57682
O43602,Q8WVM0
P50570,P46531
P12757,P78527
Q9Y383,O94829
Q96CD0,P00451
Q9Y283,P05156
Q04637,Q9Y271
P02743,P46934
Q96Q42,P78345
Q8N4P2,Q9UQE7
P54829,O75530
Q96E14,Q05048
P09661,Q8N3V7
P26010,O43292
Q8IU60,Q5TD97
P67809,P13688
Q9P0U4,Q9BW11
P63167,Q9Y239
Q99759,Q8WXA9
Q9HAT0,Q7Z7L7
P13861,O14901
O00548,Q9C0J8
Q9BYM8,Q9HBM1
Q9P0P0,Q13185
Q9BQE4,Q9BY11
O14867,O14641
P78543,P53365
P61225,P18848
Q9UQQ2,P43628
P84103,Q9H3S7
P12004,P67809
Q09013,P52434
Q13867,P28328
Q969R2,Q96BR1
Q9BPZ7,Q9Y2D1
Q9UKV3,Q6UXN9
Q8WU17,P15976
O14836,Q8N3X1
P49450,P00750
P08581,P10589
Q15672,Q14938
Q9Y4K3,P17600
Q16777,Q92636
Q8TDY2,Q12996
Q96B67,P32239
Q14008,P11802
Q99496,Q9H0E3
Q9H074,P29992
Q9Y463,Q15038
P15374,P27986
Q9HD36,O60291
Q9Y2V3,Q96L14
P13224,P34998
Q9UBP6,P04085
Q9BTV7,Q13618
Q01105,P55795
P21731,P22736
Q5TKA1,Q16666
Q9BZD4,Q68CZ2
Q9Y5X4,P07951
Q9UQ88,P28328
P01116,Q9Y297
Q99836,Q92696
Q9NV44,P10809
Q5VVQ6,P17861
P37023,Q6EEV6
Q9HBI0,P19838
Q9UL25,O00300
Q13428,P28074
Q96M61,Q9Y264
P39060,P49458
P13056,P78356
P23634,Q9NPF4
Q9NWQ8,O43293
Q96JH7,O15027
Q8WW01,P33552
Q15696,P56537
Q16825,Q9NR33
Q16644,Q13087
P49768,Q9NPF4
Q93009,O95931
Q6ZN18,P62841
Q15311,Q8IXJ9
Q9NZC9,P35269
Q15843,P38606
Q9Y5B0,Q9P253
Q6NWY9,Q96JM3
Q9NP97,Q8TEL6
Q96A56,O43521
O75558,Q12996
O75884,P52815
P63215,Q8IWI9
P54578,Q13155
Q9NX24,Q8WX92
P61916,Q96A47
Q9UNE2,O95600
Q12840,Q8ND25
Q5T5C0,Q99519
Q9NPF5,P41161
P51398,Q9Y279
O15212,Q969P5
Q96B97,P16234
P36957,P30988
Q8N5I2,Q9Y6X3
P51531,O14654
Q7L5D6,Q03518
P02746,Q02930
P29992,P56537
P40123,Q16890
P19086,Q92696
P06307,Q8N5M4
P16871,P50990
O43257,P14635
P61247,P41240
Q96EZ8,P10909
O76003,Q8WZA2
O60437,O14654
P49789,P05230
Q5T5X7,Q96BD8
P22570,Q9Y587
P03951,Q14204
P13760,Q86YR5
Q9UNP9,P07951
P57081,Q9ULB1
O60826,P42261
Q9C035,P31942
Q9NRG4,Q8IY57
Q9UQ84,P08247
P01189,Q13595
P01563,Q13740
Q5VWQ8,Q9HC52
Q969T9,Q7L0Q8
P02708,Q9BRG1
P02679,Q4VCS5
P63167,P38484
O94973,A0AVT1
Q9H8S9,P16949
O76003,Q9UK58
Q14241,Q01638
O75865,P23297
P43686,P42574
P38159,Q15365
O95376,Q00610
Q9NX24,Q969P5
Q96A47,O75330
P98161,Q99075
Q16611,Q13432
Q63ZY3,Q7L5D6
Q07812,Q15746
P12956,P01116
Q9BPW8,Q9BXM7
P20248,P48730
P13501,Q8WWW8
P01106,Q16595
P62380,Q9NNW7
O15020,O00151
P78364,O15211
Q9BUQ8,Q9UNE7
P39060,Q96FJ2
Q9P0R6,P49750
Q06587,Q15046
P50613,P37173
O14798,Q9NV31
Q96DX5,P52630
Q8WTW3,P07992
O00567,Q9BSL1
Q15427,O95573
Q96BH1,P06493
Q4LE39,P63241
Q8TDY2,Q9UL54
Q9Y228,O43734
Q9BS18,P55327
Q6NZY7,Q96EP0
P23468,Q9UQB8
P14678,P10747
Q9NV70,P18859
O00451,P30988
Q9UGL1,Q8TEU7
Q9UBQ0,Q15691
Q96B02,Q9Y243
P42336,P07814
Q13232,Q9UQM7
P52952,Q9H467
Q6N021,Q9UIV1
Q9H2X0,Q9UBF8
P06734,O75509
P84022,P25788
Q9UBN6,P01133
Q9ULT6,Q9NQC3
P49589,Q92851
O96013,O00273
Q8N6Y0,Q92796
Q06481,Q9BXK1
Q14192,Q9BY84
Q8IZD4,Q15788
Q9H3M7,Q9UIV1
Q13428,P14784
Q01094,P27658
O14544,Q9NVF7
O75144,Q6UXN9
Q9BY77,Q9UL63
P01130,P30281
Q14565,P02708
Q9Y6W3,Q9H2G9
Q9UJX4,Q13895
Q9Y333,Q9P2W9
Q9NXK8,O14727
Q9BUL9,Q86UP2
Q9BQ15,Q5T7B8
P11387,O14867
P61020,P23582
Q14626,P25789
O75477,P54725
O75969,P25705
Q96NE9,Q9UIU6
Q9Y2Y4,Q16656
Q9Y5B0,Q9Y535
Q92564,Q07666
P35244,Q9GZQ8
O95714,P06746
Q9H204,P52435
Q8TEW0,Q13351
Q9UKL3,O14654
O95297,O94985
Q5T5X7,Q92608
Q8WWL7,O00291
Q92800,O43913
P02452,Q9BQ67
Q13451,P46934
Q13216,Q8WYJ6
P04070,O00167
P50750,Q4AC94
Q15796,Q9HAQ2
Q8IX07,Q9H2K2
Q13554,Q92889
Q92985,Q9HBH7
O15520,O75330
Q8IY92,Q9UER7
Q6ZRS2,O95696
P35241,P12814
Q96PU5,Q9H2S9
Q99759,P43686
O75369,Q9BWC9
Q9NY33,O15446
Q7Z6M1,Q93063
Q8N4P2,P50151
Q86XE0,P20807
Q5T7V8,Q9H5V8
P50616,P48167
O14796,P41229
Q49AN0,Q13478
Q8NBT2,Q5TD97
P57796,Q9P104
P12270,Q8IUC6
Q9GZY0,Q03518
O75947,P78527
Q13838,Q9UM54
Q14315,P26715
Q96BH1,P16144
Q02447,P49643
O75439,Q9UH77
Q9NZJ0,P84095
Q9BY84,Q8N1I0
Q5SW96,P18887
Q02388,O95343
P27824,Q9UBT6
Q9UBF1,Q6ZSG1
Q7L5D6,Q9HD26
Q16611,O43293
Q96KJ9,Q12873
Q9BPW8,P67809
P42263,P00736
P12004,O00151
Q9UGM3,Q15428
P42336,Q99962
Q06481,Q92887
P02748,O95210
Q9BTE3,O75956
P52799,P55001
O95967,Q6R327
P20273,Q9H0U4
Q9UGJ0,Q03519
Q9Y3L3,Q92966
O75604,O75791
P60891,P02452
P15692,Q92817
P39023,Q9UBP0
Q5VWQ8,Q9Y6X3
Q13042,Q15744
Q16633,O75448
P13805,P28069
Q14781,P78371
O60664,P41212
O14654,P13987
P62273,P39905
P19447,Q9NV70
O14757,P24278
Q8NHW3,P30989
Q12906,Q86XK2
O75864,Q9UK41
Q8N3Y1,Q9NW38
Q7Z465,Q03014
P36957,Q15078
P33240,P05412
Q9UHQ4,Q8TDY2
P51679,O15205
Q9NV44,P30989
O95460,Q96SD1
Q9GZQ3,Q8N5C8
O95816,Q7L2J0
P09326,Q96IF1
P03951,P30281
P06307,Q9H334
P78364,Q9H270
Q8N196,Q92667
Q9H9H4,P50591
P57078,Q9BSL1
O14796,O43251
O00522,O75934
P49711,P23763
Q9H251,O95573
Q53G59,O15516
Q13188,Q03181
P54136,O15205
Q99962,Q8TEK3
O95967,P15813
O75478,Q86YC2
P20749,O43488
Q9UBQ5,Q9HAP6
P29353,Q9Y5K6
P98155,P15822
Q9Y6N7,Q04721
Q13470,Q9HAP6
Q9H9E1,P01583
P32780,P22736
P24390,Q8IYW5
P20936,Q01081
P57105,Q06643
Q96MW5,Q03431
P40227,P51911
Q5VVQ6,P13010
Q14957,P05107
Q07812,Q96RU3
P41208,P06239
P02774,Q9NZN3
P09326,O14497
Q16630,Q15173
Q6ZRS2,Q14152
Q14790,P29376
Q9H3M7,O94906
P27701,O60830
O60240,Q9BWW4
Q86XK2,Q9NQZ3
Q6NWY9,Q8NCQ7
Q99471,Q13478
O14593,Q14240
Q92643,P42081
Q6EEV6,Q9NZU7
P09769,P12235
Q99497,Q9Y3T9
P51957,Q96FJ0
Q13347,O43313
P19320,Q9UBU8
Q13232,Q9Y3T9
P57678,Q13829
P11166,P53618
Q13884,P14678
Q6P2E9,Q15327
P01106,Q9P2K3
Q8IVT5,Q15118
P26927,Q96A44
Q9UH73,O00762
P49591,P39748
Q13586,Q9P0U3
P27824,P42166
P35900,Q15404
O75376,Q9Y2W1
Q6GPH4,Q9UHP3
P27348,Q9Y5X4
P57078,Q01167
Q8WZ42,Q9UI08
P48552,P53992
Q14957,P56537
Q9Y3M2,P07992
Q05516,P04229
Q96QH2,Q9UQB3
Q08999,Q9UBP6
P48382,Q9BQG0
Q8WUF5,P61077
Q9Y678,P61077
Q92530,Q8TD31
P16410,P23025
Q9NQ25,Q8NHL6
P57105,Q9UBI6
Q9P0U3,Q13608
P40937,O00628
P13612,P25391
P51825,O00541
O75947,O15297
P18510,O15151
Q9H845,Q9BW11
Q9NV44,Q8N4P2
Q93063,Q15428
Q15596,Q96PK6
O94888,Q7KZ85
Q6P2E9,Q16666
P51531,Q13217
P54829,Q8NB91
Q96PU5,P09913
Q86UT5,Q13042
P60866,Q9P2W9
Q96F44,Q14203
Q9BSB4,Q14643
P61962,Q9P104
P22830,P02452
P17252,Q8N5R6
P21452,P85298
P22695,O14544
P30307,Q8IU81
P29274,Q9ULB1
Q7Z6J0,P60484
Q8NB16,Q96FW1
P62736,P07196
P99999,Q86VQ0
Q13114,Q8NHG7
Q14188,P49910
P0DI81,Q04721
P08962,P34932
O14796,Q7Z589
Q9H467,P50553
O75914,Q2M2I8
Q13188,P38432
Q15233,P36954
P25205,Q9NXR1
Q969T9,O95373
P61923,Q14643
Q8WWW0,P31350
P03951,P20023
Q9H2X3,Q92542
Q86U06,O60832
Q9H221,Q8TAA9
Q13303,P21802
P27695,Q02880
Q4AC94,P39905
P28702,Q16630
P15018,Q03933
P46821,P15172
P02743,P52815
Q96C24,O00141
P19438,P01019
Q12815,Q9GZN8
P22695,Q99436
P15173,P09493
P39060,Q7L576
Q99640,P61968
Q9H165,Q96NE9
Q01105,Q9HB90
Q15435,Q9NP85
O94973,Q8TDW5
Q86U70,P60033
Q09019,Q14562
O95190,Q9NS91
P21506,P55795
Q9BWF2,P43250
P78362,Q6P4R8
Q5VTB9,Q12913
P23771,Q92925
Q12906,Q9NYJ8
P61204,Q16825
P19387,Q9Y3C7
P62273,Q9Y2K6
O95149,P14778
Q13352,Q9Y2D1
P23760,Q8TD46
Q53HV7,P35244
Q96MF7,P35612
O60296,Q702N8
P27658,Q9P2Y5
Q9HC77,Q96AH0
Q16543,P40937
P03951,O95257
P38646,P52298
P09913,P62491
P14653,O75817
Q9UHQ1,P36405
O60264,P01730
Q9P000,P17152
P02679,P28328
Q12913,Q9UPT5
Q9UM47,Q9H553
O15520,Q8TDY2
Q9BSL1,P50453
O14958,Q8NHL6
Q14957,P00918
Q15366,Q9GZM8
Q6ZRV2,Q8TDN4
Q9H4P4,O75477
Q13191,P27695
P16157,P49821
P55347,Q9NNW7
P27797,Q15562
Q8NBZ0,P98077
P39060,P22001
Q13200,Q8N488
O60488,P08519
Q9Y5K5,O95696
Q96RU3,P05121
O60504,P01588
Q9H7C4,Q13163
Q9BPX3,Q8TD46
P01116,P51668
Q9NPG3,O75955
Q99683,P51684
Q53G59,O14933
Q96EY7,P41227
P41002,Q14566
P26640,Q07890
Q5VTB9,P06730
O60907,Q9NRR4
Q14919,Q96HR8
P63167,Q9Y4Y9
Q96S52,Q9Y5R8
Q8WYK2,Q92973
Q9BPZ7,Q96NY9
Q13042,P30291
O43734,P14778
P09086,P54136
Q13153,P50281
Q9H461,P05386
Q9H4M3,Q9Y3U8
A7MCY6,Q15389
P40123,Q16548
Q9H4M9,P28482
O94905,Q9HBE1
Q07866,Q9BUN8
O43313,Q9UK58
P52799,O75030
P98170,P57105
P14210,Q16595
Q05516,P05549
Q15013,O43396
Q13127,P52435
Q86XR7,Q9H334
P84243,Q8IU81
Q16890,Q96EV8
Q70IA6,P83436
Q9Y2I1,P51684
P23769,P57796
P51946,P49257
Q9GZQ8,Q9BXW9
P35080,Q66GS9
Q16543,P21796
Q8IZP0,Q5TCZ1
P17544,O60437
Q9UBB5,Q8IWZ6
Q9P1A6,P21926
Q9Y5R8,Q9H2D6
P02654,O60504
O60240,P08833
Q9Y283,P10809
Q9P086,O75410
P62072,P39748
Q14BN4,Q9UHV2
Q9BPZ3,P67870
P09603,Q96F07
Q9Y2X8,P12757
P22413,Q86W92
O75628,O43516
Q9NP84,P06401
Q9UBB5,P15924
P24390,Q8IUC6
P02792,P09619
P29459,Q15915
O43572,Q8TDN4
P18031,P08709
Q96EB6,P48730
Q68CP9,P10071
Q9H0W8,P32971
P04406,P57740
P52298,Q8WTR2
P24539,Q9NW38
Q9H0W5,Q9BW11
P61925,Q15744
O95696,Q96JB2
Q9NQX3,Q15418
P07093,P01106
O43439,P42680
O15524,Q9H2D6
O95644,Q96KQ4
Q9Y570,O75317
O75144,Q9BYW2
O94888,Q8N488
P10145,Q9H467
Q6PCD5,P61201
O00305,Q9UIU6
Q9Y679,P78527
Q9NUU7,Q7Z628
Q9Y3A3,Q96M94
P00749,Q96BY2
P39060,Q15386
O43745,Q99640
Q15723,Q9NXV2
Q9H4B4,P24723
Q8NC69,Q9HBE1
Q96GG9,Q9H0U4
P60033,Q02363
O15553,Q14746
P29322,Q14106
Q04724,P07992
Q5VTB9,P16109
Q96C03,P15880
P20908,P26885
P07204,P00748
O95571,Q96FJ0
P61586,Q9P0P0
O15211,P30279
Q96CF2,P52298
Q9UGI8,P27824
Q8N488,Q9Y3B2
P60033,P51668
Q9UKI2,O14654
P28069,Q9H6R0
P35052,Q7L9L4
P20248,P14921
P11142,Q9NNX6
P00918,O43597
Q6EEV6,Q92613
Q16650,O95831
Q99471,Q7L9L4
Q9Y5V3,Q6PJG6
P62753,O00626
Q14160,P05556
Q8IWZ3,Q15915
Q5SW96,Q9UKY1
Q9UBC2,Q9BRG1
P41091,Q15208
Q13043,Q13287
Q6P0N0,P52298
Q86U42,P32004
Q8NCQ7,Q96FW1
Q9Y2Y4,Q9Y5S2
Q14444,Q15038
O75800,P05230
P22223,Q92838
P10145,Q06546
Q9BUZ4,Q29RF7
O96013,P10912
P78406,O75334
Q93074,Q8IZJ4
Q9BYH8,P09326
Q92574,P55316
P29460,Q6VAB6
P38936,Q2QGD7
O43734,P07101
P51668,Q15154
P54253,Q13838
P40227,P11166
Q96F44,P62993
P25815,Q5JVS0
P35250,P00167
Q9NQY0,O15061
Q9BPZ3,Q9NZD8
P29375,Q14686
O00167,O15066
Q13002,Q9H0M0
Q8NDV7,P19438
P28562,Q4AC94
O00622,Q8N7R7
P19838,P52952
Q9NR55,P81133
Q99683,Q8TEW0
Q9UHV2,O60830
P53367,Q13322
Q99962,P04080
P02746,P12980
P31942,P51684
Q9UL62,Q9NQ94
P07359,P51808
Q9Y4H2,P48730
Q9UI09,P02741
Q96RR4,Q09019
Q9UPT6,P28360
O95831,P01023
Q4LE39,Q03181
Q96A47,Q9P2F5
Q14118,Q9UBR4
Q96A65,Q96QT6
Q9HB90,Q9Y279
O75628,Q9BVM2
P35244,Q86TM6
Q8TF74,Q86US8
P39086,O75369
Q86XE0,Q9BXK1
P07996,Q9BZK7
Q9Y2U8,O95977
Q9UBE8,Q14315
Q15375,Q9BV36
Q9UHQ1,P17542
Q9UQK1,P01236
Q15008,Q14814
Q96L73,Q8IZP0
Q13608,Q14526
P50750,P17706
Q14CW9,Q86SX6
Q02363,Q9H147
Q9NX24,Q8WVY7
P01106,P62380
A0AVT1,Q86UL8
Q6PI26,Q14566
O95997,P83436
O43602,Q13474
Q9H2L5,P62380
P63215,P20749
Q00597,O15539
Q14524,Q14BN4
Q9BUL9,P15382
Q13474,Q92542
Q5T4F4,Q9UHV2
Q93009,P78356
Q00535,P27695
Q14994,P62273
P30086,Q9Y2Y1
Q5S007,Q8TD31
O43187,P52435
P38432,O14544
P62136,Q9NRG0
P17844,Q99618
P22455,Q9P0P0
Q9BWW4,Q12802
Q9Y3E7,Q3LFD5
P11308,Q14393
Q13155,P63220
P61758,O00401
Q5D1E8,Q07820
Q8IXJ9,Q9NS28
O95931,P15018
Q14512,Q96EY7
Q9Y2S7,Q9NR55
Q96B97,P51790
Q13509,Q5TD97
P04080,Q9BQF6
Q9H0W8,O00151
O14746,P07951
O00472,Q9UBU8
Q9UMD9,Q7Z6Z7
Q8NCQ7,Q13542
Q9C029,Q07820
Q9NP84,Q9UKV3
Q9Y5X1,Q9P2M1
Q8WVY7,P26885
O75489,Q9Y3U8
O43264,Q92830
P35858,P46087
P78413,Q9NSK0
Q92797,Q8IYW5
O43602,Q13895
P61289,O00241
O14974,P10644
P07101,Q2TAY7
Q5T124,P41273
O00329,Q9BXS5
O95967,Q9HBZ2
Q9UGM3,P26371
O14757,P54253
P14866,P51610
Q9GZY0,Q9NP64
P10606,P61077
Q16633,Q8WXH0
Q86T82,O95433
Q14241,Q8NC51
Q9NYG5,P61626
Q5JSH3,Q9BPZ7
Q6IA86,Q14865
Q9UPY6,Q9H8T0
P21953,Q92747
Q6IA86,P20849
Q05086,Q9H1D0
Q16531,Q9UK41
P08700,O95243
Q9Y5B0,Q9UMZ2
O43184,Q5TD97
P78543,Q92519
P62258,P36578
Q9H0R8,Q9H9H4
Q6ZTQ3,P20807
O96020,O43933
O75947,P07196
P68104,P19022
Q9UPM8,P10398
Q9UKT9,Q00987
Q86VN1,O43815
O95613,Q13155
P05231,O43196
Q86VS8,P08754
P20273,P35625
P07315,Q9Y6W5
Q14160,P35250
P51681,P12268
O75529,Q92917
O95232,Q96QH2
O75628,Q14643
Q13283,Q8N6Y0
O00311,Q14160
Q9H2L5,Q7L591
Q99683,O14662
Q7Z6A9,Q9UI47
Q99759,P13688
Q01094,Q99547
P38117,Q3LFD5
P60891,Q86XL3
O75528,P13688
Q8NBW4,Q9Y2X3
O95831,P00918
O43390,O95149
P46976,Q9UIB8
P30273,P17813
Q96G25,P15374
Q6AHZ1,P20339
O60516,Q9UBN4
P45379,P04083
Q2T9J0,Q9Y3T9
Q13362,Q03014
Q12972,Q68CZ2
P19838,P62508
Q86W92,Q12841
O43765,Q9UL33
Q14134,P10589
P07359,Q9NP97
P01563,Q14183
Q9P2J5,P18846
Q96AE4,O95402
P62979,Q6TFL4
Q9GZR2,P25024
Q09470,Q5JQC9
Q9BXL8,Q969G3
Q96F44,P39748
Q96HS1,Q9Y5S2
Q14626,Q13478
P09681,O60504
P50616,Q99801
Q92574,Q92667
P42345,P63167
P35637,P61006
P78345,Q9P2W9
Q5XUX1,Q9Y508
P18507,Q8NHL6
P35579,P53365
O60832,Q14197
Q13546,Q8TDD1
Q14643,P00533
Q9NZV8,P60763
Q9NY27,Q06323
Q96DI7,O75530
Q14241,Q9H4H8
Q8WUF5,Q8IUH3
P13010,O15085
Q14242,Q9H553
Q13085,O75962
P08648,Q71DI3
P98155,O00141
O43189,Q9Y3Q8
Q9BS18,P25116
O14836,Q9NQC3
P32971,Q9BUN8
P16860,P11940
Q86VN1,O94817
O95714,Q9HAV0
P14866,Q6ZSG1
Q9UBF8,Q8TD46
Q9HAP6,P34998
O95793,Q96AJ9
Q68EM7,P42679
Q9HCU9,Q9H9Q2
P60709,P56282
P61201,Q06455
Q7Z628,P20337
P02708,Q8N5C8
O00339,P21333
P01116,Q92817
Q5T4W7,P15408
Q9P2M1,Q9P246
P17812,Q15334
P55072,Q09013
P43351,Q9UIU6
P39060,O14543
Q92558,O60832
O94842,Q9UGI8
Q9UQ84,Q7Z6E9
Q14241,P14635
P60604,Q8N1E6
Q9Y5U5,P53567
Q8NC51,Q7Z7L7
Q92781,Q8WVK2
P12270,Q16537
O60664,Q9UJY5
Q7Z6M2,Q8IWU2
Q16667,Q15287
Q15120,P20807
Q6NXR4,P08709
P32246,Q9UPN3
Q16586,O75969
Q99741,Q96IZ0
Q96Q42,Q13523
O15446,O75558
P29373,Q8IXH7
Q63ZY3,Q9H2G9
P54132,P25705
Q13469,P08709
Q68CP9,Q9Y2X8
Q9UHW5,O00716
P51668,P56817
P50591,Q96QC0
Q96BD8,Q9UPS6
P61006,Q9Y2K6
Q14114,P21453
Q9UKV3,P32246
Q9H2D6,P08519
Q9Y239,P01160
Q9H6Q3,O75369
Q15796,Q15046
P36896,Q9BVI4
Q96II8,Q6ZYL4
Q13888,P15090
O95278,Q16825
O95376,Q9UBE8
Q8N5C8,P12270
O60927,P68032
Q8IWL3,O75970
O14599,Q4VX76
Q13291,O95197
Q15819,Q96A44
O60481,Q7L2E3
Q96Q07,P34998
Q9Y343,Q14183
O43390,Q9Y279
Q14005,P10515
Q9BU64,P16070
P51572,Q9NT62
Q12834,Q9UBC2
Q9BXH1,A8K8P3
P42684,O00512
Q12923,P29320
Q96AE4,Q96CG3
Q13625,O94985
P01303,Q6NUQ1
Q9UJV9,Q14938
P16410,P10515
P55773,Q15465
P56693,P81133
Q13705,Q86XE0
Q9BT25,P21810
Q7Z6M1,P18433
Q96DE5,P22736
Q16533,Q96MW5
Q8WVZ9,Q9H6U6
Q9Y6W3,P30291
O14543,P51532
O95400,Q3LFD5
Q06643,O75396
Q13905,Q9H270
Q92800,P10398
Q6PCD5,Q13153
Q8TAC2,Q14C86
Q9UPW8,P61020
Q13277,Q9P0K7
Q9NPF7,Q9Y262
Q9NTI5,Q15021
Q8TDR0,P19438
P11362,Q9NRY2
Q5VWX1,Q99996
Q9UKT8,P84085
Q00613,P16109
P50749,Q8TF05
Q00536,O00151
Q9H221,P49450
P80098,P18507
P03951,Q14145
Q9BT25,Q86Y91
Q15723,Q08050
O95835,P06401
O75969,P61968
Q9UHV2,Q9P2D0
P09326,Q9UJW0
P35638,O14920
Q12830,Q92542
Q8NF50,P35900
Q93096,P61006
P04070,Q8N488
P35579,Q05397
P52597,P26367
P35354,O15304
Q9Y3R0,Q9HCS7
P42336,P02686
Q9H2K2,O14939
P42684,Q9H9Q4
P35250,O60504
P18031,Q96HR8
P18510,Q9H845
Q7Z6J0,P56645
O60830,Q99598
Q76N89,P46019
P13056,Q14106
Q92973,O94905
Q969U6,Q9P287
Q9BVA0,Q15468
O15061,P63220
Q9Y6K9,Q16595
Q92813,Q70IA6
Q99942,P62328
Q9Y6J9,Q9Y4J8
P61086,P42679
Q16633,P61970
Q7L576,Q13608
Q16739,P36404
Q9H0W5,O60678
Q92882,Q9UNF0
P60880,Q92796
Q8TBZ3,P61587
Q93009,O14737
Q15311,Q14582
Q13217,Q8TEP8
Q15843,P18887
O75147,Q96M94
Q9UGL1,O00541
O14948,O95343
P49716,P18428
P32302,Q9NV56
Q969R2,Q9UIF7
P04070,Q92585
P50613,Q9H8Y5
O95714,Q96JC9
Q99836,Q7L5Y6
O60583,Q8WXA9
Q03111,Q9GZV5
P10644,P49711
P60709,Q9H5V8
Q8N729,P30101
Q96EV8,P67809
Q92918,Q8NCQ7
O15553,P14543
Q9UKV8,Q9Y2R2
Q9BTE3,Q9UGI9
O75969,Q06546
Q9NX08,Q9BVC4
O15457,Q9UGI9
Q9H175,P02774
P14770,Q9UKY1
O00757,Q15759
O14983,P09234
Q53HV7,Q14296
Q9P2W9,O75970
Q9NUG6,Q6X4U4
Q969H6,Q9NR33
Q00536,O14983
Q9NYB9,P51572
P16070,P98164
Q04756,P41217
Q99836,Q96F86
Q15465,O75530
Q9UBS0,Q8TAF3
O75312,P51572
P53992,Q03933
Q9UH92,Q8N3R9
Q13315,Q01518
P24941,Q05516
Q9H461,Q9UHB4
Q16595,Q9H9E3
Q14738,Q13153
P20701,P08574
Q86Y91,Q9HD67
Q9P246,O75369
Q13239,P51178
P43686,Q9UBY0
Q9UGJ0,Q02297
O15212,Q9Y265
Q9NRG4,Q9UH92
P07550,P60953
P30622,O43508
Q9UKN8,Q8TDN4
P11532,P49458
O94973,Q13873
O00763,P53611
P41229,Q13011
Q13153,P30305
P06396,Q9Y6A5
P00167,P10398
Q9Y570,P41240
Q9BWT7,Q2M1K9
Q96AH0,P06454
P18077,P61970
P19388,Q96JB2
Q9NRR4,Q96S55
Q9UPU9,Q9H2D6
Q9BUL9,O43488
P40123,P01116
O14802,Q92854
Q14004,Q14498
Q15834,O95155
P30460,Q9Y3B2
P23588,P27658
Q99732,P21731
Q9BV68,Q9GZM8
P50281,P18859
P01111,P11684
P20594,Q99618
P50750,P51809
O75800,P41236
Q99732,Q99873
Q9NQC3,Q9NPD3
Q9H6Z4,Q1KMD3
O95997,Q15723
O75925,P24385
Q96NE9,Q14686
P62875,Q9Y279
P49336,Q13287
P31942,Q9UHI6
P05388,Q96QC0
Q9H2C0,O15511
Q8WXA9,P54646
Q14451,P54253
O95210,P24278
Q8WWW0,Q05516
Q12834,Q7Z6E9
Q15562,P68363
Q8WZ42,Q7Z7L7
Q14566,P09382
O75817,Q12934
P84022,Q86X83
P16234,Q66GS9
Q9NRR4,Q92754
P19338,Q5T1R4
P07225,P99999
Q9UBZ4,Q2NKX8
Q92519,Q96F86
O43929,Q86SQ0
Q9BWN1,P40926
Q02156,Q92934
Q13315,P43320
Q8IU81,O15344
P52701,P43005
P15941,Q15428
Q96EK4,Q86T24
Q02487,Q9NR55
P17861,Q03519
Q8TAD8,O75326
P50539,O15144
Q13107,Q9H9G7
Q9Y2A7,P28069
P42858,P68106
Q99819,Q13113
Q9BW83,Q9P2Y5
Q7L5D6,O43924
P49789,O95071
Q6ZYL4,Q9NPD8
Q02952,Q9UJW3
O60231,P63220
O94817,P07947
Q9NS00,Q8TBK2
P54578,Q9UBY9
P05388,P00918
O95149,O00512
O60675,P28062
Q9C086,Q9UNF0
Q16531,Q9BYE7
Q7Z6A9,O14662
Q9ULZ2,Q15389
Q9P000,O75496
Q8N201,P25685
Q9UHX1,P10124
P61244,Q9Y508
Q15648,O76064
P26045,Q9NNX6
P09668,O15066
Q7Z419,Q9Y2M5
Q96RR4,P55055
O43683,Q9UPN3
P09564,P51684
P49760,P25685
Q9HAP2,Q9Y2X3
Q9BWN1,P31150
P56159,P46019
P43686,Q93096
P18077,Q92673
Q8NDV7,P25391
Q9BXW4,P09622
Q9H3U1,P29466
P45985,Q12948
Q9BWN1,Q07890
O95967,Q9UHP3
P61925,Q9HCJ0
O75554,O75150
P85299,P09619
Q15022,P15407
Q8N3X1,Q6S5L8
Q9UBN6,Q96AX1
Q9UMX1,Q15691
Q96B97,Q7L5N1
O95249,Q03933
O75955,Q9UKY1
P51677,P28161
P17544,Q9UIF7
Q9H9H4,O95600
Q9UHD1,Q9Y2M5
O15169,P26885
P13501,P63272
P49759,P49257
Q9NRI5,Q8N6Y0
P10145,P00918
P35346,Q96S96
P15884,O43513
O75525,Q9UQB3
P21583,P09493
P05230,A5YKK6
Q99741,Q9H9H4
Q08043,Q9H4B6
Q9Y4K3,Q7Z6Z7
Q96PB7,Q15131
O15457,P01019
Q13470,Q9UGK8
P63010,Q9UHV8
P31949,P60842
Q8WVM8,Q9UNK0
Q9P0U4,P05783
P32121,Q86UT5
Q9Y6Q9,Q02388
Q13303,O14976
Q8IUD2,Q9GZV5
P30086,P06881
P07947,Q9P0P0
Q14957,Q9Y3B2
Q8WVY7,Q9Y2Y9
Q6NWY9,Q4VX76
Q9Y4X5,P61981
Q969R2,Q13619
Q14155,P15407
Q14566,Q9Y535
Q13418,Q92888
Q6P2E9,Q9UPZ3
Q9BUQ8,Q9H270
P14618,Q7Z7L7
O00300,Q15078
P35354,Q99801
P01106,P61201
Q9H0E3,Q9BWU0
Q5T4F4,O15066
Q8WUF5,Q5D1E8
P01042,Q13352
P10828,Q7Z434
Q9UBB5,Q13523
P07315,Q92538
Q9NZN5,Q8N9M5
Q15323,Q9UNY4
Q96BD5,Q9H2D6
P31150,P11684
Q9NRR4,Q15788
P62633,P28069
P21810,P54646
Q9P086,Q15555
O95863,Q9H6Z4
P60903,P46019
Q8NHW3,Q13009
P11684,O94941
O43593,Q9HB90
Q9NP98,P49910
P09681,Q5VZM2
P09619,Q93096
P19388,Q86Y01
P07711,Q96L14
O95229,Q6PH81
Q9NP97,P33552
P18827,Q96IF1
Q15233,P25189
Q8NCQ7,O75330
Q96A72,P09884
Q9P0N9,O60885
Q9C0C7,Q8NFJ9
P14780,P50461
Q53HV7,Q9HBM1
O95197,Q86SQ9
P62820,O00303
O15211,Q9H0N5
Q9GZY0,Q7L5D6
Q12934,P07947
Q8WZ42,P23763
O95544,O75448
P18564,P68032
P20226,P08247
Q92797,P25205
O60262,Q99075
Q8NBW4,Q8N2W9
P35241,P36578
Q2NKX8,Q9H6U6
Q9BVC4,Q8TAD8
Q9UBW7,P08754
Q8NFH3,O75864
O15360,Q96A44
P16860,Q96E14
P35354,Q96D31
Q14106,Q13507
Q12905,Q96BR1
Q99471,Q96AY2
P21817,P00742
P51571,Q9NT62
Q9GZT8,P29320
Q06587,P62841
Q8IY57,Q9H467
P15170,Q12913
Q96Q42,P78371
O60763,P57105
P11831,O75689
P15374,P32856
P41146,P36578
Q8IXJ9,P30153
Q9UJF2,P06881
O43566,P15260
P02675,Q9Y2K6
P48552,Q5VTR2
P63167,P35612
Q9H845,Q9UL54
P61604,O95071
P08922,P54577
O95155,Q14149
Q15834,Q14565
Q8IUH3,Q13509
O75531,Q2TAY7
O14662,O95243
O95613,P10398
P04234,P12235
P50613,P26599
P18887,Q9Y692
Q9Y2W2,Q00722
Q9BQ52,Q16539
O43143,O95758
Q9Y263,Q9Y262
P40227,P85037
Q9UJF2,Q13287
Q9BUZ4,P09622
Q9NV56,P78348
Q14565,Q6P0N0
Q9BUE0,Q93052
P19793,O75330
Q15131,Q96FJ0
P29459,O60504
P13612,P08588
P18583,Q96A47
P02743,Q9P104
Q6NYC8,O95831
O95235,Q9H270
P49959,Q9GZN8
O75081,P49910
O95149,Q5T1R4
P21980,Q9UBU7
Q93008,O94941
Q02156,P01563
Q15406,P32780
Q9Y6W5,Q15025
Q8NBW4,Q02880
Q06455,O75326
P61158,O00303
Q14524,P35900
P40123,Q9UBI6
P54578,Q9UHD1
Q14161,P04628
Q12906,Q53ET0
Q8NBW4,Q6X4U4
Q13542,O76021
Q96QK1,Q93052
Q9BW61,P42679
P14923,Q9UL63
P02792,Q15366
P49918,Q96QG7
P07900,O14948
P24588,P26715
P36542,Q96KJ9
O60488,Q6FI81
Q9H2X0,Q13542
Q13542,Q6FI81
Q14512,Q8NDV7
Q07352,O14662
Q13009,Q13185
O95376,P25063
Q09472,Q02447
O00300,Q8TAG9
Q9UHL9,P23763
Q9Y478,Q12860
Q14566,Q86UP2
Q9P2M1,Q9HD67
Q13740,Q9NVP2
Q02447,Q13216
Q5JSH3,Q14676
P02647,Q92851
Q9UMX0,Q8NFJ9
P30273,Q03181
Q5T5C0,Q13951
P41180,Q9NRY2
Q92696,P54646
O75528,Q9P287
O43390,Q9UJY5
P32121,Q9UNH7
P50613,P11171
Q76LX8,Q9NP85
O60488,Q9UQM7
Q96DB2,Q13285
P05181,P48730
Q5MJ70,Q7Z5K2
Q969R2,Q15759
O94952,P51790
Q16890,Q14203
P35346,Q15759
Q04637,Q6UB99
O95373,Q9UQB3
P25815,Q9NRZ9
P35613,Q9NRG0
P26599,Q12905
P62820,P19388
Q86X83,Q9UKN8
P34741,Q9BPZ7
Q9NVR7,P25789
P20749,Q15428
P13501,Q9Y4Y9
Q9UK41,Q96T60
P62140,Q9UH77
P47874,O43143
P05412,Q96QB1
Q9UKV8,P49959
Q13936,Q9H1R3
P52790,O43264
Q9Y4C1,Q9HD67
Q9NSA3,P20336
Q14BN4,P04275
P33897,P60763
Q12996,Q9H816
Q9NPB6,Q13432
Q14919,P52435
O43924,Q9HB90
P53803,Q8IVI9
Q9UQB3,O15304
Q99836,P05156
P61758,O95140
Q6ZUJ8,P05121
P60709,Q99814
Q13905,P02741
O43896,Q13618
P42081,Q9Y262
Q96HE7,O15297
Q12840,P28161
Q9HBI1,Q9Y3A3
P09913,Q04912
Q9BYG3,Q9HAU4
P30203,P34998
Q96J84,Q02388
O95999,P17812
Q9H4M3,P06730
Q7L9L4,Q8NHL6
Q96A56,Q99972
O00757,Q9Y3E2
O75112,Q86SZ2
Q9P2M1,P16070
Q86U06,O95429
Q32P44,Q05682
P68543,O00451
P09661,P30203
Q15311,P08151
Q12967,P02708
Q9UBQ5,Q07889
Q9NPG3,Q7Z5K2
Q969H4,Q00722
O75529,P20337
Q14790,Q9Y5X4
P45379,P14373
P08684,P05546
P54577,O75030
Q14738,Q8IYD8
Q13642,P17542
Q9Y2J0,P51114
Q14151,P63272
Q15672,O75150
Q13492,Q7KZ85
P54646,Q96I34
O43293,Q9Y6H5
P61247,Q9BVI4
Q9BRK5,Q96EZ8
O96013,P84243
Q9P0U3,Q9BWC9
Q9BQ15,Q99719
P17275,P51608
Q8WTS1,Q13936
Q13490,O15344
O60645,P32239
Q9Y5K5,Q9HD26
O43680,P62753
O94888,Q15038
Q9UPY3,P29274
O43150,Q8WXA9
Q9UQR0,Q9UHV2
Q5JQC9,Q9BPZ3
P25103,Q9Y5B0
P43686,Q86UE8
Q9HC98,Q8IVI9
Q6ZRV2,Q15054
Q9UBZ9,P10124
P51451,Q16613
Q9UBI6,Q9Y376
Q9UHF0,P33993
O15455,O43293
O75489,Q4AC94
O00763,P19793
Q9H2S9,Q13509
Q9NPH3,Q00872
P51813,Q07866
P35712,Q9UHX1
P51116,Q16082
P60604,Q5QJE6
O15360,Q12802
Q9UBP6,Q9UHV2
P17947,P01019
Q5XPI4,Q9NS00
P06734,Q01105
Q14957,P78406
P01303,Q8WVM8
Q13643,P43627
P29322,Q6GQQ9
Q9HBI0,P49736
P53803,P11802
P39019,Q7L0Q8
Q9Y5K5,Q92643
O00273,Q9NVP1
O60568,P16104
Q9NRL2,O00141
P27695,Q8WW01
Q5T5X7,P43626
O75410,Q9P2Y5
Q7Z4H7,Q92747
Q93052,Q5VTL8
P06734,P11277
P62753,P21453
Q03014,Q9UK73
Q9NYB0,Q07955
O75592,P51608
P38606,Q96CS2
Q9UBZ9,P11831
P02747,O43719
O60486,O75323
P07858,Q96RR4
Q9Y271,Q8WWW8
P01040,P25789
O43236,Q96EY7
Q9Y6B2,Q8TAG9
P78364,Q9Y2M5
P61024,P49336
P20138,P20810
Q9BXW9,O76041
Q5TKA1,Q96M61
P62633,Q96IY1
P29320,O75695
Q96PU5,Q9NYB0
Q86U06,Q8IYW5
Q96EK4,Q02930
P62273,Q99497
P16333,Q15428
O95997,Q14451
Q9NYB0,P53618
Q9H9Y6,Q6PJG6
P35368,Q96QT6
Q92673,Q8WVY7
Q9UQ84,P51825
P30460,Q9Y6A5
O00300,O75496
Q01081,A8K8P3
Q9NQT5,P30154
P35637,P26367
P61457,P36405
O00625,P35637
Q9UHN1,Q92925
Q14160,P09486
O43734,Q71U36
Q9C0C9,O95278
Q96GG9,P52799
Q96QB1,Q15428
Q13635,Q9UKT7
Q8NG41,Q13478
O95639,Q9NY12
Q9H0W8,Q92837
Q9P0N9,Q5T7B8
O75864,Q8TB52
P49711,Q9Y297
P61024,Q15759
P15498,P10398
Q9UI12,Q92696
O00585,P17535
Q9NPA8,P60763
Q9UPT5,P41227
Q9UKJ1,P36507
P08922,O00303
Q9H832,P30533
Q96P09,P49736
Q92813,Q9UM73
P41146,P15880
P25063,Q7Z569
Q96KJ9,Q96DX5
Q01892,Q9HCS7
P35228,P51790
Q66PJ3,Q8IXH7
Q9UM07,Q9HBZ2
Q9NX08,Q9UNE0
P51679,P43626
Q9UMF0,Q92608
Q9HAP2,Q01167
P33151,Q13555
P48551,Q9NQH7
O75940,P09668
Q14781,Q86US8
P31949,Q13061
P52948,Q15311
Q96DY7,Q14194
Q9H2X0,Q96BD5
P02792,Q9NZC9
Q13571,P18031
O43502,Q3V5L5
Q9P0R6,Q9NXR1
Q9Y6Q5,Q8WXH0
Q96IY4,P53567
Q99436,Q9UQM7
Q8TBK2,Q07864
Q9Y4G8,P23511
Q9UPU9,P28347
O95477,O14727
Q03014,Q4AC94
P00374,Q7Z6E9
Q15366,O43707
Q8IWL3,P14653
Q9Y5S2,Q07864
P06241,Q06830
O43913,P24278
O60763,P36578
O60239,Q9P104
Q12789,Q13427
Q5SW96,O60739
P09914,P57105
Q8N5C8,Q9Y243
P41212,Q12996
Q9Y5Q8,Q9NZM3
P51178,P50995
P23526,Q9Y264
Q9H0A8,Q13588
Q14626,Q969G2
Q8TCG1,Q9BUN8
P47874,Q8IWZ8
Q9BV73,P13598
O15524,Q9HCS7
Q14155,Q16629
O60232,P62316
Q96AP0,Q9UHF0
O60664,P42261
P11474,P51149
P46976,Q5VTR2
Q13501,Q92830
P17181,P25787
Q9HAJ7,Q7L576
O60486,O75663
P21810,P16144
P16885,Q8N5V2
Q96J84,Q86SX6
Q13740,P45880
Q01638,Q13501
Q969T9,P32780
P02679,Q9H4L5
Q92785,Q96EK5
Q969P0,P12273
Q5VTR2,Q99814
O75190,Q03518
P55089,Q9UNK0
O75323,P50749
Q9Y3A3,P25788
P22001,Q15118
O43592,P60842
Q02535,Q5QJE6
Q92882,Q8N6P7
P30273,P50461
P11912,Q8IU81
O95571,Q8WVM8
P50750,P36405
O95831,P43627
P02778,Q92973
Q02080,P29320
Q8IYD1,Q9Y262
Q9UIF9,Q96B02
P43246,Q96F86
P49768,Q96B36
P43005,P33552
P0CG47,P78527
P62072,P10242
P22413,Q92777
O95997,O95999
Q8WWW0,Q9UIV1
P49796,Q8NFH4
Q8IVI9,P14778
O43516,Q15746
Q13425,Q6IA86
Q01638,Q9NUG6
Q9UPT5,Q9BRG1
Q9Y3D8,Q02880
O75161,P61225
P23760,Q702N8
Q7L014,Q8TF74
Q99075,Q00688
Q9HD26,O15511
P43686,O95977
Q13303,P19532
Q9P0R6,P35638
Q99574,P50213
Q9UNE0,O43307
Q15435,Q8N5R6
P62993,O43597
Q86U42,P51843
P29376,P01019
Q9UNL4,P07998
Q3ZCQ8,Q9NP64
P62753,Q9NZ43
O60240,P17706
Q9Y275,Q9NS75
P49639,Q9NNW7
Q15650,Q9BY77
O14862,P56178
Q70EL2,Q9NZD8
P24941,P48167
Q9H6Z4,O43707
Q14192,P04080
P23921,P61970
P31152,P48730
P05231,Q15819
P32004,P21583
Q8WVJ9,Q8TEU7
Q9NQ66,P36405
Q9H074,O14662
Q8WXI2,Q9H9H4
Q8TBK2,P42680
Q92673,Q15466
Q14919,Q16633
Q99075,Q8N3V7
Q9Y271,P31150
O75865,P20749
Q6QNY0,P01023
O75439,Q9HBH7
Q86U86,P51911
Q9NPY3,Q16539
Q13608,P25391
Q9NZN4,P55055
Q9Y2V3,Q9NPD8
O75368,P51114
P01137,Q92696
O14901,O14594
P78347,Q12967
P04075,O15084
O14879,P10809
Q8TBZ3,Q9Y6W5
P47897,Q9H5I1
P22001,O76041
O75334,O95336
Q9P209,O95696
P23396,P30281
P63261,O14730
Q14183,Q9P0K7
P32302,Q12874
Q8IWS0,P21926
Q14444,P57105
Q969G2,Q76N89
P30511,P20749
Q13057,O75448
O95831,Q9NRG0
Q9NX24,P25787
Q2QGD7,P13804
Q96B67,Q9BPZ3
P02452,Q14676
O43264,Q9NQB0
O15516,Q14183
Q9P104,O15357
P29322,Q53HL2
Q8N684,P62328
Q9BUG6,A8K8P3
O75832,P23582
Q9H9E1,Q15428
O60927,P20138
P20273,O43264
P49768,Q8NFJ9
O00716,Q9HBE1
O75369,P60763
P09913,P20810
Q7Z4H7,Q8IY57
P18075,O14730
Q7Z465,Q4VX76
Q15075,O95400
P50570,P21506
Q9NR77,Q92540
Q8N3F8,Q96BD8
O43313,Q9Y297
Q9UKT8,Q19AV6
Q9UBS0,Q9Y2X3
P22695,Q9H161
Q9UI14,O43432
Q9HBI0,O15164
Q92564,P81274
O75694,Q86SZ2
P08235,Q92574
O14593,P11308
Q96EK5,O15553
P51571,Q8IZD9
P10916,Q9NP85
P49721,Q96FJ0
O00623,P56817
O60285,O00762
P45379,P12980
Q9H0E9,Q8IUQ4
Q8IZJ6,P12273
P18848,O00273
Q9H8V3,Q9P287
Q969T4,Q8TEB1
Q99961,Q7Z417
Q7L9L4,O95271
Q02952,O43680
P61962,Q9NRZ9
Q9H2X0,O00763
Q9H9H4,O00255
P14859,Q13427
Q13838,Q9Y6F1
Q9UJY5,Q9NZ43
Q9BS18,P42680
Q9H9E1,Q19AV6
Q9NSC5,P49910
Q9UNF0,Q96H20
Q16526,Q9NPF4
Q9GZQ3,O00628
Q02535,P49336
Q9H2X0,Q13087
P98164,P41217
P42345,Q6IAA8
Q13797,Q9HD67
P62140,P63000
O43734,Q99942
P61626,Q9UP52
Q9NYG5,P00167
Q14008,Q6P1N0
P60709,P30460
Q02447,Q9H845
Q9BU64,O94888
Q96Q27,Q86US8
Q9H6U6,P11166
Q92918,P18428
P01160,Q13895
Q9NQ66,P17542
Q14168,P30153
Q99996,P40938
P07766,Q58A45
O15259,Q9UQE7
Q9H307,Q9HB90
O43752,Q99748
Q8N668,Q9Y2D8
Q9H9C1,Q9Y2R2
Q13905,Q92797
Q674X7,O95831
Q7L2E3,Q15723
P41279,Q71SY5
Q49AN0,Q4VX76
Q9H2K2,Q9BV36
P31749,P50914
Q96F07,Q9NNX6
P16615,P36578
O60504,Q09019
Q13257,Q8N6Y0
Q9HAU4,Q9Y2V0
O15169,P27361
Q13435,Q99748
Q9P0U3,P15173
Q06413,Q86US8
Q9BYE7,Q9NP64
O14979,Q5VTL8
O95571,Q9UH92
P38606,P35236
Q02447,Q9UIF7
Q9Y3I1,Q96IY4
P09038,P10071
Q16548,Q53HV7
P57796,P11802
P09486,O43264
Q9Y678,Q00872
P35249,P10398
Q9BUE0,P05388
Q99497,P35712
Q15836,P12980
Q96JN8,Q12860
O14576,Q9NQP4
Q9Y2A7,P55347
Q16526,Q15506
Q14524,Q99640
Q9BUQ8,P25391
Q9Y265,Q01638
P20963,Q8TDY2
O00241,Q71SY5
Q93009,O60716
Q9Y6W3,Q6NZY7
Q96EK5,P51114
Q8TEP8,Q9Y262
P14210,P19793
Q9GZY0,P04141
Q9UPU9,P53618
P24928,Q9NVF7
Q02447,O75955
Q13094,Q99618
O60481,P49336
Q9Y294,P11831
O95155,Q8TF40
P55316,Q9UBQ5
Q9NZC9,Q5TCZ1
P30101,Q8IWY9
Q86UE8,Q9Y2R2
P19387,P51114
Q53GS7,P40926
Q92838,O60678
Q8WYH8,Q96A72
O14893,Q05682
Q9Y5R8,P04085
Q96NA2,O43670
O60927,P12268
Q6IE81,P78356
Q96SD1,O75840
P02538,P16112
Q13443,Q92973
Q9HAJ7,Q99871
P02760,P26373
Q02487,P10515
Q15528,O00167
Q12967,Q13619
P98155,P38398
O75864,Q9UL54
Q9UMX1,Q9NQC1
P62913,O75326
P20333,Q9Y297
P09668,Q9Y3T9
P98155,Q8IXH7
P36542,O00512
Q8NC51,Q9Y2D8
Q9C026,Q96BY2
P49910,P35556
P78345,Q9UHN1
O60830,O15123
P35900,P49736
Q00526,P35916
Q86SX6,P09486
P14635,P07951
P12956,Q15311
P50750,P12268
Q9UJW0,P62318
P35638,Q8N684
Q12996,Q19AV6
O15553,P09619
Q9P2R6,P25815
Q96JN8,Q13061
P33991,Q15459
Q9BSJ2,Q92530
P08684,O60678
Q9NYY3,P62993
Q96LR5,Q8IYB3
O00192,Q14BN4
P24522,P00742
P15374,Q8NFH3
Q9NRA1,P08246
Q13571,Q8IXW5
P61619,P40939
P52799,O00303
Q9Y333,Q9H461
Q16849,O43592
Q9Y5K5,Q96SW2
Q9H221,Q12874
Q9P0L2,Q15466
P50990,Q12929
Q9P000,Q5TD97
Q96AE4,P52945
Q9UH92,P85037
Q52LR7,P78552
P19022,P22307
P29460,Q66GS9
Q9BWT7,Q7Z589
Q13474,A5YKK6
Q6TFL4,P09493
P11912,O75478
P08514,O14730
O00757,Q13642
Q07890,P31949
Q99952,Q92993
Q07912,P12931
O15360,Q13200
Q9C029,O14862
Q9H5I1,Q9GZN8
O15265,Q9HAU4
P38432,Q9HBE1
Q15080,P78406
Q15942,O14730
Q8WYK2,Q8N6Y0
Q13303,Q9Y5P4
Q99081,Q14498
Q07866,Q15723
Q9HAF1,Q92570
O75955,Q9Y2Z4
P09086,Q92519
P28074,P01588
Q9H0W8,Q92817
Q8TF40,Q9NRD0
Q8TEY7,Q9Y3E2
Q8TDD1,Q99962
Q14938,P15382
P22695,Q9UMZ2
Q6EEV6,Q96EB1
P24539,Q9Y6W6
Q96QB1,Q96C24
Q8N2W9,Q15459
Q14257,P17931
P78543,Q96M94
Q99590,O15511
P14866,Q15022
P02730,Q14145
Q13838,Q13002
Q9H461,P20333
Q13563,O60664
Q9BRT9,P14555
P16035,Q13285
P04234,Q14C86
P61457,Q8N8B7
Q09013,P29459
Q8IZT6,P81133
Q9UHL9,P31150
Q9UIF9,Q9Y6D6
P50613,O15524
Q53T94,P46976
Q8IX03,P25788
P42261,P17252
O00585,Q8N5I2
Q8N5M1,Q13485
P13598,P18859
Q5PRF9,Q8TDY2
P28324,Q14114
Q9UHQ1,P42025
Q15762,Q9Y3T9
Q12972,Q9H8S9
P55327,P78527
P49795,Q13087
P41002,Q9BQ95
P11274,Q9NS75
Q9UFF9,Q5JY77
P42684,Q9H2G9
Q8IWY9,P62736
Q16555,P45880
O60716,O95343
Q01658,Q16667
Q99942,Q9HCS4
Q99436,Q9NZJ0
P29376,P01308
Q03135,Q6GQQ9
Q9NTI5,Q9NS28
P06730,P62316
P48551,P12272
Q8TDW5,P01275
P68402,Q14118
Q96EK5,P68431
O14777,O95373
P07858,P30305
Q13303,Q8NI27
P29692,Q15788
Q9Y333,Q9Y219
O75461,Q13608
O43150,Q9GZN8
Q8N3U4,Q92643
Q08345,Q9BVG8
O75052,Q9NPF4
P23297,Q96B02
Q8WWW0,Q9UBL3
P02778,P20290
Q96RT8,Q9UL63
P55055,P53350
P83876,Q96AX1
Q8TAF3,P40227
P85298,O94813
Q9H2L5,P23634
P68543,O60762
O00463,P40429
P54136,P21810
Q92564,Q13478
Q9UQM7,O43508
Q14746,P20618
Q8NF91,Q8NFZ5
Q5T124,Q9UPT5
P27348,Q9UJY5
Q8NCM8,Q9Y6W5
P63146,Q96A47
P20908,P09668
Q99683,O00512
Q96CW5,O95297
Q86SZ2,O43521
Q99612,O75582
Q99640,Q99732
Q14739,Q9Y4K3
P30203,P16389
Q9BRT9,Q14990
O60271,P03951
O60481,P57105
Q9H257,Q8TBK2
Q13285,Q92966
Q9C0C7,P31483
Q9Y297,P20023
Q15369,P49910
P14921,Q86UL8
P15172,O95425
Q9BVI4,P50151
P11047,O94906
Q9NVI1,P25787
Q6X4U4,P13612
P35228,O15145
Q15648,Q9HBZ2
O75144,P30049
P56192,P04198
Q99547,P67809
Q14242,P01308
Q9UPT5,P35670
O75909,P15090
Q8TES7,P16035
Q96IY1,Q96PF2
P25774,Q13501
Q13347,Q4VX76
Q6P1J9,Q13469
O60488,Q8WXH0
O75528,Q92585
Q99075,P28065
Q99466,Q06830
Q9P0L0,Q13002
Q9Y275,Q16548
P51677,P07992
O95271,P61587
P35858,P06756
Q9NQT8,P62328
P62993,P08684
P07814,O14544
O75439,Q15078
Q9HCS4,Q96AX1
Q96PF2,Q71U36
O75334,P61968
P15408,Q9ULW0
Q5T4W7,P11831
Q14152,Q86TM6
P11362,Q96SN8
P36954,Q9UL63
Q13470,Q9Y3E2
Q9H9F9,Q96IF1
Q8NFT6,Q9C029
Q7Z6J0,Q99814
Q13523,O00189
P26374,P32246
Q6ZVD8,O43933
Q15022,O43318
Q01860,Q14562
P16860,Q2NKX8
P30203,P78318
Q9BQB6,P06881
Q9ULT6,Q9P2Y5
P15884,Q9UPZ3
Q14582,Q99618
Q14643,Q13542
Q9NRA1,Q9H9E3
P06493,Q9P253
P98161,Q9HCE7
P29375,Q9Y3L3
Q8IY92,P10242
Q9UMX1,P09651
Q9Y3E7,P50281
P62873,P30556
Q96MW5,P08887
P09086,P22736
Q13469,Q9UGI9
P47755,O43852
Q9H845,P52790
P52597,Q8N122
P41002,Q15038
Q05066,Q9Y271
Q14315,Q9ULB1
P04070,Q9NZV8
Q15468,Q96MH2
O14599,Q12778
Q8NI35,O14933
Q6P1J9,O60884
Q7Z419,Q9UQE7
O15164,O76041
P08574,Q9BYG5
P42263,Q99618
P11215,Q9NZN5
Q03001,Q6P1J9
P16860,P55055
P17861,P40937
Q8TEY7,P28072
Q9H3U1,P68871
Q92886,Q8TF40
Q9NQC3,Q8IUC6
Q6UXN9,Q8TAG9
Q9BU64,Q96CS2
P35244,P06401
Q16739,O75367
P14625,P07196
P41208,Q92542
Q86VX2,P51610
Q9HCG8,P13569
O60291,Q96JM3
P20618,Q9NNW7
P18084,P52434
Q86SQ9,O43513
Q8IWL3,Q96II8
Q99741,O00291
Q9Y6B2,Q8NI27
O15360,P20916
O75925,P78356
Q9H840,Q8IY57
P61019,P49848
O14983,P11474
P47224,P42680
Q13435,Q13873
Q96LC9,P08709
Q8IWV8,P10589
Q9Y3A3,P49759
Q92736,Q9NZN4
Q86U06,Q86YV9
O75056,Q92538
Q02080,P28161
Q5VST9,Q15365
Q9UBD5,Q8N9M5
O43516,O00762
Q9UBP6,Q9UNF0
Q9H5V7,Q13884
Q9P2M1,Q71SY5
P31273,Q96T60
P43235,P07225
P23560,Q9Y3E2
Q9Y6R4,P09326
Q9BZD4,P35670
P07858,P49327
P16860,O43592
P07225,Q92973
P49736,Q9UGK8
P26715,Q14C86
Q9P2R6,Q9UBR4
P25103,Q8N1E6
O75439,Q96T60
Q9UQ84,Q9UHD1
Q13042,Q07890
Q9NS75,Q9Y3C6
P29460,P84095
O95983,Q13113
Q8WVC0,Q9H6D7
Q29RF7,P67870
Q9H6Q3,P38117
P23467,O43353
P26010,Q15208
Q6P1J9,P20749
Q5VTB9,Q8N4P2
Q9NPH3,Q9NXV2
P14210,Q13029
Q9H3Z4,Q6P2E9
Q9BY67,P60660
Q01638,P04075
O43566,Q9UN37
Q15672,P07766
O76021,Q9NQC1
Q8NCM8,O75817
P27695,O94985
Q9Y228,P03951
Q8IZP0,Q96AJ9
P35611,Q9Y2X3
P04183,Q9Y2X3
P98155,O75477
Q9H7Z6,Q9H1R3
Q9BQ15,Q9UBP5
P13611,Q9BXW9
P21452,Q8IXW5
Q15208,Q15386
P04080,Q92696
Q9NPC6,O95758
Q12972,P23560
P26641,Q7Z6J0
P39060,Q9NZU7
P08311,Q86Y82
P08238,P13611
Q13651,Q96B67
Q14008,O75410
P63261,P78406
Q16832,P21953
P61916,Q5VWQ8
Q14197,P68363
Q9Y6Q9,Q9UBT6
P04049,P16860
O60884,Q8N1L9
O95271,Q12996
Q969P0,Q96IV0
Q15485,P60033
Q96EB6,Q92797
P04141,P51149
P49458,Q13057
P09914,P31483
Q8IWZ3,Q9UBQ5
O15446,Q8N201
Q8TDB6,Q9UBN4
Q99459,P78552
Q63ZY3,Q13216
Q9UNY4,Q8WXE9
Q4AC94,P13598
P05108,Q13427
Q5VVQ6,P52701
P22570,P52435
O15533,P32969
Q14203,P20023
Q15022,Q15562
Q9HBH7,Q9UH92
Q14498,Q13029
P19419,Q8NF91
Q9UGJ1,P32971
P27361,Q9P0P0
P17931,Q8TDD1
P34998,Q9UPN7
P56282,Q9UIV1
P61764,Q5VTL8
Q76N89,P10589
Q9NY93,Q7Z6E9
P02741,Q92569
Q8NFD5,Q9NVI1
P26885,O75330
P20701,P48378
Q8NBZ0,Q8TEP8
P16471,Q9NRY2
Q8IWL3,Q01081
Q96BD8,P63027
P33151,P46531
Q99497,P51957
Q16531,O95602
Q15532,Q9H0E9
Q9NP64,P09936
P85299,Q8TAP6
Q14241,Q96SB3
P35670,Q9UHF0
P14784,Q13485
Q9NPI6,O75396
O95696,P51911
P13671,Q92643
Q01658,Q96J92
P61457,Q12841
P05787,Q86SZ2
Q7RTN6,O75530
Q16394,Q9Y698
O95229,O75791
Q9Y2J0,Q92564
Q9HBM1,P99999
Q15406,P55060
P50914,Q9H1D9
O15018,O00512
Q14565,P00751
Q5XPI4,P18887
Q66PJ3,Q9NQT8
P17096,Q9Y692
O75340,P39748
Q5VWG9,O75330
Q15365,Q15700
P46976,P20807
O60568,P02792
Q53HL2,O43593
P18084,Q9H1K1
Q02763,P39060
P63010,P41743
Q14919,O14649
Q13347,Q8N5C8
P21506,Q9UNS2
P56192,Q9P0K7
Q9Y2U8,P26640
Q02790,Q8WVJ9
O14746,Q16849
P61619,P28161
P01303,Q9UNE0
P62820,O15519
P38646,Q9UBP0
O95140,P48551
Q9H0A8,Q13936
P05787,P22223
Q8N3U4,Q92854
Q9P2B4,Q96B67
O43402,Q8N5Y2
P01892,Q15428
O00716,Q9UKB1
Q92667,Q92796
Q15418,P02549
Q9UQ84,Q92564
Q9H8S9,P49821
P30679,Q14562
P20701,P10242
Q8TDB6,Q14566
Q8WVY7,P56817
P18510,Q9Y2V3
P30405,P42025
P06734,Q96I34
Q8TCJ0,Q6W2J9
Q00526,Q9BW27
Q9HBM1,P62316
P61289,Q02297
Q53GS7,Q86U86
Q9P0U3,P05452
P62873,Q92917
O75164,Q9NP97
Q15054,Q6PH81
Q96QH2,P55347
P43356,O43597
P02462,P55196
P20849,Q13501
Q9BXB1,Q9UH77
P16035,P05549
Q13217,Q8NB12
P22570,Q13464
P20273,Q14296
P17252,P49761
P12273,Q12996
P53803,P52701
O60826,Q3ZCQ8
P20273,Q13555
Q86SQ9,O75496
Q9NYF8,Q9HAW4
O60763,Q2QGD7
P61587,Q9NVX0
P51813,P25787
Q86Y01,Q96T60
P63215,Q6GQQ9
Q96JN8,P42680
Q06587,Q8N5M1
Q9BUQ8,O15145
Q8WTS1,Q12967
P01563,P01130
P61586,Q9NRZ9
Q9Y248,Q9H1I8
P30876,O15164
P55085,Q14160
P53611,Q14814
P56282,Q13951
Q13546,Q96C03
P50749,P31350
Q6PCD5,O14867
Q8N531,Q13155
O94874,Q03181
Q96B97,Q14296
P27824,Q9Y5P8
Q5T5X7,Q14494
P36578,Q9NP64
O75410,O95429
P30876,O15144
O75934,Q13002
P60709,P81408
P10301,P21333
Q9H0C5,Q9NY27
P33151,P42574
Q9HAW0,Q8TBZ3
Q8N201,P15036
Q8WVY7,O15145
P18846,Q92854
O75081,Q93063
Q9HD26,Q08AG7
Q9HC52,O75791
Q702N8,Q9BYW2
Q6ZRV2,Q9UI47
Q9H0F6,O14920
O43734,Q9Y271
Q01105,P28328
Q9BYW2,Q92613
Q15349,P62072
Q9BRK5,Q9H081
Q9Y5V3,Q93008
P17844,O94829
P51965,Q9BW11
Q9Y281,P00533
Q9NRI5,P20618
P07858,P62070
Q06828,Q9UKL3
O75865,P50453
Q99459,Q15811
O75369,P38606
P31150,Q96SD1
P09086,P28360
P61981,P50616
Q9H5I1,P04075
O00763,P57740
Q9Y6N8,Q15599
P62277,P38646
P25054,Q9BXH1
Q7Z6A9,P06748
Q9UH73,Q9BXW9
Q9P0U3,P09211
P43403,Q14974
P29375,P20701
Q02790,P23582
P25787,P46019
P07711,Q9H1D0
Q9P2W9,P19419
P07225,O43852
O75689,Q8WXX7
P02675,Q9Y6I7
Q13557,Q7Z6E9
P05386,Q9Y3C8
Q9Y6W6,Q6PJG6
P07225,P07951
O00186,Q15287
P49760,P17096
P04070,P62906
O60500,P04198
P61225,P0C0S5
Q96AE4,O95197
P10828,Q14145
Q9H9H4,Q9NPY3
O60684,P22736
Q15465,Q96IZ0
P20701,Q6S5L8
P11474,O75840
P08235,P00751
P35611,O43307
Q7Z6M1,Q7Z494
Q9Y613,P51610
Q96BD8,P61218
P07814,P09486
P50591,Q13478
Q14141,Q8NHW3
Q9UBZ9,Q02297
Q13474,Q13838
Q9UNE2,P62873
O75368,P61081
P51571,Q8TEU7
O75175,Q99961
P34998,Q9NZJ0
P49736,O00124
P49454,Q7L5N1
O95714,P48553
Q96LD8,Q9Y6E0
Q9Y572,O75150
Q9UBK9,P10145
Q14957,Q8TD31
Q16611,Q9NRG0
P23327,Q9Y6F1
P61981,Q9Y6W6
Q969P0,O75969
P30086,P11474
P50990,Q9NP64
Q9H257,Q9BWW4
O43752,P29474
O95677,Q14681
Q8WXX7,O15145
P54368,P26373
Q8NG41,Q16478
Q6NZY7,Q8TF40
Q8WWW8,P38484
P24386,Q13332
Q14258,Q8TD31
P63279,P68402
Q9UMX0,P50990
Q16739,P11802
P22413,Q15465
Q86SZ2,P50281
Q92854,P35080
Q2M2I8,P62314
P62995,Q14112
P49682,O43593
Q5MJ70,Q92643
Q07021,Q92747
Q15853,P20807
P49917,P01275
Q9UQF2,O95967
P29992,Q9GZM8
P20337,Q99814
Q9NWT8,Q9NR33
P60880,P09603
Q96HE7,Q9H9E3
O94952,Q14626
Q06187,Q9BX63
P00488,O15031
Q12851,Q9BYW2
P50150,P02708
P05362,P07951
Q96NA2,O95831
Q15311,O94776
P05388,Q4AC94
P62306,Q9UBL3
O15520,Q9NPA8
P06702,Q4AC94
Q9NZN4,Q86YC2
P12314,Q9NV31
O00329,P50151
P01834,P25787
Q7L5D6,Q9H0A8
P43489,O95831
O60675,P19404
Q9BRK4,O60921
Q9P2M1,P62820
P55039,Q96A56
Q16611,P20827
Q12778,Q07820
Q00537,Q96J02
Q96E14,Q13087
P17252,P21796
Q9P0U3,Q15366
Q96A65,Q9H3M7
P38606,P00751
P10644,Q14974
Q9UPT6,P20273
Q99590,Q96QH2
Q92854,Q9H334
Q9NZL6,Q05066
O14965,O75592
Q13586,Q13643
Q96DX5,P15382
O14599,Q96B02
P10644,Q96BY2
P28336,P41240
Q9BT25,Q8N1L9
O14757,Q8WXE9
O75061,P04080
Q6P1J9,Q9P2W9
Q9BYM8,Q9H9E1
Q9Y6M7,Q9BXS5
Q6NYC1,Q13185
Q86XK2,Q13542
Q6ZRS2,Q8NF91
Q92574,P03951
Q9Y3C7,Q96AX1
Q13586,P01732
O14613,Q7Z465
P78395,Q96HR8
P78314,Q8WVY7
P62312,Q6SZW1
P24863,O15511
Q9NRD1,P30988
O43734,Q76L83
P46776,Q8IXH7
P54368,P02749
Q7Z494,Q8TEL6
Q9H0F6,Q92625
Q96J84,P07814
Q06187,P60953
P55072,P12235
Q13435,Q9NNX6
P61024,Q04721
O43929,Q16644
P08574,Q16478
P51693,P07737
Q92777,Q92966
Q86T24,Q8N1E6
Q8TEC5,O15061
Q14749,O00151
Q9UBP6,Q13895
Q96MW5,Q9UBU7
P49759,Q8N7R7
O75689,Q13873
Q01844,O43896
Q5T5C0,Q9UKJ3
Q9HBM1,P07951
P16333,Q9NZU7
Q14160,P10909
Q9HAP2,P35637
Q9UGJ0,Q8TAG9
P49238,P05452
Q14192,O75150
Q8IWV8,O43765
O43680,P05107
Q8NEM2,Q96EZ8
Q9Y508,O75030
Q9UP52,P62487
O75367,Q9P0P0
P41208,O75928
P08100,Q15349
Q16548,Q8NF50
P14316,Q9UK41
Q15628,Q9UHL9
P36896,Q8IUH3
Q96MW5,P67809
Q16623,Q9Y6I7
Q9BZJ0,P83436
O43184,P17861
Q9Y271,P05549
P09914,O75884
P26367,P36578
P49789,P49257
Q9C0C4,P52630
P43146,P05156
P08195,O00628
Q9NTI5,Q9UKL3
Q13554,Q9NRZ9
O75144,P25189
P99999,P35658
Q14498,O14757
Q8WUA4,Q5T9L3
Q7Z589,Q99961
Q96PU5,Q9UKA2
P20908,Q9H6U6
Q5T6S3,P31150
Q96A56,Q9Y5S2
Q7Z4G1,Q9P0K7
O95382,P05556
P23760,O14948
P63010,P06748
P54132,P16104
Q9UL18,P50914
Q9NW08,Q13185
O14795,Q6PH81
P35227,Q13011
Q7L9L4,O94985
P20333,Q5TD97
P29375,Q86Y82
Q9HBM6,Q9NXV2
P21817,P23469
Q96RK4,Q9NVX0
P13569,P06881
Q9HAT0,Q9UQ35
P36507,P50151
O60504,Q07866
O00300,Q8WW01
P41002,P61968
Q9H6R0,P67775
Q6P2Q9,Q9P0W2
Q99966,Q14160
Q96LR5,Q16650
P09681,Q14451
Q9UM07,P83436
P14778,Q9H2X6
Q14974,O75170
Q14BN4,Q5VWQ8
O15297,P15036
P41236,Q12840
P38432,P35557
P01834,Q6ZRS2
O95400,Q07020
Q12860,O14641
O95600,Q9H161
O00329,Q8N1F8
Q99661,Q9NRW1
P15531,O95487
Q09472,O15533
Q96PU5,Q9BPZ7
Q13233,P62140
O14646,Q9BVC4
Q16630,Q53HV7
Q09472,Q99996
Q96E14,Q15365
Q9BXM7,P24723
P62263,O00541
P62314,P43250
Q5XUX1,P41236
Q05682,O43251
Q9HBE1,P02745
Q12996,P0C1Z6
Q96NA2,P20701
Q14566,Q15746
Q8IVI9,Q6VAB6
Q8TAD8,O60231
O60481,O14594
P32942,Q9HBM1
P78362,Q9BZE4
P01374,P68871
Q9GZQ8,Q9BW11
Q9P246,P42680
Q92886,P99999
P01236,P22692
P23467,P35637
Q9NS56,P41743
Q96L92,Q9GZS1
P18621,Q9UM54
O43592,Q9BWF2
P61201,P22460
Q9UBP0,Q9Y263
Q9NW08,Q8WW01
P53999,P06734
Q15120,Q9UGI9
P08833,P81133
O75369,Q6NZ67
P20339,Q96F07
P50749,Q3ZCQ8
P26715,P20810
Q9Y5J7,P61956
Q9HAT0,O75496
O43572,Q9NR50
P33032,Q6FI81
Q9Y2H1,P27361
Q9H160,O95336
Q96MF7,P51172
O43292,Q09028
Q9H0U4,Q9UJY5
P06746,Q9BTP7
Q9Y5U5,Q02363
Q86Y01,Q9BUN8
O60583,P11802
O95067,Q5T9L3
P48551,Q70IA6
P78345,Q99996
P08581,Q9UJY5
Q8IZP0,P25116
Q92696,Q9Y2W7
O75446,Q99732
P25789,Q9H9E3
Q15363,Q9NP97
Q99436,P52907
Q96L92,O43307
Q8TAP6,P09382
P61758,Q8TEK3
P30203,Q9UKB1
Q13887,P31350
P49918,Q92569
Q8WYR1,P00742
P61289,Q9UPY6
P52565,P48730
Q96S52,Q96IZ0
Q4G0F5,P61586
O75489,P23945
Q13797,O75330
Q9GZQ3,P42262
P30533,P41227
O95677,Q96MW5
P06746,Q15386
Q9H175,Q9Y262
Q9UMX0,P21817
P78543,Q9UJX3
P23467,P02647
Q05469,Q9UNS2
Q86X55,P16104
P30531,Q9UBF6
P04083,P14543
P31273,P17600
P56159,P08519
P30556,P18428
Q96LD8,Q8TB52
P54136,P09493
Q9UNP9,Q9H553
P02746,Q9NQC1
P62873,Q5T7B8
Q93052,P17980
P12268,P05156
Q12788,Q92904
O75081,Q9UHB6
Q13614,Q9P000
Q96RK4,O95278
P31942,P13569
Q01970,O95271
P16871,Q13277
Q86SQ0,Q00613
Q13619,Q9P0K7
P15531,P18848
Q6NZY7,Q9C0J8
Q14790,Q9H765
Q16611,Q9H9Q4
P29322,Q14566
P78406,P39905
Q14957,P22307
P49716,P56817
P02748,Q8N4P2
P67809,Q9HB21
Q07912,P27361
Q14957,Q13432
P61077,P85037
Q8IVT5,P53367
O15550,P05121
P46060,Q9BPZ7
P13010,P17600
P09661,Q8WXA9
P52952,Q6NXR4
P30626,Q07820
Q9H0N5,Q9P2F5
P68431,O14867
P33991,Q99418
Q14957,Q02241
Q9UBY9,P52815
Q9NSC5,Q92747
P46821,P42680
P62834,Q86SE9
P12273,P05121
Q9UNY4,P52799
P02511,Q6P1N0
P50281,Q99466
Q8NE01,Q9H2X3
P15918,O75800
Q03431,Q9UL18
Q53GS7,Q12874
P00751,Q13087
P62312,Q9BXW9
P26045,Q92747
Q14512,Q86X29
Q14103,Q9Y264
Q02952,O43264
Q6P2E9,P26641
O14979,O15144
Q9Y2U8,Q13217
Q9HC77,Q9UJY5
P15813,P06748
O75340,Q15173
O60285,Q96MH2
O14579,Q8TCJ0
P22570,O15553
Q5JQC9,Q9H0U4
Q13409,Q8IUH3
P61981,O60756
Q13362,P18075
O60291,Q9H1K1
P27695,Q07020
Q07812,Q9HC52
P56282,Q7Z494
P61077,Q9P2K3
Q14106,Q8N5Y2
O95402,P60604
P09038,O75150
O00712,Q8IVI9
Q9Y5S2,Q92538
Q8IWL3,P02749
O43502,Q7L2J0
Q99590,P46087
P56192,Q15386
Q15349,O14730
P02549,P20936
Q15021,Q9BZJ0
Q15831,P24723
O15550,P50616
P49768,P17542
Q15436,Q96KJ9
Q9Y3E5,O15520
Q9Y2X8,Q9NP84
Q8WVB6,Q9UL18
Q6P2E9,P56645
Q9HCE7,P13804
P19086,Q6P0N0
P10301,Q9NY93
P05230,Q96EB1
Q9NY12,Q9UHB4
P57740,Q05682
O95155,P35080
Q8N684,P81408
Q03014,Q12873
Q13535,P07315
Q6R327,Q9Y2M5
O15360,Q06481
A9UHW6,O00189
O15111,Q86XK2
Q9HC77,P23025
Q96BD5,Q9UGM3
Q9NZN5,O95319
P85298,P38484
P51684,P43628
Q15120,P15880
Q12860,O75791
O76003,Q15025
Q9BVC4,Q07325
P02452,Q9Y3T9
P02788,P16109
Q9UGI8,P09913
Q9Y2Q5,Q8IUD2
P30499,P16389
P54274,P08574
Q9Y248,P32780
P08047,P11215
P51571,Q9H1D0
Q9BW83,Q8N531
P02751,P51610
Q86U06,Q9Y6D9
Q9NPB6,O75496
P45379,P32942
Q8WUF5,Q6WKZ4
Q9H3U1,P09429
P53999,Q96SD1
Q9UHD9,Q01664
Q9NX70,O95197
Q9ULZ2,P62136
Q9UHR5,Q96I34
P08700,Q9H3P2
P52655,P15018
P31942,P08962
Q8IWY9,P55196
Q92934,Q02297
Q96NE9,P36578
Q9NPI8,O15211
Q9NZN5,Q99418
P04049,P11277
P08603,Q9P2D0
Q96GM5,P00742
Q14512,Q12788
Q15393,P13987
O43184,Q92608
Q9UJF2,O00273
O15357,P18433
P04080,P01308
P21810,O76075
P35368,Q96JM7
P50750,P15498
Q8IUD2,Q9UI14
Q5VTB9,Q9H0D6
P05177,Q8NHW3
Q86UT5,P15880
P15391,P63241
P51572,P24278
O60716,P49840
Q92985,Q8TEB1
Q96EY7,P05771
P08047,P41743
O15511,P50453
Q13283,Q15562
Q86U86,P49736
Q9H0B6,Q4VX76
P61586,Q9HCG8
P61024,P47712
Q9P2R6,Q9BXS5
P17600,Q96DE5
P09693,Q14974
P14784,Q3V5L5
Q14681,Q00872
O43639,P46060
P15018,Q9GZQ8
Q92985,Q7Z434
Q13303,P05549
P04406,Q8IY57
P20336,Q13042
P10275,P09486
Q00536,P17661
P16112,Q6IAA8
Q99590,P26885
Q9NRR4,Q9UBI1
Q9Y4B4,P52435
Q6PJG6,P84095
P31273,P20337
Q8WX92,Q86WV1
Q9NP97,O43683
Q14145,P47712
Q9BPZ7,Q02880
Q12906,Q92530
Q9HD36,Q8IZJ1
Q02080,Q15388
Q9P104,P49910
Q12906,P78348
Q9HAU4,Q8IXQ6
P14653,Q96PF2
O15031,P17152
P16234,Q96JM7
Q02543,Q9HBZ2
O75170,P55196
Q00839,Q12873
P18846,Q3LFD5
P48556,Q7Z6J0
Q9UBP0,P27361
Q2T9J0,P07951
Q12840,Q9HC52
P01236,Q14451
P78362,O75717
P62873,Q53G59
P09086,Q9H147
O60664,Q9BYG3
P83876,P01588
Q9UHD8,Q9UGK8
Q8N5C8,P48553
P43235,P52434
P52945,Q4VX76
O43734,P56693
P29320,Q9H2X6
Q8N729,Q96JM7
Q9Y6W3,P12273
P20248,P54725
Q92538,Q07820
Q9Y2H1,Q92542
O00220,Q92585
Q99547,O43719
Q9NZN4,Q9NPD8
P51172,Q9Y4Y9
O00329,Q68CP9
P52790,Q9P2F5
O75956,Q03181
P09603,O60678
O00512,Q96IZ0
P19474,Q15386
P22830,P01019
O43396,Q15038
Q8WYH8,P10124
P11277,Q96I34
Q99996,Q6P1N0
Q9Y2A7,P18075
P07996,Q9P246
P41236,Q9NWS0
P52799,P17181
P29320,Q15796
Q15013,P15941
P46934,Q9BRG1
P18887,Q6EEV6
Q13352,P09651
P38432,P10589
Q86SQ9,Q9NNX6
O43734,Q8WWY3
P51572,Q9NPG3
P13693,O94829
P61457,P52907
Q16849,Q13332
Q9BTW9,O15211
Q00534,Q96RU3
Q9UBP5,P55196
O95197,P38117
P16104,P15498
P10244,P78357
P40222,Q09470
Q8NBW4,Q92817
P09914,Q15744
Q86Y91,P55273
Q99519,P13598
Q6PI26,P53367
O14901,P01275
O75914,P25787
P02760,Q9UBZ4
P38117,Q13233
Q96BD5,O43933
Q9UBT2,P43320
Q9UJF2,P01588
Q9Y4Y9,P28827
Q9UJF2,P18846
Q99497,P31150
Q13137,Q6UXN9
Q96T23,Q9UK41
Q99081,O15061
Q96QB1,Q15723
Q9Y3E5,Q2NKX8
Q96PB7,O15145
P51172,Q96T58
P14866,P35398
Q99714,Q96L14
Q9NSE2,P21580
Q02952,P25774
Q9H8Y5,Q96PK6
P57740,P01275
Q04756,P62913
P62906,P51532
Q01658,Q8NI27
P22303,Q12769
P47874,P49336
P01111,Q9UP52
P48556,O43491
O75689,O15304
Q02241,P18031
Q8WYH8,Q14240
Q96NE9,Q13884
Q9Y2W1,Q9P2N7
Q9HAT0,P30405
P09496,Q8NHW3
Q9Y239,Q8NHG7
Q9Y383,Q05048
Q9H0E7,Q96FW1
Q9UBP6,Q00526
P98155,O94813
P46934,Q96HS1
Q9H461,P81274
P26640,Q9Y4Y9
Q08043,Q14204
O43602,O95571
O43402,P22460
Q5MJ70,P80098
Q8WTR2,Q9UL54
O75061,Q969G3
Q9NQC7,P68032
Q8IYW5,Q9NV56
P36956,P68032
Q8NFH4,Q9H6U6
O75925,Q9H2X6
P33076,Q9NVX0
P42685,P27361
Q7RTV0,Q9NZC9
O95278,Q9UBZ4
Q96A47,P48382
Q02930,Q86US8
P07954,P01189
Q8WZ42,Q9UJF2
Q9NP85,P63010
Q92585,Q8WWW8
Q14C86,P06756
P07315,Q15700
Q96L73,P32942
P54578,P51170
P01106,P09429
O43318,P53992
Q00839,P20749
Q15465,P61956
Q01130,P49736
P45983,P61077
Q9UQK1,P38432
Q96SW2,Q15468
O60927,O94927
Q9Y5X4,Q9UIF7
P24588,Q99519
Q9Y570,P41161
Q9Y2U8,Q9Y6W5
Q9GZQ4,Q15078
Q15021,Q9NP85
Q00535,Q3V5L5
Q8N8B7,Q86UL8
Q9H9E1,Q06455
Q92781,P52435
Q9Y4H2,Q13011
Q96DX5,Q9UL46
Q99996,P50914
P41743,Q8IXH7
P48556,Q9H7Z6
Q15762,P15692
Q9UNS2,P38484
P00488,Q9NW38
O43292,P06746
P11912,P28336
P00167,P03973
Q07352,Q16288
P38117,P67870
P49459,Q12996
Q05086,P18031
P49639,P01241
Q14865,Q13505
P01303,Q9HCJ0
O76021,P13688
Q13614,Q96RR4
O15457,Q9HAU4
Q8TD16,Q8TAP6
P31749,Q05516
P22695,Q5XPI4
Q14626,P85037
Q9Y248,O76075
Q9BYM8,P53611
Q9P2J5,Q9NZ43
O75494,Q9Y2D8
P57740,Q14562
Q16204,Q9UKJ3
Q99741,Q53HV7
P18510,Q96L34
P10147,Q9BXK1
O94889,O43427
O00167,Q15173
P35052,Q99418
Q13303,Q9C0C2
Q7Z628,P23769
P31150,Q06546
Q86UP2,Q9NZU7
Q7L804,Q13131
O75604,Q9UGK8
Q13507,O75530
Q9H8Y8,Q14686
P29322,Q14112
Q9Y275,Q8WVJ9
Q86X83,O00628
Q15262,P14543
Q8IUH3,P83436
O14965,Q70IA6
Q00536,P55089
Q6EEV6,Q9C0J8
Q9NPB6,P09326
Q13555,Q16478
O15230,P46736
Q14994,Q9HD67
P56645,O95257
Q86SX6,Q86UN6
O43815,Q9UP52
P48167,P30499
Q96HS1,P16389
P60033,Q99584
O60927,O75558
O76003,O43257
P61981,O75800
Q15025,Q9NWS0
O95297,O94829
P05108,Q15389
Q16586,O75477
Q99575,P35900
Q66GS9,P62913
O95677,O14497
Q9UMD9,Q9HBE1
Q9BZD4,Q9ULB1
P22570,Q9Y262
Q12830,Q14289
O60826,P06576
Q96KJ9,Q96JC9
Q9BXK1,Q92608
Q9UBP6,Q9Y3C7
P35250,P50213
Q9UKN8,P53611
O43187,O43734
P36542,Q9UJW3
P62277,P62140
Q9GZQ8,Q19AV6
Q9Y4Z0,P54136
Q9H6T3,P13612
O43592,Q8TAD8
Q92904,Q9Y6E0
P41091,P61020
Q14241,P83876
Q05516,Q9Y2J2
O00244,P06730
P39023,Q9Y6R0
Q9P0R6,Q13107
Q66GS9,Q14582
Q9Y6N8,Q9HB90
Q12929,Q3V5L5
P05787,Q9H7C4
Q9HAP6,Q9UNS2
Q13188,Q9H8S9
P50991,Q8TAG9
P31152,Q3LFD5
Q14168,Q6IA86
O60664,Q92985
Q8TD08,P35613
Q9UBP5,P25789
P49459,Q9H2D6
O14836,P15153
Q9UKK6,Q9H334
Q9NPC6,Q9UBI1
Q9Y230,P26373
Q9UBZ4,P40926
Q15831,P43364
O00625,P13725
Q9HB19,Q15365
Q9Y333,Q9UKK6
P27361,O94817
Q15691,O15539
Q13107,Q6VVB1
O75164,Q96F07
Q99081,Q92625
O15230,Q86T24
P46734,P15172
Q96SW2,Q8N5R6
P06396,Q15459
P63279,O75197
O95831,P18848
P57678,Q9Y2S7
Q13387,Q96SD1
Q68EM7,P35658
P78345,Q13163
O00329,P30305
Q9UNS2,O00189
P00505,Q96HS1
P11802,O60231
Q96II8,O14662
O15018,Q13322
O60826,P38432
P52594,Q16656
Q8IY57,P62070
Q7Z406,Q8N5I2
P33151,P17096
Q14643,Q6IBW4
P62942,P15407
Q9NQ66,P46060
Q9UHL9,P02792
P02679,Q8IWY9
Q9Y6W8,Q96QT6
P17661,Q8TEP8
P54577,Q9BRQ0
Q13029,Q8N6Y0
Q6QNY0,P36507
Q99819,Q9NZD8
Q9H9G7,Q13444
Q8N3V7,Q9Y243
Q96F44,P49910
Q99996,Q9H765
P16152,Q9UHV7
P19320,P61587
P23526,P62316
Q14524,Q13153
Q8TDY2,Q02388
Q96PB7,Q8IZQ1
O95571,Q96IF1
P62750,Q53ET0
P28328,O75330
O14649,Q9NQC1
Q14686,Q9UJY4
P61626,P02768
O43927,P60953
Q70IA6,P13987
Q8WUF5,P67809
P35659,Q96IT1
P67936,P60660
Q9UQQ2,Q8TDN4
Q8TAG9,Q9UQM7
Q99661,Q9BW71
Q13474,P62318
A5YKK6,Q8IXH7
O15553,O75582
Q6IA86,O75496
Q53EL6,P05556
Q5T5C0,Q9UM54
Q96B97,P41180
Q06643,Q99584
P49407,P05813
Q9GZL7,O94817
Q9NPY3,P62913
Q01638,Q9UIU6
P35670,O75955
O95376,Q9UHD1
P31994,Q8IWV8
O15018,Q13557
Q7Z4H7,Q9UNH7
Q9UHV2,Q2NKJ3
P16591,Q92747
P42081,Q9UNM6
P49639,O75582
P09913,P01732
P26715,Q7Z3B3
P12268,Q9Y4J8
Q96NE9,O75506
P15923,Q8TAP6
P01584,Q15361
P31930,P60842
Q96C24,Q9BPZ7
Q13595,O43593
P54132,Q9GZQ8
P24522,P10124
Q9NV44,Q99748
P02749,Q9UGK8
P10644,P20226
O60232,Q96AH0
P98177,P49910
P31629,Q16082
P39019,O95967
Q96RR4,Q7Z494
Q9Y2Y1,Q15327
Q86XE0,P06748
Q8IZJ6,Q9UNP9
O95155,Q9Y6D9
Q07912,P24539
P09913,Q05639
P18621,O15211
O15457,Q9Y345
Q96P70,Q8WXH0
Q14149,Q96PF2
Q9Y2W2,P68402
P07998,Q8IY18
O76064,Q9H2X6
Q9H8S9,P33076
Q13554,Q9H2D6
P09622,Q13501
P08962,Q15506
P42684,P01023
P13056,P68106
P07711,O00273
P15880,O14925
Q8NFD5,P02774
Q8TD46,P43489
Q9H7Z6,P49848
O60271,Q9Y297
P49643,Q8TBB1
Q9BXK1,O95433
P61081,P41227
P78395,P56282
Q8NCE0,O75676
P50995,P55196
O60741,P56645
P61981,Q8N684
Q8N1L9,P19793
O95297,P78345
O95190,Q9GZN8
P46695,P05106
Q99962,P17152
Q13291,Q9HAU4
O95235,Q6QNY0
Q9UKT8,Q6W2J9
Q92817,P78552
Q15642,Q99418
Q96BD5,Q9H1D0
Q86U86,P41743
Q6P2Q9,Q6P1N0
Q00537,P02730
O75928,P61086
Q9NP84,O95944
Q9UKT9,P46087
P21810,Q99719
Q15650,P42261
P41161,P04198
P16234,P62136
Q8IWI9,Q07325
Q14241,O43707
Q8IVI9,P24723
P15173,P21817
Q96EY7,Q9UQ35
O75369,P62906
Q8IWZ3,Q9UHV2
Q9UJY5,P55199
P62875,Q96JN8
Q9HCJ0,Q92993
Q15466,Q96EZ8
P09326,Q15046
Q15008,Q8TAP6
Q9Y297,O75334
P28562,P29374
O00716,Q15365
O75081,P68106
Q8TDY2,Q9H4P4
P08195,P42226
P10916,O00401
Q15785,O75955
Q8WYR1,P51957
O96013,Q9BQF6
P62249,Q53HL2
P52597,P14859
O15020,Q99519
O60481,O75312
P50995,Q9NQT8
O95257,P13987
P61978,Q8TEP8
Q7L8J4,P26374
Q9GZL7,O94927
Q13635,Q15723
Q8WUF5,Q8NB91
Q8IZJ1,P09429
P35080,Q92837
Q8IY18,P78552
Q02790,Q9GZN8
Q99460,P99999
P52735,Q06546
Q9H2S9,Q8IY18
P26374,Q8WX92
Q15406,Q86SZ2
O43294,O75170
Q16548,Q15262
Q9BRT9,P24723
Q9BXL8,P60842
O14662,Q15361
Q7Z465,Q15796
Q9UHD1,P24278
Q8IY57,Q6VAB6
Q8NAV1,P23469
Q92625,O75334
P09651,P43364
Q14112,Q13322
Q04724,O00585
P52597,Q06643
P46736,Q3ZCQ8
Q08999,Q9UHL9
Q13352,Q9Y2W1
P61244,Q19AV6
O75410,O75663
P62273,Q15762
Q86YV9,P01730
P22223,Q8TF40
Q96B97,Q9Y4J8
Q96EV8,P62072
P61328,Q9Y6X3
Q13443,P01275
Q96SW2,Q9NPD8
Q8IUD2,P05783
Q9UI09,Q13936
P49736,Q14203
Q5VVQ6,Q8IXQ6
P01834,Q7Z7L7
Q93062,P55273
Q9UPY8,O15516
P30086,Q9UQB8
P42226,Q99952
Q6ZYL4,Q16478
P49711,P26885
Q8IZJ6,P17181
Q16543,P31350
Q15038,O15344
Q13470,P35354
Q6EEV6,Q8WYJ6
P42224,Q9HB21
P28336,Q15466
P53999,O95613
Q15363,Q8IU81
O43307,Q99732
P08514,P49327
Q9H6T3,Q6PIJ6
Q9H334,Q9HB21
Q96E14,Q96HE7
Q16739,Q86XK2
P63279,O75506
P31350,P21728
Q96DX5,P49238
P20273,P62906
P41161,Q9Y6E0
Q9NZJ0,Q92830
Q9P287,Q9UKA2
Q71F23,O00151
Q53G59,P49754
Q16526,Q9HD67
P09326,Q6NXR4
Q96RN5,Q9Y5X3
Q8N1E6,Q6PD62
Q9H3U1,O43293
Q9UH77,Q9UK41
P29322,P32942
P62277,Q4VCS5
Q13873,Q96QC0
P47712,O75934
Q9H3M7,Q9BYW2
O75928,Q12996
P15923,Q8N6Y0
P33151,P22692
Q6P2Q9,Q9Y3E7
O00329,P55317
Q8N531,O00308
P54764,Q06587
P11142,Q19AV6
Q99623,P13671
Q99523,P04628
Q2T9J0,Q9H8T0
Q15942,P49736
Q8IUD2,P55347
Q86X83,P14923
P05112,Q8IZD9
Q9H492,Q15389
P52298,Q13351
Q9NZN4,O43707
Q6QNY0,Q8TBB1
P27695,Q9H553
P02748,P62244
O15169,Q9Y6B2
P61626,Q8WW01
Q13332,Q8NCM8
Q9C0J8,Q7Z7L7
Q5XUX1,P51003
Q7L9L4,Q9Y297
O60516,Q92973
P05412,O95400
P10155,Q9Y2J0
Q9Y271,P41236
Q9UPT5,P04150
Q86SQ9,Q96MH2
O95405,Q6NXR4
Q6ZU15,P36578
Q9H3M7,P35611
Q96EY7,P01583
O00716,Q16667
P28702,Q92777
O60232,P19174
O43307,Q96RJ3
P16104,P17813
P30626,Q9P0K7
Q92797,Q5W0Q7
O43292,P41217
O75676,Q86YR5
O95273,Q9BXS5
P02654,Q9NZN9
Q16555,Q9Y2X3
P13224,P43250
Q5VTB9,P52735
Q13347,P18428
Q5XUX1,P62820
Q02388,P50151
P29459,Q15406
P04075,Q9H4B6
Q9NVR7,Q96EP0
O75175,P12980
P29992,Q9BV36
P63167,Q8N1E6
Q96S44,Q9UBQ5
P10588,Q9NZJ0
P30307,Q13557
Q9UQQ2,Q96JB2
O95429,Q8IWZ8
P03951,Q8WVM7
Q9H334,P22736
P00374,P55199
Q9Y4D1,Q9NRG0
P09913,Q06413
Q14566,Q5QJE6
P0CG13,Q99618
Q5T5X7,Q9Y3U8
Q14683,P51681
Q9UBQ5,Q8NC69
Q99836,P07333
Q8WW01,Q8WVM0
Q15025,P11171
O95273,P23469
Q63ZY3,P67870
Q01658,Q9NZN3
P00167,Q8N3X1
Q9UNP9,P42679
P35354,Q96KJ9
P53803,Q9Y297
P21452,Q9P2Y5
Q12906,Q9UKV8
Q3KNV8,Q13618
Q6UXN9,O75334
Q01831,Q86XR7
P10644,Q9BUL9
Q9Y6B7,Q8N3Y1
O43402,P15260
P39019,Q01167
Q13188,Q13936
Q96CS3,Q96EZ8
Q14112,P00742
P28072,Q13464
P53355,P17152
P63010,P31350
Q13362,Q13761
Q99719,A9UHW6
P32302,Q2T9J0
Q15389,O00273
Q15363,Q7Z417
P46976,P28065
Q02952,Q4VCS5
P11912,O15111
Q13107,P19419
Q99590,P35222
Q13303,Q92870
Q6P2Q9,Q8N8S7
Q01844,O94985
P30542,P26715
O14893,O43719
P62072,P16615
Q9Y535,Q8WVB6
P07225,P00751
Q13586,P20749
Q9NPD3,Q8IYW5
P49639,Q9H668
Q16739,O95149
O15164,O00151
Q9P0U4,Q9NVF7
Q9HCU9,Q99759
Q8WVY7,Q15836
P42261,O95243
P51679,Q86SZ2
P16615,Q99519
Q33E94,P08754
O15230,Q9NZC9
P34998,O75530
Q9NW38,Q9UKA2
P28336,P15151
P49238,P54253
O43196,Q8NHG7
Q9H4P4,P19419
Q8N488,P78527
P16104,P53805
O43924,Q8NB91
Q86XK2,Q92730
P15018,Q9UPS6
Q7L804,Q8IX90
P20701,O60264
O75969,Q8N201
Q99594,Q9NZC9
P46782,P48167
Q92754,P15924
P18428,Q15386
P05362,Q9NQ66
Q9HBI0,P23297
P07711,P43026
P62380,Q92570
P49917,P68402
O00716,P19838
Q92529,Q99519
P51572,P61970
Q9H3Z4,Q13936
P51571,P21980
P09874,P28827
O75150,P22692
Q96MF7,Q9H0K1
P02743,Q06587
Q13347,O75431
O94927,P0C0S5
Q92834,Q9H832
Q9NSA3,P06493
Q9H9S0,Q3ZCQ8
Q9UQ35,Q9NT62
Q9NRZ9,P61326
O15169,Q16740
P55085,O60232
Q9NPY3,O14893
Q16548,Q8IXJ9
P07225,Q01892
Q02535,P08962
O75832,Q6IE81
Q9H307,P15941
Q9H461,Q9NWF9
P25815,Q9BQE4
Q9H4B4,Q86UP2
P04049,P08581
Q86WT1,P61163
Q9BXL5,Q13332
P07101,Q9H270
P21926,Q9UGK8
Q6FI81,Q9NW38
P43246,Q0VDD7
Q9NVR7,P42262
Q9UKY1,Q13541
Q92747,Q6FI81
Q9Y283,Q03181
P46934,Q15642
P15863,Q9H845
Q9HB89,Q96KJ9
O15392,Q96T60
Q5D1E8,Q9UQM7
P99999,P10747
O43294,Q14203
Q99623,Q96SN8
Q13492,Q8N5R6
P02545,O75030
P68543,P62753
Q8NCM8,Q9UQB3
Q15078,Q9UNH7
P49821,Q53EV4
P35346,P07951
P18054,O43488
Q9UHQ4,P04085
P21580,P10515
O75528,Q13838
O43402,Q9ULJ8
Q6TFL4,Q9BXK1
Q8WW01,P20810
O15205,P30626
P68871,Q96IY1
P11362,Q9H816
P09132,P46019
Q9Y271,Q9H2D6
Q969T9,Q9UGL1
P19086,Q04912
Q9NYB9,P26885
P42336,Q13523
Q2TAY7,P21728
P49716,Q96JN8
P49682,P27986
Q99594,P10909
P07737,O95573
P52701,Q9BXW9
P27701,P19404
Q96IV0,P46019
Q9Y228,Q8TD08
P31942,P33991
P08311,P63241
P54136,O76075
P47874,Q8IZJ6
Q12967,O15144
P18887,Q8WXA9
Q9UBQ0,P98160
O43292,O15265
P12757,P40227
P04049,P63096
Q6NXR4,Q96BR1
P02760,Q13586
O60256,Q9NNW7
Q9Y271,Q9Y264
P60842,O75509
Q9BSV6,P25789
Q14106,O14879
O14579,Q9NZM3
P17252,Q9NSC2
Q8N729,Q14BN4
O75179,P52815
Q8WV41,P51398
Q9NRD0,P30988
Q12860,Q9UJW0
Q9NZN8,P35638
Q92673,Q9Y692
Q9UKX7,P49759
Q5JVS0,P23142
P04070,O75477
P53611,P10244
Q9UL33,Q9H6D7
P04080,P52815
O15211,Q7Z6E9
Q8IX90,Q9NT62
Q92783,P13987
P12235,P15813
P05412,P04628
Q01344,Q92529
Q9H0Y0,Q7Z494
Q9H6D7,P06730
O43815,Q13233
P20849,O43593
Q58A45,Q86XL3
Q04637,Q9UPY6
Q13151,Q8TF74
Q5D1E8,P13010
Q9UL62,Q8N1I0
P05412,Q9NVR7
Q99593,Q86UP2
Q8WV41,Q86SX6
P25774,P35080
Q15811,Q969H4
P17544,Q14240
Q96NY7,Q9ULV0
Q9BQ52,Q03518
Q96HS1,P45880
O00716,Q4VX76
O43913,Q969H4
O75179,Q9UHB4
Q9UNL4,O75478
O94763,Q8N5R6
Q96QV1,Q76N89
Q01081,Q8IYI6
O75164,P16949
Q6ZYL4,Q9BQ52
Q92558,Q9NVX0
Q9UMX1,Q13505
Q15633,Q7Z6A9
Q7L9L4,Q9UBR4
Q13347,P37287
O75410,Q14526
Q96E14,Q14814
P22059,Q6UXN9
Q15118,O43513
Q9NVR0,P01040
P13611,Q9BVW5
P31152,O95257
P01137,O00592
Q9Y2U8,Q86Y01
Q99519,P51532
Q9BTW9,P30305
Q8NFZ5,O94985
O95460,P12272
P27986,P20618
P67809,Q9NVI1
Q7Z589,P30279
Q96DB2,P78348
Q8WWM7,P15153
Q9BUL9,Q15406
Q9BRT9,Q01167
Q9UHV7,P01892
Q7L5D6,P61081
O75496,Q9HBH9
Q9NPG3,Q6NYC1
Q9H446,O75496
P62829,O95336
P78364,Q13163
Q15466,Q9P0P0
Q13200,Q15459
Q9Y343,P55273
O14979,Q7L576
O95600,Q9NSK0
P37840,Q13427
Q9NZ43,Q16478
P19438,Q13936
Q53G59,O75030
Q14974,O75506
P48509,Q9ULZ2
P62273,O60285
Q9H4I2,Q8NF91
Q9Y3A3,Q13501
P00751,Q8IXH7
P10599,Q8N488
Q9Y5R8,O14662
Q07325,Q15723
P23396,Q6IBW4
Q15562,Q6VAB6
Q9UI09,P35244
P63215,O75164
P02788,Q02548
P38936,P05230
P09086,P61086
Q9Y6D9,P17480
Q9NS75,O95602
P03952,P57740
P62249,P09382
O75164,Q9UQM7
Q14494,Q9H845
P09382,Q13761
Q9Y5P4,O43242
Q86X29,Q7L0Q8
P17844,Q8IY18
P61204,Q14118
O94782,P62273
Q9UHA4,P43320
Q92696,O94888
Q9NZC9,Q92556
Q5VVQ6,Q12905
P12004,P51532
P09661,P34998
Q96CS3,P20701
Q4AC94,P17813
Q6GQQ9,Q14681
Q96F44,Q9H553
Q99594,O95977
O75800,P06730
Q71DI3,Q9UBT6
O75832,P42679
Q92673,O14901
Q99698,Q71SY5
P24588,Q16478
Q92813,Q16644
O95600,Q9C0J8
Q9H9C1,P50461
P68400,Q96J02
Q8IZP0,Q9NRG0
O94889,P16949
P28072,P16591
O00220,Q92608
P62820,P49643
P23025,Q9H147
Q14008,Q9UPN3
Q9H3U1,Q04912
Q15366,P55347
P08962,P10747
Q7Z628,Q7Z6Z7
Q7Z6M1,Q15118
Q6UXN9,P61587
Q8WWY3,P16615
Q9BYM8,P42262
Q96L14,P35236
Q92625,P54136
P61289,Q86U42
P16410,Q96IZ0
Q14512,Q9NVD7
O15164,O14939
P04080,O75326
P31930,Q96FV9
P02768,P62140
P05231,P18054
Q6NZY7,P25116
Q01658,P07942
P20594,Q07866
O15211,P31948
Q13509,Q9NWS0
Q96FJ0,P85037
Q9NVD7,Q6FI81
P11362,Q9UL03
O43557,Q8NG41
Q9UBI6,Q13277
P45985,Q96RR4
Q14318,P02747
P41236,P25787
P48551,Q9Y3U8
Q13523,Q96AY2
P57081,P19438
Q99497,Q14526
Q9UQ88,Q14145
P61371,O60664
O15550,Q9NWT8
Q9UBI1,Q13427
P09693,Q9HBZ2
P07737,O95319
Q12815,P30153
P49821,P27695
Q9BQ95,P43320
P22059,Q9UBY9
Q86SZ2,P04229
Q9BQB6,O43482
Q14192,Q92781
Q9H832,Q9HCE7
Q9BZD4,P05129
Q8N531,Q9NWS0
O95999,Q9NVI1
O75448,Q96RT8
Q9H467,Q13351
P04234,O43896
P02545,P25189
Q9BS18,O95817
Q53G59,Q9H334
Q9H467,P24723
P35606,Q9NW38
P35241,Q9NQ29
P29460,P21333
Q9C026,P54132
P43146,Q13936
Q92696,P61587
Q92696,Q9NQC1
Q9UPM8,Q70EL2
Q7Z6J0,P12980
Q12913,Q9UHB7
Q99623,Q92870
Q9HBM1,Q8N5C8
Q01344,Q13217
O00623,O15550
P61923,P19022
P61457,Q16478
Q9BZE9,P24539
Q9UBZ4,Q9UBY9
Q9UHD8,P08559
Q8N5Y2,Q9NQH7
Q14457,Q13895
P50991,Q9C086
Q15311,Q9Y239
Q9Y2K6,Q1KMD3
P48556,O14770
Q14919,P06756
P48509,P39748
P31930,O14939
Q14241,O43913
O60291,Q9UM54
Q8IU60,P11684
O14933,P21728
Q15120,Q13009
Q9UHL9,P16591
O15520,P18433
O43379,P08574
O94888,P33993
P62841,P05546
P13639,P22059
Q9Y243,P43250
P42262,Q9BWF2
O95831,P56645
P51668,O00541
P55347,O43670
P36404,Q08043
Q9Y2J0,P09326
Q7Z6M1,P06746
Q13884,P47224
Q9NZN4,P23468
Q9H7D7,Q9Y6R4
Q7Z6A9,P08908
P50213,Q9NZJ0
P09211,Q8N6Y0
P55327,Q9NQ94
Q16548,Q969P5
P61923,Q8IU81
Q14318,P38432
P01834,P23560
Q6P4R8,P17706
P45985,Q06546
Q969G3,Q13427
Q9NPY3,Q8NB91
Q9UKL3,P43005
P10147,O43933
Q9Y2X0,P24390
Q96J84,P48167
Q9NYG5,P28360
Q96J92,P35670
O95460,O15164
P61247,Q16828
O95997,Q9H4B6
Q9NPG3,Q9Y4J8
P09651,P07315
Q9H832,Q86Y82
P26992,Q9NWA0
Q9P2M1,O94927
Q16543,Q9NX24
Q9BYG5,Q9GZX6
Q8IWZ3,Q9H9F9
Q8TCG1,O60216
P26373,P43626
Q8N5R6,P50995
P01137,P27361
Q16739,P31150
Q8N2Z9,O00762
Q6R327,Q9NV70
P42226,P42574
P14210,Q16082
P41208,P05549
Q9C026,Q9UL63
O95677,Q13002
Q9Y6B2,P08588
Q93063,Q01081
P36404,Q9NZM3
Q8IY57,P68363
O95613,Q07666
P09382,Q13619
P15884,O15400
P34130,P19404
Q6R327,P56282
Q71F23,P02747
P50914,Q9BRG1
P52306,P32239
P08962,P06881
Q13635,Q9UKJ3
Q9Y5S2,P98160
P13671,O95997
Q8NAV1,P07992
Q96IV0,Q13155
Q9NX70,O95573
Q9UKL3,Q9NXV2
Q8TF40,Q9BPZ3
Q14194,P05386
Q96MF7,O96013
Q09472,Q9H816
P28072,Q9BYE7
Q9Y5K6,P42704
Q9H9A7,Q9UNN8
P01130,P49591
Q9C0C7,Q07820
P16070,Q3ZCQ8
P23771,P13569
P42345,P05230
Q9H8V3,Q05682
O15530,P36578
P35612,P20618
Q674X7,P46934
Q8TD46,P21452
Q8WUF5,Q96HS1
Q96DB2,Q16537
Q9H0Y0,Q86Y82
Q16890,Q3ZCQ8
Q6P2E9,P68400
P38117,Q9BQ95
Q9UNK0,O15539
P43629,O14979
Q9BZI7,Q9UMW8
Q9UPY8,P08519
Q9NQT5,P61158
O75052,Q9Y3E2
Q9Y2U8,P23582
Q9Y5X4,Q92608
P13612,O75817
Q7Z6M1,Q13217
Q9NZM3,Q86US8
Q9Y535,Q9NVP2
O94889,P62380
Q9NPE3,Q9UI14
P13805,P26717
Q9UH77,O43597
O60516,P20749
P50613,Q8WWL7
O43318,Q9UNM6
P49459,Q5T5C0
Q03519,P05156
Q68CP9,P52434
Q8WWY3,P46695
P09486,Q13011
Q15022,Q8NC69
Q14938,Q15562
Q99819,Q7Z6E9
Q07889,P41143
Q06418,P15407
P01130,P84243
P07954,Q8N4P2
P07333,Q9H081
P47224,O75934
Q9C086,O75592
Q13596,O95190
P02647,Q99835
Q96KQ4,P20618
P18583,P18077
Q9H0N5,Q8TDN4
O43765,P42679
Q92696,P25705
P15502,P15976
Q15723,Q9Y508
Q15025,P52435
O94888,Q15365
P30511,P01730
Q8WUI4,P56537
Q6GQQ9,P54646
P11831,Q93063
O43491,O60291
Q9BVC4,Q14296
P13611,Q2NKJ3
P62312,Q8WUH2
Q9GZN8,Q53EL6
P18827,P49450
Q8N3I7,Q9UNN8
Q9Y5Q8,Q9NRR4
Q92636,P25789
Q99615,Q92838
Q86UT5,Q9HBZ2
O14578,Q9BTE3
Q9P086,P17542
Q9NZJ0,P41279
Q6ZRV2,Q29RF7
Q6GQQ9,Q8TD46
P16860,Q9UQE7
Q9NRD1,O94973
Q5VTR2,P55001
Q86X83,O15511
P53990,Q9BUE0
Q68CP9,P35658
P05386,Q14397
Q96QG7,P17542
Q9P104,Q9HD42
P61019,Q9GZM8
P19838,Q9H469
P55072,P31942
Q9H6Z9,O60240
Q14008,P07947
Q6ZRS2,Q9BRK5
P28702,Q96RT8
Q53HL2,P00736
P61968,Q5TD97
Q9UHR5,P52597
Q9BVC4,O75170
Q6UWE0,P45880
Q14919,P16152
Q12929,P27986
P46060,Q15327
P78395,P26640
Q9Y6B2,P18859
Q9ULM6,Q96J92
P47874,Q9H2X3
O60583,P43627
Q96A65,O75529
Q9P2M1,Q7L3B6
Q14807,Q9UHN1
P06753,Q71U36
P63000,P53992
P00918,P28328
Q8NDX5,Q13740
Q8NEM0,Q71U36
Q99759,P09486
P19022,P04080
P07814,P98164
O15164,Q6P1N0
Q9BW83,Q13505
O95297,Q13029
Q9NPA8,Q8TAA9
P26715,P16284
Q9UHL9,P26373
Q15649,Q9Y239
P36896,Q5MJ70
P62314,Q8WXX7
Q13285,Q9UHX1
Q5H9F3,Q9Y3L3
P02538,Q8N556
Q9UMF0,P11166
Q9NQ94,Q5TD97
Q9Y275,P30531
Q8IZJ1,P00533
Q9UHF0,P42701
Q9NPC6,Q9BX63
Q9BT25,Q7L2J0
Q9Y2Y4,P09086
Q9BQY4,O75369
P02545,P52790
Q9H307,Q92838
Q9H7D7,P17542
Q07325,Q13185
Q9NRW1,Q86SZ2
Q15717,P16104
Q5T5X7,P10747
P60891,Q9BSL1
P15018,P19387
P50150,Q86WX3
Q969R2,Q9HAW4
Q9BT25,P24522
Q9NR55,O00592
P00918,P28161
Q9UN37,Q3LFD5
Q53HV7,Q1KMD3
O60832,Q969G3
O15111,Q6IA86
Q86WX3,Q86Y91
P01116,P54646
Q01831,Q6ZRV2
P09913,O43482
Q86UT5,P63010
Q8WYR1,P61925
Q96SW2,Q7Z3B3
P45985,Q99638
Q9BTE3,O00762
P12931,P18564
P49761,Q92817
O60921,P47755
Q96PU5,Q7Z5K2
Q86Y82,P14635
Q70IA6,Q9NRD0
Q96EP0,P01019
Q99814,P09038
P60660,Q06830
Q9Y3Q8,O75864
Q8N196,Q8WUA4
P04626,Q13011
Q9H9C1,Q13571
P07858,Q5VWG9
P28907,Q12905
Q86VN1,Q9NRI5
O00268,Q9NS00
O00716,P63220
P05106,Q9BW11
Q96A47,Q9HD42
P39748,Q9BW27
Q04759,Q5JQC9
P35658,P51148
Q9Y5R8,O43292
P61289,Q9BWN1
Q15022,P00568
P19086,O00167
P27695,A5YKK6
Q96SN8,Q99466
Q8WV41,Q16740
Q9BUL9,Q86SQ0
Q9UJT2,Q9NQ66
Q9BZJ0,P15172
O95630,Q9BWW4
Q9UBZ4,O14594
P61586,Q9UBR4
O95477,Q9H8T0
Q9NPQ8,O96020
Q6ZRS2,P62834
Q86X83,Q9UL18
Q9UJF2,P10244
Q8N3F8,Q9H2X6
Q9NS75,P08575
Q9NTI5,O43670
P25815,Q96FV9
Q9H9C1,P13688
P04049,Q01130
P54259,Q9HB21
Q12906,O95613
O43847,P38432
P27348,Q9UPN3
Q9H4B4,Q5T9L3
P00167,P30988
Q5T4F4,Q09013
Q9BUN8,Q9Y243
P15531,Q5JQC9
Q93063,Q15459
Q9UQK1,Q9UQB3
P07949,Q8WYR1
Q9UKW4,P41743
P50281,Q9UBT6
P61978,P53992
Q2M1K9,Q9UNS1
Q9NVP1,P33993
Q9HD26,Q9UK73
Q96L92,P28069
Q13418,Q9UBQ5
Q99727,P31483
P14780,Q9UHP3
O75864,Q8WVM0
P20248,O75530
Q8TAA9,Q96A44
Q15468,Q9UL18
P47224,O75179
Q9H2S9,Q8IWZ8
P12931,O15304
O95639,Q9UBP0
Q15349,O43896
Q7Z628,Q12948
P63279,Q8TAM2
Q8TDY2,P51884
Q99741,P62491
P36956,Q96CA5
P61962,O75150
Q99958,Q15596
Q6GQQ9,Q9H1R3
Q9UBE0,Q9UBP0
Q92797,P19532
Q9H2K2,Q13451
P49760,Q9UBS0
O00716,P21453
P29375,P01241
Q14318,Q9Y6Q5
Q14957,Q9NPD3
O95644,Q15208
O94829,Q6IAA8
P16278,Q4VX76
Q9Y5R8,P16104
O95271,Q8TBK2
Q9UPY8,Q9H204
P60604,P01019
Q9Y6K9,P46087
O95600,Q9NY93
Q8NCM8,O75489
Q13114,Q8IUH3
P04075,P38484
Q9H4E5,Q96BD8
P13010,Q15723
Q9BWU0,Q15386
Q8IWZ3,Q9UJY5
P43628,Q14204
Q9H845,Q08722
Q9Y271,Q99436
P35613,Q15046
Q00872,Q8WXA9
P03951,Q9UPN7
P39019,Q7L804
Q7Z3Z4,P29459
P18827,O75461
Q96QG7,O15297
Q07889,Q13432
Q9UI09,Q9ULB1
O75448,Q13485
O00716,O75410
Q96PU5,Q63ZY3
Q9Y5V3,Q86WX3
P54577,Q92564
Q9P2Y5,Q9UHN1
Q9UN37,Q9BQ95
P09326,Q15173
P14373,O43913
P09668,Q96JM3
P33151,O43852
Q9Y3C8,P60033
P60709,Q9NWZ3
Q9UBZ4,Q9HAF1
Q12851,Q96RU3
Q96II8,P61020
P42226,Q7L0Q8
Q8N3R9,P35916
P07093,P17535
Q13546,P07942
Q9BVA0,P51965
O75914,Q5T1R4
Q96S52,Q9UBP6
O75832,Q8WWN9
P18031,P51114
Q9H7Z6,Q6N043
Q9UNE0,Q96AH0
Q9BVI0,Q13188
Q16656,P55010
Q9NRR4,P20337
O60826,P14210
Q6ZNE5,Q9NS00
Q8WW01,Q13555
P61923,O43566
P23193,P35579
Q9UBE0,P02708
Q02447,Q13740
O95433,O15516
Q07912,Q08117
Q13503,O75528
P26374,P24522
Q5VTB9,Q9P246
P19838,Q9NV56
O15360,Q9UI08
P25815,P22001
Q0VG06,P35269
P39023,P03973
P40222,P24390
O75330,Q96I34
Q8N1F8,O95613
P31350,Q92934
Q9Y5B8,Q86SZ2
Q9UK58,Q9UBP5
O95997,P19438
Q9Y5K5,Q99748
P42226,Q8N684
Q8NHZ8,Q96M94
P30533,P17480
P19438,Q6SZW1
Q13829,Q9BY11
O75161,Q71SY5
P24863,Q9UPT5
Q9Y283,Q9HC52
O14613,P30988
Q15436,O00628
Q6AHZ1,P62736
O43572,P19532
P57740,Q8IUH3
Q13469,P52630
O75628,P51114
O14965,P15090
Q5T4F4,Q14203
O00151,Q02223
Q99814,P26367
Q9UKV3,Q9UJX3
P42262,Q9UM73
Q9UM47,Q9BWT7
O75052,P61587
Q8NB16,Q96F86
Q96JB5,Q86US8
P11233,Q96PB7
P07900,O75461
P14778,Q53ET0
P08047,Q9H1D0
O14733,Q02388
Q7KZ85,Q9NZD8
P08572,Q86SX6
Q14494,Q8WXE9
Q99618,Q92925
Q8WYR1,O00189
Q14149,P31942
Q96F07,P53618
Q9H9C1,P46087
Q9UBV8,P42025
Q8TAA9,O75506
Q7Z419,Q9NVK5
Q9UBI1,Q6P1N0
Q9NQ66,P38484
P08195,Q9H257
O96013,P13612
P01563,Q9UIV1
Q15428,P43250
P30511,Q99961
O00541,P84095
Q8NHM5,Q9UBY0
P55039,P42166
Q13485,Q08050
P60891,P67809
P84022,Q14512
Q00403,O14641
O43488,P48023
Q6P2E9,P09326
Q96BD5,Q9P275
Q15696,P16284
Q5T124,Q29RF7
Q9UPT6,Q9H1I8
O00541,O00165
Q13884,P52735
O43927,Q8NC51
O75030,Q5T9L3
Q7L523,O00626
Q02241,P54253
Q13705,P05108
P23771,P15260
Q14103,O43447
Q14683,Q9H0W8
Q13635,Q9NQ29
Q9UJC3,Q9NSK0
Q13347,Q13873
Q13625,P21796
Q16739,Q9BXM7
P31749,O95149
Q9H944,Q99460
Q12996,Q13163
P00167,P62820
Q13595,Q92870
O75864,O43432
Q9H410,P30679
Q9Y570,P10809
O00167,Q9UM07
Q9UMX0,P42226
P07900,P25116
O76075,P49848
Q9Y3E7,P39748
Q9BQ95,P10242
P19793,O43924
Q9NQU5,Q9UKJ1
P05181,O43933
Q92542,Q8TAA9
Q99958,Q9NS75
Q15555,Q92973
Q9UHF0,P30499
Q9NRW7,Q9NPC6
P42336,P31321
P51532,Q03933
O14836,Q9UL18
Q96BD8,Q96F07
Q7RTN6,Q2M1K9
P02545,O14893
Q9BUZ4,Q15334
Q9Y6A5,P62316
P28562,O75582
P22001,P55317
P41229,Q99459
P14416,Q86WX3
P07333,Q70IA6
Q86SZ2,Q9UHX1
Q99418,Q53EL6
Q9HB21,Q8WXE9
Q29RF7,Q9H4I2
P98155,P60484
P09496,P13498
P30273,Q14686
P11474,Q9BYG5
Q8IUD2,O00308
P36896,Q96L73
Q9Y2Z9,Q9UQQ2
P78413,P61956
P02549,P25800
P62249,Q02880
P19256,P56178
P22460,Q53ET0
P11362,O75695
O95931,Q13884
P15090,P21580
Q9H816,P56817
Q0VDD7,Q9BRQ0
P20618,Q13541
Q9UMX1,P09086
O00213,P01031
Q16740,P52630
Q99700,O75179
P16615,O95243
Q13163,Q9Y3T9
Q9UIV1,Q14112
Q12906,Q9Y5B0
Q00597,O14730
O43264,Q92730
Q13469,Q9Y2X3
Q9UKW4,P04628
Q9Y3Q8,P16112
Q9BVW5,P20916
Q13191,Q96AH0
Q9NRY2,Q13094
Q15375,Q96AP0
Q13740,Q13409
Q03135,Q99933
Q8WUF5,Q6IA86
O43491,P49458
Q9H3U1,Q6S5L8
Q09470,Q9BXH1
P30203,P17480
Q969T9,P03951
Q14957,O43143
P46695,P48546
P49910,Q15361
Q96L73,Q16656
Q9Y4E8,Q9UPS6
O95140,Q9UGL1
O00512,Q15386
P54253,Q13895
Q02241,P06756
Q6EEV6,Q13444
Q86VP6,P35557
Q99459,Q04912
A0JLT2,Q9HCS7
P57078,Q9Y6A5
P50749,P29350
Q6EEV6,Q9NP71
Q8TAF3,O15205
Q15054,O75170
Q9NYG5,Q8TAD8
Q9BRT9,Q92696
Q01638,O75676
Q06587,Q14114
Q9UKJ1,Q9H1I8
O14974,Q13761
Q9H2L5,Q96IT1
Q9H9H4,P51149
Q5D1E8,P68871
O14599,Q9NVI1
P42858,O43264
Q05397,Q13490
P20290,Q9UPT5
Q14103,Q14397
Q9Y6K9,Q7Z3Z4
Q6NWY9,P43628
Q9H9C1,Q9Y698
P37173,Q92747
P61289,Q8IZD9
Q8NI27,Q15173
P18084,P23025
Q49AN0,Q71DI3
Q9NSK0,Q8TEP8
P57796,Q9Y2X0
Q6QNY1,Q6NYC1
Q6WKZ4,P16112
Q13936,Q9UHC6
Q01105,Q16644
P43628,Q9H2X6
Q13595,P49959
P31930,P25685
P20749,Q8N684
O75461,O15392
Q9Y5R8,Q9P253
P07954,P50990
P42336,Q9UMZ2
Q5JY77,Q96BR1
Q9HAT0,P41743
P02747,P56282
Q96S52,Q13574
Q9H845,Q7Z6Z7
Q9UPY6,Q71F23
O75592,P61952
Q9Y281,P10515
Q05397,Q7Z6E9
P98164,Q9BY43
Q14BN4,P61619
P40424,Q2T9J0
P12980,Q9H469
Q93052,Q8TAC2
Q6P2E9,Q8NHL6
Q66K74,P18859
P31629,Q9NVF7
P10588,P78552
Q96M94,Q96T37
Q9UJF2,Q96D31
Q9Y4D1,Q99835
Q86VN1,Q9NNW7
Q9NUX5,P22307
P51178,P62316
Q14677,O00762
P30405,Q9NS91
Q14865,O75197
Q9BXK1,Q92730
Q9H4H8,P50613
Q14691,Q16629
Q16531,Q9ULB1
O60238,Q86XL3
P07711,Q5VTB9
Q8IWV8,Q9UHP3
Q9NPI6,P27361
Q9BPZ3,Q92569
O00522,P14543
Q4KMQ1,Q9Y3A3
P17544,O15392
P11234,Q969P5
P50895,Q02297
P11308,P02747
Q9P2N7,Q12996
P17980,P15173
P07766,Q8NHL6
Q9NZN4,P49750
Q9BRK5,Q9NPF4
P21980,P55273
P35222,P07315
P49257,P23025
Q13435,P63279
O15360,P35900
Q13451,Q9ULZ2
P26045,O60291
Q9BYE7,P62316
P55198,P02741
Q96BH1,Q9NRY2
P19438,O43307
Q9UPT5,Q99942
P15407,Q9UBI1
P11362,Q07890
Q96N96,Q8WVK2
P53396,P08709
Q09013,P57682
Q00872,O96017
Q9UBT6,Q9HBE1
P35606,O14730
P31948,Q9P104
O75604,Q9Y2M5
O60285,Q9HCS4
O75334,Q9HAZ1
P78356,O95382
P09683,Q96AX1
Q99547,O60885
Q13144,Q03111
Q86SX6,Q7Z5K2
Q6P2E9,Q9BXL7
P09493,P60484
Q93038,O75478
Q9Y2Y1,P61086
Q8IW19,Q8NHW3
Q9UQE7,Q71U36
Q99590,P22059
Q9UBZ9,P25787
P09661,Q9P000
Q14C86,Q9UBT6
Q14677,Q9UNP9
Q9Y2Q5,P36578
P47804,P15173
P62633,P62273
Q4G0F5,Q8NHW3
Q8NHM5,Q12905
P41208,Q9Y3T9
P61371,P61956
O95999,P50453
Q66PJ3,Q13190
P01130,O00762
Q15831,Q9NQC1
Q9Y265,O60291
Q12906,P23396
P62487,O14579
P62314,P18859
Q13402,P12270
P49796,Q68CZ2
Q9H4E5,Q12913
P46934,O95243
P28328,P42679
P15018,Q13404
Q7L804,P38159
P36542,O15511
Q86Y82,P24539
O60296,Q04912
Q7Z5K2,O00443
Q07912,Q969G3
O60500,Q8TAD8
P30542,Q86US8
O75081,Q96GG9
Q68CP9,Q9NVI1
P61006,P41217
P78395,Q9ULB1
Q96L91,Q9NR50
P13232,Q07820
O15169,Q9HB90
Q7Z628,Q16613
P10644,P81133
P53567,Q15361
Q9H7Z6,P01023
Q96EF6,P29320
Q15013,P01892
Q9UGL1,Q13618
Q9UKI2,Q8N5I2
Q5SW96,Q7Z4I7
Q14192,Q9P2M1
P60891,P10147
Q8N5R6,Q9Y279
Q92564,Q13285
Q15528,Q5JY77
P16035,Q9NZM3
Q76L83,Q96QT6
Q96A47,Q13418
Q15233,Q9C086
O15520,Q92917
P54368,O14662
O43172,O00762
Q86U42,Q9BZW8
Q93009,P11171
Q13347,Q13557
Q14990,Q8IY18
Q9BVI4,Q76N89
P35250,Q96NA2
Q96EZ8,P49763
Q8TD46,P01040
P08670,P00742
Q01970,Q08043
P11362,Q9Y5B9
Q9BXL8,Q9H2X6
Q05516,P30556
Q86UT5,O00712
Q86XR7,P35556
Q5JQC9,Q16537
Q9BZE4,P35658
Q92636,Q16478
Q13563,Q5T5C0
P07225,P67775
P41091,Q8WVM0
P43246,Q9ULT6
Q9BQ67,Q9H9E3
O75899,P51148
P84103,Q92783
Q8N201,O75478
Q13761,P11166
O00220,Q5VWQ8
P30273,Q15788
O75351,P16112
O75689,Q14974
P05386,P42263
O75955,Q86VS8
Q9NYG5,O94972
Q03431,Q9Y6J9
Q9H175,Q13895
P20336,P60033
P33552,P10747
Q92696,Q8N9M5
Q9Y2M5,P24522
O95232,Q99835
O60296,Q96JB2
P13725,O14948
P46940,Q5T5X7
P49643,Q96A44
Q15834,Q5JTV8
Q6GPH4,Q6P1J9
Q99466,Q9UBR4
O15155,P07315
P55072,Q9BVP2
Q12913,P25789
P11362,Q9NRW1
Q9Y3A3,Q9H8T0
P05771,P28328
Q96A56,Q8WX92
Q01638,Q13557
P54136,P41240
O75446,Q8TAA9
Q16656,Q9UPY3
P12757,P46019
Q12840,O95573
Q53GS7,P02452
P35221,Q969T4
Q9P0L2,P05230
P20337,O60504
Q9H4E5,P36873
Q9H1K0,Q8WXH0
P08908,Q92599
P11831,Q07325
Q96F24,Q07864
Q9HAW4,P51532
Q68DK7,P02768
O95405,Q9BRG1
Q9Y2X8,O00141
Q9BUN8,P85037
Q08397,Q9UKJ1
Q9NPC6,P51684
O75056,O75509
P51172,P51684
P05412,Q9GZX5
P18887,Q7Z589
Q9C0C7,P01130
P33151,P42679
Q96AE4,Q00872
Q9Y4D1,O14745
P23771,P68431
Q9Y2X3,Q9H4B6
P39023,Q8TBB1
Q8N5H7,Q16539
P23284,Q92797
P32969,Q9C029
Q92643,Q92830
P16070,O43318
Q6X4U4,O75955
Q6X4U4,P23469
Q8N5I2,Q16644
P28074,Q12860
Q07325,O00255
O60296,P22223
Q9NPF5,Q9UL46
Q99714,P51790
P49450,Q12834
P13611,P41236
Q6ZN18,P52735
Q7L804,P35998
P00505,P36578
O75592,Q8WXX7
Q9H765,Q9UJY4
Q13501,Q13643
Q01664,P52907
Q13402,Q12860
O75146,O43734
Q13387,P15382
Q6P2Q9,Q96J02
Q9UBV8,P51114
Q9GZU2,Q13889
P47897,Q99618
O60756,Q9UBR4
P35556,P98160
Q92797,P15884
P41279,Q8TCX1
Q6P1J9,Q05516
Q9H160,P16035
P42772,P06396
P42701,Q9NP64
P03973,P55273
P30405,Q9UI47
Q93063,Q9H4B4
P07332,P02748
Q8IX07,Q9GZM8
Q9BWT7,P01019
Q9H9Q4,P41240
Q8IY57,P41217
Q04756,Q00975
Q16739,P41208
Q07352,Q96EP0
P61981,Q2QGD7
P25942,Q13509
O75368,Q8N5R6
P61962,P05783
Q99966,P53350
Q9UQF2,Q9P2M1
Q13158,P15927
Q7Z434,P31150
Q07157,P02768
O15055,O75528
Q7Z417,Q86WV1
Q14194,Q9NT62
Q9H1J1,Q7LG56
Q12996,Q9Y281
P61081,Q92966
Q14155,O14727
Q9Y3E2,P35368
Q9H257,P30626
Q06190,Q9UPY8
Q8NHM5,Q8TB52
Q8WVM8,Q15365
Q8N3F8,P12814
P24385,Q8TAG9
Q9H9C1,P01019
Q9NZD4,P36405
Q96PU5,O75884
P16284,O00189
P61204,Q9ULV0
O43395,P61457
Q00975,Q9P2Y5
Q9NVK5,P28161
Q14790,Q9NP64
A0JLT2,Q9H4I2
O75146,O95336
Q5QJE6,O14948
Q01892,P15260
Q6ZU15,P42679
P51571,Q63ZY3
P31751,P43250
Q03014,Q9HAQ2
Q8NFD5,Q9UIV1
Q14974,Q9Y2V0
Q9BSV6,Q96PK6
P57678,P10828
Q13190,Q92966
Q9Y508,Q9Y3T9
Q969H6,P06401
Q92783,P62316
Q16832,P36578
O60486,P49917
Q6R327,Q08043
Q15831,Q93038
Q9NX24,O75506
Q8N5I2,P78348
P02766,P51532
Q7L2E3,Q96IZ0
P00750,O75506
Q8WXA9,Q8IWY9
P29375,P55273
Q9UPZ3,P33993
Q6GQQ9,P17152
P48378,P04085
Q99819,Q99075
Q14C86,Q06830
Q86VN1,Q6ZRS2
Q8NBT2,P26367
P27348,O43815
P02765,O00443
Q8WVY7,Q13555
Q8TAF3,P06702
Q6ZVD8,P21796
Q9NQ29,Q9Y281
P41161,Q92730
Q96QH2,Q99972
Q9Y4K3,Q01860
Q6PCD5,Q13002
P62841,P54646
Q14990,Q5JVS0
P23193,Q9UL33
P68431,Q7L0Q8
P08247,Q96PK6
O96013,Q9UPS6
O75052,Q15468
O43307,Q9H2G9
P83916,Q9P104
Q8NFD5,P28062
Q86Y82,Q8WU20
P05787,Q16825
Q66K74,P05388
Q96DB2,Q4AC94
Q9NZL6,Q8TF40
Q9UQ84,Q9Y6Q5
P30101,O15511
Q9Y2Z9,P28328
Q13387,P40424
O43752,P49682
O43379,Q53EV4
P53355,P15408
Q14498,O60264
O95544,Q8N1I0
Q9H8S9,P05549
Q9NWV8,P38484
Q9Y6W3,P05549
Q8NB91,P04085
P18827,O00585
Q9NR55,Q9BW71
P19438,Q9HD26
P01236,P09211
P48553,Q9GZX6
Q8NI35,P12272
Q6PIJ6,Q5S007
Q9C026,Q13485
Q7Z417,Q13002
Q9UPY3,P23469
O95831,Q01860
Q9UHQ4,Q7Z6Z7
Q86Y91,Q9NZJ0
P23582,O00451
Q9UBB5,P08588
Q7Z406,P51825
P29350,Q9UBI1
Q96BY2,Q07889
O95677,Q13303
Q14114,Q9UBR4
P33991,P32942
Q9Y2V3,Q9Y262
Q9H2X0,Q9UJX5
Q8NFH3,Q99497
Q9UBF1,Q14197
Q9H074,Q9Y6I7
O14618,Q9Y3U8
Q9Y6N9,O14662
Q9GZL7,P50616
Q9GZX6,O95249
Q9BUL8,Q9BYG3
Q9ULM6,O00626
P78356,Q99996
P41161,O00303
Q99836,P39748
P15924,Q7Z6Z7
Q9NTI5,Q16236
Q9H9S0,P50539
P30305,P11277
P08754,O76041
P07737,Q969G2
P59998,Q99748
Q9UPT5,P08514
Q9Y275,Q9Y2Q5
O95376,P22570
Q01664,Q9NUG6
Q5T6S3,Q12996
Q6NWY9,Q04756
Q09470,P61081
P57740,Q5TD97
P31689,Q9H9H4
O14543,P61081
O43566,Q3ZCQ8
Q13563,Q8WVY7
Q01658,Q8N9M5
O95273,O60232
P00374,Q9UHQ1
P02452,Q13115
P67870,P10124
Q86UP2,Q86Y01
Q16623,Q9Y698
P17600,O95863
P21953,P54829
P41146,P06702
P00748,Q9NS28
P07315,O75030
Q13523,P35637
O14965,Q8NB16
Q8NCE0,Q9Y2M5
Q969Z4,Q9UQC2
Q9NPG3,Q8IX90
Q9H8T0,P16152
P15941,O95343
Q16533,P50749
Q14318,P78356
P41002,P18428
Q92870,P61587
Q14241,Q8TAP6
P05231,Q9H6D7
O43852,Q14204
P62380,P78527
O75150,O00626
O60826,Q9NPF4
Q96RK4,Q86UT5
Q13057,Q8IUH3
P41212,Q5T7B8
Q14974,Q15118
P52306,Q8IY18
P05787,Q14C86
Q14674,P78371
O75147,Q92838
P16615,Q00526
Q96EK5,Q01105
O00463,P20618
Q13029,Q07890
Q9NZN5,Q05048
P51684,O14579
P09486,P56159
P35398,Q15386
Q9UKT7,Q6W2J9
Q9UKT4,Q9NVF7
Q15648,P42680
Q9P2R6,O43929
Q15323,Q03014
Q8WTW3,O00592
Q96EB6,P03951
O95677,Q15691
P51948,P68402
O75914,Q15327
Q66K74,P09493
P01040,O43508
O00763,O95163
Q13485,O14920
P43629,Q5JY77
P12081,Q02880
P46734,Q9UQB3
O43427,Q71SY5
Q9H8Y5,Q9UH77
Q19AV6,Q13061
P54920,Q9UBY9
Q96H20,P51911
Q8NI35,Q15833
P51610,P15090
P31930,Q8WVM7
Q92556,Q14562
Q13888,Q15291
Q96CD0,Q9UJF2
Q92844,Q9NTJ3
Q9H251,P10747
P81877,Q6W2J9
P05412,Q07352
P22301,Q5TD97
Q9Y6N8,Q15029
Q9UGL1,P56279
P36896,Q9BUG6
P41002,Q14582
Q15762,Q9NPJ8
Q96LD8,P19404
Q16633,Q9NPF4
Q5RKV6,Q9UKJ3
Q13217,P85037
Q15311,P51948
Q9Y3C8,O14879
P31273,Q9H4B6
Q15672,P42679
Q8NCQ7,Q9NT62
Q13217,P35625
Q9HAV0,Q96JH7
Q8WUF5,P04234
P14555,Q15562
P51684,Q9H553
Q8IVP5,Q9UBD5
Q9NUU7,Q9H0M0
Q9NWV8,P52434
Q9UBL3,Q13217
P61326,P25787
P32121,P21796
P62714,Q9UBU9
P33076,Q96QT6
Q13233,P21810
Q96C24,Q9UNM6
P54578,P05156
P49459,Q14681
Q9H8V3,P51957
O75943,Q3KNV8
Q8WWL7,P19838
Q9Y698,Q5U5X0
Q9HAW0,P17181
Q9UBF8,P08574
O95149,Q96KJ9
P01031,P32246
Q14669,P61225
O60762,Q6PJG6
P50995,Q96JB2
P05112,O60486
O60500,P17096
Q8TDB6,O60609
O15055,Q8IXH7
Q86T24,P36873
P47874,Q86UP2
Q9Y2U5,O95163
Q14566,P78406
Q13217,P50749
P02778,P42336
O14796,Q9NWA0
P49642,P15408
Q9NX08,Q15022
Q96JN8,Q9UBN6
Q9HAU4,Q9HD26
P62273,Q8WXE9
P84022,Q15349
Q969R2,Q14814
Q8NE01,P61619
Q13387,P45379
P08581,P36578
Q14181,Q86SZ2
Q14103,Q9Y2D8
Q5QJE6,Q9BRQ0
P46087,Q92783
P09914,P51451
Q9H2S9,P23025
P12755,P55884
Q05048,P25189
Q9BUL8,P62834
Q8N5Y2,P18433
Q9P086,Q00536
Q13409,Q9BXH1
P56817,Q9UNN5
Q13595,Q14746
Q9NYY3,P22736
P0C2W1,P35638
Q15759,Q9UQB8
Q14457,P01584
P84996,Q9Y3A3
Q93038,Q96B02
P59998,Q8IY31
Q9Y3Q8,Q9UIU6
Q7Z6A9,Q9NYJ8
Q9H074,Q13542
Q13332,P06702
Q14498,Q66GS9
Q9UJX5,Q96JH7
P04234,O95336
P15692,Q13588
Q6PI26,P36405
P00533,P10398
Q16777,O75170
Q7L3B6,Q99075
Q06413,P15260
P23560,Q9P287
Q96L14,O95425
Q9NRW4,Q13163
Q8IWU2,Q9NVF7
Q92838,Q15788
Q13042,P15880
Q96EK5,Q9NXR8
P32856,Q2QGD7
P02786,Q13643
Q04637,Q99640
P10147,P57740
Q8TES7,Q9NZD8
Q9Y6M7,Q96BH3
Q9UBP6,P98172
Q9Y6X3,Q8NFH8
P60033,Q99618
P09382,Q9Y2R2
Q13642,P15813
P23396,Q9NPD8
Q14149,Q92696
Q8N3U4,P42025
Q9Y2W1,Q86XK2
P55884,Q96A47
P42704,Q7Z6A9
P47224,P23763
Q96IF1,Q14296
Q8N729,P61158
P31942,Q8N9M5
Q9GZX9,Q9NYG5
O75477,Q9UKY1
P08311,Q9UPZ3
Q969G3,Q9NZU7
Q9Y698,Q00975
Q93063,Q14974
P24390,Q9NR33
Q9Y5R8,P49795
P30876,Q8N5C8
Q9ULM6,P80098
P46939,Q9UNN8
Q8WTW3,O60216
Q86UN6,P02741
Q96Q27,P25103
P22001,O75592
O75461,O43933
Q15436,P10589
Q8WUF5,Q9H0A8
O00625,Q7L9L4
Q12846,P84103
Q92785,Q96GG9
O60504,Q9H1A4
Q01130,Q92519
Q8NFH3,O75955
Q7Z419,Q9GZN8
P36896,P15090
O00167,P60842
O43439,Q9UBR4
Q99996,Q9BXK1
Q9UJX3,Q4AC94
Q9NWA0,Q96IZ0
Q9UPU9,P00736
Q9NZC9,Q9Y2D8
Q9UBP6,Q96L73
P81877,O43196
P35568,Q9NXV2
Q9UNL4,Q9UBU7
P78352,P10644
Q9UPW8,P17706
Q9NS00,P10912
O15212,Q9UHD8
Q92918,P46531
Q8WVJ9,Q9NZN9
P41208,Q15025
Q8NC51,Q15208
Q06828,Q8TEW0
P22570,Q96F07
P28482,P50553
P49354,P23763
P05388,Q9UL54
Q99547,P35080
Q9H2L5,Q96B97
P61201,Q04721
Q01638,P13671
O75489,Q92530
O94842,Q7Z4H7
O00451,Q9UQM7
Q15388,Q8IXW5
Q9UHW5,Q8TEK3
P32246,P23945
O60271,P01730
Q9H160,Q8TEP8
Q13952,O95257
Q9BVA0,Q9UNM6
Q9H832,Q05639
P49069,Q8N5M1
Q7L5Y6,P27824
Q96Q27,P46060
P17861,O14730
Q99683,Q9Y2X3
P49407,Q9NV44
P78362,P41229
Q9H3M7,P57105
P09914,Q9NS00
Q9HBH7,Q9Y2M5
Q03001,O15539
O43143,Q99698
Q9UGI8,Q9UKT7
Q53HL2,Q96D31
P00918,Q8IVI9
O00622,P30556
P84996,P50616
O43680,O94927
Q92519,Q9UM73
Q9Y2V7,Q53EL6
Q02880,Q9H147
O43583,P24588
P51813,P42336
Q58A45,Q16595
P49917,O75530
Q86YM7,O14948
Q9UQ26,P07237
P40222,Q71F23
Q9UBD5,P52298
O75147,Q9Y2R2
P0CG13,Q15154
Q8NI27,Q9HAU4
O43184,P41743
Q9P0R6,Q9Y6D9
Q9UHQ4,O60664
P00747,Q9Y6Q9
Q99661,Q9Y2R2
Q9Y4K3,Q8NI35
Q14494,Q9P287
P19022,Q96BY2
O43313,Q8N5R6
P63167,Q9UMZ2
P11831,Q9Y508
P15918,P14921
Q16513,P05230
Q15554,Q99523
Q9NS00,Q96QT6
Q15796,O75477
O96013,P17544
O43639,Q96EB1
Q92851,Q8TAP6
Q5T4F4,Q92837
Q14512,O60486
O75832,Q9NR55
P67809,Q16602
Q9NSC5,O15205
Q07889,Q15744
O95600,Q13418
P61962,P55795
O95402,P32246
Q8IVP5,Q8WX92
Q13474,O95613
Q9H161,Q96T60
Q8IZJ1,P42701
P52952,P17342
Q9H845,Q8IYB3
O43516,P45880
Q9BUE0,Q8NF50
Q9Y6Q6,P07998
P07996,O60741
Q15366,O75582
P31314,Q9BWF2
Q96PN7,Q8N556
P30279,Q9Y2V3
Q9NPH3,P21731
Q9NZL6,Q92813
P51812,Q4AC94
P19256,Q9BUL9
P78356,Q16890
Q6P4Q7,Q9BYW2
Q9Y3E7,Q9BUE0
P50991,Q9Y297
P11387,Q86SQ0
Q96AY2,P03973
P50991,Q9BUE0
P01892,Q96PK6
P42166,Q15427
Q9NRL2,Q13895
P06746,Q05516
P51813,P51825
P67809,O60678
Q5XPI4,P49759
Q13769,Q6SZW1
Q9NRI5,Q13761
O15553,O15145
Q13362,Q13485
O95197,Q9Y4B4
Q15375,P11831
O43150,Q92540
Q9GZT8,Q5TD97
P62318,Q92569
P21980,P55795
Q01658,Q9Y3I1
Q16629,Q13239
P15531,P41208
Q13829,Q14C86
Q14865,Q8N6Y0
P62140,O43427
P61981,Q9C0C2
Q7Z465,O43491
O75436,P05787
Q13153,P04183
Q00534,P11166
Q99436,O60488
P16234,Q14240
P08603,Q92614
Q99459,P49116
P08581,P05771
Q99741,O43927
O00255,Q02297
Q5JSH3,Q99996
O43187,Q99996
O75340,Q96L91
Q8N5I2,O75717
Q9H6T3,P05452
Q96AH0,Q9UNM6
O14511,O00189
P05120,P28161
Q96QK1,Q12874
O75531,Q8NG41
P25788,P15260
P22223,Q99996
P62195,P06702
P02788,O43251
Q9UHD1,P51149
P49675,Q9UK41
Q16548,P25705
Q6UWE0,Q9BPZ3
P01588,P62328
P98155,Q9BX59
P30499,P16109
P01042,Q9HAJ7
Q93052,Q99598
P40227,O75509
Q9UPW8,O95714
Q9UKT9,Q969G2
Q9BPX3,O75439
P46976,P01225
P05412,Q8IZT6
P50749,P21453
P98164,P62841
Q9NPF4,Q05682
P07900,P04085
O00206,P16615
Q9UKT9,P51668
Q9Y5S2,Q8WXH0
P78413,P29992
Q13625,Q9UL46
Q92564,Q8WWW8
Q9H2K2,P10909
Q9H832,Q86UL8
Q8WYP5,P02746
Q9UNN8,P35670
Q8NG41,Q8WVM8
P35250,P02671
Q9GZL7,O60437
O95999,P01730
O15126,Q9UER7
O43929,Q9Y2J2
P78371,Q8N5I2
Q9NV56,Q00534
Q14669,Q99459
Q7L591,Q13523
Q9BY67,P84085
P30499,Q86VP6
P51451,Q13155
P04075,P42262
P11802,P08514
P28072,O00443
Q05516,Q7Z3B3
Q9NVR0,P50539
O43396,P30281
Q9UBP6,Q9HBH7
Q12840,P35658
Q9C005,P07992
O75317,P41236
Q969U6,P68871
Q9NPG3,O15164
P53803,Q9BXB1
P00374,Q96RU3
Q86VN1,P13726
Q12913,P01040
Q8IXW5,A9UHW6
P19838,P61006
Q9Y6M7,P10275
Q9UHV2,P15880
P29622,Q92747
O43513,Q6ICG6
Q9Y6W5,Q01167
Q9H553,O75525
Q15562,P30050
Q13642,P42574
P0DI81,Q96IT1
Q8TDN4,P98172
P18887,Q9H7C4
Q9C0C7,Q9Y281
Q14155,Q9P0R6
O75431,P23921
O75629,Q92530
P46777,P02730
O43592,P53992
Q14764,P27361
Q9NVU0,Q71U36
Q9BUE0,P49759
P33151,Q9NPG3
Q9H221,Q15118
P49682,Q969G2
Q9UBQ5,P04628
O95817,P49736
Q9UL18,P21926
Q8WYJ6,Q8NFJ9
Q8IZD4,Q8IZT6
O00192,Q8WVM8
Q68CP9,Q8WVJ9
P47874,Q8N4P2
P02760,P23511
Q00536,Q9NRL2
Q99497,Q9UJW3
P10244,Q04721
P00374,Q9UNP9
P27695,O75840
Q96L91,Q9UPT9
Q9Y6N8,Q13303
P14866,P61019
P17947,Q9Y264
P09629,Q9UI08
Q9H0W5,Q14145
Q99569,P02748
P32971,Q5TD97
O75478,P14778
Q06187,Q16613
P21452,P05556
Q13347,O75506
Q9NWT8,O15357
O75461,O60832
Q8TAF3,Q2NKJ3
Q9Y570,Q8NI27
Q15485,O75460
Q9BUL8,Q9H9Q4
Q9UPT9,Q07820
Q9H765,P25189
O95793,Q8NHW3
P10144,Q92570
Q9NUU7,Q08752
Q02930,O60609
P51946,P51149
Q99590,Q13424
P31629,O75030
Q9BVC4,Q15811
P09493,Q8NA54
O43815,Q96A47
Q9BTV7,P09234
O00716,O14795
P49682,P25788
O00548,Q13509
Q9Y2A7,P12814
P56537,P35998
Q13950,Q9NZN9
Q9H4I2,Q8N488
P29692,Q9H6U6
Q12913,Q9NT62
Q92997,Q9H9E1
Q7L5N1,Q9BRK5
Q9C005,Q13233
Q9H2G9,Q6NYC1
Q8IUH3,Q6P1N0
Q9UKN8,Q14106
Q99574,Q8NB16
Q9BUZ4,P50749
Q13492,Q9H4L5
Q13868,O75448
P17600,Q8NFJ9
Q9NVR7,Q8NB46
O43670,Q96AX1
O95967,O94889
Q7L590,P13612
P04070,Q6ZU15
O75312,Q15334
Q2MKA7,Q9UNM6
Q9NRR4,Q7Z3B3
Q9Y271,Q96Q15
P34998,P51843
Q9Y228,P51170
O60927,P00748
P78543,P25800
P42345,O43896
O43189,Q9UMW8
Q9NQ66,O15145
Q92781,Q14112
P12273,Q99618
Q13347,P52799
Q9NTJ3,P24588
Q9NVR7,O43597
O43353,P28161
O60437,Q8TAM1
Q07021,P61587
Q8TBZ2,Q15078
Q9UHA4,Q8IUC6
O95460,Q5JY77
Q9Y3E5,Q4LE39
Q8N5M4,P14543
P84243,P10589
P02679,P45880
P51681,P07947
Q9NZJ0,Q9H9E3
P63261,P52435
O94966,Q9Y3C8
Q9H0F6,P46976
Q5H9F3,Q00872
P32302,Q9UNY4
O95218,Q68DK7
O75369,O95197
Q14168,O15511
O15371,P49591
P61328,O43516
Q13563,P48556
O00472,Q9Y2Y1
Q16630,P00742
P28074,Q05516
P02452,Q9UIU6
Q9H8Y5,Q9P0V9
P35221,O14979
P15151,Q9Y3Q8
O43264,P81133
Q8N6Y0,P39905
Q9H467,P05546
P33681,Q9NZC9
P62306,P13569
Q9Y2V3,Q13501
P02654,P07359
O43557,P62508
P62633,P51948
Q86XR7,P33032
O43402,P18077
O60504,P08833
Q9NRG0,Q6NYC1
P62070,P07947
P61956,P67809
Q86XK2,P20807
Q00597,Q9UPN3
Q9Y2J0,Q9NPC6
Q96QK1,P49768
Q6P1J9,Q9UQE7
P16871,P15151
O60741,Q05048
P25103,P08151
Q7Z419,Q93052
Q9Y6I3,Q86XL3
P54725,P46019
Q13705,Q9HBM1
Q9NQL2,Q13619
Q99594,O75592
Q8N488,P57775
Q05086,Q9H0M0
P49736,Q86VS8
P49450,Q9UBS0
Q96RK4,Q92796
Q9H334,P06748
Q99466,O43597
Q6NYC8,P02765
Q8N196,Q9UBQ5
P40238,Q86SX6
Q53HL2,Q7Z4I7
Q9BQG0,Q71SY5
P46934,Q9NVI1
P08922,P23582
P12755,Q8IZD9
P00167,P41208
Q9H9S0,Q96AH0
P63279,Q8WVM0
P30679,P61968
Q16629,Q9NS91
Q7Z5K2,P41240
Q9HCG8,O43815
Q66PJ3,P17096
Q63ZY3,Q8N201
P11047,P38432
Q9Y2Y9,Q8WW38
Q14653,P25787
Q5VV67,Q16526
P53367,Q6W2J9
Q13011,P00568
P01563,Q86U42
Q7Z3Z4,Q13151
Q7Z419,P07333
Q9NPH3,Q2MKA7
O75528,Q12873
Q5VT25,P28328
Q15349,O43639
Q96SU4,Q2QGD7
Q13283,P50553
Q969T9,Q96NY9
O95571,P68106
P49642,P38484
Q5XPI4,Q8IUQ4
Q96A44,O75840
Q9C005,O43566
Q14498,P61619
O75494,Q9GZL7
Q9BTW9,P05546
P40222,Q14194
Q9NZV8,P21333
Q8TDR0,Q8N201
Q9H8S9,P60842
P61619,P12272
Q9P287,P40937
Q9H2S9,P55347
Q9C029,P41279
Q14C86,Q9BVG8
Q9UBS0,Q9UPS6
Q9BYW2,P51636
P51948,Q9Y2V0
O43156,Q9Y243
Q99661,P62318
P11926,P08579
O00487,Q9UPY6
P62906,Q9NQT8
Q96EK5,Q15645
Q9UKL3,Q9Y3E2
Q9H4I2,Q96SN8
Q9H9E1,Q86YC2
O95544,Q8IVI9
P05230,P84085
Q99871,P32780
Q92625,P40429
O60506,P16112
Q04724,Q13901
Q969T4,P08151
O96013,P85298
Q14257,Q15021
Q96MF7,O96017
P02545,P62491
P28340,Q5T9L3
P06870,P36405
P16070,O94813
P51451,P02647
Q9Y2Z4,P53992
Q01970,P63220
Q9Y5Q8,O43432
Q92882,Q7Z3B3
Q9Y3C8,Q01081
P10828,Q15466
Q13596,Q96JB2
O75147,P29992
Q9Y6W3,Q8NFH3
Q13492,Q9H6Z9
P30279,O94817
P47755,O43427
Q6ZYL4,Q9UKJ3
P78371,Q1KMD3
Q9UKJ1,P56159
Q7L5D6,O75940
P36507,P36941
O00291,O75969
Q12874,Q96JB2
Q13554,Q9NQT5
Q9UBZ4,O15446
P61626,O96013
Q8IZH2,Q99961
P28328,Q5U5X0
Q86XE0,Q9HBM1
O95297,Q99466
Q12846,P14543
Q9UHW5,Q14118
Q9NVR7,P02545
O95257,Q6NYC1
O60583,P62328
P51679,P51948
O14745,P10515
P41208,Q8TDN4
Q96Q42,Q9UMX1
Q6GPH4,O43592
P08047,Q2M1K9
P25063,P23142
P35625,P50213
P05362,Q92530
Q9NZC7,Q7L5N1
P62979,P29320
Q9H4E7,P07951
Q9Y3A3,Q9HBM1
O95819,Q96T37
Q9BUL8,P14678
Q12967,O75496
Q13352,O43913
Q8TDD1,Q8NHG7
Q9UBN4,P17706
Q9UJV9,P22001
Q96QH2,Q9H257
P19474,P05771
O00148,Q86XK2
O00567,P25789
P07737,P15813
P05412,Q9NP84
P18084,Q00526
P01563,Q13501
Q96Q42,Q9NP97
P61956,Q14186
Q99547,O94817
O75448,Q9GZQ8
Q12947,Q86VP6
P28161,Q16828
Q9UNE2,Q9H845
Q13625,P55795
Q93074,P10721
Q6GPH4,Q12934
Q8TAD8,P49327
Q03431,Q13557
O95816,Q9HD67
O43516,Q92925
O94782,P29374
Q7Z434,O75477
O75914,Q01453
P23469,Q5JVS0
Q8N3X1,P43628
Q9NPF5,Q15404
P36542,Q9Y3L3
P78413,Q14565
Q99640,O43933
Q02388,O95243
P57740,P46531
Q01638,Q9NPD8
Q7Z7L7,Q06546
Q9HD67,Q9BW71
P08571,P21953
Q12830,P24390
Q9BRT9,O43293
P35221,Q12906
P15863,P21926
P19419,Q96IV0
Q9UPY8,O14958
P20783,P50749
Q99661,Q9NT62
Q13332,P41240
Q9Y3Y4,P15173
Q9ULZ2,Q96A44
O15212,P01019
Q92800,O15205
P62820,P12272
Q9UBI6,Q9Y264
P20701,Q5S007
P49459,Q02388
P17980,O43488
Q8NI27,P39905
Q92889,P78552
P61328,Q76N89
P52799,O15066
Q13474,Q9P086
P01112,P43320
P17661,Q96SW2
Q5JSH3,Q9UBU8
Q08AG7,Q13619
P30542,Q92925
O75592,Q9NQP4
Q8TBK2,Q86WV1
P19388,Q14011
P35241,P14921
Q5VTR2,P67870
Q8TDR0,P08887
Q13889,Q8TF05
O14654,Q9NW38
Q9UBU7,P25789
Q07866,P13726
Q13474,Q02880
Q969G2,Q96H20
Q9UQK1,Q9H9H4
Q04724,Q5VTB9
Q01826,Q92530
P04275,Q13163
Q8WWW8,Q96T58
P19544,Q14183
P63279,P02545
P35398,O75530
Q6PI26,Q76FK4
Q7Z6G3,Q15596
P20138,P40227
Q53HV7,Q99961
P62273,P26441
P26715,Q8N1E6
P61289,P18077
P55085,Q8N6Y0
Q5JQC9,Q53EL6
P11362,P06756
Q8NFH3,P52952
P21860,Q96IF1
Q9H3M7,O75506
Q58A45,Q9UKS6
Q9NX24,Q96I34
P54764,P56645
P13611,Q13884
P61244,Q15154
P62834,P06756
Q16650,P61952
Q8NC51,P15090
P12644,P15941
P01583,Q15361
Q13586,Q9NZ43
Q13239,Q9Y5S2
Q9UMX1,Q16543
P55884,Q14106
Q9BQE4,Q9UHN1
O75477,P0C1Z6
P49917,P78318
Q8NB16,Q9Y263
Q14562,Q13009
Q9H3U1,P62072
Q96FJ0,P43627
Q14865,Q9NNW7
O43293,P34932
Q96LR5,P24522
Q9H3Z4,P01236
P60660,P0C0S5
P21127,Q9BW11
Q9H410,P08700
P49639,P11308
Q07325,Q14151
Q9ULC4,Q96SN8
P02452,Q9UPN7
P09651,Q9P287
P50150,Q9UBR4
Q53HV7,Q15038
Q96SB3,Q14315
Q93008,P48546
O60239,P07998
Q13285,O75791
P28069,Q8N1L9
Q70CQ1,Q96JC9
Q6P2E9,P30989
P29622,Q9H4L5
Q6P0N0,P62316
P22392,Q9Y2W1
P36896,P07858
P53367,P83436
Q9H8S9,Q9NS00
Q13542,A5YKK6
P03952,P15153
P02748,Q9Y2W7
P01112,P16410
P16220,Q8NF50
Q8NHG7,Q92730
P20138,P10242
O00472,Q9UQB8
Q96NE9,P02730
Q9H9Q2,Q16478
P24928,P37840
Q9ULC4,P32246
P08574,O14867
O75969,Q15691
Q92904,Q9H0Y0
Q01860,Q13557
O43663,Q13351
O75146,P25024
O00241,O00762
P61019,O75807
Q96MF7,P40222
Q14161,Q9P104
P59998,Q05639
P51571,P09651
P16333,O76064
O96011,Q15915
Q9UL18,P30153
P85298,Q9NQP4
P11387,P62834
O15123,O75506
Q13509,Q92569
P35346,Q86SQ9
O94973,Q99952
P29459,Q9BQ67
Q96EK4,Q06546
Q9Y345,P18054
P68106,P30307
P28062,P49327
P08246,Q13618
Q19AV6,P08684
P35250,O95433
Q9UM47,P62875
P08908,Q9H6Z4
Q8IYD8,Q71SY5
O43390,Q9UBF6
Q14789,O15511
P43686,O43896
Q9H160,Q9HAJ7
P62277,P61081
Q9HAT0,Q9UI47
Q96JB5,O00592
O60504,Q7Z7L7
Q8N9M5,P48167
P02730,P46776
Q96MF7,Q92673
Q8WYR1,P56817
Q9Y383,P41161
P17661,Q9UGI9
O95297,Q8IZJ1
P22087,Q92797
P61077,Q6IAA8
Q9H7Z6,P62736
Q92956,P04083
P29459,Q92973
O15550,P08962
P05783,Q9HCJ0
Q15831,P51884
P35398,P30626
Q14242,P30679
O95831,Q86TM6
P07737,P83436
P21506,O00487
P42336,P02452
O75410,Q9BW27
P78362,O60762
Q92985,P36405
P22301,Q14318
Q6NYC8,O14958
Q8WYR1,P50151
P02671,P62328
Q14155,Q13887
Q96EK5,Q6NXR4
O95376,Q66K74
Q9NPI6,Q13588
P24941,Q9Y5K5
Q96EK4,P27448
Q9Y4Z0,O00541
P46087,Q9Y2W2
P48378,Q9GZN8
Q92918,Q5T9L3
Q8IVP5,P15880
P46976,P42345
Q9P2R6,Q9BZK7
P35658,Q96JB2
O60645,Q9H8S9
P57105,P20810
P28562,Q02297
P38646,Q13011
Q8NHG8,O14746
P15407,P20023
P30273,Q9H1D0
Q9UQ88,P15813
Q96CS4,Q53EL6
Q03135,Q15485
Q96QK1,Q9BXK1
P68431,P43627
Q7L5D6,Q8NG41
Q7L591,Q8WVM0
Q96EB1,Q9Y3C6
P10828,P21796
P14770,Q9NZJ0
O43847,Q15788
O95278,Q9BYE7
Q15819,P15018
O43189,Q9H7Z6
P01116,Q3LFD5
Q8N1I0,Q9UL63
Q15102,P52815
Q5VT25,Q9NPI6
Q86YV9,Q9Y376
P04049,P09914
Q9C0C7,Q9UBL3
P50150,Q96A56
P13611,O75663
P61158,Q13002
O00592,O75791
O60568,P16284
P61006,O43164
Q00975,P30988
P15918,P32780
P15260,P10242
Q8WYH8,Q6EEV6
P01892,P16389
P46821,Q71SY5
P09234,P10398
Q9Y2Q5,Q9NVD7
Q8TAG9,P23025
P04275,Q9H4P4
Q08379,Q13501
Q92834,Q9UL18
P33552,Q9UQB3
P05386,O14979
Q9NX08,Q14BN4
Q15942,O43292
O43502,Q92966
Q14192,Q9Y283
P55317,Q9BW11
P35638,Q9H3P2
O43313,Q9GZM8
O76003,P62491
Q9NYJ8,Q9UGK8
O00463,Q9UPT5
P49327,P30153
Q7L5D6,P63167
P54098,Q5T7B8
O95931,Q92530
O75940,Q96DE5
Q13387,Q8WW38
P29322,Q92813
Q13867,Q8IU81
Q9NX24,Q9NR12
Q93009,Q9Y2V7
O43566,P19793
P30531,Q9H0W8
Q7L591,A8K8P3
P29992,Q9NP84
P27701,P25787
Q9UJF2,Q9Y3B2
Q9Y271,Q86U70
P34130,Q13285
Q99576,Q7Z4S6
O75928,Q8WVK2
Q5T124,Q99418
O14613,P23396
Q01664,Q9NVF7
Q9Y4Z0,Q92636
P47755,Q13895
Q86Y01,P16389
P43357,P30305
P09629,Q9UP52
P31948,Q92530
Q9BVG8,Q9HAQ2
P23771,P14635
Q8WVM8,P20023
A5YKK6,Q9NR50
O15020,P13598
Q06587,P33993
O75969,P55327
P50990,P05230
Q9H165,P11171
Q12860,P36954
P06734,Q8TCJ0
Q9NXR8,Q9P0K7
Q9H6D7,P19174
P10809,O15511
O94829,P16144
Q99623,Q5U5X0
Q9BUE0,Q8TEB1
P18054,Q9H270
Q96G25,Q92797
Q5VSY0,O95071
P52701,Q99459
P14653,Q8IXW5
P62263,P81274
Q99728,P23469
Q99626,P98172
P00374,O15116
Q9UK41,Q13541
O14613,Q8N3F8
Q9ULM6,Q8N3Y1
O75689,P63272
P39748,Q07820
Q96A47,Q76FK4
Q9BZJ0,Q13009
P35228,O00712
P62136,Q9BQ52
P26010,P31949
Q08117,P62316
Q9Y4A8,O60826
P14784,Q5T5C0
O75461,Q8IXQ6
P98155,P22460
Q9UQE7,Q96B36
Q01968,P98164
Q8N5H7,Q6ICG6
O95232,P52630
P98164,Q9HAQ2
Q9Y219,Q4VX76
Q96PB7,P15941
Q96II8,Q9NV56
O14613,P16109
P19022,P42345
Q15287,P24539
Q16739,P23396
P02538,Q9UPT5
Q9UHQ4,Q9Y383
P23396,Q07960
Q15363,P02788
Q9HAW0,Q8NFJ9
P18846,Q7Z7L7
Q9H221,Q3LFD5
Q15648,Q8NI27
P07711,O94817
Q99972,P31350
P40926,P08962
O95155,P15692
P51684,Q8ND25
O00757,Q76N89
P62633,Q6X4U4
Q9P086,P42166
Q96J02,P51684
P42226,P50616
Q9UIF9,O95382
Q96F86,Q8NHL6
Q99962,Q15700
Q15555,P13010
Q8IZQ8,Q7Z6E9
O75081,P21333
Q15645,P02749
Q8IZQ1,O00186
P04626,O43390
O43680,Q9UQB3
Q9Y2Z4,Q04912
P05120,O75312
Q96BD5,Q9NPD8
Q9H9F9,Q9BZK7
Q9UHD9,Q13617
Q9Y2U5,Q13492
Q9Y5Q8,P04066
Q9BQA1,Q15831
Q15672,Q5TCZ1
O60486,Q01658
Q92530,Q8NFZ5
Q13332,P25391
P50461,O43597
Q13470,P62195
P00451,P00533
Q8NHG8,P19838
O60256,Q9UHB4
Q8WTW3,Q6P0N0
O43294,P27824
Q9Y2Y4,Q16611
Q9BV73,O43164
P22695,P54136
P43626,Q96B36
Q9NZN4,P60033
Q96C24,Q7Z494
Q9BRG1,Q9NNW7
Q14573,Q16082
P02654,O94979
P60660,Q9NQ29
P51965,Q9BRQ0
Q9GZY0,Q9NNW7
P01563,Q13643
Q9NYB0,P15924
Q9UGI8,P22223
Q58A45,Q9BQ67
Q9NZC7,Q92667
Q96FV9,Q9Y6E0
Q14498,Q8N684
P61962,P09234
O43390,Q15833
O95197,Q92917
P57678,Q01860
Q8N8S7,O43164
P51610,Q15131
Q9H9E1,Q9UPY3
Q7Z465,O94889
P05362,P30086
P41212,Q99584
Q8IZD4,Q16656
O60568,Q99547
P28062,Q16539
Q9NY93,P13804
P62166,Q03518
O75528,Q9UIB8
Q14681,Q969H4
P61952,O14925
P27986,P32780
Q9NQ25,Q15404
Q99615,P23469
P18075,P17813
Q9GZY0,Q9UK97
P20749,P05121
P17861,Q9UKV8
P49458,Q05048
P12270,Q9UQB3
Q9C0C2,P42261
Q9UMX0,Q3V5L5
Q92985,P27658
Q6PI26,P49715
P15018,P00568
P09661,Q8TDY2
Q96S52,O75312
Q96GG9,Q12840
P62072,P38484
P08238,P35637
Q13233,Q05682
P29375,O95163
Q9BS18,P25705
P62875,P62195
P31689,P10916
Q6ZU15,P07942
P61225,P78552
Q8TEP8,P48730
Q969P5,Q6P1N0
Q7Z465,Q13523
P08621,Q8WXA9
Q6NWY9,O60830
Q92854,P08151
O43665,Q8NHL6
O60500,Q8N5R6
Q9UQ84,P04198
Q8N2W9,Q86T24
O43390,P09884
P37840,Q05639
Q9HBH7,O14727
Q9NZC9,Q13224
Q14005,Q9UQQ2
Q9UBZ4,P49458
P47755,P50213
Q9UMX0,P62277
Q03519,P61006
Q7Z6A9,P35658
P53803,Q8IW35
Q5T4F4,Q99612
P18564,Q99801
Q96BD5,Q9HCE7
P11473,Q9NR55
P35916,Q9NNW7
O15360,O15297
Q14582,P20936
P61289,O95336
Q9Y275,Q16695
P07093,Q9UBL3
Q9UGJ1,P21453
P24539,Q96DE5
Q16656,Q68CZ2
Q68E01,Q92519
Q8IZD4,Q05516
Q02447,Q05209
Q9GZQ4,P05813
P10809,Q13901
Q7Z628,Q13216
P57078,O60869
P36404,P35269
O75800,Q14526
Q969H6,P05546
P62491,O95425
P56693,O14901
P00488,O14958
Q92519,Q9H0M0
P22570,P49116
O00716,Q9UBC2
P08254,Q9UBY9
P84022,O14867
Q8WUF5,O60869
Q05066,P35579
Q9ULV0,O43293
Q13387,P01732
O94966,O43264
Q99471,Q8NFJ9
P51114,Q08050
Q5T5X7,P40926
Q12834,Q9HB90
O00757,Q05639
Q99615,Q12778
Q9UI09,P48551
P28482,Q9HD47
P22830,Q53G59
Q9Y692,Q13287
P55773,P10747
Q9BXM7,P26715
Q86XR7,Q96KJ9
Q9P2R6,Q8NI35
P08100,P56645
P07954,P52630
Q12802,Q96AX1
Q5XUX1,P31942
P07954,Q96Q42
P27986,Q96PK6
Q16667,P03973
P02747,O75179
Q14103,Q16478
P29322,P49336
Q96AE4,P48730
P57105,Q9H553
O95785,Q9UBI6
P14635,Q9Y6F1
Q8N1F8,P09622
Q9UKN8,P24522
Q99496,P36941
P62312,Q9NR50
Q6QNY0,P25189
Q9BQB6,Q96KJ9
P35568,P06881
O14649,Q13427
Q9BVC4,P36897
P38398,P08514
O43439,O14727
O94966,P61968
P35637,Q9BW11
Q99623,Q9UKJ1
Q9BZD4,P46379
P02748,Q8TEB1
P35052,Q9NP97
Q8N2W9,P61225
Q13451,Q9BZE4
P61923,P41161
Q96AP0,P15498
Q14498,Q96AY2
Q16543,Q8IVH8
Q12947,Q96S52
Q02952,P10398
Q8IW35,Q6P1N0
Q7Z6M1,P62906
Q9BY84,P60660
Q16659,P02741
O95793,Q96J92
Q8TDY2,O00470
Q15233,Q9UBU8
O95600,P61925
Q7Z3Z4,Q9UL63
O95487,P04075
O94966,Q9UPS6
Q14242,Q02241
P17600,Q8IUC6
O43395,P61204
O00592,Q2NKJ3
O14893,P30988
P07225,P61077
Q9UHN1,Q12802
Q9NQ66,O75676
P00374,Q9NPJ8
Q8IUD2,Q9UKY1
P33991,P40939
P51451,Q6SZW1
P00519,Q71SY5
Q9UKJ1,O75531
Q86YS3,Q96SD1
P61371,P19387
Q8IYD1,P49458
Q9UGM3,P15090
P61289,Q12874
Q96IT1,Q99835
O75478,P05556
P10644,P61962
P62191,P09493
O95704,P05556
P38936,Q9UIV1
Q8N3U4,P10589
P43364,P35236
Q8N6Y0,P08519
P55327,Q9H4B6
P11308,Q8NEM0
P48551,O14893
P25103,O43913
Q15233,Q8IX90
P09429,O00451
O43402,Q9UJX5
O60741,P11308
Q86SQ0,P26367
Q9NRW7,O43516
Q13151,Q13884
Q86YV9,O96020
P78364,A9UHW6
P02452,Q15404
Q96DI7,Q99547
Q96B26,P51948
Q92886,Q8TEL6
Q9UGM3,Q13557
O60516,Q70IA6
Q01201,P10644
P04275,Q15366
Q5T5C0,Q03519
P29322,P18848
P50553,P02788
O95696,P55010
O14594,Q9UHN1
O75676,Q9NZU7
P59998,P12980
P02654,O00628
Q9H074,Q6ZU15
P98155,Q8IVH8
P60891,Q8IUC6
Q8WVC0,Q9GZU2
O15392,Q9UKT7
P60891,Q05682
Q14160,Q9UGJ0
Q8IZJ1,Q9NVP2
O00712,P50461
Q14149,P18077
P18848,Q9P104
Q702N8,O95400
Q13216,Q13402
P57678,Q92696
O75528,P30260
P09681,Q15836
P04049,P27815
P00167,Q9BZE4
Q8TEK3,Q14974
P51677,Q15404
P27658,Q96QC0
Q96SW2,Q16633
O14593,Q9H0Y0
Q9BU64,Q06455
O60763,P22736
Q9Y5R8,Q07864
Q14242,P16144
O75955,P51148
Q9H9S0,Q8N488
Q9H2X0,Q13554
Q8N4C6,Q9NPY3
O95677,Q9P2B2
Q9UNE0,Q9P2W9
P11387,Q9NP64
Q9UBD5,P60484
P54132,O75663
Q9H765,P00533
Q99714,Q13555
Q9Y2W2,Q70EL2
Q9Y6F1,Q9BV36
P02708,Q13838
Q9UMX0,P68032
Q86U86,Q99618
P49336,Q9NVI1
O60271,O75528
Q15717,P21452
Q9UPY3,Q9NQT8
Q9Y383,P26715
P35900,Q9H1K1
P05412,Q8IZJ1
Q9GZZ9,Q9NV31
Q9Y4A5,O95257
Q9Y6W5,P01892
P67809,O60231
Q9H6U6,P21580
Q9Y2Y1,Q8IWY9
Q6P1J9,P02545
Q9Y3A3,Q2NKJ3
Q96CW5,Q00526
Q86VN1,Q9Y3D8
Q9GZS3,Q93063
Q13347,Q8NG41
Q68DK7,P51965
Q07890,O94985
Q9Y2X8,P17542
Q01844,P02786
O76003,Q12860
P60880,O60437
Q96CS3,Q99748
P41180,Q96HR8
P14923,P31314
P51451,P31483
Q12778,Q969P5
P43358,P15880
P21941,Q9H0U4
Q5SW96,O43583
Q92599,Q14118
O43516,O14901
Q9UBP6,P35568
Q93009,P08962
P23526,Q9H4P4
P09914,Q8TF05
Q14BN4,Q9UHC6
Q7Z6M1,O43933
Q8N4P2,Q9UL63
P13639,P04066
O95714,Q14134
Q15648,Q96I34
P42226,O00512
Q16832,P08754
Q13873,P05181
P43628,Q13155
Q7Z589,P53365
O00472,Q70CQ1
O95967,Q9BUL9
Q96L91,Q96JB2
Q16650,O75592
Q8IZD9,Q9GZX6
O60683,Q9NQ29
Q14160,P35241
P61978,P35228
P25942,O15018
Q02413,Q9NQZ3
Q8N9M5,P62906
Q9P0L2,Q99835
Q9H9H4,P98164
Q8N3R9,P18433
P51681,Q9Y2W2
P08574,Q13509
Q96RR4,P35228
O75832,O00499
P49639,Q9BQA1
Q7Z6A9,Q9Y2J2
Q9BVA0,Q86W92
Q92887,Q969H4
Q9HAQ2,Q13427
Q9H0R8,Q15334
P00751,Q9UBP5
Q13257,O75695
P08754,Q9P0K7
Q9P253,Q9BW71
Q68EM7,P07992
P05386,P11684
Q99623,P50749
Q9UHP3,Q13643
Q6P2Q9,P62753
Q16629,Q9ULJ8
Q96EK4,Q86XK2
Q09472,Q8N6Y0
Q9HD26,P52630
P39019,Q9H9E1
P61457,Q86Y91
Q7Z6J0,O43707
Q8IZJ1,P35712
Q13362,Q9UKV3
Q5JSH3,Q9NPC8
P56645,P28340
Q9Y2X8,Q9BUN8
O95155,Q08AG7
Q9UJY5,O14948
P12814,P06748
Q15038,O43513
P54646,P28062
O75807,Q96IF1
Q9NQL2,P68871
P09234,Q6PIJ6
Q92558,Q9H0M0
P26045,Q96AP0
P53367,P45984
Q8IWZ3,O60830
Q9UGJ0,P19838
P43005,O43513
Q9UQ88,Q8IX90
P11047,Q92570
O14613,P20807
Q02224,Q15389
P03951,Q9Y2I1
Q9H074,Q8TF74
Q8N3Y1,P02679
Q99590,P35398
Q9NZL6,P08709
Q7Z3Z4,Q8IY18
Q13190,Q13087
Q99569,P0C2W1
Q9NRY2,P05546
Q6IQ32,P01106
Q9UNF0,P26373
Q9H9A7,Q96HR8
Q9NR12,Q9Y4B4
Q9UMW8,Q9BQ95
Q03519,P17706
Q6ZRS2,O60830
P30101,Q8NHL6
Q6P2E9,Q9Y3R0
Q16740,Q96JB2
P07814,Q99567
P35638,Q9BWC9
O00232,P35398
Q9HBM6,P61006
P10588,P15498
O00141,O00303
O14836,P62906
P16860,P11277
Q13232,Q9UMX0
Q8ND04,Q13451
Q13352,P31314
P15173,Q8N556
P28702,Q15389
P14923,Q07820
Q9BU64,Q9ULV3
P78413,Q8IWZ8
P01111,O76041
P06239,Q92570
P41212,Q96AX1
P18510,P49754
P62316,Q92730
Q9H765,P07992
P62714,P08670
O15212,Q9BXH1
P23396,Q8IY18
O75410,Q9P2W9
P61328,P11308
Q7L9L4,P28340
P78395,Q58A45
Q6GPH4,Q8NFH3
P30989,O00512
Q09472,Q96AH0
Q9H2X3,O94813
P52701,P35611
Q96CS4,Q9Y6I7
Q9UL33,Q96AY2
Q9HBW0,Q6NYC8
O75943,P14625
P04075,Q8N7R7
Q14683,O15297
Q99612,P17542
Q9H9C1,P42679
P01374,P50553
P98164,P38398
Q9Y2I1,Q07890
Q9Y6N9,Q9UBU7
O75940,O95163
Q96MW5,Q9Y2X3
Q9UPW8,Q07890
Q9GZT8,Q8N5C8
Q99961,Q02241
P51572,Q9NR33
Q9UI09,Q5JSH3
Q9UBE0,Q15406
O43396,Q9H334
Q9BYG5,O15539
Q12778,Q9HBM1
Q96CF2,Q9P2M7
Q92599,Q13155
P53992,O43251
Q58A45,P56282
Q8IXI2,O00186
P29322,P02743
P02778,Q969G2
P02461,Q9NSC2
Q12788,O95600
Q15038,Q9NVX0
Q9BUB5,Q9H6Z4
Q03188,P25103
Q7L5N1,O60231
P33991,P62380
P30533,P78552
O75376,O15061
Q9H3Z4,O43292
Q9Y239,Q14011
P52799,Q9P246
O14979,Q9NQZ3
Q9Y4K3,P00488
O94842,Q13492
Q93009,Q5T1R4
Q96D31,P30988
P51451,Q9Y2M5
O95297,O43318
P18031,Q13895
Q9NRZ9,Q8N684
O60256,Q15428
O43847,P53567
P19174,P30499
O15392,P37173
O75865,Q9Y219
Q13472,P49767
Q15404,Q9Y4Y9
Q6GPH4,Q9NS75
P30281,P26717
Q13137,Q92973
Q9Y2Y1,P49754
O95983,O75956
Q8TBZ2,Q8NHW3
Q7Z4I7,Q13224
Q04756,Q9P104
Q96F44,P20226
Q9H9C1,P00533
Q8N4P2,Q9H9E3
Q96LD8,Q9Y6H5
P31314,Q6FI81
O95400,Q9NR12
Q9Y2H1,Q86US8
Q9H8T0,P53611
Q96J84,P13725
O95155,Q9NZC7
Q8IY57,O94985
Q9NWZ3,Q9NSC2
Q96PB7,P56537
P05787,Q2M1K9
Q969T9,Q01081
P51451,Q13557
Q93052,Q9NQT5
P28072,Q6ZU15
O43236,P08519
Q99748,O15519
P10916,Q09019
Q8NHW3,P50151
Q12982,P00374
Q9NY27,Q92540
Q13451,Q5JY77
P34932,Q96BR1
P84022,P10747
O14599,Q7Z3B3
Q9H7Z6,Q13838
Q9BS18,Q14183
P62873,P17706
O60271,Q15459
P53365,P13688
P05108,Q8TD31
P57796,Q32P44
Q5MJ70,Q9BPZ3
P35638,Q15759
Q5VTR2,Q05639
Q5T5X7,Q9Y2T3
P35579,Q5T1R4
Q96L91,Q9NVR7
O95376,Q14160
O43156,P23327
O00567,Q96JC9
Q9HBM1,P11171
O00244,Q9NVP2
P32245,P07737
P10606,Q96AH0
P13805,Q7LG56
O60716,Q6N043
Q9H9Q4,Q6S5L8
Q12913,O14594
Q9BZK7,P05121
P21728,P25789
P53992,Q9H1D0
P38606,Q8IUQ4
P49760,Q9NW38
P41180,Q00987
Q14005,Q9P253
A5YKK6,P42263
Q8N5F7,Q15723
P11362,Q13889
P51587,Q9BRQ0
O60240,P49910
P57740,P29374
Q13625,Q96SD1
Q9HBH7,Q9H270
Q93063,P04085
P28336,P10828
Q9P0L2,Q92917
Q9HCG8,P35625
O43390,Q86Y01
Q99574,Q96SN8
O95402,P17812
Q15022,O95944
P20337,Q9NSK0
Q15645,Q16666
P83436,Q9UIU6
O00499,P25391
O95544,P19256
Q9P104,Q6ZYL4
Q96B97,Q92830
P68106,Q96SN8
Q15796,Q9NXR1
Q12834,Q13588
Q9NY93,Q9Y3B2
Q9BXL8,Q9NZM3
P61201,O60762
Q04756,P27824
O75899,Q8N3V7
O95819,Q96IF1
Q9NYJ8,Q99801
P18077,O43488
P29375,P48167
Q07890,Q99598
P78371,P01241
Q12906,Q96CS2
Q9UP52,O75506
P20916,P22460
Q15109,P59768
Q14494,Q9HCN6
Q14681,P06748
P13639,P68032
Q02388,P17342
Q9UNE7,P12757
P01127,P50750
P23469,P05108
P17693,Q8NF50
O43196,P20333
Q14106,Q4AC94
P62873,Q86Y01
Q5SW79,Q9Y239
Q96LD8,Q6S5L8
Q99741,Q9UBY9
Q86U70,Q14643
Q16667,Q5T1R4
O75864,O75695
P52945,Q8IU81
P28482,Q8IVI9
Q8NCM8,P81408
Q9Y3C4,Q9HBM1
P52655,O43402
Q9Y2Q5,Q15506
Q9HBM1,P12980
P61956,Q13505
P14653,P78318
P01225,Q9Y2K6
Q14643,Q2NKJ3
P32245,Q6W2J9
Q13868,P61006
Q9Y3A3,P29083
P61956,P36954
P12755,Q9UER7
P06702,P16109
Q7Z4I7,Q9NVX0
P02549,Q6ZYL4
Q96BH3,Q9BRG1
Q8IYD1,O95831
Q6PCD5,Q96J02
P61626,Q9H9F9
Q9HAZ1,O15144
P22736,P20807
O15550,Q9H765
Q53T94,Q9BYW2
Q9UMZ2,O43719
Q8IUH3,Q96QC0
Q9NQC7,O75970
Q99436,Q9NPA8
P33240,Q6PCD5
Q9P2M7,Q9UJV3
Q9Y3C4,P02765
P29474,Q9Y264
Q02388,P55273
O43913,P10398
P20749,Q9NQZ3
Q96CW1,Q7L523
Q9HAT0,Q14289
P02778,O95714
Q9NY93,P84103
Q04724,Q9BQB6
P02760,Q9NUG6
Q9UBT2,Q13951
Q8TD46,Q8WUA4
O43196,O60678
Q96CF2,P42226
Q9H0D6,Q9BWU0
Q8WWW0,Q9P0K7
Q12929,Q02297
Q8IYD1,Q8TBB1
Q86XK2,P46695
Q13505,P32239
P02786,Q9NQC1
O43313,P61077
Q14004,Q13352
Q99750,O15211
P68106,P18075
Q8NBZ0,P29376
Q9H0C5,O00762
Q8NFD5,Q96JH7
P23560,Q9UHV2
Q9HBM6,Q15311
Q9NP84,Q9H0D6
P54132,O95613
Q8IYJ3,O75582
P32971,Q5T1R4
Q9BWU1,P15514
P21731,P62491
P02774,Q14582
P56282,Q9BV36
O60664,P25391
O75369,Q9H765
Q14BN4,O00522
Q9H3Z4,P51571
Q71DI3,Q8TF05
Q9UHD1,P84095
P41091,Q16539
Q9UGL1,P60763
Q96H20,Q96DX5
P02743,P15408
Q96B02,Q96PF2
O43318,Q9Y6I7
O96028,Q13011
Q13428,Q6PJG6
Q8IWZ3,O15297
Q6ZN18,O75531
Q15102,O75962
P11940,Q9UK97
Q15366,Q03933
Q96AP0,Q9NP71
P13725,P78314
Q7Z6J0,Q9UBT6
Q58A45,Q9BQB6
Q9UI47,P23945
P31749,O43513
P03951,Q96JM3
Q14938,P42680
Q9NRI5,O60762
Q8WWY3,Q96T58
Q9UL62,Q9BVP2
Q9UQ84,Q9UMX1
P30154,Q9H0U4
P20337,Q86UE8
Q05469,P30499
Q9H4M9,Q92529
O15212,Q96FJ0
P13861,P16389
P08648,Q8N6Y0
P21953,Q9Y5K5
Q8WWY3,O95571
O15169,P40926
P02671,P30679
P24588,P98160
Q13029,P48023
Q9UHD9,O43264
Q07352,Q9Y2X3
O43447,Q8N6P7
Q9H6Z9,Q12841
P10155,P67870
O00186,O43143
Q15022,Q07889
P63215,Q9UKK6
Q13868,O94829
P68431,P33991
Q8N3Y1,Q03518
P07225,Q9UBP5
Q9NZN4,Q7L0Q8
Q9NY93,P50213
Q8TAD8,Q9H9G7
P28702,P22455
Q9Y343,Q8IUQ4
Q13503,Q92817
P12273,P49336
A8K0Z3,O60762
Q12972,O15169
Q9BUE0,Q9UBE0
Q9NS00,O95271
Q5T4W7,Q9UHF0
O15164,Q12774
P63279,Q12905
P12931,P24278
Q33E94,Q9UIU6
P23396,O14727
P35659,P45984
P13598,O15144
Q14257,P13501
Q86VN1,Q16478
Q9HBI0,Q13217
P01130,P02792
P08195,O95977
Q7L3B6,Q96T37
P06746,P52434
Q14155,P05129
P49642,Q9P2Y5
P18510,O75582
O14599,O95190
P30101,P01730
Q13887,Q3V5L5
Q96B01,Q9UMZ2
Q9NYG5,Q86X83
Q8IWV8,Q01081
P78395,O75582
Q6QNY0,Q9H204
O75695,Q9P0K7
O60880,P62993
P54132,Q9UBB5
Q9NTI5,O75582
Q9BPW8,Q9UMX1
P62191,P09668
Q2QGD7,O95163
O43432,P05556
Q09472,Q9Y3U8
Q8IYD1,Q13011
P20702,Q9HCG8
Q8NDV7,Q14183
Q9H175,Q8NI27
Q15022,Q9NSK0
P37173,P01892
Q9Y2S7,Q96EB1
Q9Y210,P48551
O60296,Q9UNK0
O00548,P57078
O14965,P57105
P46019,Q9UL46
P54764,Q9GZX6
Q8N5F7,O75179
Q96FV9,P51636
P10644,P12004
Q9NY33,Q9NRL2
P45379,P35658
Q99497,P53365
P04229,Q9BPZ3
P84022,P30533
Q13107,O43521
Q7L5N1,Q8TD46
Q99732,Q07889
P14678,Q92838
Q13310,O75150
Q99759,Q9H175
P05181,O75330
Q93009,Q15131
O75689,Q6ZYL4
Q96HN2,Q9UMX1
Q14118,Q9UIB8
P07332,Q99873
Q13216,Q9UMD9
Q92797,Q9Y5P8
P50613,P62753
Q9BTV7,Q13352
O15550,Q8TDX7
P17844,Q07820
O95376,P78413
P23560,P19387
P13611,P62380
O15211,Q9Y6W6
O15533,O14641
Q13153,P17542
Q96J84,P21728
Q9NS56,Q9NUU7
P62380,Q96KJ9
Q8IY92,Q9H9C1
Q9Y4D1,P19419
Q9H0E3,Q9Y4H2
P08519,P05783
Q7RTN6,Q13642
P23560,Q13541
Q9NP85,P35398
Q92797,Q13557
O60927,P02708
P02741,Q9Y4J8
P06307,P51668
Q8IWZ3,P56192
Q9H2D6,P52815
Q9BPW8,Q14183
Q92793,Q92917
P46821,Q13351
Q9BY77,P62072
P20849,Q19AV6
Q16890,Q92793
O60506,P50750
Q9BY77,O75509
O60488,P04066
P13760,Q9BW11
P05787,P49643
Q9H2S9,Q9UMD9
Q9P2R6,Q8NFH8
Q8WYH8,O75884
O60741,Q6ZYL4
Q99719,P50553
O60506,Q0VG06
Q15118,O75506
P83876,Q6UXN9
Q96EB6,P06746
O94889,Q8IZQ8
P51808,Q58A45
Q9BXH1,P67775
P09661,Q8TEU7
P11474,Q7Z4S6
Q14141,Q9Y6B2
Q14451,O15304
Q93096,O14958
Q9Y2I1,Q9Y2D8
Q92613,Q9UBP0
P61218,Q8WVY7
P51531,O43236
Q99942,Q01167
Q8NEM0,Q16740
Q9H0W5,Q96F24
Q9H0C5,P53618
O43292,Q96F44
O43189,Q7Z7L7
Q9UI36,Q9UHV2
Q9BUE0,P49750
Q8WXF1,Q92973
Q9BVW5,Q9H334
Q5SW96,P62841
Q9Y345,Q13761
Q8IVT5,P68431
O15068,O94906
P02686,O43307
Q9UNS2,P42574
Q92736,P01106
Q02543,P42679
Q9UH73,Q13332
Q9NS75,Q15075
P60763,Q12802
Q9HCG8,P13693
Q00403,O95243
P22301,Q96AX1
P02549,Q9NR50
P67870,Q1KMD3
O60238,P63272
P78357,O00303
Q14004,P23582
O60664,Q9H832
Q9NP84,P02675
P61371,P47874
P08246,P53365
P09619,Q96JC9
O60880,P11831
O75531,P78318
P40123,Q01081
P14555,P11166
P61956,P36405
P51946,O60716
Q9H8V3,Q96A44
P50591,Q5T9L3
P13010,Q16539
O60583,P15260
P12270,P34998
P07315,Q9UPN3
Q14112,O75150
Q9HCG8,Q8TAD8
O15259,O75448
O95831,Q3V5L5
P19438,O14594
P11142,P31483
P09326,P48553
Q8WYH8,Q04724
P38606,P33032
Q9NX08,P54253
Q9NP84,Q8WZ42
Q04917,Q01130
O00716,P62875
P19256,Q15118
Q9UBI6,Q96F44
Q9UGL1,O75369
Q9NY33,P62314
Q9HAW0,Q86Y01
O14777,Q9Y5S2
Q12982,P38432
P17544,Q7Z6E9
Q9H175,P55347
Q13291,Q86WT1
Q96EB1,P43250
Q9UBU9,Q7L591
P02708,P32969
Q6IA86,P35625
Q8TF74,O15145
Q96H20,Q6FI81
Q8WTW3,Q9H4P4
Q68CZ2,P55317
Q14112,O95704
P46087,Q8N684
P46060,Q12967
Q8WVY7,O95373
Q9UKI2,P81408
P26045,O15211
P57081,Q2NKX8
Q8TB45,Q92797
Q8WXF1,O43293
Q2T9J0,Q7Z6B0
O60711,Q9Y4G8
Q9H4P4,O43896
P07942,P48546
Q14106,Q9NVI1
P61225,Q6VAB6
Q66GS9,P11177
Q9UMF0,Q9H270
Q04656,P49815
Q8WZ42,Q7Z6M1
Q99081,Q6UXN9
Q15389,Q13509
P78347,Q9H3S7
Q8IWZ8,Q9UNH7
P15923,Q5JSH3
Q9UH73,Q06546
Q9Y5K6,Q7Z6M1
Q6ZRS2,O75840
Q14686,Q15386
Q01831,Q96QH2
Q00403,P05161
P00167,Q99575
O94979,O75478
Q13352,O00628
O95429,Q13185
O95677,O76041
O14649,P62140
Q9P2M1,P61981
Q9H160,Q9Y3E2
P09486,Q16595
Q7L2J0,Q07960
Q2M1K9,Q2TAY7
Q9H8V3,O43502
Q9Y5Q8,Q9NWS0
P55895,Q8NB16
Q9BQ67,P01732
Q96AE4,P62195
P61604,P10242
Q96C24,P26373
P60660,O43513
Q9NYG5,Q7L2E3
Q9Y6W8,P08574
P16871,Q5VTL8
P30556,Q12769
O60678,Q9BW27
P60604,Q9NPF4
Q9BUQ8,Q86SZ2
O75081,O75604
P78371,Q03518
Q9Y2I1,P68402
P61956,Q8WUA4
P49759,P01100
Q14112,P55735
P21817,Q92530
O75494,Q9UL33
Q9NVR7,Q13200
P14210,P41227
O43488,P06493
P00488,O60678
P25103,P10398
Q9BVC4,O00451
Q9H9F9,O00186
P18615,P23582
O43663,Q15046
O00401,Q9Y2X3
O15144,Q1KMD3
Q13418,P27824
P61764,Q16667
P29373,Q9UHV2
Q9UM13,Q13951
O14511,Q96JH7
Q16666,Q9Y3A3
Q8IWZ6,Q99801
O76003,P13224
Q9NRI5,Q9Y6J9
P11234,P49336
P55347,P31150
Q9H4E5,Q8TDX7
O15211,Q86Y91
P01106,P84095
O14976,Q9UIG0
Q8IU60,Q86SQ9
Q9UJW9,P48730
Q9H2X0,Q9Y2D8
P22303,O60830
Q14831,P26717
Q9GZX6,O14920
P31314,Q9NWS0
Q93009,Q6NWY9
Q86U06,P49458
Q92570,Q02548
Q9NS56,Q6PIL6
Q9H175,Q5TCZ1
Q86YS3,Q3V5L5
P07858,Q15648
P55273,O60830
Q9H4M9,P43246
P18621,Q8IUH3
O95278,P17096
Q93062,Q9UBN4
P49716,Q8NC51
Q03135,Q7Z6A9
Q7LBR1,P06730
O95149,P24539
O60826,P49711
O75145,Q96AP0
Q53HL2,Q9NVD7
P13051,O95319
Q9NRR4,Q9H0Y0
O43913,Q9UM73
P31942,Q99714
P14653,P02774
P50750,Q9P0P0
Q9HAW0,Q92643
P99999,Q8NF91
Q9Y2V3,P24539
O43745,P62136
P49639,O00255
Q13188,Q9P287
Q03001,Q05516
Q92854,P28161
Q14681,Q9UBR4
Q9NP64,Q96AX1
P46821,Q92777
P26441,O75962
P25445,Q8NHZ8
Q9UBP6,Q7Z6E9
P15151,Q96BD8
Q9BQ15,O75525
Q86U42,P26599
P16284,Q9NWS0
O00623,Q92643
O15457,Q96NY9
Q9UQK1,Q9H161
Q9NY33,Q13595
Q8NCM8,Q9H0U4
O15511,P18850
P78552,Q9H4B6
P49207,Q07889
Q9P2M7,Q13011
P55884,Q13469
P53992,Q9UQM7
P16615,Q13127
Q13233,P59768
Q08397,P53992
Q8IY57,Q7Z4S6
O95571,P00918
P62244,Q07866
Q9NUG6,Q9BRQ0
P55072,Q86UP2
P52907,O75969
Q9Y4D1,Q8N5Y2
Q14498,O43402
P02786,Q02297
Q5RKV6,Q8IY57
Q15532,Q9UJF2
P30279,Q96CS2
Q9Y244,Q9H0A8
P53611,Q8IY31
P61024,Q9BQ95
P02760,P10909
Q16650,Q96JH7
Q9BS18,Q8IXJ9
Q99075,Q96RR4
P35712,Q15723
P26045,O75928
P30876,Q13011
Q13905,Q9NZC9
Q6VVB1,P19438
P16152,P21731
Q9H2X3,O43933
Q9UBB5,Q8N5C8
P09086,Q92542
P80098,P05181
P04083,P10809
Q96M61,P36578
P61086,O14867
Q8WYP5,O60927
P55273,P43320
O00329,P08833
P04628,O75326
Q8WUI4,P49327
Q9UPY3,O75947
O43924,P78357
O95400,Q2QGD7
Q9UQK1,P30405
Q9H2X0,Q8N5C8
Q96BH3,Q66GS9
Q8N201,Q05516
Q9Y2Y1,P46821
Q969T9,Q86YR5
P38936,Q9UK97
Q01130,Q15759
O14613,P10644
Q05086,Q15173
Q5VST9,P35658
Q9H5I1,Q96FJ2
O43592,Q13485
O00339,O75689
Q93062,Q9H5I1
Q13156,P51114
P61962,O43707
P09496,P14921
Q92777,O43513
O60256,P35658
P46940,P60660
P29376,Q8TEP8
O00463,Q99958
P25116,P05106
Q9BUZ4,P68431
Q92574,Q9H8Y5
P32927,P11277
P36957,O95400
P99999,Q9NZN9
P55795,Q9UL46
Q9BWF2,P05556
P18887,O75179
Q9Y2Y9,Q9UL63
Q6GPH4,Q92747
Q9H0W5,O14544
Q09013,P11387
Q96CF2,P35670
Q96FV9,Q9UGK8
Q9Y297,Q15365
Q5VTL8,O95573
Q5TKA1,P10515
Q6ZYL4,P12270
P05067,P55899
O60291,Q9Y508
P09914,Q13332
P00167,Q99962
P54136,Q03431
P00374,Q5VTB9
P29992,P16109
P32856,P30679
Q9NYG5,P35637
Q96GG9,Q969H4
Q9NRR4,O00548
Q9NYJ8,Q96PK6
Q9NWT8,P56282
O15520,Q5VWQ8
Q6P2Q9,Q13224
O14613,Q9Y535
Q9H845,P34932
Q9UBS0,Q96L73
Q9NPA8,P02788
P29459,O00303
P40306,O14777
Q9GZQ4,P52952
P01563,P12980
P20333,Q7Z417
Q9BZD4,Q8WUA4
P61158,Q92934
P62249,O43143
P47804,O95210
P46108,P20810
Q96LR5,Q9UL54
P52701,O14979
O60486,P26715
O14901,P27986
P17096,Q13557
Q6NXR4,P62906
Q96RN5,P01024
P46976,P20339
P62136,P32971
O95544,Q9Y4Z0
Q9H1R3,P17706
Q9H5I1,Q05048
P35712,O00712
Q96JN8,P52594
P62280,O43566
Q8NCQ7,P11171
Q86W92,P49721
O14796,Q8IX03
Q9UHL9,Q09019
Q9H2X0,Q9NV44
Q14194,P49959
O00213,Q9Y3T9
P10644,O75934
Q9HBM1,Q14204
Q14565,P05546
Q9P2M7,Q9C0J8
Q8WWW0,O00148
P51451,P20333
P54098,P51114
P28062,Q8NFH8
P17706,Q9NVI1
Q8N531,P49815
Q01718,P22001
Q9UJW3,O75477
Q99961,Q9H845
P20336,P06748
P01135,Q2QGD7
P25815,Q9BXS5
O95210,Q6FI81
P20333,Q5VWQ8
Q66GS9,P51636
Q9UBZ4,Q86UT5
Q9NS75,Q04756
Q9BPW8,Q9NVK5
Q96BD5,Q86WX3
Q13464,O60231
P22830,Q9UGI8
Q93096,P20594
Q96MF7,Q13889
Q8NFT6,Q05469
P98077,Q9BU64
O43293,O43933
P20248,O00626
Q9NRR4,Q96EP0
Q9BSL1,Q00534
P62714,Q9BVP2
Q9BXL8,O75800
Q76L83,P01588
Q8NB16,P05452
P63167,P46531
Q6ZRV2,O96020
Q9UKJ1,Q15046
Q9BZI7,O95140
P05362,O00308
O75582,Q9BQB6
P05156,P05549
P62714,P28324
P50749,Q9UJY5
Q06418,O14879
Q13356,O95831
Q13492,P81408
Q14197,O76041
P20042,Q9NYB0
Q14643,Q92904
Q92973,O43164
Q9P0R6,Q92574
P07858,Q9H8S9
P07093,P43627
Q9BQ95,O60756
P10147,P26367
Q8WVJ9,O43719
P55347,P18433
P49910,P30988
P39905,P43250
Q9H845,Q9GZL7
Q49AN0,P24588
O14980,P23469
P12757,Q86T24
Q9UMX1,Q16650
Q9NQ25,Q9NZD4
P14210,Q9NX24
Q7LG56,Q9UKB1
O43189,P23582
Q9Y6F1,P43627
P46976,P08575
P16471,Q6P2E9
Q8NHL6,P25024
Q02952,P63220
Q9UHB7,P43628
P09086,P32246
Q96BH1,O75688
P12081,Q8TEK3
Q14764,P01116
P61619,O95613
Q9Y6W3,O75969
Q99996,Q9HBE1
P48509,Q96LD8
O75962,Q5TD97
Q14BN4,Q9H8Y5
O75179,Q92636
Q13043,Q9P2M7
O14745,Q9HCS4
Q86U06,P16389
Q9Y2T3,P13987
O95714,Q86Y91
O95278,Q9BQG0
Q9HCG8,P05156
Q6ZRS2,P50453
Q6ZRS2,O75864
P49675,P16070
Q14145,P16284
P42336,P07858
P36956,Q9Y3U8
Q5SW79,Q96AY2
P43246,P27986
Q92529,O15511
Q13492,O75506
Q9UPY8,Q6NZY4
Q6GPH4,Q8WVJ9
O75340,O75396
Q9NP85,Q9Y3E2
P57678,P15172
Q9H0R8,P16591
Q9Y6N8,Q9Y6I7
Q07890,O14641
Q8NHW3,Q99873
P04080,Q8IWI9
Q92882,Q5TKA1
Q9Y3Y4,P22455
Q9NS00,P25789
P31323,Q9NRY2
Q13769,P35638
O43680,Q9H2S9
O95140,Q16539
P35611,Q96F07
Q9UKK6,Q9NV56
P02749,Q13618
Q7Z6G3,P23025
Q13303,O14727
Q16666,Q29RF7
Q9NPI6,Q8NB12
P14859,P04229
Q9UM73,Q9UQB8
Q9NZV8,Q96AX1
Q14145,Q14118
Q99683,O00451
P28336,Q99835
Q12874,P55327
Q7Z6M2,Q92667
Q6EEV6,Q05682
Q9NTI5,P27701
P19438,P11277
Q9UGJ1,Q13555
Q12996,Q03181
Q9Y2M5,Q7Z494
P42345,P02745
P52597,P15918
Q13402,Q9H0Y0
O00499,Q9NZN5
P43005,P09936
O15297,Q92830
Q13322,Q96JC9
Q9NYF0,Q14114
Q02224,Q15723
Q8N9M5,Q9NQ29
P30203,O15511
Q5JQC9,Q8IWZ6
P31942,P06703
P54619,Q9NR55
Q9H6T3,Q12873
O15350,P23142
P52756,P14653
P19022,Q5T7B8
Q15233,Q14582
Q9H845,Q9BQF6
O95271,Q9NW38
Q16849,P52298
P78357,Q9P2K3
P07737,Q9Y3M2
P50461,Q9NRD0
Q12851,Q9H4B6
P38646,P01241
Q96CS3,P98172
Q99075,P12931
O75081,P57682
Q14526,P50453
Q9Y2W2,P13598
Q9H6Q3,Q99972
P20749,Q16539
O95487,Q96J92
Q9BQ15,Q8WWL7
O75592,P07237
P54764,Q9BXK1
Q7L8J4,Q9BXK1
Q9GZQ3,P10644
O60583,Q8WW38
Q13347,P10809
Q8N1L9,P21580
O00592,P50453
P01588,P60763
Q8WZ42,Q9NSC2
Q9BUE0,P29374
O95232,Q99719
P50616,Q8WW38
O43187,P61289
P05107,P49768
Q14344,Q8WVM0
P61626,P04080
Q99081,Q8WWY3
Q13303,P33032
O43913,Q14296
P42336,Q9Y3M2
P43320,Q6VAB6
P05230,P53805
Q02535,P50453
Q9NZL6,P23560
P30086,Q8IYW5
P14635,Q13509
O75925,Q16656
P43403,P16035
Q96AE4,Q9Y2K6
Q9P246,P51149
P06493,P37840
Q15120,P12980
P46736,O14948
P61758,Q9NYB0
Q2M1K9,O60609
Q9NTI5,Q08AG7
P02768,O00189
Q04724,P50914
P29622,Q14155
P08908,Q9UQ35
O43143,Q96JM3
P41252,Q14204
Q9H0Y0,Q9UIF7
P52594,O43592
Q9UBN6,Q9NW38
Q13029,Q13427
Q9Y613,O75330
O00623,O75461
Q13492,Q15154
Q8N3Y1,P49137
P14770,P18428
Q13352,Q7L5Y6
Q9Y3C8,P26373
P61019,Q07352
Q9NPH3,Q9C029
O60437,Q92777
Q9GZZ9,P29992
Q8TF40,Q9NP64
Q8IVP5,Q9UBI1
P56693,O95613
Q8IVI9,O60869
Q8TEK3,P67775
Q04756,O43491
Q13042,Q96B02
Q13404,Q9UNM6
Q9H2X3,Q7L5N1
Q03111,P14921
O75689,Q96F24
Q9UL18,Q9BUN8
Q9NRD0,Q9GZN8
O43924,Q9UQB3
O00622,P60903
Q9UMX1,P15036
P61626,P51911
Q9ULV8,Q9BQ67
Q9BWC9,Q96AX1
Q15915,O00303
O75439,Q9NZD4
Q5VST9,Q7Z4S6
Q6WKZ4,O95630
O15020,Q9H3S7
Q9NPF5,Q9Y6W5
O15061,P21583
P16035,P51790
P02746,O95382
O60664,O75056
Q9NWB6,P51532
Q15528,Q9HCJ0
P23763,Q96QT6
P61586,Q14494
Q9UKK6,Q6S5L8
P18846,Q13011
Q9Y3B2,P11171
P12235,Q99466
Q6NYC8,Q06587
O60756,Q8WW38
P31483,P27361
O15519,Q8WW38
P15407,Q6ICG6
P18846,P56282
Q13158,Q9H1Y0
O15055,P40938
Q9Y3A3,P20273
Q9NP97,Q86UP2
Q13614,P13569
Q9Y6K9,P09619
Q5XPI4,Q8TAC2
P12004,P23142
P49238,O00308
P09913,Q8NB12
Q13347,P28065
Q6N021,P24522
P33991,P41273
P43403,Q07820
P61457,P62820
Q96SU4,P17706
P30499,Q4VX76
P78356,Q14112
Q7L5N1,Q92917
P04229,P61006
P15170,Q14011
Q9Y3C4,O43566
O75147,O14933
P02452,P49848
Q93009,P81408
Q9HBM1,P02708
P19474,P16035
P50749,P16284
P53803,P42345
Q9H461,P38432
P47804,Q8N6P7
Q9NWT8,Q9BQB6
Q15843,P42261
O95197,P51532
Q12778,Q9HBH9
Q86X83,Q15746
Q7L2E3,P39748
Q6IA86,Q13131
Q9NWA0,O43427
P01225,Q7Z460
O60506,O75477
Q702N8,Q9NP97
Q13303,Q16740
O75448,O43663
O15516,P43628
O60486,P39748
P47874,Q15025
O43680,Q86SX6
P02730,Q02388
O14593,Q92925
P24390,P10244
Q8TDR0,Q16644
Q12947,P23396
O60664,Q92973
Q53T94,Q13873
P14210,Q9NYJ8
Q15323,O14593
P85298,Q9BZW8
Q9Y4C1,P51957
Q9UNY4,Q13501
P32942,P62736
Q9UQQ2,Q7L0Q8
Q7L2E3,P10155
O75947,Q9UBI1
P61978,P17480
O60481,Q9H6T3
Q86SZ2,O43318
Q96AY2,P07237
P63279,Q8NFH8
Q9H165,Q14112
O43395,Q96J92
Q9GZZ9,P17096
Q8IYW5,P12235
P16860,Q8IY92
O95714,Q9Y375
P78362,Q9UI14
P10114,P06881
Q03181,P38484
P25063,Q96AJ9
P29320,Q9H0U4
Q8TES7,Q9UL33
Q9Y6R4,Q9UJX3
O15055,Q96QC0
P05112,Q96JB5
O75865,Q9NQ55
Q96NA2,Q13190
O43427,Q9UGI9
O96020,P19404
Q15915,P55055
P26045,Q96IY4
Q07325,P55795
O60927,Q15080
P23468,Q8WW01
P35368,Q9NNX6
P35611,Q15642
P19404,Q9NZD4
Q00597,Q15744
Q9P086,Q19AV6
Q9Y2A7,Q9P0K7
Q9Y4K3,Q13227
Q71F23,Q9UHX1
O00220,P13688
P09467,O75369
P01732,Q96JC9
Q9BZD4,P49795
Q07020,Q8WWW8
O75146,Q01638
Q96IY1,P25391
P04234,Q9UBF6
O00548,P04085
O95544,Q96B36
P05160,Q8N1F8
Q14566,P01160
Q969R2,O94927
P50539,Q8N201
P43686,Q8NHG7
Q96IY4,Q9UGM3
P62306,Q9H6Z4
Q96Q42,O94973
Q9H765,Q9Y508
Q9GZT8,Q8WX92
Q9Y4C1,P04085
Q9H553,Q8NF91
P60709,P51684
Q15648,Q92834
Q5SW96,P23921
P57796,Q14566
Q9UMZ2,P85037
O15116,Q9Y6Q9
Q9HCE7,O95425
P60033,Q9UQC2
P40926,Q86UP2
O00622,Q14451
P55316,Q9Y4B4
P43364,P85037
O43752,P18428
Q9H9H4,Q9BYG3
P62820,O15123
P24928,P27658
Q00688,O43164
Q12778,Q9H469
P51679,Q86YC2
Q15022,P13688
Q96BY2,Q12860
Q02388,P35998
P18077,Q8IZT6
Q92886,Q8IZD9
P21506,P29459
P51693,Q9UIF9
P63261,O43521
Q99759,O94985
Q9UBK9,Q8WVM0
Q8WXH0,Q14183
O75955,P68032
P0C2W1,P18077
Q13554,Q15744
O15392,O75530
Q86YV9,O43292
P54764,Q8IVI9
P24855,P60660
Q9H0E7,Q13315
P16035,P08574
Q9NTG7,Q96NE9
Q9Y2X3,Q9BY11
Q9GZY0,P62633
O43390,Q9BQG0
Q12947,Q9UM73
P49450,Q9NX24
Q9UHN1,P42679
P08572,Q9UJY5
P78314,P53805
Q96II8,Q02548
Q9BTV7,O14939
P01189,P53618
P16152,P04198
P15976,P50749
Q9HAW4,Q07890
Q9BUL5,Q96PF2
Q13332,Q96JH7
O75807,O14544
P43026,P46379
Q13503,O43294
O95793,P09493
Q9NW08,P32971
P54132,Q9HBE1
Q96E09,P19838
Q99683,Q86Y01
Q9BWT7,P41002
Q14790,P12272
P26006,Q9NW38
Q9H221,P15172
P36507,Q6PJG6
Q9UP52,Q9UHV8
Q5T4W7,Q9UBC2
Q9NPD3,P24723
P23396,O43502
P05771,Q13227
P52597,Q96C24
Q53G59,P50461
Q96GG9,O60271
Q969R2,Q99873
P48553,P42679
Q969T4,Q15334
O14511,P08476
Q8N3Y1,P61247
Q96DB2,Q15915
P14784,Q03518
Q14149,Q9UGM3
P46934,Q9UBN4
P01308,P16284
Q92542,Q05682
O14497,Q14197
Q9BVA0,Q9BRT9
P60953,P29350
Q96T76,O00541
Q86YV9,P20290
Q9NZL6,P07947
O00585,O43318
P05412,Q9HCE7
P61019,Q9NY93
Q99547,Q99567
P11831,P01019
P19838,P25054
P25774,Q92917
Q9Y5P8,P05121
Q7L8J4,Q9ULB1
P31350,P16389
Q96DE5,P49763
P29322,P50616
Q15262,O75477
Q15915,P17096
Q15311,Q9UM07
Q12830,P24278
P51572,Q9NVF7
P10916,Q8N5Y2
P29373,P21731
Q9UQ88,Q9Y281
Q9UBE8,P23560
Q07866,O95758
Q8NCE0,Q9UPN3
P49458,P55199
Q9Y6Q5,Q9UBN6
P06396,O75525
P07942,Q15118
Q92837,P42081
Q9UBI6,Q96AY2
Q9BVW5,P42226
P12755,Q9Y2J2
P19419,P53805
Q9NPG3,Q9H2D6
Q13029,P84095
O00300,O76075
O95600,Q13444
Q8TBZ2,O43488
Q9P2Y5,O14579
Q16666,Q9BYG3
Q9H8S9,Q9H1A4
Q9H0Y0,Q9BVG8
Q8NFH4,Q12788
P36507,P00742
P31483,Q12778
Q9NQ66,Q8TAD8
Q9H2X0,Q6P1J9
Q92889,Q99819
P11831,Q8N3V7
Q14746,P54253
P09913,P36402
P38117,Q96SD1
Q99759,Q92918
P08246,Q15532
P35670,Q9Y6X3
Q9H0D6,P07951
Q7LG56,Q15386
Q9UHQ4,P43628
P57678,P18075
Q01860,Q9UIF7
Q15596,Q9NVF7
Q14318,Q96Q27
P12755,P49821
Q96LR5,Q9H9Q4
Q96RK4,P48553
P08908,O14879
P45379,Q9UL54
P09326,P36507
Q9UKT9,Q02297
Q9Y6F1,P53805
Q96BY2,P05177
P20339,Q9UL33
P51812,P26640
O94952,Q29RF7
P53567,Q6NYC1
Q8WVJ9,P81408
Q03001,P16104
Q14106,Q8NFH3
P35611,Q9P246
O75817,P53618
Q16666,Q96B36
Q9H6D7,Q9NVF7
Q13546,Q9NRG0
P26640,Q96DX5
Q99942,Q13277
P53567,Q86UN6
P15407,P24522
O95336,Q07864
P61019,P49675
Q6ZSG1,Q9NXV2
O43593,O15123
Q9NVD7,Q13936
P20226,Q92569
Q99584,P42081
P84243,Q13029
Q8WVM8,P13688
Q9H6T3,Q9Y6Q9
P57678,P62244
Q9Y275,Q12840
Q9P246,O75528
O43852,P62136
Q9Y275,P13056
O00232,P07333
Q86SZ2,P35658
Q9BVC4,Q03014
Q92754,Q7Z494
Q9UJV9,P15880
Q9H0W8,P35613
Q9BXS5,P43627
P55039,P18433
Q9H160,P43628
Q9UI14,P19174
O60683,O75528
Q7LG56,O75170
Q8N556,Q99576
P26640,P78371
Q6R327,O75817
P78406,P54253
P61586,Q6NZY7
P05452,O60678
Q6WKZ4,Q09470
Q15465,Q9NRY2
Q9H3U1,P47224
P15018,O75934
O75884,Q9UGK8
Q96II8,Q9UK97
O00291,P41161
Q9H0K1,P13598
P54646,Q9GZX6
P00749,P51572
Q13085,Q969P5
P02794,O76003
Q16586,Q9P253
O43156,Q15723
Q9UJT2,P06239
Q9NRG4,Q9NWA0
O95400,Q96AY2
Q8WWL7,Q9Y2A7
P23258,O15520
Q9Y6W3,Q14181
P10916,Q13643
Q01844,P68106
Q5VTL8,P62328
Q13042,Q9BSV6
Q9Y5X4,P60953
P05231,P09086
Q9Y4G8,O75496
Q01844,Q9NZM3
Q8WVJ9,P11171
O95571,Q9H845
P43246,P14923
P29992,Q9NZM3
Q9Y5R8,O43765
P22059,P14635
O75340,Q8TBB1
Q9H267,P56537
P61244,Q9UL03
O95402,P08588
Q6NYC8,Q8NF91
P30101,Q05048
Q969T9,P17980
Q9BQF6,Q9NQB0
P07858,Q14114
P20333,P08962
P35670,Q9UBN6
P01583,P25789
P47804,Q9BX63
Q9NYF8,Q9UGI8
Q14289,P49910
O95460,Q5VVQ6
P10644,Q05682
Q06828,P40227
Q9BYH8,O94889
P53992,Q13087
P61163,P16389
Q9UQ84,Q9H257
Q02487,P25789
P47874,Q9Y297
P21675,P60763
Q06124,Q8TF05
Q8TD16,Q8TAC2
P22695,Q9C029
O95630,Q9BRG1
O75676,Q969P5
O00622,Q9NR80
P51911,Q9NPF4
Q8TBZ2,P27361
P53992,Q15078
P54274,P05549
Q13303,P22303
Q9UNY4,Q9UHC6
Q9GZL7,P21796
P51572,P00742
Q14BN4,P10147
Q969R2,Q6N043
Q16548,Q9NPF5
P30679,O75477
Q06190,P24522
P27701,Q14114
O75293,Q9HC98
Q8WYP5,P84085
Q9NUU7,P13725
P16333,Q92973
Q9H6Z4,P32246
Q9H0A8,P54725
Q9NYB9,P85037
P04264,P62633
P08922,Q14814
Q8NFD5,Q9P2D0
O00522,P49257
O75081,O75448
O14599,Q9Y4A5
Q6UXN9,Q14118
P51148,P18859
Q96EV8,P38484
Q13451,P09622
P50749,P25391
Q9UBI6,O15205
P62273,Q9NSE2
P40616,O14770
P01241,Q9Y4Y9
P19022,Q13155
Q5JQC9,Q8TF05
Q6PI26,O75864
P49760,Q15723
Q86SZ2,Q14393
P51965,Q9Y5S2
Q5T7B8,O00628
Q86X55,P07315
P55317,Q92838
Q9GZX5,Q05639
P13010,P25024
Q9H2L5,Q16623
P29373,Q13155
Q969G2,Q7LG56
Q8TBB1,Q9H0U4
Q8WUI4,Q9Y6A5
Q99590,P62736
Q16548,P02549
Q07020,Q8NHL6
P57105,P50616
O75369,Q9P287
P55789,Q7Z406
Q9C0C4,Q9UBC2
Q14681,Q8IX90
O95149,Q8WYR1
Q9UBB5,P35613
P14618,Q9UPY6
P49716,Q9UKY1
P49639,Q9H6U6
Q9UBI6,Q92837
Q9UBP0,Q92830
P43119,P62913
Q92529,P11474
Q13451,P12268
P21506,Q86U86
Q16659,P41279
Q00975,Q9NR77
Q86YV9,P51684
Q8N729,P42574
O75147,Q5JVS0
Q8NFJ9,Q00534
P50895,Q7Z7L7
P61019,Q9UK41
Q14919,P12273
Q8NEM0,Q9H467
P09914,Q9UBI6
Q9NTI5,Q6SZW1
Q8NI35,O15205
O95140,P08588
Q14669,Q99584
Q96SB8,Q9NRY2
O95402,P31749
P12956,Q14451
Q9BWN1,Q9Y3D8
Q14677,Q9H0K1
P50570,O75164
P16157,P50591
P04049,P14618
P61457,Q1KMD3
Q15365,Q07955
P55072,Q86X83
Q96E09,P02741
Q13625,Q13233
Q9NPF5,P50895
O95967,P43628
Q9BZD4,P07737
P29992,Q66GS9
Q9NZC7,Q8N1I0
Q02156,Q9Y383
P61923,O94842
Q99743,P46776
Q12789,O43491
P21675,Q9BSL1
Q15349,Q6P1J9
Q96C24,Q96JC9
Q96BY2,P30988
P63279,P30876
Q8IVP5,Q14974
Q96LR5,Q13503
P21926,O94941
Q9H7Z6,P30460
Q7Z6A9,Q16849
Q15369,Q12996
Q12840,O75396
P78317,P51808
P30086,Q86VP6
Q92558,Q13485
Q9UGN5,O15020
P26045,Q8NB12
Q9Y4A5,Q15118
Q9Y2W2,Q9H1D9
P49407,Q66K74
P19174,Q9Y4Y9
Q9NV92,Q9GZN8
Q8IWY9,Q9UGI9
P60891,Q68CP9
P29459,O60741
Q29RF7,Q9GZR2
Q2M1K9,Q13002
P13611,Q9Y2X3
Q00403,P06881
Q9BT25,P60953
A7MCY6,Q8IY18
P21506,Q92956
P51451,Q96RU3
P01135,P78527
Q12905,P28328
Q9UBP5,P34998
P51679,P68106
Q9H8S9,Q99584
P49675,Q9NPC6
Q14181,Q702N8
P46108,Q9NVF7
Q13625,Q9Y3E5
Q86WX3,Q9NP85
Q9NV56,Q86UL8
O75197,Q13233
P61604,Q9NZN3
Q14011,P06396
P46940,P08922
O95785,P08574
Q13188,P01892
Q6UXN9,P51965
P23193,P06748
Q9H3M7,O75461
P12644,P23921
Q04637,P61758
Q15075,Q9NXK8
P15408,Q9UJY5
Q9NS56,Q9ULG1
Q15532,Q9UI12
P01106,O60756
Q16849,Q8TCJ0
O76003,P84243
P15382,Q12769
P54132,P49750
O60927,P21817
P31483,O15539
Q12834,Q9BQ95
Q13107,Q9NQP4
Q8IWL3,Q07820
P62753,P17813
Q7RTN6,Q9Y2K6
Q9NRR4,P51172
Q12830,O00512
P20273,P19419
P08238,O75506
Q92558,Q7L5D6
Q9UJW0,P36873
P43005,Q9BVM2
P08311,O75330
P35637,P01308
Q8N3U4,Q9HBH7
P51451,Q01658
P60604,P53992
Q9UH92,Q6S5L8
O15061,Q03181
P09668,O00592
P05386,Q8WUA4
P09681,O76075
O60516,Q8N5C8
Q6QNY0,Q9H467
P00451,P12273
P26374,P09913
Q96AH0,O14579
Q9UBC2,P54646
Q15672,Q06455
Q9NPG3,Q6ZUJ8
Q9H9F9,P38606
Q9H2L5,Q6NXR4
Q05193,P11831
Q6NYC8,P28069
Q12947,Q92613
P17693,O15520
Q9C086,P31314
Q6EEV6,P36954
Q15102,P46019
Q96FJ0,P98160
Q9H4M3,P52952
P09622,Q9Y6R0
Q9P0L2,O15511
P05386,P11234
P12956,P52735
P41146,Q9HBZ2
P10155,Q14686
P07996,Q9Y6I7
P18621,O75150
O15111,Q99748
Q93096,P0CG47
P01112,Q16595
Q9NR12,Q9NNW7
Q8NBT2,Q15833
Q14149,Q15459
Q14103,Q92625
P23769,P17152
Q13546,P21817
Q9ULC4,Q4AC94
O15350,Q9Y4A5
O95544,P06746
P35900,P85037
Q02447,P17844
Q16611,P35900
Q9UI12,O95273
P29373,Q9Y2Z4
Q14168,P01583
P30989,O60756
O94966,O75369
P23467,P28072
P09326,P31150
Q14562,Q9P2Y5
Q96J92,Q96A47
Q15131,Q9Y535
P07766,P40227
Q99700,O95190
Q96KJ9,Q9UKT7
Q9UHV2,P10912
Q8WYQ5,Q08043
P00374,P78357
O43665,O95714
P19086,Q99547
P05771,O00308
Q9UBU7,P78357
Q9UPT6,Q13523
Q92754,P21796
P28482,P43320
Q9HBM1,Q8NF91
P19838,Q15046
Q92625,Q9HC77
Q96L91,O60256
P24386,P07858
O75925,P08514
Q8N5R6,P55327
P12004,P17813
Q9GZX5,Q96IY4
Q96FJ2,O15511
Q9BZD4,P16104
P35555,Q8IVI9
Q15744,Q9NP64
O15116,Q15427
P62841,P04229
O94952,Q8WU20
Q9H845,P62380
Q14643,P68431
O75914,Q15078
Q13362,Q99996
Q9H4P4,P28062
Q7L0Q8,Q9UPN7
O75832,Q13315
Q14807,Q86T24
P46087,Q9NQT8
Q09013,O75864
Q9H4M9,Q9Y5B0
P41208,Q13618
Q14168,Q9Y262
O43745,Q13554
Q9H4P4,P12272
O95229,Q9Y4Y9
Q9BXL8,Q8TF42
Q96HR8,O75170
Q86UN6,P62328
Q7L804,P42166
O95544,P08754
Q8NCM8,P16949
Q9NQ25,O75396
Q14397,Q13155
P78347,Q8WYL5
Q96JB5,P04080
Q9UHP3,Q9P287
Q8IWY9,Q9Y3U8
Q7Z6M1,O75150
P51178,Q96PF2
P07900,Q9HD47
Q9NS91,P53611
Q58A45,O94817
O15068,Q9NS00
Q16695,O14770
P06756,P62491
P07093,P48546
Q14242,Q8NC51
Q6ZRS2,Q96SN8
O14901,Q14397
P62277,Q9UHP3
P26373,Q9UNM6
Q02241,Q9UJW0
P11309,Q9H147
Q9UHL9,Q99961
Q96AY2,Q92570
Q14681,Q92851
P46776,Q6ZUJ8
P29353,P54368
Q14512,P02747
P18077,Q06587
P35637,P78552
Q15013,P04229
P83916,P35052
Q12860,Q13432
Q9Y3I1,P46776
O95544,P50151
P07900,Q13740
Q07890,Q9Y2D8
Q9Y2H1,O14836
Q53G59,Q92793
P15822,P49736
Q09019,Q9H1D0
O15020,P00748
P29353,Q7KZI7
Q13474,Q9BPZ7
Q9UGJ1,P61457
Q9UNY4,P09668
A5YKK6,Q96LD8
Q9Y6X3,P30291
Q02363,Q8WWW8
Q00534,O75970
Q5S007,O95977
P13056,O43491
Q6GPH4,P30988
P07315,P49327
P01112,P10644
P48145,Q02388
Q9GZX5,O95613
Q92643,P56645
P24386,P08709
Q8IXI2,Q96JM3
O95639,P41212
Q9NZL6,Q15672
Q99958,O43379
O43491,O75330
O75694,P68871
Q8WVC0,Q99598
P36896,Q9Y535
Q92781,P24278
Q7Z6M1,P09651
P25789,O60609
Q96EY7,P67809
P20585,Q9BUE0
O94889,Q76FK4
Q5SW96,Q5MJ70
Q8WV41,P63241
Q9Y6I3,Q8TF05
Q99836,P20336
O14979,Q7Z494
Q9UIF7,Q13009
Q14498,O15400
P38919,O94952
Q6EEV6,Q3V5L5
Q9UGL1,Q9HAP6
P23560,P06493
P02774,P41252
P23508,Q9Y262
Q5VTR2,Q16082
P15531,O60264
P51610,P46736
O00213,O75530
P14859,O00512
Q9Y5R8,Q5MJ70
Q12841,Q9P2D0
P23469,Q9UNS2
Q9P2J5,Q5JSH3
P16152,O60830
Q01974,Q9NSC2
Q99612,Q8WVY7
Q13888,O14958
Q14643,Q9HCN4
P63215,P35998
Q9NYG5,Q9Y6N8
Q9Y6Q6,P52630
Q03014,P10909
P05107,Q9GZN8
Q13951,P01308
P27037,Q0VG06
O43439,Q9UQB3
Q96J84,Q9C029
P54727,Q8N5I2
Q13563,P62316
Q15645,P42574
Q9NPB6,P36873
Q9NVR7,Q8N684
P46934,Q86Y82
P49796,P08833
P23560,Q07820
O95376,P31689
P56282,Q9H553
Q9UBU7,Q9UKA2
P62633,Q9Y508
P61923,P49639
Q8WXA9,Q96T23
Q9BUE0,Q86T24
Q96EB1,O75326
Q969R2,Q9NQZ3
Q53HV7,P02741
Q2T9J0,O75330
P26717,P30153
P62195,Q9UPY6
Q12841,Q15466
Q9NWF9,Q9UM54
Q9NQT8,Q9BRQ0
P17544,Q86YC2
Q13009,O60609
Q86UL8,P60842
Q9Y4E8,P62244
O43745,Q9UQB3
O75340,O43815
O75694,Q8NHW3
Q9Y6W5,Q9Y2D1
O76003,P62841
Q96JN8,Q13586
P19022,Q96SW2
Q9BUE0,Q14257
Q5XUX1,P49848
P33261,Q6NYC1
Q12913,Q96I25
Q8WTW3,Q12873
Q01831,Q9NZN4
O60568,Q15025
Q86XK2,Q8IWS0
Q8N2Q7,Q6VAB6
Q14494,Q58A45
Q14152,O00308
P00488,O60504
Q7L3B6,P30520
Q7Z465,Q8IUD2
P08922,P50749
Q9UP52,Q8TF74
P22570,Q8NFT6
Q9NP97,Q8IZD9
O43719,O43521
Q14114,Q9NW38
Q96SN8,Q15788
Q9HAT0,Q99732
Q9UKI2,Q96JM3
P43489,Q07890
Q13643,Q9UL54
Q9NV56,Q9UQC2
Q9NY12,Q9NZU7
Q9UJW3,P40938
O75052,Q86XR7
Q14674,P46019
Q8TDY2,Q8WTR2
P09651,P06756
P54920,Q9Y2R2
Q15404,Q9NPD8
O15550,P53367
P01106,P61081
Q9P2W9,Q13608
Q6UXN9,P05783
O60610,P50750
Q8NDX5,Q9H0W5
Q9Y2T3,Q9UKY1
Q9Y283,Q9BQ95
Q92956,Q9NY12
P55773,P40227
O75928,P55196
P98161,P35900
P57078,P46531
O75832,Q9H0W5
O14965,P02748
P61956,P00742
Q9NQC7,Q86UL8
Q12874,Q6P4R8
O95278,O14544
P39019,P17706
O15020,P15018
P61758,Q16539
O75410,P02749
Q86T24,P15172
Q96EK5,Q5JQC9
O75460,P31930
Q9Y6I7,Q96FJ2
Q7L3B6,Q08117
P08833,P15382
P00167,P38484
P47224,O43488
O15511,P63272
Q9NTI5,Q96DE5
O60664,Q9H2X6
O43143,P60660
O00186,Q9Y5B0
P41208,Q6PIJ6
P21333,Q9H2X6
P08514,Q04912
Q7Z465,Q14653
Q96JN8,Q02297
Q15788,Q8IU81
P51531,Q15078
P63272,O75791
Q6ZRV2,P29459
Q93009,Q5JY77
Q9NSA3,Q9H2G4
Q03933,P49754
Q9Y2W2,P42262
Q5VTL8,P16109
Q5VTR2,Q9Y6R0
Q96CD0,Q6TFL4
P60033,Q3ZCQ8
Q9Y275,P54577
Q14990,Q92570
Q8TDN4,Q9Y264
P05181,P21728
P12956,P11277
Q8TBN0,P23511
Q05682,O00189
Q00526,Q9UHX1
O00167,Q9HD26
P22455,Q96IF1
Q9H3Z4,Q92643
P26599,Q9GZM8
Q15349,Q96RR4
P60484,Q9NZM3
O15553,Q5T7B8
Q702N8,Q12778
Q14790,Q9UBI1
O94973,Q9Y692
Q9HBM1,P22303
Q9BWT7,Q9H7Z6
Q6P1J9,Q96A47
Q06830,P01023
P07101,P06307
P04234,Q06413
P23469,Q13424
P42684,O75717
Q9NZC7,P52630
P07949,P61626
Q9ULT6,P39748
Q9BWW4,Q13555
Q9BQ67,O14730
Q9H4X1,P06858
Q9BY77,Q13541
Q9P0R6,O43143
Q9GZQ8,P28161
P01160,Q9UQE7
P16860,Q15723
Q07912,Q16644
P62873,Q9BQF6
Q96NA2,Q8IXW5
Q8TD16,P05771
Q15349,P50461
P61764,Q8TD31
O75150,P11166
P18077,O43670
Q96J92,P20138
Q96EY7,Q86SQ9
P68871,Q9UBR4
O15550,Q9P275
Q13332,Q15078
P68871,Q9HCJ0
P49006,O76075
Q9BXC9,P17600
O14787,P85037
O75528,O75150
Q8TAP6,Q8NHG7
Q9NRY2,Q9UIF7
Q9GZV8,Q8IUQ4
P13224,P01892
P18846,Q8TDN4
Q96L91,Q9UHV7
Q6GPH4,Q7L2J0
O15155,P46934
P15374,O14543
Q7Z6M2,Q13427
Q8IUH3,A8K8P3
Q9UPT6,Q9Y262
Q2QGD7,Q01518
Q9NQ66,Q9Y264
P36956,Q8WYH8
Q12972,P31273
P15880,Q8WX92
Q13347,O95721
P33240,Q92882
O95336,O00592
Q9NWT6,O75170
Q9NRR4,P30876
P62805,P10914
Q99727,Q12841
Q8TAF3,P49761
Q02241,Q14203
Q9UNN8,P43320
O60481,P35625
O00567,P05549
Q93009,Q9BRT9
Q09472,O60885
Q14807,P39023
Q9UBQ0,Q6NWY9
Q8IYW5,Q9UJY5
P01563,Q969T9
Q99623,P13612
Q99732,P10909
P51116,Q8NB12
Q13884,Q15075
Q99732,P60842
Q96QK1,Q99972
P51451,Q9NR55
P04183,Q96IF1
Q9NTJ3,Q53HL2
P41161,O00592
Q99665,P02774
Q19AV6,Q96PK6
P14678,Q92530
Q96EV8,Q9NVX0
P52434,Q9HAQ2
Q7Z419,Q9NSK0
P57081,Q96B97
Q6NYC8,P60842
Q99576,Q13895
Q9Y5T5,Q9H7Z6
Q9UKI2,Q9HB90
Q02487,Q8TEU7
Q86SX6,Q9Y264
Q15544,Q9HBW0
Q96EB6,Q14152
Q96CA5,P23025
P05771,Q13501
P28161,Q9H0M0
P78364,P09486
Q86U42,Q8WUD4
O95819,Q14183
P13611,P49336
P61020,O43924
Q702N8,Q7Z406
Q99661,Q6TFL4
Q9UKJ1,P04080
Q01638,Q14566
Q15915,P01133
Q13061,Q14197
Q13188,Q53HL2
Q8WV41,Q96EV8
Q8IZH2,Q99547
P56693,Q13501
Q13595,Q9H0K1
O15144,P50453
Q16832,P08514
O60756,P18859
Q9UKK6,P67870
Q8NDV7,Q86UP2
P23769,P54253
P30048,Q86US8
P18077,O75530
P03973,Q15046
Q13042,O75840
Q9UJV9,Q14112
A7MCY6,Q9BQ67
Q9Y3E7,P30988
P68871,O14901
P13611,Q02535
Q8WYH8,Q14204
P09086,Q9NXV2
Q13352,Q15465
P47804,P13688
Q14749,P61006
Q99569,Q9UBT6
Q99683,Q9UIU6
Q13950,Q99972
P22455,Q13351
Q96EB6,Q9UBI1
P18848,Q9HD26
P30086,P55327
O60437,Q9Y243
P35612,Q9HD26
O15533,Q8TAP6
O15211,Q9Y4Y9
P08700,Q12840
Q8TAF3,Q13936
Q99759,P09936
Q9UJF2,Q8N1E6
Q13303,Q9BWW4
O95402,A0JLT2
Q9UQ84,P13010
Q15555,P01583
Q00005,O60884
Q9UQK1,P30203
P07900,P11171
P51172,P25789
O00622,P41229
P31273,P52701
Q96LR5,P19256
Q9C0C7,P08574
Q9UKK6,P52434
Q16613,O43164
O15550,P18428
P51825,Q9Y4B4
P61077,Q15744
Q9NYG5,O15400
P17661,Q71F23
P98155,Q9H160
O95140,Q15078
Q03431,Q99584
Q9UNE0,Q13501
Q92781,P08670
O15018,Q9BXW9
Q9HAV0,Q15459
Q9HC77,P01100
P42081,O00443
P10916,Q14919
Q06323,Q9H553
Q9HAP6,Q9UJY5
P00918,Q9NV56
P39023,Q8WWW8
O75604,O60583
Q16543,P08962
Q13740,P32239
P62820,Q9H1D0
Q9UJW0,Q99519
Q9H3Z4,Q9P2Y5
Q9NPI8,Q16613
P35611,Q9Y2Z4
Q9HAW0,P52735
P41220,P42166
O60763,Q99623
Q9UI14,P63000
Q8N3Y1,Q9Y2Y9
O14795,Q15746
Q8TEU7,P42679
Q13115,Q6SZW1
O15078,Q9BUE0
Q9BUG6,P62314
P55089,Q9H0M0
P61604,Q15428
P57740,Q9Y3R0
Q9BYH8,Q9Y6W3
P28715,Q15831
Q9NPY3,P23396
Q9P2W9,P29083
O60741,P01732
O75807,Q92934
P50150,Q02223
P26599,Q9NXV2
Q96K76,Q8WWW8
O15055,Q9UNM6
O15205,P13598
O75312,P67870
Q9Y2M5,Q96AH0
Q9NUU7,O00512
Q9NUX5,P49642
Q9HAT0,Q13614
P35712,Q9NV56
Q9UPU9,Q9H816
P78345,O15400
Q9UNN8,P36954
Q13332,Q09028
O75081,O95630
P09619,Q8IWI9
P60953,P26371
Q04724,O00712
Q9UI09,Q9NY93
Q6AHZ1,P02766
P50750,Q9UBB5
P04626,P49736
Q14161,P62273
P21796,Q12802
P23467,P42679
O75030,P20936
P39019,P62273
P68106,O75695
P03956,Q8TF40
Q99759,Q8TF42
P16157,Q15915
Q96DX5,P05783
Q16611,P25391
P49716,Q8IU81
O95376,O00241
Q5T2W1,P23582
Q96JB5,Q9H0Y0
P62875,Q9Y2Y9
Q9UBT6,O15123
Q9HBH9,Q9H6Z4
P55895,P17812
P27701,Q13233
Q9UIF9,Q9UDY2
P08195,Q8NHL6
O14625,Q9H6Z4
Q9NVP2,Q9P287
O60921,Q86U42
P36578,P06748
P52735,P16410
P43357,Q15386
O43602,P35625
Q9HCG8,Q8N3Y1
Q8N684,P12980
P56178,Q9BY11
Q9H8V3,Q92830
O75081,Q9NZV8
Q08881,Q13472
O60238,Q8TDU9
Q9GZR2,P00533
P01106,P49643
Q9UPM8,P35241
Q14526,Q9UBY9
P46934,Q9BYE7
Q92813,Q9UL33
Q9UBZ4,Q9HAJ7
P04080,O15400
Q9NWT8,P46019
P01241,Q14289
Q96AY2,P51149
P10415,Q9ULB1
Q04756,Q9UQM7
Q9Y5Q8,O43933
Q86SQ9,P53618
Q13474,Q969P5
P02749,P60484
O75529,Q9GZM8
Q15915,P01275
Q9UL03,P22736
Q86XR7,Q13322
Q9Y3E7,Q12948
Q13115,Q86TM6
O75865,Q99956
P99999,Q13873
Q9UH77,O43933
P09693,P67775
Q9H461,Q6PH81
Q7LBR1,Q9UPT9
P30154,P51684
Q9H6T3,P16104
Q9P2D0,P35236
Q9H1J1,O43502
P02679,P30499
Q9BXB1,Q6VAB6
P25942,Q9BUL9
O75531,Q92925
Q9BQQ3,P02748
Q9UL25,Q9NPD8
O43896,P51825
Q14790,Q96T60
Q9BPW8,Q9ULM6
Q15013,P35637
Q01130,P55055
Q8NHW3,Q14118
Q5PRF9,O75150
P22695,Q9Y4Z0
Q9BVM2,P68402
Q13705,P20749
Q92747,P24522
Q13586,Q96PF2
P49642,Q92918
P62633,P78371
Q9BUN8,Q16539
Q12996,P05121
O43313,Q12913
O75899,O00141
Q13472,Q86U86
P13725,P12980
P42858,Q9Y4K3
Q9NYY3,P22301
Q93096,Q9Y376
Q13563,Q9NR77
Q9UNN8,O15511
Q7RTN6,O60296
Q5VST9,P54136
P52907,P05556
P07225,Q6PH81
Q9NPC8,P62834
Q8IVI9,Q9H081
P17844,P09661
Q01826,Q7L8J4
Q8TAF3,P10828
Q14315,Q9HBE1
P42679,Q15327
Q9H0E7,P15407
P45379,P42263
Q7Z3B3,Q8IUQ4
O00499,P49736
P28074,O75496
Q13625,Q96SW2
Q16204,Q13951
Q969G3,Q9NXK8
Q03181,P25787
P14778,Q92917
Q9UGM3,P41743
P62314,Q9H270
Q6P2E9,Q9NPI8
O00232,Q9BRT9
P13612,Q6NYC1
Q9HAF1,Q15468
Q9UQ35,Q15365
Q9UQ84,O43602
P28702,P00742
Q8N196,Q9HD67
Q8N488,P30260
P04049,O95190
Q9NZL4,P07315
O60271,Q92934
P05771,P01019
P14373,P81274
P21980,P51114
Q13332,Q86UL8
Q9NZL4,P83916
O00186,P52630
Q8WWW8,Q2NKJ3
O14879,P11177
P51451,Q8NFJ9
P20702,Q969T4
Q13868,Q9NY33
P61289,Q03111
Q9NZN5,Q8N488
Q8IWZ3,Q5JVS0
O43593,Q68EM7
Q9UK41,Q8TEW0
O95229,Q9BQE4
P45379,P07947
P16157,Q7Z6M1
P15813,Q9NQZ3
P41134,Q5JY77
Q9BXK1,Q6NYC1
Q9UIF9,Q8IVI9
Q86Y82,Q9UHC6
P40222,P42772
P62263,Q9Y463
Q13557,Q6PJG6
P06396,Q13432
P24863,Q9H9E1
P49815,O60231
Q8NBW4,Q9UK97
Q8IYW5,O75864
O75446,Q8TD46
P07814,O95944
Q9NR50,Q9HBZ2
Q6FIF0,Q92973
Q8WVM0,P13987
Q15653,Q9Y2W1
Q05513,Q96JM3
Q92973,Q86UE8
P16035,Q14565
Q9HAW0,P24723
P42261,P25024
P42262,Q9H3S7
O94979,Q96SN8
O14893,Q9H6Z9
P31942,Q9UL63
P61244,Q9BUL8
Q9NS91,P14653
O75496,Q9P2F5
P35712,Q96IV0
P03951,Q9Y6D6
P51172,Q8N1L9
P04141,P48023
Q8IW19,Q96L14
P55210,Q13011
P16284,P41273
P78371,P62136
Q9HAU4,Q9NY12
Q92973,Q8IUQ4
Q8TAD8,P46060
Q6PIL6,O60716
O60481,O15520
Q6NYC1,Q9HB21
P68543,Q8N1L9
O95155,Q5MJ70
P07225,O00303
P30499,Q9UKY1
P78314,P67870
O60716,Q9NQH7
Q8IWZ6,Q9P2F5
P02741,Q8IY18
Q96PB7,Q15038
Q9NPI6,P78527
Q9UHL9,Q7KZF4
P19419,Q8ND25
Q9H0C5,Q8WVY7
P83916,Q9P2R6
P46777,Q15365
Q9NX08,P51681
P09493,Q9Y2W7
Q8NC69,Q8WWW8
P43629,Q7L5N1
P42025,O75330
Q16666,O14958
O95571,Q9P0K7
P78413,P63241
O00429,O60756
O14979,Q6P1N0
Q9NX70,Q01892
P12273,O75970
Q9UBL3,Q96JC9
P42772,Q12929
P57775,Q8IVI9
Q9UHQ4,O00167
Q8N1L9,Q9H1I8
O95997,P09326
Q12959,Q96L92
P53618,Q9Y279
P08700,Q16526
Q96SD1,Q96L14
Q9GZR2,P25116
O75369,O96020
P67936,Q86US8
P02766,Q6PIJ6
P10588,P19532
Q9UKT5,P01563
Q9NSE2,P06454
P17980,Q9Y6R0
P15260,Q8TDX7
P02792,Q9H0A8
P29371,Q9H9E1
Q96NE9,O75717
P23467,P30556
O60486,Q9HAP6
P60033,P04229
P35625,Q5U5X0
P26441,Q5TD97
P09493,Q05682
Q9NRG4,P06401
P09493,Q9Y248
O43293,P49116
Q7L576,Q71SY5
P67809,P13569
P11831,P25705
P78364,Q9UBR4
Q01844,Q07812
P01111,Q92783
Q9BYG3,O14770
Q9H6T3,Q99618
P51813,Q9P2R6
Q14160,Q9H553
P02545,P05813
Q13443,P47224
P36507,P10809
P31749,P17600
Q5XPI4,P21453
Q9BU64,P12273
P13688,O15539
P51532,P22692
Q9UHF0,Q8TAA9
P52701,Q13619
P20138,O14544
P08476,Q8N3R9
P08572,P31949
P01130,P25685
P61081,P00748
P04183,Q9NP97
Q8IYW5,O75150
Q9BQE4,P17542
Q7Z6A9,P25774
P51681,O75164
Q13705,O95336
P43026,P53367
P15374,Q9UBP5
Q16629,Q8WXX7
P53985,Q01844
Q9Y483,P61981
Q13107,Q06643
P62277,P30405
Q14790,Q9HBZ2
Q99698,P05783
P51957,P60842
O43432,Q9Y4J8
O95155,Q01167
Q5VST9,Q9BPZ7
P78357,P55273
Q9NRG0,Q9BWW4
P53396,Q9Y6B2
Q14106,P21926
Q6ZSG1,Q02548
Q9C0J8,P59768
O60759,O60504
Q6PCD5,Q9NZD4
P62380,Q13009
Q96P09,Q7L5N1
Q86Y82,Q8IX90
Q9H446,Q8TAF3
Q9NUU7,P48556
O95571,P01137
Q8TB52,Q9UQB8
O94842,Q9Y6W6
Q15311,Q6IBW4
P36542,P02741
Q9Y2W1,Q13523
P19838,Q7Z6E9
P54253,Q9NQ29
P29459,Q9UGI9
P02766,Q03518
Q9UPW8,P31483
Q13285,P30989
P51843,Q6P1N0
O75293,P05546
Q13352,P30460
P62942,P48551
Q2T9J0,Q7Z4S6
P15531,O94906
P54136,P49643
Q7L3B6,O00429
Q02363,P28065
O43292,P24522
Q9Y2W1,P35557
Q8TDR0,O43164
P46821,O94906
Q76FK4,Q14112
Q9BPW8,Q9UQB3
Q96EB6,Q8TAG9
Q8N3F8,Q9UHC6
Q13546,Q4VX76
P60709,P48553
Q9NTI5,Q92830
Q9UMX1,Q07890
Q14739,P00533
Q6NYC8,P30556
Q969P0,O75509
P28907,Q9UBY9
P42336,O15068
P41091,Q9Y297
Q9UGI9,O00273
O15259,P02748
Q6IPU0,O60291
P26010,Q8IU81
Q8N3Y1,P51884
P60709,Q16656
Q15642,P62913
P23921,P42081
P06756,P23229
Q9C086,Q8WWW8
P21333,Q9BQ67
P22830,P01892
Q32P44,P61218
P05161,P78356
Q9UNE2,Q9NNX6
Q08050,Q96D31
P51114,Q9NVP1
P30622,Q9UIG0
Q9P246,P49238
Q53ET0,Q9NQT8
O75509,O75326
O95400,O94817
Q9H4E5,Q86T24
Q9UPU9,P30281
P15407,P19474
P43628,P42679
Q9UHL9,Q9UPZ3
Q9Y6W3,P10588
Q9Y5B8,P09429
O15516,P62834
Q04756,Q15691
P30533,Q8NEM2
Q9UBF1,Q15389
Q8TDB6,Q8IZD9
Q01105,O14770
Q9HBH7,P16104
Q9HAW0,P78543
Q96RT8,Q15691
P29350,Q9UL46
Q8N3X1,O43513
Q9UBS0,Q12996
Q96CS2,Q8N6P7
P20618,Q96L14
Q16695,Q96F24
Q96QC0,Q9UK41
Q0VDD7,O43164
Q5TGY3,P17812
O95376,Q08043
Q9Y6R0,Q02297
Q6TFL4,P12814
Q13951,P26717
Q9UHV7,Q13509
Q9UPW8,P25685
P57682,P31350
Q14192,P40123
Q15404,Q9BQG0
Q969K4,O14796
O43402,O43293
P55072,Q8TAG9
Q8IX07,P43364
Q8IZH2,P30989
Q96RK4,P61006
Q5JY77,Q9Y2Y9
Q15025,Q5U5X0
Q96Q27,Q9H1K1
Q9C0K7,P07948
P34741,Q3LFD5
Q99819,Q9UBF1
P26022,P46060
Q9Y3M2,O75688
Q99961,P21333
Q7LBR1,Q13936
P09603,Q8NHG7
P49918,Q9NT62
P46934,Q14114
P16070,P62736
Q53HL2,O75528
Q674X7,P53618
O43196,Q9Y2D8
P45984,Q8NHL6
Q6ZVD8,P67870
Q16890,Q12967
P19474,Q92796
Q96HR8,O00189
P51809,Q96RU3
Q96GG9,Q9GZX5
Q9NS00,P51668
Q16832,P50539
Q70EL2,Q08043
Q8WYK2,P18887
P43356,Q86YR5
Q03519,Q92530
O15350,O43264
Q13868,P60510
P10114,Q8WWW8
P10242,Q96RU3
Q9NS75,Q2T9J0
Q99933,O94973
O75694,Q99584
P53611,P11802
O95997,Q71U36
P02647,P02708
O75317,Q9UIB8
Q9Y2W2,P48378
Q9UM07,P55327
Q8WXH0,Q7Z7L7
Q9UGM3,Q8NHM5
P62195,P32245
Q96IV0,Q92667
Q7L591,Q92973
P53999,Q04756
Q96MT8,Q53HL2
P84103,Q13643
P08887,Q9ULW0
Q68D85,Q9NP84
P07954,Q9P2D0
O95819,Q9NZD8
P20248,Q13887
P22223,O95977
P12757,Q9H257
Q15118,Q15078
Q9Y6D6,Q8WUA4
Q9BYH8,Q9UBT6
Q15046,Q9NT62
Q99523,Q8N3X1
O15144,Q02297
Q8WYR1,Q9Y692
Q9ULV0,P85298
P29692,Q14451
Q9UMX0,P25815
Q7Z6G3,Q9NRD0
P63165,Q5T7B8
P57740,P23229
P62280,Q05516
Q9H3U1,Q71F23
P49760,Q8NBT2
Q13387,Q8TAQ2
P22570,Q9NP85
P62273,P06703
Q6AHZ1,O15123
Q8WUF5,P20226
P11473,P26717
P49910,Q9UPZ3
P38432,O00429
Q15075,Q9H0K1
Q92625,Q9UNH7
P62487,Q8TEB1
Q13474,Q86UP2
P54727,P28069
Q702N8,Q8IUC6
P01584,P52630
Q13571,P68871
Q5VTB9,O60231
P15173,P55060
Q15831,Q9H0N5
Q76L83,P61081
Q8TEY7,Q9HD26
Q5VZM2,Q15173
P21506,Q8IX07
P09496,P42025
Q99962,Q8IVH8
Q02447,Q96IY4
Q8IWZ8,Q8TBK2
Q8IX07,P05161
P29459,P08754
Q92466,O75170
Q9H845,P16144
Q96J84,P62273
Q00536,Q6ICG6
P30101,P25685
P62841,Q96DX5
Q14011,P28065
Q9H074,Q13332
Q9HAW0,Q9UJF2
Q9H981,P50749
P29466,Q5JY77
Q9Y294,Q07820
Q14152,Q9NQP4
P10155,P15880
Q6NYC8,O15400
Q9Y297,P62736
P24386,Q92673
Q9Y219,P34998
Q9UKT9,P28562
Q9UM73,O15344
Q9UPY3,P15382
O14576,O95613
P41208,P40939
P62487,O75528
P51808,Q76N89
Q96MF7,O43516
P61020,Q13285
Q9H074,O15400
Q9NYF8,P05107
Q9BQB6,Q71U36
Q9NP85,Q99962
Q9H4I2,O43719
P22570,P13498
P19532,Q9UMD9
Q86UN6,Q92993
O75081,P08311
O75056,P08476
Q96RK4,O60232
Q01970,Q5VTL8
Q6QNY0,P12644
Q9GZX5,P28069
P30281,P68402
P32942,Q8TDN4
Q96DY7,P53618
P20700,Q9BW11
Q15349,Q92777
P21817,P17812
P20908,Q13555
P19532,O43597
Q86WX3,P22001
P24864,Q7Z434
Q13042,P12814
P21506,O00548
Q15038,Q9HAJ7
Q14103,Q9P000
P51812,Q92854
O95232,P52298
Q13332,Q9Y2A7
P28702,Q7L9L4
Q09013,Q6FI81
P51116,Q9H5I1
Q9Y5K6,P12980
P0C0S5,P31949
P78371,O15145
Q9UL25,Q12913
Q9NPG3,P17812
P02679,Q9UNM6
Q8TEB1,P46019
Q13950,Q9UHV2
Q9NYF8,O75369
Q96RR4,Q96B02
Q96EK4,P41212
P52952,O43670
Q13200,P16104
Q9P2M1,P49238
Q9NV56,Q13127
P78371,Q9UKV8
O75144,Q9Y6W6
O60285,P52298
P09884,Q9UPN7
P02792,Q14582
Q15915,Q13185
Q06587,P51787
Q9H7Z6,Q9NNX6
P60763,P78527
Q9UI08,Q15404
Q9UL18,Q9Y3T9
Q0VG06,P63272
Q9UIU6,O00273
P61289,Q9UHV7
Q14643,Q92888
O00567,P52298
P08246,Q9NWT8
P42336,Q01860
Q13464,O15145
O15304,P43250
Q9P0U4,Q9NZN3
P61457,Q96DI7
Q9UGI8,Q96IT1
O75144,Q86XK2
Q7Z6J0,Q9NRG4
Q14765,P17706
Q9BPW8,Q8NFD5
Q6VMQ6,O15145
Q96KN7,Q8WXH0
P41145,Q9H8S9
Q8WUF5,O75582
O95835,Q9H9E3
O60486,Q9Y345
Q8IY92,Q15691
Q99623,Q02297
O43752,Q9P0K7
P56537,O15123
Q96PU5,Q15303
Q9UBZ4,P49815
Q9NPG3,Q9Y535
P35637,P17812
Q9UKF6,P37173
P25054,O60240
P12755,Q8N6Y0
Q9H8S9,Q92828
P0C2W1,Q9BQG0
O94973,Q8WXE9
Q99741,P29373
P49767,Q92934
O75914,Q9NYJ8
P12004,Q9HD67
Q5S007,Q13002
P02730,P62820
Q4AC94,P10124
Q16543,Q13351
Q9UKK6,Q9UBI6
Q96P70,O15205
P26640,P29474
Q14566,Q13190
P38117,P16615
Q14181,Q9UNM6
Q5VTR2,P55884
P21127,Q9NZL4
Q9UKV8,Q9HAJ7
Q9NQT8,P06881
Q9Y3Y4,P21926
Q16633,O00151
Q6R327,Q86SQ0
P60953,Q9H6U6
P55039,Q15131
Q9Y678,P17661
P29375,O75525
Q9H0C5,O15344
Q5VTR2,Q9Y6M7
Q70CQ1,Q9NR50
Q15078,Q92608
Q9UBW7,Q15386
P78364,O15524
O43639,P62316
P07996,O43402
Q8N3X1,O14920
Q9Y261,O60504
Q9Y6W3,Q9UBF6
P35579,Q6UXN9
Q92625,P62993
O60296,P50616
O95944,P42680
P41220,Q8WUH2
Q16629,P13612
P05107,P23760
O76070,Q09013
O43447,Q9Y281
Q12802,Q8TD31
Q99962,P50281
Q16650,Q8WXA9
Q49AN0,Q6FI81
P61968,Q8IUQ4
O95630,Q9ULB1
Q96AY2,O94829
Q8IX90,P17706
O60609,Q71SY5
O94842,Q03933
Q8IZQ1,P08519
Q86X29,P0C1Z6
O00499,Q9HAQ2
O95793,Q9UJY5
Q14573,O14879
Q9Y2W1,P51965
P33076,Q9NW38
Q9UFG5,Q9NYJ8
P16035,Q70IA6
Q9NZL6,P13725
P05181,Q96PK6
Q9GZS3,O43402
P53611,P78348
O75179,Q9UK97
P12273,O15516
Q9Y5R8,Q8NI27
O00585,Q6UXN9
Q9Y678,Q9UBU8
Q14814,Q86US8
O95816,Q8IX90
O95336,Q13163
P52799,O75489
P78504,P05556
P31350,P61077
Q5VTB9,P00751
Q6ZN18,Q14141
O60762,Q9HBE1
Q76FK4,Q9BVG8
P35250,Q15723
Q9UHW5,P19838
P61923,P62820
Q7L014,Q86XE0
Q9H3M7,Q8WV41
Q15642,Q16539
P02686,Q9NVF7
Q9H9H4,O60583
O95487,O60240
Q9BWN1,Q9UPU9
Q9NQ25,O15455
O75843,P07951
P49356,P25054
Q8N5Y2,Q14938
Q86SQ0,P16284
P20138,P62316
P02647,P42574
Q9BY84,Q9BV36
Q7Z5K2,P46531
P05386,P48378
Q86UN6,Q71U36
Q9Y271,Q13107
Q9UKJ1,Q01518
Q15287,Q9NR33
Q14494,Q92636
Q2NKJ3,P78527
Q9H3M7,Q9NS00
Q01638,Q9NWT8
Q96BD5,O75955
P49795,P49763
Q9UL62,P19838
Q96EK4,P22059
Q13217,Q4VX76
Q9HAF1,Q7Z6B0
O75369,Q9NPF7
Q96CF2,P28069
P22570,P30989
Q9NR77,Q9Y3M2
Q9BXW9,O00512
P46934,Q9BRQ0
P02675,P11277
O43294,Q6P1N0
Q9H221,Q9Y3T9
Q9NS23,O95163
Q9UPY6,P33993
P52701,Q9H0M0
Q9NPD3,Q15788
Q9BYE7,P29320
Q7L3B6,Q8WWW8
Q9H8S9,Q8N3V7
Q9NWZ3,Q9UHN1
P07900,P18564
O94927,O60869
Q92613,Q16633
Q9HB19,O60739
O43929,O94906
Q9Y248,Q9H0K1
P49715,P48546
Q8N196,Q96EP0
Q9BW83,Q9NVP2
Q15528,Q5XPI4
Q9UI12,P09493
Q96LC9,Q9H0U4
Q969T9,Q00688
P09038,P02749
O00429,P17152
Q9H8S9,P30626
P05231,Q9BZE9
Q9C086,O15304
P50570,P98177
P35858,P25024
P30626,Q9NVI1
Q8N5Y2,Q9UNH7
P18054,Q5JY77
Q08397,P36941
Q8TDB6,Q9BRT9
Q9BT67,Q9NY12
P07101,P17152
Q9Y3C7,Q9UBR4
Q15436,Q8IZP0
Q6PCD5,O43680
P60033,Q9H981
Q5SW96,Q9UPN7
Q9Y6Q5,O76064
P18887,P62906
Q9NUG6,Q8IY31
Q53GS7,Q13501
O43815,Q9NSE2
P49767,O75056
P32121,Q9UL62
P62273,Q9Y2R2
O95714,Q96B02
P49459,P16389
Q92993,Q9UKS6
Q86Y82,P02788
Q9BVA0,P45984
Q9BXL5,P42679
P51178,Q92564
Q08334,Q9Y6X3
Q15363,Q9H334
P50750,O75962
Q9UHQ1,O14879
Q9BXW4,Q969G3
Q9Y6Q5,P14543
Q969R2,Q9UQM7
Q8WXA9,Q9Y3L3
Q99973,Q00403
P10747,P10124
Q8IZD9,Q92888
Q04724,O43502
Q8NA54,Q9BW11
O94763,P06730
P60604,P01241
O00308,O43508
P57081,Q5VTB9
Q9Y3E5,Q9UPY6
Q01638,O14594
Q96GG9,Q93052
Q9H0C5,Q96LD8
P30305,P01588
Q9BXL8,P41240
Q8WUI4,Q7Z6E9
P07204,Q8NB12
P49910,P30556
Q12778,O75478
P56377,Q14112
Q99640,Q99567
Q96KR1,Q14160
Q5VZL5,Q14686
P55795,P31949
O43491,Q9Y6J9
Q9NR33,Q9NZD8
Q9BPW8,Q15691
Q9NRI5,Q8NB12
P09681,Q15025
Q9UNE2,Q7L5N1
Q5XPI4,Q9UL46
Q7L8J4,P35346
O95376,Q5SW96
O95400,O94972
P19256,Q9NQH7
Q7Z406,Q9NP97
Q9BTP7,Q8TF74
Q14C86,Q8NHL6
P20749,Q09470
P78364,Q8N2W9
O60664,Q08050
Q9UKI2,P55735
Q8NC69,P50553
Q9UHN1,O15027
O43307,P36941
P38646,O43318
Q8TBZ3,P30876
P48167,Q9Y4Y9
Q96C24,Q8IU81
P05787,P57740
Q13936,Q07864
O95297,Q8N3R9
O75582,Q6P1N0
Q68E01,O14576
P09493,P50553
O95376,P26045
P17096,O43929
Q15648,P62380
P27986,P19387
O60296,Q15506
P78395,P16152
P28702,Q03167
Q96QG7,O75478
Q8WV41,Q96EZ8
P30876,O95249
Q13347,P09429
P68106,O43164
O95944,P68402
Q969T9,Q9NW08
Q7L804,P18433
Q9Y6K9,Q13651
Q9HAU4,Q13115
Q96IY1,Q9HD67
P26374,O75840
Q13057,Q9H1K1
P14784,P21453
Q8NF91,O14770
Q9UPY3,Q9NQH7
Q9NP84,P55198
P05161,Q92747
Q96LR5,Q14526
Q9UGJ0,P51808
Q15109,Q15365
P31751,P68032
Q8N5H7,Q03111
Q99836,O95243
P50991,P78362
P30626,P46019
Q9BVW5,P25391
P35611,P41208
Q9H446,Q6UXN9
P11387,P26373
Q02535,Q13557
O60880,P61086
P02647,P78552
Q09013,P02788
P14618,P41236
Q96HT8,P23142
Q8WXH0,Q9NW38
P31942,Q13889
Q9HAW4,O43264
Q49AN0,P30260
P05386,P38117
P30281,P36578
P10916,Q8N6P7
P07942,P02745
Q7Z417,Q14112
Q16613,Q15596
P26640,Q8N3R9
Q12788,P52952
P00451,Q86T24
P23469,Q9Y6I7
P04075,Q9NXR1
P45379,Q9NZU7
P78364,Q9NZN3
P60484,P13804
O15078,Q9UNY4
Q15349,Q96QC0
Q6N021,P43250
P16104,Q96F86
Q92889,O95243
Q15642,P20618
Q9Y6J9,P13987
Q8NEM2,Q8NB12
Q9BUN8,Q71SY5
P39019,Q9BQA1
Q13595,Q13332
Q9P0P0,Q13277
Q9NPI6,Q96IF1
P15374,Q9UL63
O43264,Q15327
P39023,Q9P0P0
Q8NBW4,Q9H469
P05230,Q9P0K7
Q9P0N9,Q76N89
Q01094,Q14562
P30511,Q99459
Q8IWZ3,P26715
Q14397,Q96A44
P04075,A9UHW6
Q15468,O43432
Q9NR55,P40938
Q9ULM6,P17152
P07332,P35658
O00585,P61952
Q99819,Q9UIV1
P49639,Q9NVR7
O75676,P16109
O95343,Q15386
Q6S5L8,P20810
P78314,O75970
Q9ULZ3,P68871
P78543,Q8NFH8
P02743,P42224
O15061,Q9HCJ0
P05156,Q9UQB3
P49736,Q96RU3
P62380,P41273
Q99459,Q16478
Q9NZC7,Q8IU60
Q8IYB3,P06756
P25705,Q9Y4B4
Q8IW35,P51114
Q13936,Q9Y376
Q9UMX1,P33993
P22455,P18428
P54132,O94972
O15169,Q13542
Q13950,P25705
Q14155,Q9Y2J0
Q9NZC7,Q86U42
Q9NPG3,O00712
P24386,P56817
O75694,Q6FI81
Q9Y2Z9,O75478
P15036,Q96JC9
P15880,P24522
Q14746,P22736
Q5VST9,Q13492
Q9NY61,Q9H0K1
Q15388,Q9P287
Q96AE4,P10071
O75161,Q13608
P61587,P67870
P02452,P25774
Q9NQ48,P22001
Q13505,P16410
O15371,P28482
Q9HC29,P60763
P05452,Q86UL8
P61020,Q9BX63
O95931,P28074
Q7L2E3,Q8NI36
P26717,Q9NPP4
Q13352,P09936
Q8IX03,P36404
Q9Y345,O14893
Q9BTW9,P49643
Q14183,P07992
Q13057,Q86SZ2
Q13057,P25789
Q15746,O14939
Q99574,Q8NFH8
P16234,P51684
P53367,O14593
O75529,Q6ZVD8
Q14653,Q9NQP4
P22695,Q8TAC2
Q2QGD7,P10827
Q9Y5U5,Q66GS9
Q15831,P42226
Q9NPC6,Q6SZW1
P20700,Q8NB16
Q7Z628,Q1KMD3
Q8N6Y0,P48546
Q9C0C4,O95297
P35611,Q8IWZ8
P57081,Q01167
Q13310,Q15672
P10916,O43264
Q13113,P09936
Q96BD5,P07942
O95402,Q9UIF9
Q9UPT6,Q05516
P22570,P61201
Q96L92,P10589
Q9UN37,Q96T60
Q8N8S7,O95573
Q8WWY3,Q66GS9
Q6P2E9,Q13303
P02730,O14641
P25815,P49257
P38646,P55795
Q99714,Q6UXN9
Q9H832,Q9UI14
Q14807,O94829
P15407,O00189
Q8N3Y1,O75843
P46734,Q86X83
O60216,P61077
P41134,Q8N729
P19022,Q8WVM8
Q9UNN8,Q15173
Q92636,O43427
Q9UHD9,P62136
O14965,Q9NPY3
Q9NRR4,Q9UBN6
Q96RT8,P53350
Q63ZY3,Q15468
P60891,Q8TEP8
Q9UH73,P17600
Q96RN5,Q96P71
Q9HAW0,P55316
Q9H251,Q9H9Q2
Q969G3,P43250
Q9Y239,Q15596
P46976,Q9HAP6
P15407,Q14152
P57796,Q9NV70
Q9UBD5,P09493
P04141,P10398
P49760,O95071
Q96F44,Q07325
Q15051,Q9P2B2
P25205,P48167
Q99590,Q9UKT8
P04234,P10398
P02549,O43929
Q15173,Q92696
O75376,Q9Y279
P51808,P20618
Q5H9F3,P28072
P17275,P55347
Q9NR33,Q86WT1
Q8WUF5,P46060
Q8NC51,P63272
Q9NZN4,Q07864
Q9NQ25,Q9H2G4
Q13554,P12268
Q9H9E1,P06748
Q96QH2,Q9BUL9
Q96EZ8,Q6P1N0
P52907,P32239
P30273,Q9NRR4
Q5SW96,O43196
O00232,Q02535
Q13352,Q9P0L2
P12081,Q92934
O43196,P07951
Q13642,Q05048
P31323,O75525
Q969R5,O75489
Q5VWG9,Q9NP97
Q6AHZ1,Q13705
Q9BT25,Q8NDV7
P14625,Q969P5
Q12967,Q07820
P61952,Q8TCJ0
O95249,P01019
Q03001,P59998
Q16613,Q8NFJ9
P36896,Q9UNE0
P49450,Q8TF05
Q12874,P52790
P15863,Q92696
O95831,Q9NWF9
Q96DB2,O15304
P05412,P22570
P12270,Q96JM3
Q14669,P60709
P24385,P18433
Q9BQ95,P14543
O15068,Q12769
Q09028,Q9H6U6
P01023,O14730
O60285,Q9H257
P40123,Q93052
Q8IYD1,O14836
O60232,P60484
P31483,P01732
P51808,Q92519
P20700,P09668
Q9NY33,Q9C029
O43187,Q9NRW1
Q6P2E9,Q13332
Q9NUU7,Q99996
O15520,O95155
Q9Y5Z7,Q9Y6E0
P43626,Q13127
P53992,P34998
Q96IY4,Q86YC2
O15031,Q9NNW7
Q9NZV8,Q13163
Q9NZN5,Q8N5R6
Q9H0N5,O95163
P51531,P29992
P20042,P13598
Q8NEM0,Q53ET0
P05412,P08700
P42224,P48546
Q86W92,P20749
Q8WWW8,P42701
Q9P104,P29374
Q14494,Q96QC0
Q9Y2Q5,P07992
Q01974,Q9HCS7
Q6VVB1,O95944
Q16656,O15164
P38432,Q9UQE7
P60510,P30988
Q8N5R6,P49763
Q13283,Q9UNS2
Q02763,Q9H1D9
Q9BXL5,P53999
P02778,P30203
Q96NA2,P53367
P04141,P02679
Q5VVQ6,P28065
O15020,Q9NRY2
Q13464,Q03519
Q15672,P13688
P57682,Q7L0Q8
O95149,Q8TBZ2
P83916,Q96QG7
Q99962,P46736
Q08AG7,Q14582
O75317,P01730
Q15022,Q13523
Q9UNE7,Q02363
Q9UPY6,P35638
Q15021,P26715
Q93009,O60678
Q16739,Q8WVM0
Q8N1I0,O43933
Q9BPW8,O95477
O14893,P13010
P63010,O60678
P11473,Q5S007
P48506,Q96EK5
P35228,Q13185
P11802,P04229
Q16890,Q9ULC4
Q9Y265,Q03014
P08195,P55347
Q9UI47,P49768
Q9NWB6,Q9Y3T9
Q9GZU2,Q99466
Q8NB16,P52298
P49917,Q01105
O43566,O75330
Q8N9M5,Q14204
Q9NZL6,Q8NFZ5
P62312,P02452
P10809,P20810
Q15022,Q8IZT6
Q8NHY5,P27658
Q96A72,Q9H6T3
P05412,P31152
Q8IYJ3,Q9UNM6
P35612,Q99519
Q92796,P08709
Q9UBI6,P16389
P54136,P0CG47
O14893,Q12802
Q9Y2X8,Q9UNY4
Q15406,Q99719
Q14103,P00374
Q9UK58,P26717
Q9UHL9,O15344
Q99574,P06401
Q9UJX4,P13569
Q15723,Q00534
Q5T4F4,P25774
O60885,O43707
Q9Y2Q5,Q6ICG6
Q9BXW9,Q99748
Q99732,Q9P2F5
Q8N5I2,Q9UJW0
O14796,Q8TAF3
P17706,O00303
O95229,P51957
P61019,Q9Y6R4
P61923,Q9P2D0
O95243,P36941
Q9UPW8,Q9NP84
Q9NZN4,O43447
Q9NQL2,O43765
O43592,P22001
Q96JM3,P06454
P43119,Q12778
P52597,P61956
O14576,Q13936
O76003,Q14011
O94829,Q13895
P09884,Q13895
Q8IY57,Q8WUA4
Q9BPW8,Q9P0K7
O14543,Q9UBN4
Q07352,Q9P253
P62070,P62328
Q9H0E3,Q9UKA2
O75689,O75489
Q99814,Q13509
O94817,O60756
O00512,Q9NNX6
Q15349,Q96SD1
Q9H8Y5,O14979
P61916,Q9H4B6
Q9Y3C8,Q7Z6B0
Q99590,Q9H4H8
Q92736,Q969T4
Q9NRL3,Q969T9
P05412,P12755
P43356,O15400
P61619,Q8WXH0
Q8WWL7,Q8IXW5
Q96NA2,P53805
Q8TF74,P11684
Q8IZJ1,Q86WX3
P16615,Q9UK97
Q9Y5K6,Q05516
Q92558,Q2T9J0
Q02224,P60953
Q13740,Q9NR80
O75817,Q8TF05
Q9NYF0,Q9Y262
P61764,P62913
Q08209,P08047
Q99081,Q96B02
Q9NPY3,Q96JB2
Q96QH2,Q8TEC5
O60264,Q7Z7L7
Q14192,O95831
Q86XR7,P52657
Q9Y6W5,Q01518
Q9NV44,P28324
Q13153,Q8WVB6
P63279,Q9UMW8
Q9UM73,Q6VAB6
O60568,P61619
Q93009,P01034
P18510,Q2NKX8
P11912,Q9H467
P35637,Q9H015
Q9HD67,P15172
O75448,Q96F44
Q07912,O96017
Q9C0C4,Q9BZD4
Q13485,Q13936
P11387,P09429
P84022,Q9GZQ3
P36956,Q9Y2U8
Q9UBV8,P17812
Q6IA86,Q9H1R3
P16234,Q8N9M5
P07998,Q15046
O00567,Q9HAQ2
Q9HBH7,Q4VX76
P23396,P46695
P30048,Q8WVC0
P45983,P50613
P43146,Q2TAY7
P55884,Q8NHM5
P08648,Q15788
Q96SN8,P10747
P62633,P20138
P49821,P12814
Q03181,Q9UHN1
Q9NYF8,Q9Y2Y1
Q96NY9,O43670
P20248,Q9UBP5
O60500,Q15311
Q9NQ25,Q03518
Q6IE81,P60033
Q96L14,P51608
Q9NSA3,Q13485
Q13642,Q13887
O43184,P33552
Q9UJ41,O75676
P14555,O14641
Q13387,Q8IZQ1
P49682,O43439
P14923,Q13643
P00167,P56537
Q96I34,Q9UQB8
Q14790,Q9BZD4
Q16611,Q6ZRS2
Q9NX24,Q9Y5B9
Q9NQU5,Q13291
P42858,Q6PIL6
Q13153,Q86UT5
P43489,P41161
Q5QJE6,P17542
Q8TEW0,Q12769
P08887,Q9HAP2
O60488,P63027
P57682,P31949
P19474,Q92542
Q9Y6N9,O00626
Q9GZY0,O14745
Q8N5Y2,P84085
P02452,Q9Y3I1
Q14149,Q99576
Q9NPE3,Q08722
Q9UPY3,Q99459
Q8TEB1,Q9UQE7
P09211,Q9NNX6
Q9P104,Q15744
P49639,Q9UKT7
Q00872,Q6ZSG1
P01130,P02730
Q92613,Q86U86
Q9NPF5,Q15468
Q96CS4,Q7Z434
P37198,Q9BUE0
O60711,P08047
Q9Y3I1,Q9UHC6
Q9NRY2,O95343
P51610,Q9UQM7
Q92870,Q9H7Z6
Q9Y6W8,P32004
Q96DB2,P42680
P13232,P68431
Q8N1E6,Q9UIF7
P51531,Q96SW2
Q9HAW4,Q9Y262
Q99767,O60927
Q14681,Q13838
Q9P0L2,Q7LG56
Q9P0U3,Q5VTL8
P14543,Q05682
O00189,Q86US8
Q04724,Q9HBH7
P04049,O15061
Q9UIU6,Q9UL54
Q92837,Q93008
Q9NW38,Q92966
Q5TGY3,Q15406
Q9Y2A7,Q76N89
P48145,Q9UNP9
Q7L5D6,P61619
P36956,O14662
Q9NRG4,Q14582
Q49AN0,Q15109
P11831,P51843
P01189,Q14686
Q12934,P12272
P61086,Q9UKJ3
Q5JY77,Q86SQ0
Q96L14,Q9NVP1
Q96MF7,Q13509
Q96EK4,Q9H0W5
P62841,Q15691
P49841,P55199
P38432,Q9UL18
O95714,Q13542
P47897,P51572
Q13233,O75496
Q9UBF6,Q9UHB4
P14859,Q14183
Q8N729,P28482
Q9UBQ0,Q13087
P57678,Q6P1N0
Q93052,P28069
Q93063,Q9HAJ7
Q86U06,P56279
P01303,P63241
P61020,Q9BPZ7
P25205,Q9UBP5
Q14526,P36405
Q01167,P98160
Q8N2W9,Q6NZY7
P02675,O75791
P09467,Q9BW11
O43572,Q5T5C0
Q9NV70,Q8WU20
P40123,Q9H4I2
P24390,Q9H6Z4
Q7Z628,Q8WXH0
Q8N8S7,P53365
Q9P0U3,P35080
Q96CF2,P36954
Q99436,O14576
Q14498,Q70CQ1
Q4AC94,Q8TAM1
O95487,P05156
Q9Y5Q8,Q9HC52
Q7L5Y6,Q96RT8
Q96FJ2,Q9UQB8
Q96MT8,Q13277
P16070,P01019
Q15672,Q9BZE4
P49736,P55196
P62191,Q9Y463
Q9UQ84,Q13635
P31273,Q13542
Q9Y5Y5,Q9NP64
P61371,Q15262
Q9P0L2,P61081
P08047,Q9H4B6
P29459,O75197
Q13617,Q9H6Z4
Q9BVA0,P11171
Q58A45,P52435
Q969H6,Q92925
Q13291,P52735
P18859,O00189
P51808,P62873
P14866,Q9UPZ3
Q99961,Q13351
P32121,Q9UPY6
Q99623,Q92904
Q9C0C7,P23025
Q9NZN9,Q16851
Q08999,Q9HD26
P07225,Q9Y4B4
Q8WYH8,Q9NZ43
Q14BN4,O95402
P40123,Q96PU5
Q01844,O75448
Q9Y6Q9,Q15334
Q8WUF5,O00189
Q86SQ9,P19793
Q9UBQ0,Q9H9H4
P62312,Q6QNY0
P16234,P32969
Q15025,Q9UNS2
P52945,Q6PJG6
Q14114,Q13061
O60486,O43913
Q12874,Q05516
P00488,P15151
Q96IV0,Q9UKJ3
P02654,Q969G3
Q99612,P10071
Q86X29,P31314
P41208,P49238
Q14155,Q6NZY4
O00151,Q92966
O75340,Q96IZ0
Q8IZT6,Q9NVP2
Q9BXF6,Q6FI81
Q14789,Q9NVF7
Q9UBX5,Q8IY57
O75147,Q14681
Q8NF50,P42166
P08833,Q8IYI6
P00751,Q7Z412
P61289,Q15691
P21860,P18564
Q99567,Q07020
Q9Y239,O00628
Q96BD8,P07951
P05412,O75351
Q9P246,P20594
P43628,P10398
Q14C86,Q9Y2R2
Q9H2G9,Q92540
P18054,P18433
P33552,Q86WV1
Q8WZ42,P49910
Q9H161,P24522
Q8IVH8,Q8NC69
Q13257,Q93008
O14836,P05230
P50613,Q8IWU2
Q8TEC5,Q5T1R4
O75081,P06239
Q96NY7,Q7Z4I7
O94889,P35241
P35712,P01584
P56645,P55010
P49916,P19438
P09651,P68402
P29992,Q9Y264
Q13115,O00451
Q14676,P25789
Q3KNV8,Q86XE0
P62316,Q9Y2J2
Q14994,Q96JH7
Q96C03,Q16082
P29376,O14594
Q8TF40,Q6PJG6
Q5VWQ8,Q06455
P04070,Q9UNN5
Q13571,P13726
Q96DI7,Q9C029
Q9UG01,Q9GZM8
Q13241,Q99459
Q99942,Q9BW11
P12956,P23468
P08195,Q03519
Q8TD46,P85298
Q9H9C1,P48551
Q9H2S9,Q9NPD3
Q13217,Q92540
Q9Y343,P23469
P18428,O75326
Q8IXI2,P07947
Q9BPZ7,Q9BQG0
Q9H2X3,O43432
Q9GZQ8,P45880
Q15424,P11277
Q13057,Q9H334
O43196,Q9Y345
Q7Z4H7,Q9UPY3
O14936,Q9C086
Q9HB19,Q8TAG9
Q9UPY8,Q9UN37
Q9H015,Q9H0M0
Q7KZ85,O75884
Q12906,O75030
Q9Y281,P62316
Q15393,P02792
O75628,P00374
Q8WVC0,O60231
Q08209,P12270
Q8NI27,O75817
Q9H410,Q9NQZ3
P23284,Q86U42
Q92956,Q13144
Q8TEL6,Q99598
Q9Y574,P57678
Q9UHD1,P55317
Q02535,Q02080
P01130,P53611
P11233,Q5T7B8
Q12967,P62873
Q13190,Q92796
P59780,Q8NEM0
P11912,Q9H2K2
Q9H4M3,Q8TF40
Q13586,P08709
Q6IA86,Q9UGL1
Q9NWF9,Q16633
Q9H1A4,P41236
Q13563,Q13216
Q13546,Q66GS9
Q16513,P45379
Q07666,Q9UKA2
P17844,Q9Y6D9
Q7Z3Z4,P07237
Q9P2J5,Q9NY27
P29374,Q13643
Q9BVA0,Q4AC94
Q8NCM8,P56817
O15360,Q9BUQ8
Q9UPM8,P35228
Q5VTR2,P30542
Q92736,P26885
Q15365,Q13277
Q9P0L0,Q6NYC1
Q8IYD8,P02745
O95863,P32246
P03951,P21817
Q8N4P2,Q8IUC6
Q6QNY0,Q96S55
P57796,P32856
Q7L9L4,P52952
O43765,Q96M61
P22301,P55347
P41146,Q8WW01
Q9NR33,Q9UHX1
Q06323,P01225
O95696,O00303
Q92643,Q7LG56
Q9NQC3,O75717
Q99627,Q9NQB0
Q9H9T3,Q8NCQ7
P07858,P08047
Q9HD67,P11171
P04198,P09429
Q99741,Q9NQH7
Q9H307,P10398
Q8NHG8,Q9P2J5
P51398,P26640
Q9H461,P68431
Q08397,O75496
P31942,P21333
O43929,P15941
Q9NPH3,Q9HAP2
Q13873,Q9H0E9
Q9UHL9,Q9ULB1
Q14865,Q9P2F5
Q9P0U3,P41161
Q96CW5,Q15233
Q9BRV8,O14901
Q96MW5,Q16890
P09038,P61970
P04070,Q9Y281
P49760,P42224
Q7Z6M1,Q13131
P15173,Q6S5L8
Q13057,Q9NZD4
O75528,P81133
P16234,Q9Y248
Q96EY7,Q8IY57
P35228,Q9UPN3
Q9BQQ3,Q9Y6Q9
Q8NB16,P31314
P98161,Q53ET0
Q9H9C1,P35638
Q8IZJ1,Q9NRD0
O75396,Q8TAA9
Q00403,Q86US8
O60664,Q8N2W9
Q9NYY3,Q14151
O60481,Q6PH81
Q99814,Q9UIF9
P30405,Q9Y3B2
P61626,Q07912
Q9H2L5,P41229
P23769,Q9UHX1
P07225,Q8IZP0
Q9H0E7,Q86X29
P51813,Q96J92
Q9H0E2,Q13002
O43293,O00762
Q7L3B6,P15153
P48061,P19532
Q9NYY3,P13501
Q8WVM8,Q9BQ95
P11142,Q9H0U4
Q14790,Q9NSE2
Q9NSE2,Q9UBR4
P38646,Q86TM6
Q15021,P17861
P11802,Q7KZ85
P07101,P21953
Q9BQQ3,P78552
Q9UHC6,P41252
O43313,Q9UGM3
Q9UL62,P63096
Q969H4,Q9UNH7
P51531,Q8IWU2
Q76L83,P09493
Q5VWQ8,Q13002
Q8WTS1,P04229
Q9BWN1,Q9H1D0
P24928,Q5T5C0
P12272,O14867
Q9UJC3,P48730
O76003,P35998
O75147,O95831
P08235,Q9UJF2
Q9NP97,O00308
P21953,P78552
O43734,P20273
Q8N9M5,Q92966
P23297,O75969
Q12959,Q15672
Q12972,O43292
P50150,O43513
Q96IV0,P31949
Q92813,P31483
P25815,Q9HD67
Q8TF40,Q9NR33
Q9NX24,Q96LD8
Q8WXA9,P60953
P07711,Q14677
Q9UBP6,Q86US8
Q6P1J9,P78364
Q9BTP7,Q8TD31
Q13474,O43488
Q8WVM8,Q8TDN4
O43516,Q9BQ67
Q13451,Q86UP2
Q99590,P78318
Q96AP0,P46531
O43318,Q9UJW0
Q9H467,Q9UNK0
P12757,O94817
P11362,P23634
Q16288,P61201
O95278,Q14289
P46736,Q53EV4
P16112,P78318
Q96BH1,Q9NV70
P68106,P47712
P15813,Q99598
P12314,P18031
P61626,Q9UBI1
Q96NE9,P49761
O43680,Q9HBE1
P35221,P48551
Q9H307,Q9NPD8
P55085,P23467
P02743,Q9NSC2
P50570,P51114
Q9Y572,Q7L804
Q9H4H8,Q15717
P02545,O15144
O94889,Q9NV56
Q15466,Q13618
P51808,Q9HAP2
P49796,Q92917
P43626,O43156
P05107,Q9UQ88
Q8TDW5,P42262
P61218,P36405
O43927,Q96EZ8
Q14865,Q9H0U4
P42336,O95819
Q15013,O60741
Q9UKT9,Q86VP6
P60484,Q92793
Q8N8S7,P84095
Q02930,Q13873
Q02080,P62314
P19474,Q9Y4A5
Q5QJE6,P26715
P06401,P30203
Q9NPH3,P62508
O43184,O95571
Q8WXA9,Q15404
Q9H2X0,Q99638
Q9Y2W7,Q9BQ95
O95402,P01588
Q86U86,Q8TAC2
Q9P2W9,Q9BVG8
P06307,Q9NZC9
P08519,Q7L523
P05023,O43913
O00244,P15924
P07315,Q15746
Q9Y6K9,Q9Y2A7
O60506,Q7L9L4
Q14738,Q9Y6J9
P05771,Q96IV0
Q9Y678,Q9Y5B0
Q99497,P51790
O00401,Q9H9Q4
Q9Y383,Q92636
Q9H2X0,Q9BUL8
Q14582,Q13061
P02743,P23921
Q8NDV3,Q96AX1
Q8TEY7,O95336
Q6GQQ9,P02549
P61289,Q8NC69
Q86VS8,P78552
Q9P0U3,O15297
Q9P086,Q2TAY7
Q03933,O76041
Q9H7D7,O95243
Q96QB1,Q5TKA1
P27986,Q15746
Q9Y6W5,Q9Y3B2
P42224,O75970
P35227,P42025
P25789,Q8TEW0
Q96C24,Q70EL2
Q06124,Q99719
P50570,Q6ZRV2
Q86SZ2,Q9Y2D1
O75170,P43320
P08195,Q8IZD9
Q6NYC8,P17813
O95229,Q86U42
Q9P2W9,P02749
Q96CW5,O95503
Q13470,Q86SQ9
Q9NSA3,Q969P5
P14859,Q9H147
Q8NC51,O75326
Q9NRA1,Q8TD46
Q7L9L4,Q8IUQ4
O43184,Q9GZM8
P62140,Q01081
P32942,Q86SQ0
P18583,O14511
O43516,P20333
Q5VVQ6,Q14315
Q96HR8,Q16082
O75694,Q9GZX6
Q8TDD1,P62834
O43150,P35658
O75928,P17096
Q14004,O75529
Q7L5Y6,P50281
Q9UL25,Q13505
Q9NQZ3,O75326
Q9BS18,P54132
P61024,Q8N196
Q9H832,Q7KZ85
P49768,P48378
Q12962,Q8N5Y2
P17931,Q9NPD8
Q32P44,Q70CQ1
Q9BXL7,Q13555
O75052,P60484
P83916,Q9BQB6
Q9NZN8,P30279
Q9NPY3,Q93096
Q96AP0,P51808
Q86UT5,O43379
P49006,Q8TD46
Q13884,Q15466
Q9BVC4,P62913
P30511,P01130
P48552,P42773
Q8TEP8,O60869
Q12816,O95477
P50749,Q9P2K3
P13611,Q7L5Y6
P20042,Q06643
Q9BUQ8,P04066
P61962,P08833
O43390,P14635
P39060,O00499
O60488,O95149
Q13586,P05230
Q99732,P63220
Q15650,P51681
P13671,P22307
Q9NPQ8,O75717
P33897,Q6P2E9
O95863,O00592
P27824,Q96AY2
O43292,P62328
Q6P2Q9,P57105
Q9UBU8,O75525
Q8IUD2,P68402
O43488,O43521
Q99759,Q9UQB3
Q16666,P14373
O43592,P55273
P24390,Q8TDW5
Q9BUI4,Q02880
P25103,O14727
O60675,Q9NZN4
Q14974,P51684
Q9ULC4,Q3LFD5
P09496,P14543
Q96MF7,O15511
P31749,Q8TAG9
Q9BVW5,Q9ULZ2
P23025,P13987
P78371,P01160
Q92797,P07998
Q9C026,O00443
P08246,Q9UHC6
P51531,P14543
P52907,Q9P2Y5
Q9BTP7,P15408
Q14315,P21810
P51610,P25787
Q9UKV8,O60437
P02545,Q9Y3T9
O43502,P09913
P63215,Q9BQB6
P17661,Q99801
O60232,Q00534
O60216,Q9H1I8
Q19AV6,O43508
Q15013,O15446
O60500,P53365
Q8TF42,P24385
P21926,Q4VX76
Q9BT25,Q9NRG0
Q96EK5,P51532
Q05516,Q96FV9
P23025,Q8NFJ9
O60729,Q9BWW4
Q13352,Q15154
O00339,P19438
Q6ZSG1,Q9UK58
P63165,Q13451
P12270,Q15466
Q9UH77,Q8TF74
P20618,Q9Y3C7
Q96HN2,Q13011
P11308,Q9NZ43
P11233,P35368
Q9HAT0,O75056
Q9UBC2,P35557
Q15021,P78371
Q96DX5,O75695
Q16739,P55795
Q8TAA9,P05108
Q9Y5B0,Q9NZM3
Q9HBM1,Q9UIF7
Q13485,O75030
P35613,Q8N5Y2
P02765,Q9HAJ7
Q9C026,P12931
Q9NPD8,Q9P2Y5
P12755,P12270
Q9P104,O15205
Q8TBB1,Q9UBY9
O95931,P49736
Q96BH1,P42263
P55327,P01732
O94889,P32245
O75689,P61962
P61626,P35221
P78345,P09382
O14613,Q9Y2V3
P52952,Q9UQB3
Q9UJX5,P62491
P12314,Q86Y82
P49711,Q9NVI1
P14373,P29374
P54253,O75326
Q6FI81,O94927
P54577,Q8IWU2
Q9C0J8,Q9NVF7
Q9H9C1,Q96SD1
P35670,P21453
Q5VTB9,P22307
Q92570,Q6P1N0
Q8WUH2,P36542
P09913,Q9Y2M5
Q9Y3M2,P43250
P15408,P14921
O14594,P34932
Q96BD8,Q9NYJ8
Q5QJE6,P12814
P11831,P01588
Q9H1D0,P43250
P61020,Q9UM54
P49715,Q00534
Q9NQ25,Q8WVK2
Q13404,P29274
Q92785,Q9UBS0
Q14315,Q969H4
P15976,Q6S5L8
Q14152,Q6VAB6
Q9H5I1,O75840
P15407,Q9BWW4
Q9H4H8,Q96J84
Q6IA86,Q8IWZ8
Q9Y6N8,O60216
P60891,Q9UQM7
P30101,P06730
P22460,Q96QT6
Q5JSH3,Q15173
O94905,Q8NB12
P04049,Q15154
O75052,Q9P2D0
Q70CQ1,P33993
Q9Y2X3,Q96EZ8
Q13191,Q8N3Y1
Q96BD5,P30531
Q8IZJ1,Q96JC9
P57678,Q13087
Q86U06,P20749
Q9H2G4,P36941
Q9Y345,Q15700
P51610,O75530
Q9NY93,Q96J02
P02792,P78357
O60481,Q9GZU2
Q9UHD9,P30405
Q9Y5P8,Q9UIU6
P07093,P28340
Q96L91,P08575
P00918,O95758
P61962,O75970
Q09470,Q5T1R4
Q6NYC8,Q9UL54
O60271,Q8TDW5
P24864,Q02388
Q9NQC3,Q9BQ95
P27348,P01275
O75717,O15144
P21333,Q9Y279
P31371,P11277
P31483,P56279
Q13217,Q8N5R6
Q06413,P85037
Q02952,Q9NYB0
P62263,Q96JB5
P04075,Q9UBF1
Q8NFT6,Q9UPZ3
Q9UI47,P60953
Q02363,Q6N043
Q99590,Q9NUU7
Q9H221,O60678
Q9H5I1,P08575
Q5T4F4,P42680
O15360,P33993
P51888,Q8N3Y1
P20333,Q8N6Y0
Q9UNE2,Q9UIV1
O60762,O15123
P23469,Q9H3S7
P02545,P18510
Q9BW27,Q02297
P49459,Q86SE9
Q9UK41,P20810
P02549,O75525
P10828,Q8TEU7
Q9BY77,Q9NTJ3
P01135,Q9GZS1
P11362,Q19AV6
P35244,Q8WWW8
Q9Y2U8,Q9H0B6
Q8IVP5,P11277
O15400,Q9Y263
P55347,Q5W0Q7
P05771,Q8N1L9
Q96CG3,Q9HD67
O75817,O75717
P78543,Q9UKS6
Q96LR5,P43250
Q08752,P62328
Q9HCG8,Q14865
Q9H0W8,Q13555
P43146,Q9NZN3
P48551,Q8N201
O95400,O75807
Q5RKV6,Q9BXH1
Q9UNN8,Q9NZU7
P30556,Q96EZ8
O75317,Q96AX1
Q07889,Q8IYI6
P16144,O14727
Q8IVI9,P50553
P15374,Q9GZX6
Q8WVD3,P15090
Q33E94,Q8WU20
P35613,Q9H147
Q9H7L9,Q9UJW3
Q02156,Q9UHD8
P10619,O43924
P17693,Q5VTR2
Q9Y2Z4,Q8N4P2
O75832,O76064
O00512,Q13224
P13725,Q9UKK6
Q9BT25,Q9Y5B0
P03951,P02679
O75446,Q9P2D0
P60709,Q9NW38
Q5VTB9,Q9NY12
Q6PI26,Q9NSC2
Q9UNE7,P62244
Q9ULG1,P57105
P62249,O15211
Q02763,Q15173
Q7Z465,P22736
Q13322,Q02297
O75367,Q9UBY9
Q9Y4R8,O15297
P41091,Q96AH0
Q96Q15,P08833
Q6ZVD8,P05556
P61978,Q8NHW3
Q9Y383,Q8N9M5
Q9BY11,O14730
Q96IY4,Q99584
P63167,Q09028
Q14BN4,P32245
Q9HCE7,P06881
Q9H160,P51172
P49917,Q9BW11
P83436,P45880
P00488,O14770
Q969T9,P01019
Q96CD0,Q9Y2W2
O43665,Q7L5N1
Q02080,P62316
Q6P2Q9,P29083
Q8NFD5,P49815
Q9UNE2,Q7Z6Z7
Q9Y6D9,P12270
Q9NZM3,P10124
Q02535,P26373
Q9Y2M5,P42679
O75676,Q5QJE6
Q9NZN4,P51843
O00221,Q8N3Y1
P15531,Q5T4W7
P00374,P14921
P19532,Q9BRK5
Q9UKJ1,P23945
Q9UBQ0,Q16543
Q9NPI8,P19174
Q53EL6,O75791
O60645,O15297
P02760,P19447
Q9GZR2,Q969H4
Q9UPS6,P20810
P78318,Q9UPN7
P55039,O00548
P14921,Q9BW27
Q7Z434,Q13002
O95931,O60609
Q9UPY6,P14653
P35606,P05156
O95257,P81408
P02774,P01730
O75446,Q96BR1
O75525,Q13895
Q9BZJ0,O95336
Q9H0W5,Q9NPA8
P61328,Q92667
Q99590,O95816
O75943,P35611
Q13153,O15516
P09683,P78527
O43592,P62820
P08603,Q5SW96
P33151,P01275
Q9UER7,Q93008
Q99623,Q9H175
Q9H165,P57678
O00622,P40227
Q99952,Q9P2Y5
P48145,P41279
P01137,Q9UQE7
O00167,Q99972
Q8WXH0,Q13490
Q15746,Q8IUH3
Q96II8,P00747
Q15120,Q9H0M0
Q96Q07,P19419
P40222,P30556
Q9Y6W3,Q13464
O75884,Q8IX90
Q14643,O60830
Q01130,Q09013
P08311,Q15389
Q06643,Q96AH0
P14866,Q8WV41
Q9UPZ3,O00470
Q12816,P60033
Q14582,Q9NQ29
Q5MJ70,P15018
O94842,Q9H3P2
Q9Y2A7,Q9H467
P23142,P08709
P01275,P13688
Q92643,P60842
O43680,Q86US8
P48023,Q9NWS0
Q92817,Q01167
O00189,P35557
Q96EV8,Q5JY77
O95831,P01732
Q9H7L9,Q9BYW2
O15511,Q6PH81
O95644,Q7KZ85
Q15672,Q3LFD5
Q13451,O43929
Q14512,Q99835
Q14315,P62316
Q9BPW8,Q03111
Q13310,O15116
Q8TB45,P20336
Q14181,P23582
P01130,Q15366
Q9BQA1,P43005
Q9NQH7,P07196
Q8WYP5,O43390
O60826,Q15653
Q99590,Q96AY2
P14923,O14933
P61604,O15511
P49796,O00623
Q86WX3,P0C0S5
P23921,P54132
Q9UMD9,Q96IV0
Q15915,Q6UN15
P51817,Q9UBC2
O75840,Q9NZN3
Q99748,P00742
Q9Y239,P22307
Q8IZH2,Q15466
P35579,P29373
P22460,Q92993
Q8WTR2,P63272
P40123,O75439
P61371,Q9ULT6
Q93063,P51636
P18564,Q9GZT9
Q99741,Q9Y3U8
Q03001,Q9Y6N8
Q16667,P98172
P02675,Q8TEU7
Q07666,P51532
Q9UBP0,P62244
P31930,Q12774
P15374,Q13951
P24385,Q9NXR8
P61204,P41217
P62633,Q8NF91
P52945,P32246
P35658,P62491
Q96D46,P01106
Q92973,Q9Y5B9
Q96S52,P19174
Q9NRR4,Q9UQM7
P50616,O43707
O43307,Q13432
Q9Y3R0,Q02297
Q6ZRS2,Q13404
Q16650,O43293
Q96E14,Q5T9L3
P02746,Q9Y6E0
O14796,Q6PI26
Q9BUQ8,P30533
Q9BXK1,Q9UH77
O96020,P55196
P22459,O14979
O75582,P55196
P11387,Q99732
Q13950,P48730
P08603,Q86XE0
Q13233,O14497
Q9H1J1,P61326
Q7Z5K2,Q03933
O15392,O43929
P22570,Q9UKL3
P35346,O75150
Q02447,O14933
O43572,Q6FI81
P63215,Q9Y5S2
P14784,Q02447
Q96SD1,Q8IVI9
Q9Y4Z0,P50148
O75197,P23469
Q9Y5U5,Q9NTI5
Q96PU5,Q9BXL7
P11912,Q9H2X3
Q9H4M9,Q00534
P16144,Q92966
P47874,Q96T60
Q9C086,Q8N3R9
Q9UNP9,O15145
O15211,O60609
P20042,P51790
Q5T6S3,Q71DI3
Q15118,Q9P253
Q7Z4G1,Q15118
Q5T4W7,P63220
P18583,Q9NV56
Q99623,O75528
Q13501,O43508
Q96AJ9,O00255
P41220,P62906
P23467,Q8WXX7
Q8IWZ8,P21810
Q9NSC5,Q9Y5R8
Q14194,O14777
Q9H0Y0,O00429
Q9HB19,Q13555
P47755,Q9H8T0
Q13217,Q6N043
P07225,P24588
Q9C0J8,Q8IVI9
P19793,Q86WT1
O95190,P49768
Q9Y5K6,P09668
Q9HAJ7,P22303
Q9UJW0,O43242
P16104,P14625
Q9H3Z4,P49643
P35612,Q7Z5K2
P07093,O43933
P85298,P14921
P01583,Q96JB2
Q9BUL9,Q9HD26
P07237,Q96PK6
P43364,Q8WW38
Q96PB7,P17152
Q5XUX1,Q92574
Q92973,P36873
Q9NPC8,Q92570
O94842,Q9BTV7
P08559,Q9NNX6
Q8IWV8,O14745
Q92540,Q05682
P01588,P22736
O75147,O14836
P35658,O60885
P61586,Q9Y6M7
Q92585,Q9UKS6
P51948,Q9H4P4
P51808,P13498
P00451,Q96S55
P31751,Q16236
O00622,P52701
P19438,P25189
O75410,Q8TEB1
P19438,P17181
Q9UGI8,O60756
Q9UBP6,P61081
Q99627,P41091
P04049,Q9Y3U8
O95571,Q99593
Q9UPT6,O75369
Q76N89,P55199
P45880,P40818
Q9GZX5,Q6NYC1
O15055,P21453
Q96JB2,P11684
P18887,Q9Y6Q9
P16035,Q9Y6W5
P46734,P63027
Q8TAG9,P62736
P28482,Q9GZQ8
Q13291,Q3ZCQ8
Q12972,Q9UQC2
Q6WKZ4,Q9UNH7
Q9NZN5,P30260
P21953,Q9NV70
Q06481,O95278
Q15120,P62316
Q5JQC9,O75840
O75586,Q9NQ25
Q8WUF5,Q93096
P42772,Q9NQC7
O60826,Q9UBS0
Q9NRY2,Q9Y2Z4
Q9H0U4,Q9P2G9
P30531,O75334
Q6GQQ9,Q02241
O75081,P12757
Q9UFG5,O76041
P06734,Q9UM73
Q9NQ29,P51148
Q9UIU6,Q16082
Q9NX70,P17706
P35221,Q9NPQ8
Q9H0F6,Q9Y279
O75431,Q9UHB4
Q9UQQ2,O75506
P18031,P40818
O76003,P01100
Q13057,P63220
P50749,P22692
P37088,Q9C0J8
O95297,P51531
Q9UKT4,Q9C0J8
O15265,Q9NS28
O15400,Q8NHL6
Q14008,Q15173
Q99741,Q02952
P17947,P13726
Q86U06,O14641
Q9BZI7,Q9NZL4
P68402,Q15327
P07858,Q13002
Q9Y2J0,Q13287
Q16586,O95967
Q9BXS5,O60830
Q8WYL5,O60610
P18054,Q99801
Q15102,Q969P5
Q9BSL1,Q9Y4Y9
Q9BXL7,Q9GZR2
P30531,P00742
Q13555,Q9UKY1
P21953,Q86SZ2
P38646,O75494
Q99759,O43896
Q96NA2,P07288
P10644,P78318
P16591,P61587
P49069,P52657
Q9NPC6,Q9HCS7
Q9NQC3,Q13485
P08684,O75791
Q08397,Q96EB1
Q9NSE2,P04229
Q7L3B6,P01730
Q9H0F6,P07093
Q96J92,P84085
Q9Y3D8,Q8TF05
O14543,P11171
Q14242,Q5VT25
P29322,Q13451
P49639,P20336
P15374,Q9BUN8
O76075,P17813
Q8TDR0,O94842
Q96PU5,P41161
P17844,O15539
O43815,Q8WUH2
P24928,Q9Y248
P10916,P02747
O43913,Q9H0E9
O43566,Q13042
P02748,Q07912
O95487,Q71SY5
Q13387,Q09028
Q9UBB5,O60739
P05161,P57740
P49238,Q13541
P15880,Q16695
Q969G2,Q9NZ43
Q9NPI8,O95944
Q9UHQ1,P68032
O43927,P14625
Q9Y2Y4,P46736
Q14BN4,Q96BH1
O75694,O60437
P62191,P41208
P35548,Q9Y3U8
P51398,Q99972
P26045,O43592
Q969G3,P42025
Q14498,Q86SQ9
Q8NFD5,Q7Z7L7
P21953,Q8IXW5
Q9HBI0,Q8N5Y2
P09668,O94776
Q9H7Z6,P68032
P49407,Q04721
O95793,O95600
Q7L804,Q7Z417
P51571,P47755
P14678,Q92830
Q9BXS5,Q9H1D0
Q9UGJ1,Q96PF2
O43164,Q9UBI1
P50539,O14576
O00291,Q15365
Q14C86,P25189
P54764,P51170
P51532,P20936
Q99683,Q02388
Q15013,Q5T9L3
Q9Y2Z4,Q9HCJ0
Q13905,Q8NHL6
Q9Y2Y9,Q9UNS2
P26371,P30988
Q14BN4,P40926
Q9NUX5,Q9Y5Q8
Q9BPW8,Q9UKV3
P06307,P04066
Q9Y6W3,Q9P287
P46087,Q8NB91
O95997,P56645
P01588,Q8IUQ4
Q7Z7L7,P14543
Q15466,O43482
Q15003,Q9BTE3
P08700,P78362
O43196,Q9NPG3
Q99661,Q9H6D7
P01308,O75506
P57105,Q9BZE4
Q9UKL3,Q969P5
O60285,Q96QT6
Q9C029,Q96FV9
Q96D31,P23945
Q9H6T3,Q9Y262
P14373,P63027
Q86SQ0,Q5T1R4
O43318,Q96IZ0
Q96A56,P35354
P62487,O75592
Q9BQB6,Q9NZJ0
P16871,P24278
Q9UBN4,P62328
Q9HBH7,Q86XL3
Q03181,Q9NT62
P41743,P52815
P62979,O95571
P10644,P31749
O43734,Q9Y6J9
P28324,Q12778
Q9NR55,Q12996
P68402,O75326
P07954,P15172
Q68DK7,P01583
Q9NVP1,Q6P1N0
Q9BT25,P29320
O43663,Q9NY12
Q02388,P21728
P61244,Q9NVF7
Q6X4U4,Q02241
Q8NDV7,P01308
Q9P2W9,O00124
Q92519,O75179
Q9Y570,Q8NFZ5
Q9UKV8,P13010
Q9NS00,Q3V5L5
P23396,Q99598
Q6AHZ1,O43488
Q9H2S9,P18428
P15880,Q7Z6B0
Q29RF7,P14923
P10451,Q9H0U4
Q9UBE0,Q14145
O43566,P25205
P21817,Q8WTR2
Q9H2X0,P07315
Q9Y2Y1,Q9UBP5
Q9NV70,O75506
P09913,Q9HD42
Q9NRG0,O43597
O43353,P60484
Q9H257,Q86SQ0
Q86X83,Q13619
O75663,Q9Y6D6
O14777,Q01081
P01031,Q6FI81
P24539,Q08AG7
Q8WVB6,Q9UIF7
Q8WUF5,Q02297
Q9HAU4,Q8TD31
O95232,Q86U42
Q15022,Q9C029
Q9NS75,P61619
Q93009,Q13472
Q86Y01,Q9HC52
O75676,O96028
Q9NRA8,P24278
Q14957,O60232
O00220,Q8TF05
P05107,Q8WTR2
Q00403,P46736
Q14168,P23468
P78356,Q07960
Q9P1U1,Q8IVI9
Q5JQC9,Q13127
O43924,P38484
O00548,P41240
P31749,Q96RU3
P22307,Q86UE8
Q6TFL4,Q8NHW3
P14210,Q15744
P18621,Q9UBI1
A8K0Z3,Q8NCM8
O15212,P01588
O95967,Q9UKV8
Q86UE8,Q7L0Q8
P33076,Q9NQZ3
P02774,Q14203
Q9BXW9,Q9P0U4
P13611,Q9UBV8
Q96IF1,P40818
P67809,P68363
O95232,P51825
Q9BQG0,Q8TCX1
Q96A44,Q7Z6Z7
Q15102,Q8N5I2
P31314,Q8IU81
Q5TCZ1,Q9P0K7
Q04756,Q96JM7
O75317,P08754
Q9UPM8,P02786
P40222,P61952
Q9UGJ1,Q8NB12
P61201,P31949
P01563,Q8IX90
Q04656,P27361
P36542,P01583
Q9BXM7,Q9NZC9
Q9C029,P35269
Q9Y2Y1,Q9UQB3
O95571,Q8N5R6
Q9NPF7,P05783
O60884,O60716
Q92625,Q9UIF9
Q9BVP2,P15924
P46734,Q99075
P15976,O95758
Q16667,Q03111
O75955,Q00975
Q14160,P06396
P54136,Q6EEV6
Q86V97,Q96AH0
P42261,Q9GZX6
Q96BY2,Q96CS2
Q9Y6Q6,Q15404
O95405,Q92888
Q02487,P13725
O60506,Q15389
Q8N2W9,P05388
Q9BZL4,Q8TAG9
Q05516,Q6ZUJ8
P81877,Q92889
P31994,Q9BWW4
Q9UHF0,O60762
P22223,Q9NV56
Q9Y6R0,Q9NQZ3
Q05209,O94985
Q8NHG8,Q9H0W8
Q96QH2,Q16644
Q5VWG9,Q07890
O43680,Q9Y2I1
P21675,P36941
P11215,P15502
Q14257,Q8IWL3
O95677,O75439
O14979,Q92777
Q96L91,Q9H4B6
Q9H8V3,O15392
Q9P2B4,Q13432
P09622,Q9BQE4
Q92564,P15090
P22695,Q9Y3T9
Q13470,Q07864
Q9H7D7,Q9Y3Y4
P28336,Q9NRI5
P01106,Q9UBU8
Q9H9G7,O15145
P55010,P23945
Q13153,Q9NVX0
Q7Z6A9,P18054
Q9P0L2,Q86UE8
Q9NYY3,P25103
Q7Z3Z4,Q8TEK3
O75147,Q96H20
Q86X83,Q9BXL7
Q9NRL3,P43686
Q8N729,Q9BPZ3
Q7L5D6,O95163
Q16543,Q58A45
Q16666,Q9UBC2
Q13057,Q14204
Q9P0R6,Q15038
Q9Y345,O00443
P61247,P49959
P62633,Q9P2F5
Q5T5X7,Q13614
P04049,P60891
Q96BD8,Q9Y6I7
O75914,Q9BVI4
P31930,Q8WXH0
Q9UQN3,P20618
P29322,Q96CS4
Q96RU3,Q8WXE9
P35225,Q03431
P02730,O15519
Q7Z412,O75530
P23769,Q13523
P09661,Q86UE8
Q99075,Q86Y91
Q9H9Y6,Q13951
Q9BY77,Q8IXW5
Q13637,Q13029
Q9Y5Q8,Q03014
Q8WVY7,Q8TEU7
O75317,P67870
P07954,Q9UPZ3
Q9UPT6,Q8IY57
P62191,O95163
O43745,Q9UBP0
Q15054,O15516
P78364,P09622
Q12906,Q15109
Q14686,P62736
Q14938,Q8N3V7
P23560,P50213
Q9BQF6,Q93008
P25024,Q9HB21
Q9UI12,Q5VWG9
P18583,Q13509
Q9Y678,Q8WXA9
Q7Z6A9,Q9BVM2
Q15555,O60232
Q15363,Q9UER7
P05787,P32004
Q96BH1,Q9NVI1
Q9H2S9,Q15744
P01563,O43566
Q8N3Y1,P02741
P10588,P07992
O00585,O75969
P49257,P50995
Q9NX70,Q6PI26
P15498,P30988
P49639,P54132
Q9UKT9,P49789
P25063,Q14938
Q15102,Q2T9J0
Q14103,Q9UNN8
P33076,Q15700
P16234,Q52LR7
Q9BPZ7,Q86WV1
Q9UKN8,P14625
O75164,P00918
P24941,O60741
Q96E14,O75717
P21333,Q6PH81
Q5JQC9,Q99835
Q8N5Y2,O60232
Q6PCD5,Q9H832
Q9UI47,Q8NHM5
P78362,O43390
Q5U5X0,Q15788
P14770,O95257
Q15120,Q9UHD1
Q8WWL7,O75840
Q9UBU8,Q4VX76
P05161,Q9H2D6
P83876,P32004
Q6QNY0,P48167
O75800,P22303
Q8NB12,P12980
P14618,P16070
P15153,Q00613
P78395,Q9Y6B2
P54274,Q9UNN8
P49821,P55347
Q99836,O14925
Q8WV41,Q96B97
P10155,Q06455
Q96KJ9,Q8NF91
P22001,P46776
O75164,Q9BWF2
Q92636,Q06830
Q8WZ42,P27361
Q16739,Q2T9J0
Q96CD0,Q92834
P68543,P04080
P02778,Q15109
Q92834,Q9UKV3
Q86SX6,Q16890
Q9Y4Z0,O75056
Q9BY77,Q01105
P21953,Q96T58
Q9Y6W6,Q9UM73
P30260,P84095
Q9H3M7,P09086
Q92973,P34932
Q7Z6E9,P01023
Q8N5H7,P05108
O43143,P46776
P02749,Q9H0M0
Q9BVW5,Q86XK2
Q14686,O43896
Q2QGD7,O00255
Q9BQ52,P28827
Q6ZMQ8,P35611
P55735,Q9UNH7
P02730,Q13432
O76075,Q92636
P61158,Q8TEU7
O00585,Q9BW71
O76075,O75970
P98164,Q9Y6E0
O14613,Q99436
Q9Y2X0,Q00534
P23560,Q9GZR2
P51668,P09382
Q3LFD5,P25189
Q8TDN4,O00255
P11233,Q9BQB6
Q9Y5Q8,P51636
P40123,Q7Z628
Q9Y3C6,O14948
Q9NTI5,P14635
P67870,Q9NR50
P63165,P29474
Q12874,Q92783
O60296,Q9NQC7
Q8N2Q7,Q71U36
P24385,Q9Y4A5
O75161,O15055
P09493,P55735
Q9NZN4,P38606
P07333,P21860
Q9BYW2,Q9H6U6
Q9H0F6,P04066
Q9NPC8,Q15046
Q9NTJ3,Q13501
Q70EL2,P39748
P35659,O75369
P22460,P0C1Z6
O60739,P01040
P61019,Q9P2F5
Q9UIF9,Q9H6U6
Q7Z4H7,P08908
Q13362,O75410
O43491,P61006
Q5SW96,Q12874
Q16667,P28827
P35346,P56817
Q9UHB6,O60504
Q86X29,P38606
P43364,P29376
P52799,Q8WXH0
Q9Y5Q3,Q9Y6B2
Q6ZVD8,P49768
P16871,Q6VAB6
Q08117,O75884
P52597,Q9ULB1
Q9UIF9,Q16633
P13501,Q5T7B8
P16871,Q7Z6M1
Q9BW61,P23582
Q96B26,O15055
O14746,Q14512
Q9UJX4,O15144
O95336,Q96EP0
Q13574,Q96JC9
Q9H161,P11166
P61247,P45984
P43005,Q9UMZ2
Q12972,P25787
Q9UQN3,Q969G3
Q12841,O95613
Q14192,Q9UBS0
P31314,P52435
Q01344,O75367
Q9Y2Y4,P41161
P78371,Q03933
Q86XK2,Q9BYE7
Q86T24,O14979
P29274,Q13061
Q96HR8,P16109
O43593,Q9UHX1
P17152,Q13761
Q13352,Q07002
O15143,P29460
Q15021,Q9UJF2
Q9Y5B0,Q9Y6E0
P57081,Q96AY2
Q04724,P30279
O94966,Q9Y6Q9
Q96L73,Q9BW11
P50613,Q9UMW8
P16871,Q9UKA2
P02654,P49848
Q13107,Q8N7R7
Q9HCG8,Q8IY18
P13569,P08709
Q8NEM0,P50461
P60953,P28340
P04070,Q14112
P56377,P60484
Q99590,P18084
Q6GQQ9,Q13761
Q5XUX1,P49767
P69905,Q9Y2W1
Q9UI14,P62136
Q9Y2V7,O94927
O15068,P61952
Q8WW01,Q96JB2
Q9Y383,Q5VWG9
P51170,Q2QGD7
O15212,Q99075
P17252,Q92530
Q07325,P10809
Q8IUH3,Q9GZU2
O95639,P31350
Q06481,O43379
Q9NZN4,O60216
Q13573,Q86YR5
Q9BRT9,P50616
O00329,P46531
P42261,O75334
Q9P2W9,Q9H257
O00512,P33993
O15297,P56537
P43403,O94973
P27361,Q99719
P47755,Q9HBM1
O75081,P57078
O95819,Q08043
P49257,P51149
P04070,O95714
Q9BPZ7,P14921
Q9UBI6,P26367
P63215,P61970
P19086,Q9UBU7
P40227,Q8WTR2
Q8IWZ8,Q9NPD8
P02647,P84085
O95402,Q9H0U4
O75164,P35269
P41091,Q13332
Q96IF1,P08247
Q14457,O00291
Q9NY93,Q01167
Q9H6Q3,P12272
Q96E09,Q12913
Q9NWT6,P12272
O14924,Q07820
P02768,O60885
Q9NZN5,P50461
P98161,Q14204
Q8IZD9,P10124
O60716,P25685
Q8N531,P51790
P13501,P01892
P08908,Q9NQ55
Q9UM73,P25789
P60880,Q02388
Q9Y6I3,O60716
Q92882,O15068
O75558,P50553
P12235,Q8IYB3
O00622,Q96JB2
P16144,Q9BXH1
P61024,Q00975
P19419,Q8IUH3
Q8WXX7,P21333
Q9NVK5,P41229
Q6PI26,P32780
P60709,P32969
P99999,P08519
Q8N729,Q9HCJ0
P30679,P20023
P46940,Q9P2D0
Q99584,P29083
Q9UBE0,P09486
Q96IT1,P05121
P13671,Q8WVM0
P53396,P09668
Q07352,Q7L9L4
P24522,Q8N4P2
P32121,P61925
P15822,P62913
Q5SW96,Q9UPS6
Q8N196,Q9UGL1
Q96II8,Q53HL2
P07225,O95163
P29460,P17542
Q9UL62,Q16623
Q14393,Q9NVF7
P53999,Q6NUQ1
Q5VTR2,Q9NPF5
P49354,P42345
Q53T94,O43929
Q14790,P08047
P16157,Q9BW11
Q14160,P41091
Q16665,P30305
Q99972,Q15691
O94889,Q9Y6X3
P46940,P35611
P12004,P61020
Q9P2J5,Q8IXH7
Q9BRT9,Q9UBC2
Q9ULJ8,O95831
P54578,Q5SW96
Q14524,P15941
O95944,O95257
Q9H0A8,Q5T9L3
Q9BQE4,Q13114
P07858,P23327
Q9UBP5,Q7Z6Z7
Q9Y463,Q92973
Q9UP52,Q9NYB0
Q14643,P50539
Q13838,P10747
O75312,P53367
Q9UBF1,P01583
P49767,Q14566
Q9C0J8,Q9H081
P40222,Q9UPY8
Q96D46,O43236
Q9UBE0,P10828
Q9ULJ8,Q12840
O43491,Q8NHL6
Q15650,Q5U5X0
O94952,P20849
P05160,P09681
P51957,Q86VP6
Q04637,O95817
O43719,O94927
P09326,Q8N5I2
P20916,Q15389
Q92777,P78527
P52790,P06756
Q9UKK6,Q7Z460
O75586,Q9NRZ9
Q13002,P10124
P56282,Q6S5L8
Q9Y4D1,Q9H4L5
Q99814,P60484
P07948,O14727
P35346,Q14974
P26641,P81133
Q99719,P51532
Q13190,Q6FI81
Q9UBE0,Q53ET0
P05230,P45984
P55089,P55273
Q9NW38,Q12802
P59768,P25787
Q8TEC5,P11802
P35611,Q9GZV5
P40227,Q15046
Q13137,P16591
P54284,P49069
Q9ULM6,P51172
O15297,P20618
P18846,P19419
O15457,Q8WUA4
O95278,P16389
Q9NSE2,P42262
P15018,Q13838
Q9UHV2,Q9NW08
Q9H3U1,Q04756
Q9Y5J7,Q14BN4
Q96AP0,P26373
P00374,Q8TEB1
P25685,Q8WVM0
P14210,P52435
P48730,Q9Y6E0
Q8IYW5,P62873
P05156,Q9NQ94
Q92851,Q13501
O95997,P14778
Q15054,P28161
Q9H3M7,P68402
Q8N201,Q9Y262
P10275,Q9P0W2
P43146,Q12769
Q9UBZ9,Q13485
Q6X4U4,P30876
Q8TF05,Q93008
Q5S007,Q5T1R4
Q9P253,A9UHW6
Q99575,P35236
P43403,Q92754
Q8IX90,O15084
P15407,Q9H9S0
Q15233,O75461
Q9P0U3,O95243
Q13595,Q9Y5T5
Q8WXX7,O43597
O75832,P02545
Q9BQB6,P55317
P38117,P50461
Q9NX47,P43320
P08922,Q01638
Q13418,P19387
Q86VN1,O43924
O43852,Q8N3V7
O60486,Q6AHZ1
P14770,P15692
Q9BVA0,Q6GQQ9
Q14241,P35637
P24385,Q15833
P01189,P67870
P51172,O95257
P40939,Q15386
P41146,Q9UBI1
P22830,Q15038
P20963,Q9UBP0
P36957,P31483
Q9BTP7,Q8TBK2
P09493,Q9H4B6
O60216,Q5T7B8
Q9HD26,Q9BZW8
P18621,Q14289
O15400,Q14938
Q13362,P67870
P07332,P49736
Q9P2J5,Q5JY77
O60488,Q07866
Q12929,Q9Y4B4
Q9Y2X8,O60291
O75478,P36578
P04070,Q16832
Q8WWW0,Q16082
Q92736,P14653
Q13472,Q96T37
P11940,Q16659
Q99743,O94927
O75800,P0C1Z6
Q9UKN8,P50281
P62249,Q6PH81
Q06828,P62328
P26640,Q8TBB1
P07315,P25789
Q96HS1,Q9UL46
P20339,Q8TBB1
Q07912,O75330
Q9Y297,P13804
Q9C0C7,Q13285
P18077,Q9HAJ7
Q9BQE4,O95257
Q9Y2U5,Q9H0M0
Q9HBH9,P13010
Q8NI35,P19838
Q08397,Q9NZN3
Q01968,P30279
O43639,O00512
P55072,Q9UGI8
O75689,P68431
O95376,Q96BD5
Q13435,P28069
O60941,Q13868
P05386,P22460
Q9Y2V7,P63241
Q14258,Q8NB16
Q13505,Q7Z6B0
Q9UMF0,Q09019
Q96LI5,P20807
P51451,Q13769
O15211,Q8NFH8
Q9UP52,Q9Y2K6
Q00403,Q96L14
Q13241,Q9HBE1
Q9P2M1,P53041
Q03001,Q96A47
Q92599,Q9BZJ0
Q9UKJ1,P43627
P49917,Q9BV36
P49682,Q9NS00
O00401,P49257
Q99640,O95819
P05181,O60762
Q93096,O14867
A2RRP1,P61587
P52594,Q9NZC9
Q13285,Q8WXH0
Q9UQF2,Q92608
Q9BPZ7,Q86YR5
P01236,Q07890
Q9Y2Q5,Q9UI08
Q0VG06,P36873
Q8IXI2,Q99598
Q9H3M7,O94927
P47755,P41002
Q9Y6N7,Q96RR4
P06396,Q9NR50
P17275,P15374
Q9BUJ2,Q9Y3A3
P14678,Q8WVM0
O15446,Q12905
Q9NP85,P43627
P42679,P41217
Q92973,P04085
Q01658,P60763
Q5SW96,P14770
Q92813,Q9UKL3
Q96PU5,O00626
Q08397,O43143
Q12972,Q86U06
O75817,Q9UL63
Q9NVK5,Q9UIB8
Q92785,Q15528
Q15717,P30622
Q8NC51,P35269
O95704,Q9Y2K6
P61923,P09936
P04234,P30499
P55039,P36405
P42025,Q6PH81
P08648,O96013
P08684,Q9GZN8
P51178,Q9UHV2
O00151,P07196
Q5U5X0,Q92993
P39023,P62873
P09629,Q9UL63
P11047,Q01081
P07550,Q9UBF1
P78345,Q9UBC2
P62979,P06702
P62324,Q99996
Q12840,P41143
P39019,Q13618
Q9BTW9,P51170
Q9H9S0,Q9C0C2
P50591,Q02880
P20702,O00592
Q96CS3,Q96L14
Q5TGY3,P02765
Q9H3Z4,Q14204
Q86Y01,P55055
P51571,P68363
Q9H0C5,P38606
P15173,O75969
Q13217,Q9H0M0
P08922,Q99418
Q13045,P05546
P61247,P46060
Q96ES7,Q99996
Q9Y6A5,P24723
Q8WYR1,Q8N3X1
P42574,P28340
Q5T5C0,Q14197
P22830,Q5VTB9
O14593,O60678
Q92797,P14625
Q5T6S3,Q96NA2
Q86U42,P61218
P61916,Q8N5R6
Q04724,P56159
Q9H2L5,Q7Z434
Q9H0W8,Q01167
P61587,Q92934
P35998,P39905
Q9H8V3,P18859
O00592,P43627
P33076,Q9GZR2
Q16666,Q92625
Q96JN8,Q9UKA2
Q9BVP2,P22460
Q9C0C2,O43164
Q9C026,P25103
P20849,Q6NZ67
Q9P000,P15498
Q8TBB1,Q96QT6
O60583,P59768
Q9NS28,O75030
Q9P2B2,O75934
Q04721,P56817
P15408,Q8WXX7
P35916,Q9NZJ0
P31749,Q4AC94
Q93008,O00443
P51451,P06307
P56693,P62244
O60762,Q9BRQ0
Q9BV73,P67809
Q92887,Q8N2W9
O75340,P27361
P26374,Q13618
Q15819,Q9HAP6
Q9UQB3,P78552
Q86U42,O75330
Q13637,Q9NS75
P22695,Q13151
Q13163,Q9NZD4
Q9UBC2,Q9P2K3
Q92870,Q9H4B6
Q9NQL2,Q6QNY0
P35637,P48730
Q9Y4A8,P43005
P16871,Q9P2Y5
Q9GZX5,Q8IUH3
P49450,P33552
P18848,Q8IWS0
P11831,P22307
Q9BVM2,Q9NR50
Q9BXW9,Q16539
Q14957,P60763
P16333,P15090
Q9Y2D1,Q05516
Q16890,P09493
Q16633,Q96J02
O15503,Q9UPT5
O95140,P14635
Q13503,O00189
Q7Z417,O75934
P42336,O00151
O75531,Q96EZ8
Q99584,Q9BW27
Q8N6Y0,Q9Y2J2
Q9Y2M5,P30622
P09493,Q8WU20
P11234,O15297
P43026,Q92599
P23771,O43765
Q86U70,O14594
Q8NHW3,Q969H4
Q13352,Q92966
Q5VVQ6,P14618
Q8TB52,P21580
P78347,P26715
P78364,O00541
P54764,Q86T24
Q13595,P05452
Q9Y2M5,P14923
Q8IZD9,P55055
Q13554,Q8NFJ9
O75340,Q96IF1
Q8TEL6,P49848
Q9Y566,Q9P0U3
O75461,Q96EQ8
Q6QNY0,Q03181
Q9UNN8,Q9NZD8
Q99727,Q13432
Q9UI12,Q93096
Q96DB2,P19338
Q02156,P05787
Q15388,P55347
Q13155,Q16851
P61254,P09668
Q9P086,P09496
Q9NY93,P49458
Q9BYH8,Q9BZD4
Q14CW9,O75478
P51693,P22460
Q9Y4C1,Q9H1I8
Q9UKL3,Q9Y264
Q9NNW7,P35236
O00625,P59998
Q00536,Q9BW27
Q3V6T2,P48730
Q9H251,P63220
Q14149,Q5VTB9
Q9UMF0,Q9HBH7
P00918,Q9P287
Q9UBK9,Q9H6U6
Q9P0L2,Q9NWT8
Q9BS18,O00291
P16471,P35670
Q13563,Q9UL54
Q15013,P16389
Q9UPT9,Q9UBR4
Q9NV31,P51532
Q9BXL8,A5YKK6
P18848,P0C1Z6
P51948,Q96EB1
Q13546,Q9H257
Q8N3I7,P46060
P49639,Q14BN4
Q9UNE2,P35556
Q99436,Q00536
P23142,O76041
O43187,Q9H845
P18827,O60678
Q86XR7,O60488
Q5T124,P09038
P10451,P48023
P13671,Q93063
Q8N2W9,P07992
Q9H3P2,Q92636
O60291,Q13277
Q53G59,Q96F44
P50151,P09382
Q96DY7,Q9Y281
Q14004,P35900
Q14145,Q96JC9
O15524,Q9NRY2
O75369,Q9H1I8
Q14865,P48730
Q13542,Q9UIB8
Q02080,P32246
Q9Y5J9,Q53GS7
O43396,O75494
Q9BUL8,Q9Y5B0
P53611,P19793
P51531,Q12841
Q9GZT8,Q8TEB1
Q14957,Q96IT1
Q9UBY9,P30626
P78348,P10909
P29475,Q969P5
Q9UBQ5,O15516
Q15080,Q6IA86
P27986,P04085
P09622,Q8WWW8
O95232,Q9H467
Q6WKZ4,Q96S55
P48378,O00541
Q9BVA0,P61981
Q9BU61,Q13352
P35221,O95273
P32121,Q86YR5
Q13563,Q5JVS0
Q8TAD8,P51684
O75144,Q9HCJ0
Q9BZI7,Q13332
Q8N9M5,Q92667
Q14974,P62070
Q96H20,Q9NYJ8
Q14318,O43491
Q92781,P17181
P05813,O14933
P07900,Q6ZRV2
Q9H845,P08519
Q9NT62,Q14204
O60880,P63215
Q06830,O00189
O14613,Q15746
P62633,Q16526
Q96B02,Q96T60
Q49AN0,O43236
O15205,P23327
Q9NVR0,Q14106
P52952,Q92608
O00329,P61619
P07992,O00165
Q9NUG6,Q8WXH0
Q9H8S9,Q99962
P62312,P61289
P61081,P30460
Q9H5I1,O60296
P01112,P15172
Q06828,Q9BWU0
P31930,P62491
P06730,P30153
Q13595,Q96AJ9
P48551,P12980
O75586,P51114
Q7L2E3,P78345
O43815,Q9Y5X4
P62312,P56192
Q16537,Q2TAY7
Q9NZL6,P51684
P26641,P98172
P68106,Q13936
Q8N5Y2,Q9NZD8
O60481,Q92973
Q14807,P61952
Q9NR55,Q9UQQ2
Q9UBP6,Q96SN8
O43913,Q00722
Q6P0N0,Q9BQ95
Q9H9Q2,P41236
O75663,Q16478
P09038,Q9Y535
Q01201,P01892
Q12934,O00628
Q12948,Q9Y4J8
Q16890,O00626
Q9NPY3,Q8TD46
Q86WX3,P01160
Q9UPT6,Q9UBT6
P20585,Q86X29
Q05469,P37840
Q2M1K9,Q8N1I0
P26842,O15061
Q8WV41,Q9UGI8
O60869,O75791
P52907,Q9Y3Q8
Q92887,P15173
Q14103,Q9BPZ7
Q96EK5,O14787
Q9C029,P52434
Q9BUG6,P14653
P07954,Q9NRA8
O43913,P11802
Q7Z6J0,Q8NCQ7
Q96LD8,Q9UIG0
Q15555,Q32P44
Q5JSH3,Q9H015
Q9Y4J8,Q96PK6
P45379,Q9NRI5
Q9UGI9,P15382
Q9HAW0,Q8IVP5
O00244,Q9H2G4
Q13492,Q13444
P02545,P50453
P13760,Q9UQQ2
Q13492,Q9Y6R0
O60568,P46934
O00232,P85037
Q3LFD5,Q8NEM2
Q02952,Q9NQP4
P48145,P05546
P18428,Q7Z460
Q86UE8,Q9UKJ3
P43246,P35228
Q92844,P35241
Q9UKT9,Q9Y6B2
P09622,Q9NVP1
Q14168,Q9P2D0
Q6ZN18,P62258
P50616,P55273
O95628,Q8N488
P23467,Q9HAQ2
O43292,Q99871
P08069,P51610
Q7Z6B0,P04198
Q96H20,P34998
P11308,Q96IV0
O95336,Q6ICG6
O95571,Q9GZL7
Q9UNY4,O00592
P23467,P02766
Q14938,P16389
Q9NPC6,Q6NZY4
P26715,Q8IY31
P52565,P12273
Q05066,P38398
Q9ULW0,O95243
O00522,O75970
O43313,Q12948
Q96S44,Q7L804
Q13895,Q9UHB4
P09693,Q92613
Q53HV7,Q9NVF7
Q9UK53,Q9UIF7
O75175,Q9UKV3
P00918,P19419
Q16555,Q14938
Q969H6,Q9H9E1
P07900,Q9C029
Q99575,P61006
P61619,Q9NQH7
P12755,Q9H160
Q96CS4,O75592
P15692,P08476
Q03188,P49116
Q14186,Q9Y6F1
O60238,Q12860
Q14691,Q9H6Z4
Q13200,Q9UJX5
P24941,Q9NQC1
P21953,O43557
Q13387,Q9NRL3
P68106,Q8N3R9
Q8WV41,Q14990
Q15649,Q7L5N1
Q9NQT5,O43292
P49840,P51608
Q92838,Q86TM6
Q9C086,O00287
Q2M2I8,P05121
O00148,Q8N3Y1
Q92882,O94905
P53567,Q96MH2
P23921,Q16478
Q9BRK5,Q9BW11
P46087,P20810
Q32P44,O00451
O14599,Q8IU81
P50990,Q9UQ35
P09486,P56282
O00291,Q9NQH7
O94973,Q96EY7
O43491,Q8NF91
Q9H9C1,Q3LFD5
Q96A56,P84085
Q9HC77,P62913
O95944,Q15118
P09493,Q9H204
P40227,P17152
P25705,P11171
P05109,P04628
P62249,Q9UMD9
Q6ZRS2,Q6PIJ6
Q5VWG9,O15511
Q8IY92,P10909
O94915,P02792
Q8WYH8,Q7LBR1
Q96QV1,Q9P209
Q8NA54,O75934
P13805,P04080
P17600,Q9UIB8
Q14155,O43707
O00192,Q9H2X3
Q9NPH3,O75164
Q13873,Q05048
Q9H6U6,Q9Y2D8
P20849,P49848
Q14626,P01563
Q13557,P08559
Q969T4,P05549
Q13571,Q6NZY7
P49116,P12980
P26927,Q9UBQ5
P00167,P28562
Q9UBS0,Q8WW38
P12956,Q15366
P61247,P04085
O43583,Q13217
P29459,Q13557
Q04721,P46019
Q14957,Q13115
P16152,Q9H467
P02760,P61981
P10114,P45984
Q8NHM5,Q14974
Q08209,Q8TAP6
Q5T6S3,Q9UNF0
Q6P4Q7,Q15833
Q99942,P51636
P32856,O95433
P25685,Q15599
Q06546,Q9NVI1
P35398,Q96NY9
Q13115,P34932
Q9H0W8,Q76N89
P50553,P17813
O15265,Q9H081
P13232,Q9NZU7
Q9UBZ4,P52790
P19022,Q13217
Q15532,P20336
Q9GZV8,P15813
P01116,O60885
P11233,Q9Y2R2
Q8NFD5,Q9H9Q4
Q3KNV8,Q9H5V8
Q5SW96,P81274
P21817,Q9H0Y0
P05412,Q9Y2Y1
Q96EK4,O15085
Q93034,P01892
P00742,Q8IUQ4
P35613,O95602
P60709,P01588
O95677,P15151
P51677,P04628
O15519,P11684
P06746,O76075
Q9NZ43,P31949
O43852,Q5T4W7
Q14512,O95243
Q9UPY3,Q8N5Y2
P41161,P25685
Q8N5Z5,Q9Y6W3
Q8TAG9,O14544
Q9H2X0,P43034
Q9BQ15,Q07864
Q13094,P52435
Q99523,P48167
O43521,P18564
O75494,P35228
Q9Y264,Q8WXE9
P08235,Q15788
P07858,P62314
P61204,P99999
O43150,Q5VTR2
Q9H9F9,Q92918
Q9Y5Q8,P52945
P33076,Q6NUQ1
Q9H165,Q9UPT5
O00213,P12980
Q9UBZ4,Q8TF74
Q30201,P08709
Q96J92,P02774
O43765,O75448
Q12967,Q9H4B4
Q9BUL5,P46976
P40222,P17812
Q14194,O43707
P23297,Q9NR77
Q9NPD8,Q9Y376
P61024,O00592
Q66K74,Q9UGI9
P62136,P16949
Q9H9E1,P02745
Q8NF50,Q9UKS6
Q13131,P62913
O00625,Q06413
Q05209,Q07666
P12956,Q66GS9
O75832,Q53EV4
Q13156,P08574
P59998,O60583
Q14149,P28328
Q96LC9,Q71DI3
Q9NSA3,P27658
Q9BZE9,P36941
Q6ZRV2,Q16478
P22059,P67809
Q8N2W9,P42226
P60033,Q01105
O15400,O95977
P48509,Q9Y2Y1
Q8IYB3,P06454
P53999,Q9UK41
Q14643,Q13351
P67870,Q9H015
Q4KMQ1,Q9Y3U8
Q01831,Q96MH2
Q9GZX5,Q6PD62
Q9Y6I7,Q13155
Q9BXS5,P31949
P16615,O00303
Q6P2Q9,Q13873
Q9HB90,Q16644
Q63ZY3,Q3V5L5
P53805,Q9P0K7
Q14566,Q06643
Q14008,Q9UPT6
Q7Z569,Q9NRZ9
Q01844,O75164
O00592,Q9UNM6
Q9P2M1,Q5D1E8
P12273,Q8WVM7
Q5VWQ8,Q9GZX6
P36956,O95600
Q13422,Q9BXL7
P49354,P53805
Q9BY11,P01023
Q12913,Q99519
P07949,Q5T2W1
Q9Y2W2,P68032
Q9H4L5,O15145
P42263,Q9UKA2
O43597,P13987
P04049,Q12879
P35354,Q71F23
Q9UJW0,P84095
Q99519,Q9H147
Q01543,Q9NZC9
P55317,O43933
Q99640,P32246
Q7L3B6,O75694
P30531,Q9UKL3
O60674,P30307
Q13356,Q9UHV2
P17931,Q99873
O15525,O95831
P78345,Q7Z589
Q9Y3E5,Q12874
P06870,Q7LG56
P14780,P57678
O95336,Q92796
P68402,P55196
P35638,Q9HB90
P78395,P17813
Q92643,P24522
O43294,Q13185
Q9NPA8,Q06546
Q7LBR1,P54132
P32780,Q96IF1
Q99698,Q07864
Q9P2D0,Q7Z4S6
P78364,Q14686
P28074,P56645
O75528,Q99618
Q8TD46,Q8TEL6
Q14318,O95336
Q14643,Q9UJY5
Q9UJY4,Q13643
P51451,Q9NZL4
Q96HN2,Q8N5C8
Q00872,O75817
Q8IZD4,Q96IT1
Q86UP2,Q13155
P54284,O14867
Q9BVA0,P36873
Q8WVJ9,Q9UHB4
O43680,Q86X83
Q99996,Q13501
P29274,Q9NRD0
P56377,Q8TD31
Q9ULZ2,Q969H4
P18621,Q03519
P51572,Q9UL03
Q96IY4,Q96JM3
Q96L91,O60240
Q9NY33,Q9P0U3
P08235,O15061
Q16666,O94813
P02708,Q6UN15
Q9H2S9,P12814
Q9H081,Q9NQZ3
Q9NV31,P11684
P36956,Q92917
Q9HAW0,P51148
Q9HD67,Q92585
P31323,Q6UXN9
P30876,O75663
P62166,Q99459
Q05513,Q969T4
Q4G0F5,P25391
Q8IXI2,Q9H6Q3
Q9Y3B2,Q9Y2J2
P84022,Q7L804
P61923,P32004
Q01167,Q16539
P17252,Q8ND25
O75478,Q8IYB3
P12830,P09668
Q13905,Q9UIV1
Q12846,Q02241
O15169,Q03431
Q9H9E1,Q92777
Q15102,Q9NRL2
P17096,Q9BSL1
P24928,O94905
P29353,P16471
Q92530,Q9NZJ0
P34130,O60830
Q14168,Q9NPF4
O95696,Q16539
P31942,Q9HBE1
P23297,O43639
Q13470,Q8WW38
Q9P2W9,Q96FJ0
Q9H1K1,P23945
P02792,P29374
Q14CW9,Q8TF74
Q9H0R8,O95714
P11277,P61077
Q02241,P28907
Q8WVJ9,O95714
P43005,P03973
P62136,O14933
Q9ULB1,P08709
Q15649,Q9NZL4
Q8IZJ1,O43513
O95714,Q9NQC3
Q9NYB0,Q86SE9
P14653,Q86U86
Q08043,P28161
P11473,P26373
P12273,Q9Y6H5
Q13444,O43242
P00167,P61201
Q99973,Q13241
Q9Y6R0,Q86TM6
Q9Y376,Q13509
Q7L3B6,Q13505
O95297,P48730
Q8IZJ1,P49356
Q6ZN18,Q14683
Q3ZCQ8,P38484
P23769,P13987
Q13444,Q92783
Q13557,Q9BW71
O43602,P21810
Q86SX6,Q92608
O00232,Q13131
Q8IY57,P10071
O00585,P06396
Q8N8S7,Q9UKJ1
Q92800,O14730
Q9H081,Q8NFZ5
P17693,O60488
P51812,Q2QGD7
Q03431,Q3LFD5
Q92636,P46531
Q96J02,O15519
O75081,O14777
P16112,Q8NFH8
P61956,Q9NWS0
Q9BUQ8,Q9P2D0
Q9H9T3,P49116
O15018,O95831
P48552,P51608
Q9NRY2,Q9Y2V3
Q86UN6,P06748
Q9UPT9,Q8IYD8
P28482,P42680
Q9NPF4,O00762
Q8WXH0,Q15596
O15212,Q96NA2
O15550,Q15744
Q7Z406,P14921
P43357,Q8NB16
O43815,P42226
P00505,Q9NR77
Q96L14,Q9NVX0
Q8WYR1,P32780
Q9BPW8,P14921
P18848,Q8TD31
Q00975,O15123
P51813,Q05469
P60604,Q9BQF6
P03952,P61244
P25445,Q9GZX9
Q8TBZ3,Q8NI35
Q86UE8,Q8WUA4
P02654,Q9H6R0
Q5XUX1,O75496
Q9Y6B2,O00541
Q9NPE3,Q92625
O15304,Q7Z3B3
Q9HBI0,Q9NNW7
Q66K74,P67870
P63241,P00736
Q9UMX0,Q9BWF2
Q7L2E3,Q99748
O75529,Q16537
P61006,O75934
Q9UI47,P35658
Q8WZ42,P49768
P62312,Q8N201
O14745,P62906
Q8NI27,P12235
Q8TBB1,P0C0S5
Q93009,Q7Z6J0
Q99436,Q7Z434
P02549,Q9BQ67
Q9BY67,P10144
Q9UKY1,P49848
P27695,Q12905
P10809,Q6FI81
P20273,Q8TAC2
Q9H2K2,P31350
Q13387,P29322
Q9NQT5,Q9UNS2
Q99459,O43597
Q13643,Q03518
O43313,P31350
O60516,Q15013
Q7Z628,P35611
Q9HAP6,Q9Y2J2
Q969R2,O60296
Q96QB1,Q13523
P14373,P15976
Q9UPY6,P16234
O14796,P11177
Q9UQB8,Q13618
P84022,O95573
P28074,P23921
O43432,Q02548
Q9UJX5,P09326
P10147,Q86UP2
Q9P1A6,Q9Y2X3
Q02543,Q9NV56
Q15843,Q9UH77
P61619,Q7Z3B3
Q9Y2Z9,P10644
O75367,Q01105
Q96J92,Q9UBD5
Q15650,P04085
Q16394,P32780
P30679,Q9H015
P15056,P04070
P40227,Q13444
Q96SB3,O75663
P41220,P01040
Q8IX03,P22087
Q9HBH7,P84103
Q92636,Q9UQB8
O75969,Q8IXW5
Q8TES7,P22460
P19532,P57775
Q8N201,O60869
O43307,O60264
P60709,Q96HS1
P62873,P15172
Q16644,Q92793
Q9UKK6,Q13009
Q13472,Q07325
P02774,P05549
Q9UGM3,P34932
O15357,P32246
O00241,Q7Z6A9
P10916,Q9C029
Q9H4P4,Q99732
Q16526,O95336
Q9UPS6,O00189
P39060,Q14919
P06454,O95573
P49675,O15145
Q9H9S0,Q6NXR4
Q02790,O00716
P06307,Q9UPY8
P53985,Q92888
P02747,P35670
O43913,O00443
Q9Y535,Q14152
P08572,P98172
P13010,Q14183
Q8N4C6,P30876
Q9NQ48,Q9UQB8
P03951,Q2NKJ3
P61457,Q9UKY1
O95376,Q70EL2
Q9UJY5,Q9Y2D8
P02675,Q8TCX1
P43246,P16410
P05106,Q9UHB4
P49458,P05556
P11802,Q9BWW4
Q03014,Q15427
Q13057,Q9NQ29
Q9UBN4,Q9BRQ0
Q9ULV0,Q15427
Q8TB45,P06730
P51946,P15090
P01130,P15408
Q8IWZ3,Q9UMD9
P08047,Q2NKJ3
Q9BVA0,P18846
P06730,P07951
P78362,Q03518
P46939,Q9NVF7
O14777,Q9C0J8
Q9UJV9,Q12873
Q9Y2J0,P42025
Q13190,P51790
O00499,Q5TD97
O75147,P49821
P54132,P26599
Q6P2Q9,O43187
Q9UBQ0,O94888
P62273,Q9NPC6
P17275,Q86WX3
O15155,P25789
O75582,Q8NEM2
O14543,Q9BXW9
Q16288,P50151
O00487,Q02447
P09693,Q9NW38
Q92993,P21580
P51116,P10398
P61923,Q8N5I2
Q6ZVD8,O00762
P17544,Q99640
Q93074,O95475
Q96J84,P02743
P29322,Q06587
Q9P2M1,Q63ZY3
Q702N8,O15055
Q8IYD8,P14678
P07900,P48730
Q5S007,Q9UHX1
P15018,O76041
P12081,P50553
Q7L591,Q9UPT5
P62273,Q13094
Q99727,P29376
Q8N3Y1,P09936
P29322,Q9UMX1
Q6AHZ1,Q14397
O43745,P01112
P23297,Q96BH3
Q6TFL4,O43597
O95831,Q14676
O43719,Q19AV6
Q14C86,O43521
Q04756,P07737
Q9UQK1,Q9Y262
Q00688,Q8IWI9
Q9Y275,P49207
Q02952,P49354
P63279,Q8NHW3
Q14194,Q9GZX6
Q9UFG5,Q9Y264
Q5SW79,P47755
O95571,Q15361
Q9H3S7,Q9NZM3
Q96AE4,P28360
O95999,Q92934
Q9UJW0,Q15389
Q15700,Q9GZN8
Q9UHB6,Q969G3
O60826,P26374
Q8TF05,Q8NB91
P39023,Q8IY57
Q9UNF0,Q8N3X1
O00487,P01588
P45984,Q15427
Q9H944,Q15637
Q14160,P46776
Q9H211,Q9Y6D6
Q96MT8,P24278
Q8NB16,Q8WVM0
P42345,Q8NI27
P46976,Q9BXL8
Q99612,Q9UHN1
Q5VTR2,O43294
P30307,Q96JM3
Q15485,Q9Y5U5
P03951,Q6IBW4
P11142,Q9BWU0
O60583,Q86WV1
Q8WXF1,Q96EB1
P62714,Q14831
P20749,P27658
Q7Z5K2,Q15562
Q9BVM2,Q86XK2
Q9UBU7,P67870
Q96RN5,Q13425
P55039,Q9UBT2
Q96N96,P29083
Q96EK4,P02549
Q9UH73,Q96B67
Q14957,Q9H2S9
O43502,P78552
Q15021,Q14240
Q9UKW4,Q969G3
P06401,P57682
P26045,Q9Y3A3
P62841,Q9P287
P43005,P08514
Q16740,Q9NW38
Q9BXS5,Q9H2X6
P30531,Q9UL33
P21796,Q9H9E3
Q9UHD1,P54646
Q9BYM8,P09486
P22223,Q9NZJ0
Q969T9,P11277
Q9UJF2,O95977
O75628,Q9UI47
Q9NP97,P42166
Q96B67,Q9UQC2
P55085,Q96DE5
Q15080,Q9NWA0
Q9GZL7,P49795
O00716,O43583
Q969P0,Q9HBH7
P49917,P48378
Q9BT67,Q6PIL6
O95571,P05452
Q8IWL3,Q99719
O60256,Q15404
Q01844,P24278
Q9P0U3,Q9BXF6
Q8IZD4,Q09019
Q14746,P33991
Q03111,P49848
Q9H2L5,Q9UPN7
P14635,Q14145
Q96EV8,Q7KZ85
Q7RTN6,P32004
O14879,Q13002
P28324,Q8N4P2
P78364,Q92781
Q15404,Q13619
O00148,Q9H6Z4
O60238,P51693
P55773,P07737
P18846,Q15404
Q9NZ94,Q9Y262
Q5T5X7,O14980
Q13362,P16144
P02792,P55786
P24386,Q5TD97
Q15831,P30203
Q9H5V8,O43670
P35221,Q99801
Q5JSH3,O95373
Q02447,Q8NC51
P22570,P28482
Q9NRD1,P55273
Q13402,Q15208
P07947,Q9UIF7
Q9H0Y0,Q9P2K3
P62312,Q15025
P52597,Q8IUH3
Q99618,Q9H0M0
Q9Y2U8,Q6NXR4
Q15388,O14497
P08648,P30988
O00329,Q9UQK1
O15116,Q8NFH3
Q2M1K9,P51677
Q9NZN4,O75494
P09769,P57105
Q8N1F8,Q9UL62
P02549,P35612
P16949,P01019
P27658,Q6VAB6
Q14526,Q9BRG1
Q9UBU8,Q96JM3
O14983,P50749
Q96L92,Q9UQK1
Q01826,P01106
P02768,Q92934
P62140,Q9UNK0
P09486,P52435
Q9UMX0,P49238
Q53GS7,P62140
O43364,Q15022
Q63ZY3,Q9BX63
Q5XUX1,Q92834
Q6GQQ9,P29376
O95429,P48730
Q5T6S3,Q9Y2V7
Q5VVQ6,P52594
Q5VWQ8,P18433
Q9Y678,P35625
Q9BSL1,O00303
P09693,Q9UBF1
Q8WWL7,P16112
P62841,Q9P2W9
P05412,P45379
Q702N8,Q9Y6A5
P18827,Q9P287
P18031,P83436
P83436,Q9UIF7
P62244,P16144
O00625,P57740
Q9H2X0,P41002
Q9Y4C1,Q9H3S7
O43516,P29376
Q96QC0,Q9NQB0
Q99547,P09958
P40123,Q9Y6Q5
P46734,Q9UK53
Q03181,Q5JVS0
Q92781,P48378
O43181,P25789
Q9NS23,O75531
Q9H6T3,Q9H4B6
Q7Z6J0,P55317
O43187,P06454
P31273,P38432
O00291,P11166
Q96RT8,Q8TAA9
Q99466,Q9UHN1
Q15645,Q5VTR2
Q9Y6W8,Q14114
Q9Y3A3,P07998
P60709,O75528
Q6PI98,P02741
P61020,P11474
P28336,Q9NZN4
P06307,Q04721
P10145,P20594
Q9NVF7,Q9GZM8
P61020,Q9NY12
P12644,Q9H816
Q7L804,P55055
P57678,O14641
P11277,Q15118
Q9NZL6,O43318
Q01664,O94906
Q8NFJ9,Q14118
Q00597,Q8TAP6
Q14318,O43390
Q9Y2S7,Q14974
O15524,Q9UL33
Q9H7Z6,O14770
P26371,O14730
Q8NFD5,P43250
O00622,Q9Y5X4
P24278,P23229
O95460,Q53HV7
Q8TD16,Q9GZR2
Q13239,P20702
Q9NSC2,O14727
Q96IY4,Q6SZW1
P30622,P26367
Q15080,Q05682
O75323,Q99873
Q02535,Q9H6Z9
P50616,A9UHW6
O60927,Q9NPJ8
Q8TBZ2,Q13287
Q9UL25,P39060
P61457,O95271
P46976,P05452
Q9NPD8,P42701
P49767,P49815
Q9H2D6,Q6S5L8
O75947,Q16537
Q9H0A8,Q16633
P17980,O95831
P51114,P09936
P57796,Q9UGL1
Q9UPY6,P09693
Q86Y91,Q15154
P36894,P53611
O00220,Q14114
P10144,P52435
P16860,O15357
Q92556,P08754
Q9BZE9,P22001
Q86X29,Q13555
P40926,P21675
P29992,O43491
Q99961,Q9UPU9
Q13043,Q9NZC7
Q92887,P35858
Q92886,P20701
Q9Y4Z0,P35228
P52790,Q9Y2X3
P62834,O00189
Q674X7,Q9UBP0
Q9NX70,Q86XK2
O75312,Q8IU81
Q86SZ2,Q8WVK2
P28336,P50613
P06702,Q7L523
O95460,Q9NRG0
Q9NQC3,Q15532
Q9Y210,Q9H9T3
O43665,Q15466
Q07890,P05452
Q8N531,O14893
Q9H160,Q16633
Q99962,Q86U86
O95816,Q0VG06
P27361,O95251
Q9UBT2,Q15334
A0JLT2,O14893
P61981,P21953
Q9BU64,Q9GZT8
Q9HB90,P51149
Q9UGL1,O43929
Q9Y2V0,Q8WVM7
P42224,P61077
Q9NRH3,O76064
Q13352,Q00613
O43745,P49116
Q14957,O75161
Q9BT25,P50616
P05156,P22692
P11215,Q01196
Q96SN8,P51636
Q02447,Q6NZY7
Q13156,Q15078
Q9NQ55,Q9Y2K6
Q00526,P17480
P80098,O95336
Q99467,P30988
P61457,Q9NQT5
Q66PJ3,Q06546
Q7Z628,P35346
P48730,Q13507
Q9UQ35,Q16478
Q12840,P00742
Q9NQT8,Q9UK97
Q13107,Q96KJ9
Q5T5C0,P35612
Q15173,Q14011
P08559,Q93008
Q9P2J5,P33076
Q8IY57,Q9BQG0
P08908,Q9GZV8
P57796,Q13424
P17661,Q8TAC2
Q09028,P12235
Q8WV41,Q9NRY2
Q14192,Q99547
P52952,O00303
Q99732,Q6PJG6
Q16548,Q96N96
Q12774,Q9UQM7
P98155,P01303
P54578,O75410
P14210,Q9H832
O43572,Q13011
Q13472,P18887
P02765,Q9P2W9
P22301,P67809
P41236,Q15046
Q9BXL8,Q9BV36
Q9C0C7,O75529
P18887,O95977
Q9P2M1,P63241
Q13474,P13569
P30273,P09668
O15525,Q8NC51
Q9H6R0,P29474
Q14683,Q07890
Q5TKA1,O00548
Q96EZ8,Q92830
P56282,Q13501
Q08345,P02743
O95149,Q9BYW2
Q15833,P42224
O60921,Q9UNY4
P49643,Q9UM73
Q05066,Q8WWL7
Q5JSH3,Q9Y3D8
O95714,Q9H1A4
Q9BVA0,Q15363
Q13443,O75478
P10147,Q8TEP8
P01241,Q9Y264
O96028,Q9BQG0
Q8WWY3,P84243
P83436,P15924
P19388,P61587
Q12788,P17813
O14796,Q9H4E5
P27361,Q9H6R0
Q969R2,P15173
P22736,P55795
Q8NI27,O75947
Q9UHQ4,Q9UGK8
O14983,O75800
P37088,Q9UNY4
P32302,Q15788
Q9HAP6,P49238
P21506,P29992
O95197,Q02388
Q13153,P68402
Q86UP2,Q3LFD5
Q8N8S7,Q92966
O94906,O15144
Q96AX1,Q9NZD4
O94842,Q9NPH3
Q16667,Q5T7B8
P55060,Q13351
Q9BXM7,P35269
P62834,P62495
P07858,P78345
Q9Y3I1,P50148
P05109,Q7LG56
Q15642,P50616
Q13469,Q00534
P51571,Q9H8Y5
O95149,P22692
Q9BXW4,P05783
Q9UPQ9,O43680
P40222,O75478
Q01664,Q9Y2K6
P01130,Q07960
P03951,Q9Y2A7
P35613,O94776
O95835,Q9Y6E0
Q15008,Q96JM3
P22570,P0CG13
P61328,P01116
P23921,Q01081
Q8N196,P25189
O95190,P03951
Q96NE9,P16278
P16591,O60869
Q9Y2T3,Q8NB12
Q8IZQ1,Q9NVI1
P62875,Q9NV31
P20618,P14555
Q9Y2I1,P18564
Q9NR50,P13688
Q9BXW4,Q06481
Q9NZL6,Q8WYR1
P27482,O14727
P60604,Q6W2J9
P08700,Q16288
Q96QK1,Q92667
P18054,P35637
Q96JB5,P05108
P12956,Q8NFJ9
P01040,Q4VX76
Q14151,P15382
P20333,P19419
Q13438,Q13895
Q9H9F9,P60604
P61204,Q96B67
O95487,Q6ZRS2
Q9Y3I1,Q13642
P48061,Q15915
Q13705,P26717
Q8WV41,Q8N8A2
P54646,Q9BY43
Q99814,P55347
Q9H2X3,Q86SQ9
Q06481,Q86SZ2
Q13555,O76064
P41134,Q07820
P39019,P02748
Q9BVI4,Q9NY12
Q969H6,Q2TAY7
O75694,Q66K74
P61020,P27701
Q07866,Q99418
P01583,Q92793
P01588,Q9UIB8
Q96BH1,P27695
P29474,Q9NXR1
O43734,P15382
Q53HL2,P51809
P07942,Q02388
Q7Z406,P02708
Q6WKZ4,Q96HR8
Q7Z4H7,Q99418
O75410,P31949
Q13029,Q96JH7
Q7LG56,Q9UPN3
Q9NYB0,Q9Y2V3
Q9NRW7,Q96A56
P52952,O75509
Q12834,P51668
Q16890,P78552
P61587,P31949
O75592,P41743
Q9UKC9,Q8WVM8
P28074,Q8WVK2
Q8NB12,P05121
P29459,P05106
O95544,Q9NXR1
Q9Y2Y1,P06858
P51965,Q02223
P36542,Q9UHB4
Q9UMX0,Q702N8
Q6NXR4,Q96IV0
Q8IWZ8,Q9UBP5
Q96KR1,O75489
P45985,P18428
O95630,Q9Y2M5
Q06643,Q7Z6E9
P55884,Q8NHL6
Q96RR4,Q7Z6M2
Q99436,Q13478
Q9BUE0,Q9NYY3
O43815,P08754
Q99471,O75558
Q9H8S9,Q8WVB6
Q9HCS7,P01308
Q9HAJ7,P48730
Q96IY4,Q7L5Y6
P51610,P68032
P16152,O00303
O43150,Q9Y6N8
O75052,P62820
P49796,Q7Z628
O60884,Q15691
P06734,P51843
Q9Y2V7,P31949
P60033,Q14118
P39748,Q86WT1
P01106,P10909
Q9H9E1,P09874
P51170,O43432
P14625,Q9H1R3
P68431,Q92796
Q16623,Q07325
P61247,Q9P0U4
Q13542,P42166
P40939,P13569
P41273,P81408
P08949,Q9BYW2
Q96AY2,P49848
P81877,Q969T4
Q9C029,Q9Y6A5
Q702N8,Q9P2M7
Q13505,P41273
O75909,P53992
P29992,Q9BUZ4
Q9UNS2,Q9UK97
O15164,Q9ULC4
P51451,Q9UHL9
Q5SW79,Q9H9H4
P16860,P28074
Q9NSC5,P68431
P14653,Q14296
O75955,Q14397
Q6QNY0,P43364
P08514,P10515
P00750,Q15833
Q8WWN9,Q8IUQ4
P47804,P78345
Q14498,Q76N89
Q99547,Q2QGD7
Q9NRR4,Q9H9G7
O15211,Q8NI36
Q02763,P15531
Q9UMX1,P55327
P49821,Q00688
Q92643,P21817
P60953,P62834
P50148,P16144
Q92956,O15539
P24941,Q9UIU6
Q93074,Q6UXL0
Q8NCM8,Q9UBT6
Q9HAU4,P61952
Q99081,Q9Y4B4
O60741,Q8TBZ2
P62487,Q96A47
Q9UKV3,Q9Y3Y4
P01303,P11362
P49459,O43390
Q92614,Q9Y692
Q96IT1,P62906
O14519,O75529
P46108,Q16890
P21980,P39748
Q9BXC9,P10144
P56159,P51957
Q9H9H4,Q14114
O60674,P57105
Q15717,Q9Y2M5
Q14103,O60741
P62263,Q96II8
Q9Y3Q8,P48730
Q86UP2,P09382
Q08999,P14921
P32969,P49750
Q02952,O75326
P08581,O00300
O95460,Q8WXE9
Q96DX5,Q6NXR4
O60645,O43293
Q96L91,Q05639
Q9NPG3,P25705
Q8N3X1,Q9NRD0
P63279,Q9NRD0
Q9BTE3,Q8N5V2
Q16633,Q7L523
Q9NQ25,Q01860
Q9NPI6,Q96BH3
Q86UT5,Q13555
O75676,Q02223
O75052,Q9NV70
Q96JM7,Q99952
P14316,Q9H2X0
Q04724,Q9UKV8
Q13492,Q9ULB1
O14836,Q9BUZ4
P35221,Q5JQC9
P14866,Q13901
Q14653,O43427
Q9NYG5,Q14161
Q01844,Q05086
P30086,Q13002
P50748,O60232
Q8WWN9,P30542
P09038,P42226
Q96QK1,Q00534
Q15404,Q9NQ29
Q9HB19,O75056
Q13315,Q9NQT8
Q9H7C4,P07998
P08100,P45984
Q8WU20,P49848
P20719,Q9Y4A5
Q14451,O94829
O60568,P41002
Q9UBF1,Q13588
Q7RTV0,O60830
O95400,P19404
O00625,Q96BH3
Q14149,Q04756
P12755,O60610
O15457,P78357
P01133,Q01105
Q9UJX5,Q8WXH0
O75865,P14635
P68431,O00628
P62834,Q8IU81
Q9UNS2,Q9UPS6
P61024,P60709
P27986,Q9Y2Z4
O75676,O94817
Q8N668,P12235
Q9H8T0,P68402
P81133,Q05639
P98161,Q9UPY8
Q6ZRS2,Q8WXH0
Q92918,Q6SZW1
Q14005,O60664
Q9BYM8,Q9H0U4
P49238,P12270
Q14681,Q8TDD1
P20749,P61962
Q8TEU7,Q8NHL6
Q9H0A8,P09913
P62879,Q8TDY2
Q9GZT8,P84085
O43491,A9UHW6
Q15466,O15539
Q96QC0,P62328
Q9NR77,Q9BQ95
P00505,Q6P1N0
O95197,P56693
O75335,Q71F23
P26599,Q9HAU4
Q12841,Q6PH81
Q01094,Q99075
Q9P104,Q13351
O95352,O15297
Q08380,Q9NP97
O95273,P20849
P10644,Q8IUC6
P16591,P81408
Q9Y6R4,P32856
P55209,Q9H9Q2
O15018,Q9NP97
Q9GZV5,Q96PK6
Q8TES7,Q9UBQ5
P48145,Q9Y5K5
P30305,P61968
Q5TKA1,O75531
Q02487,Q8TD08
O75663,Q9NRG0
Q13153,Q9Y535
P04229,Q9NR50
Q9BT25,Q96IF1
O94776,O43264
O95816,P01040
Q53HL2,P29376
Q13884,Q8NI27
O43491,O14933
Q7Z6E9,P43250
Q9UHB6,Q99836
Q96JB2,Q9Y3M2
Q00688,Q9Y6X3
Q00536,Q14145
Q96P71,P59780
O15068,P15090
P18077,A9UHW6
P25103,Q9NYJ8
O43566,Q9ULV8
O95967,O14744
P30542,P36873
O95336,Q9NZU7
Q9H845,P48023
Q9Y570,Q86SZ2
Q8TAG9,Q13541
O95273,P61081
Q9UJV9,P26373
P23297,P27658
P62879,Q92973
Q9UNP9,P16278
O75369,Q8TEL6
O75586,P15976
Q9Y6D6,Q99835
Q15528,Q96S55
Q8NFH8,Q9UGK8
Q9H9C1,Q7L523
P49642,Q15717
Q99497,Q16539
Q29RF7,P35368
Q6SZW1,P00533
Q15834,P09681
Q9H3U1,P39086
P49918,P15863
P09651,P50539
Q15022,P56282
Q96S52,Q92574
P19838,Q96SW2
Q6IA86,O94864
P50150,Q53HV7
Q15642,Q02880
Q13595,Q9Y2X0
P14316,Q96II8
Q16623,Q9Y2X3
Q9UBT2,Q96II8
P98160,Q04912
Q8N729,P11171
P50616,Q96AX1
Q99418,O60609
Q6AHZ1,P18887
Q01664,P78552
Q9UMX0,Q5VTR2
P25205,Q14C86
P42345,P12814
Q9UMF0,P15153
O15164,P05813
Q96DI7,Q15406
Q14643,Q96CD0
Q01844,Q12934
Q68E01,Q76N89
Q9P000,Q7Z6G3
Q6X4U4,O94905
Q7Z417,O95336
Q86XL3,Q5U5X0
Q96P71,O14958
Q16526,O14879
Q93038,P06454
Q8WUF5,Q99801
P09661,P28072
P04234,Q12774
O95271,Q96A44
Q7Z7L7,P56178
Q12923,P31150
Q9UGM3,Q9UHV7
P04183,P62736
Q15915,Q92925
O43852,O15511
Q96PU5,Q9NY61
P01111,Q9Y6A5
Q9NR77,O75334
P01034,Q13936
Q68E01,Q8WVC0
Q8WWW0,P14210
P45984,Q71DI3
Q13470,Q13838
P35241,P42680
Q9Y6Q5,Q7Z434
P81877,P55199
Q7Z6J0,P63000
P01189,Q86Y91
Q8NFH4,Q86SZ2
Q8TCG1,Q9NSC2
P54252,Q6PJG6
Q7Z419,Q9UK53
O00241,Q12840
Q92956,P48546
P38936,O43164
O43734,P23193
Q9BUE0,Q9UIF9
P26045,Q15118
O75604,Q9NZN5
P24385,Q92636
Q9HD67,Q7Z412
Q9C086,Q9H5I1
Q58A45,P78552
P13805,Q9H0Y0
Q96L91,P60604
Q99973,P10242
Q9Y698,Q9BZE4
O14544,Q9GZM8
P51571,P41743
P62942,P02748
O14836,O00628
Q9BY67,Q9UBN4
P02679,O14576
P52701,Q9NVK5
P11474,P42081
Q16667,P18510
P18054,Q5TCZ1
Q9P000,P15172
P21506,O00141
Q9ULV0,Q9H8T0
P23760,P51170
P24864,P09493
Q96LD8,Q8TEL6
Q99961,P04198
Q70IA6,O75334
Q8IVH8,O00141
Q9UKA2,P20810
P19174,Q9Y4B4
Q9NX70,P13688
Q6P2Q9,P05549
Q6P2Q9,P50613
O60756,P01584
Q9BUZ4,Q86UE8
P11684,Q96AX1
Q92817,Q6W2J9
P04234,P25391
Q13595,O75170
P55347,P21802
Q13158,O14908
Q6ZRS2,Q13588
Q00577,P52799
O76003,P02545
Q9H2X0,P20042
P43235,Q9UHN1
P08637,Q9Y6E0
Q8IZJ1,P62834
Q5T5X7,O96017
P15880,Q9BY11
P30260,Q8WWW8
P62993,Q9NZU7
Q9NPC8,Q9Y6A5
Q13435,P54253
Q8TBB1,O00303
Q14681,Q13277
Q13153,O75529
P10828,O15533
P78543,Q9UKI2
P62906,Q13427
Q01844,Q9NV70
P61587,P08709
O00303,Q9UPN7
Q13887,Q9NZC9
P42081,Q08050
Q13595,Q14011
Q9BXL8,Q15691
P83916,Q09470
P29460,P27361
Q8IXH7,P84095
P50281,Q96B36
O60683,O14744
P98164,Q9BVP2
P62314,P10144
O95257,Q9H1D0
Q15025,Q9Y6D6
Q14168,Q6EEV6
P28161,Q93008
Q9H1Y0,O15160
Q9Y6N8,O14948
Q8IZJ6,P10145
Q99741,O75592
Q9H6Z4,O15144
Q7L5D6,P30542
P24941,Q9UBC2
P22455,Q9NWS0
Q9Y6R4,Q9Y3C7
Q9ULT6,Q9UBY9
Q9Y5J9,Q9NS75
O43187,Q86YS3
O95232,P61925
Q7L590,Q13277
P21333,P51911
Q6QNY1,Q96JM3
Q86X29,Q96NE9
P01116,P17706
Q9NPD3,Q9GZX6
Q14160,O14795
Q9P2W9,P0CG47
Q02535,P09493
P13224,P24723
Q13635,O75489
P23467,P55795
Q99961,Q8TDX7
Q9BVA0,P16389
Q13085,Q9UK53
Q14738,Q9UNS2
O43847,O95758
P29375,P17535
Q9P1A6,P02748
Q92882,P53999
O00512,Q00534
Q9UBE0,O14770
Q6X4U4,Q99835
P07737,O75558
P09038,Q8IYI6
Q99640,Q8NFJ9
Q9BT25,O75439
P19532,P35637
O75081,Q9UHV8
O94776,P10589
Q9C0J8,Q5VTL8
Q9NYB0,O60830
P01160,Q9NR77
P61328,O15066
Q92530,P43320
Q16890,Q9UQM7
P14653,Q9UK97
Q8WUH2,O60741
O15264,Q9Y2M5
Q8WYH8,P34130
P39023,Q15915
Q13011,Q9HBZ2
Q96MF7,P26885
Q86U70,O75312
P21506,P55198
Q9H2L5,Q8NHY5
P45379,Q9NZN5
Q92585,P32239
O43752,Q9NRR4
P04234,P19174
O43521,P25800
Q9BWT7,Q92793
Q9P209,Q9Y3Q8
P02675,Q96A44
P98155,O00472
Q15554,Q9BQE4
O15360,Q9H6U6
P15382,Q9BV36
Q9NWT8,Q16633
Q9UKL3,Q7Z589
Q9C0C9,Q9NP97
Q9NT62,Q5TCZ1
P22674,P39748
P02748,P99999
Q8TBK2,P98160
P51451,Q9Y2J2
Q9P0U4,O00189
P30203,Q9BXH1
P21333,Q92796
P61956,O00512
P41091,P98172
P56693,Q8N5C8
Q6GQQ9,Q13642
Q8IY57,P10398
Q9H0W8,O75030
P01834,Q9UPY6
Q9H6T3,P51965
O00522,Q9UL63
Q92636,O95249
P51610,P04075
Q9H4E5,P18077
Q6PIJ6,P56537
Q9NPH3,Q9BZD4
Q9ULZ2,O00443
P27348,Q86VQ0
O75061,Q8N1E6
Q7Z6J0,Q86X83
Q99523,P43627
Q99961,Q12905
Q9C0C9,Q9UGK8
P78406,Q13588
O95271,Q15389
Q14653,Q6P1N0
O60880,O75791
P31273,Q13873
O75061,Q8WXA9
P23467,P09493
Q9P2W9,Q96EP0
Q8IX03,P28074
O95967,Q9P209
Q2T9J0,O14662
Q15831,Q5T7B8
P19532,P05388
P05412,P61289
P49711,P12273
O75369,P51149
Q01844,Q15596
Q9NYY3,Q9P2Y5
P40222,P54136
Q9H9C1,Q8TAP6
Q16543,Q969Z4
Q9NRR4,Q9UK53
Q13625,P61024
Q99081,P62633
Q5T124,P46736
P29373,Q0VDD7
Q9H0N5,Q9UNH7
Q12815,O43264
Q13505,P43628
Q13156,Q6ZYL4
Q8TDR0,Q8N5I2
Q9UJF2,P03973
Q9Y566,Q9GZM8
O95544,O00303
Q9Y2U5,Q9UNP9
Q9BVA0,Q96A44
P11473,Q5VVQ6
P53992,P49795
Q9UBD5,P19838
Q99741,Q13424
Q01638,O43502
P49427,Q9BW11
O95600,P20849
Q702N8,Q8N3R9
P20807,Q9NVF7
P40227,P30989
P55039,Q8TEU7
Q96QH2,Q5TCZ1
O14777,P30279
Q9BUL5,Q9Y239
P52594,P35354
P54259,Q13291
Q9UJT2,P52435
Q969T4,P30281
O00220,P32780
Q9H8S9,Q9HCJ0
O43516,P29459
Q0VG06,Q9UQ35
Q9HAW4,O75056
Q8WXX7,Q9NQZ3
Q9NSA3,O75164
Q12934,Q9NZM3
P32856,P29374
Q96P71,Q8IVI9
Q9Y6R0,Q9NVX0
O43927,Q9H9C1
P25490,Q96B97
Q14004,P14210
P01189,Q9Y2V3
Q15554,P11177
Q06828,Q9Y2W1
P31994,Q9BW61
Q9UBT6,Q9UQB3
Q9Y2Y1,Q1KMD3
P50749,Q9H9Q2
Q5VT25,P28907
P25103,P19387
Q9Y2H1,Q8NHG7
Q93009,Q8NFT6
P19438,Q6FI81
Q8NC51,Q9NXK8
P23921,O15055
Q8IZQ1,O60488
O15111,P60709
Q16537,P28161
P47874,O43390
Q9UNY4,P24522
Q14160,Q8NI27
Q13387,O15357
O60296,Q12769
P26045,Q8WVM0
Q86VN1,Q14242
P36405,Q5T1R4
P04075,P18031
P43320,Q96QT6
P09493,O43929
Q9H2X0,Q9H1K0
Q13485,O75864
Q9UK41,O95758
Q6GQQ9,Q9NY61
O75955,Q9BZJ0
P16234,P46934
O00757,Q13643
Q16548,P49750
P04049,Q14240
P51170,P25705
Q86X29,P54253
Q8TAP6,Q9BW27
P15153,Q9ULW0
Q96QG7,P25774
Q12874,P84243
Q16623,P60763
P23193,Q8N4P2
P25490,Q06828
Q9P2M1,P32780
P15151,P49821
P61586,P85298
P09234,Q9BUN8
Q13620,P10644
P11474,P08559
P28702,P07858
P08922,Q99732
Q86U06,Q15532
Q8IVT5,Q9UHD9
P36507,Q7LG56
P25205,Q9BW71
Q12860,Q9H3S7
P27986,Q9BQ95
Q8N8S7,Q9UIV1
P46734,P62820
P08833,P18615
Q8WVY7,P35916
Q9NV56,Q05639
Q9UGJ0,Q9UGL1
P62875,P10916
Q8N729,P50749
Q8WYR1,Q9NV31
A8K8P3,P09382
Q14676,Q9UKA2
P54646,Q9HBZ2
O43745,O43264
Q9NRZ9,Q9UIV1
O14879,Q96AH0
P47224,P35916
Q6P4Q7,Q9P246
P98155,Q9NY12
Q9HCG8,Q92889
Q92882,Q13523
O75689,P15090
Q9Y463,P57678
P24522,Q92838
Q92887,Q8WVM0
Q13232,P08246
P62306,O00716
O75529,Q9H254
Q13586,P32246
Q9NQT5,O15344
P14866,P02741
P42336,Q9NRZ9
P29376,O00287
O00757,P01116
Q9H3M7,Q99952
Q99584,P35998
P50914,Q8NFZ5
Q12841,P07237
P20849,Q9UKB1
Q96J84,Q96CS4
Q99653,P04070
P17275,Q9Y4K4
P43364,P84243
Q99640,P11277
Q6AHZ1,Q9H2G4
O43189,Q9HBM1
O75528,O00308
P35221,Q9UKS6
P23467,Q96T60
Q8IUQ4,Q9UL63
Q9NPI8,P03951
P28328,Q14114
O60486,O95197
Q4VCS5,Q9HB90
P09693,P01730
Q15696,P98172
Q6GQQ9,P55196
P21817,Q9Y6D6
Q86XE0,P26599
Q9NQC3,P16112
Q96AE4,Q99575
P07766,Q9Y2W2
P49643,Q07325
Q96EV8,O15145
Q96J02,Q9P253
P06702,O76021
P06493,Q8N1I0
P17980,Q15459
Q12778,P30203
Q9H6T3,Q8N9N5
Q9H2G9,Q14203
Q9H0W8,P63010
O95402,P28065
O14757,Q9ULC4
P05161,P85298
Q5XUX1,O95071
P14866,Q96CS3
O14737,Q9H147
P41208,O75528
Q13332,Q13029
Q92542,P00533
Q9H2L5,Q9BQ95
P12272,Q96M61
Q9Y5B0,Q8N3R9
Q9HD67,Q9HAQ2
Q9UPW8,O94905
Q9NZ94,P78413
Q9BT25,Q13432
Q9Y3Q8,P55055
Q92973,Q9Y243
O95967,Q07864
Q9UNE2,P26599
Q13310,O75817
P22059,P02786
P01112,Q8WXX7
P04049,O75925
P62714,Q15544
O43491,P13598
P0DI81,P68871
O43488,P15692
Q9BS18,Q99598
P62249,Q9Y297
Q14566,Q9UNN8
P50213,P21926
Q9P2D0,Q9GZT9
O75161,P05771
Q12972,Q00005
P62906,Q6PH81
Q6TFL4,P25189
P02686,P00918
P52306,Q13418
Q9H8V3,P20849
Q16666,P62834
P01588,Q7Z7L7
Q9ULC4,Q13094
Q9H221,O60739
Q86SE9,P10398
Q9BT25,Q8N5C8
Q92793,P07951
P35241,P23582
Q9P2W9,O43294
P12956,Q8TEK3
Q8IWV8,P62841
P19544,P01889
O43447,Q9NQB0
Q96II8,P06746
P43403,Q92918
Q96NE9,O15455
P05362,Q9UNM6
Q9H165,Q9P2M7
Q8N122,Q96S55
Q9NRY2,Q99418
P09622,P09913
Q15120,P56693
Q96QH2,Q02297
Q6NZY7,P14625
O60825,Q6ZRS2
P26641,P25054
O60296,O43719
Q96EB6,P61925
P41229,Q9NZN3
Q6R327,P60484
Q14566,Q9UNS2
Q9Y6Q5,Q8TAG9
Q8IWV8,Q969R5
Q13009,P13569
O00716,Q9Y3L3
Q96JN8,Q9UIF7
Q96AP0,P09486
P18077,P98160
Q96EB1,O60830
P61626,P19419
Q53T94,P55317
P10242,Q92796
Q6P2E9,Q13542
O75969,Q13002
P41743,O15205
P61086,P11308
P53803,Q9H6T3
P20273,P52630
Q8IYB3,Q04912
P53803,Q7Z6E9
Q8N3X1,O60609
Q9Y6N7,O75807
Q01638,Q969H4
Q9BVW5,Q13404
Q96A56,P32780
O43164,Q96L14
P24386,Q96A47
P05108,Q9NP64
P04899,Q15154
Q9UPZ3,O00308
O43707,O75970
P35638,P17342
Q86Y91,Q9H147
O00244,O15457
Q16695,Q13643
P42772,Q9H0U4
O75144,Q7Z569
Q96NA2,P55089
P31942,Q14865
Q13315,Q96FJ2
Q13595,O43491
P62312,Q9UP52
O43251,Q12873
Q16537,Q15596
Q96A47,P11308
O60486,P18054
Q9UIF9,Q9Y2D1
O75197,P19532
Q5T5X7,P16860
P15407,Q9BQ67
P13671,Q96KJ9
Q05397,P49754
Q96A56,P18510
O43583,Q86US8
Q96L91,Q5T7B8
Q7Z6B0,Q9ULB1
Q9H4L5,P18859
O75506,P81408
O00487,Q9NS91
Q9NV44,P51668
Q14865,O76075
Q13009,Q5TD97
P51148,Q9BUN8
Q8N3R9,O75934
Q99961,Q04756
P61086,Q9H469
P14555,Q13351
Q9H7Z6,P62310
Q15843,Q9UIF7
O43734,P36897
Q9HAW0,P06493
P07225,P11474
O75628,Q5XUX1
P57678,Q9UIB8
O43929,Q9H1D0
P21802,P40939
P39060,O14727
O75340,Q92966
Q8IZD4,P26374
Q9Y6M7,Q9NSC2
P19174,Q07864
O00401,P05129
P61328,P17096
P08670,P01308
P41236,Q99719
P51116,Q13546
P40222,Q53HL2
Q9NWV8,P50616
O75369,Q9NV56
O75410,P51677
Q9UBQ0,P60709
Q14194,Q9BQ95
P08651,P42345
Q9UQ84,Q04721
Q99661,Q9UGI9
P45379,Q15506
P55789,Q92530
O95278,Q6NUQ1
P78364,P10071
Q99567,Q8NFH3
Q6R327,O75478
Q9H0E7,Q9Y5B0
Q8N201,P02675
Q9HBH7,Q9UIU6
Q66K74,Q9UBU8
O43187,Q8N5H7
O75558,Q99618
Q9H8T0,Q13224
Q5S007,P56178
P10916,P63010
P20333,Q15311
P08684,Q02297
Q96PU5,Q8N9M5
Q9H9H4,Q9ULJ8
Q6GQQ9,Q6IA86
Q96PB7,Q9BTP7
O95831,Q9ULW0
Q9NPI8,P37173
Q9BXB1,P10275
P04070,P14921
Q8TAQ2,Q9UNM6
P19838,Q04721
Q9NQC3,P21728
P25815,O60240
P50148,P10398
O75161,Q16595
Q9UI12,Q702N8
Q9H6T3,P28827
Q9BRK5,Q9BZK7
P16871,P16109
P01116,Q99942
Q9NZN5,P25800
Q13888,Q9NP64
Q9HBI1,P26717
O43402,Q8NHL6
O95271,Q9UHN1
P07996,Q9UJX4
Q9NV58,P61457
P84022,Q86XL3
Q9BVI4,P05549
Q12929,P20807
P14373,P15941
O14879,Q92796
Q96CW5,Q9Y3T9
O60741,Q13608
Q07866,Q6NZY4
P28482,Q15334
P37088,O75150
P38432,Q9NPC6
O75461,Q92904
Q7Z406,Q9NZD8
Q96NE9,P01236
Q96QK1,O95967
P62753,O75478
P16035,Q9Y4A5
O43292,Q06830
P49755,Q9UKL3
O43745,Q9BZE4
P30279,O60830
P04229,P01275
P49642,Q8N196
Q9H2G9,Q16082
Q9UGM3,O14901
Q9Y2W2,Q13541
Q9UBZ9,Q8TBB1
Q99748,Q96FV9
Q14194,O14757
Q86YR5,P34932
Q2TAY7,Q9NVF7
P14923,Q9NPF4
Q9UQ84,Q9NRY2
Q01892,O15446
P02748,O75477
Q15672,O75791
Q15366,Q9UBT6
P11362,O75807
Q8IY57,P15090
Q00577,O60664
P24863,P07093
Q14565,P67870
O75494,O75477
Q14565,Q7Z569
O60716,Q05209
Q9NY93,Q86WV1
Q9UBN6,P52435
O75410,P55055
P54646,P23468
O60741,P85298
Q9NRR4,Q13617
Q9NQC7,Q96FJ0
P30989,P28340
Q16832,P42680
Q8N3F8,P23327
Q9H461,Q9UER7
Q12788,P28062
P67870,Q9BY11
Q93052,O95278
Q9UGM3,P49137
P28074,P56693
P36873,Q96T37
P29692,Q9Y2Z4
Q9UI12,P63220
P62195,P21953
Q8IWU2,Q9UIF7
Q9NWT8,O75663
P49675,P08246
Q8NE01,Q96EK4
Q92736,P26367
Q96J84,P49116
Q92993,Q9UGK8
Q15054,Q66PJ3
Q99626,O60216
Q92844,Q15788
Q7L3B6,P15976
Q9UJF2,P49759
Q15717,Q86T24
Q00536,Q9NZD4
Q8N5Y2,P30460
Q8TEQ6,O75695
Q9NZD4,Q5T9L3
O76021,Q99835
Q5VST9,Q13362
P05412,P28360
Q9NWQ8,Q5JY77
Q01344,P20273
Q9UKV3,Q8WXA9
Q15650,O00628
P62820,Q6VAB6
Q6ZRS2,Q16478
P09619,Q9NPF4
O75081,P22392
Q96KJ9,Q9H6D7
P36956,P55347
P04075,Q13011
Q09472,Q9UBI6
P35354,Q9BQ67
P32245,P61225
P30101,Q13643
O00512,Q9BW11
Q9Y5J7,P50553
P36542,O95863
Q92599,P41229
P08684,Q9NQZ3
Q9UBX5,Q86US8
O75914,O14492
Q96SB3,O60488
Q9UKA4,P20749
Q8NFT6,Q9NRR4
Q08AG7,P25189
P18621,A5YKK6
Q9NTI5,P46087
P08908,Q5VWQ8
Q63ZY3,Q8TB52
Q96B02,Q9BZK7
Q9HCU9,Q6NYC1
Q9BXS5,Q14240
P13639,P29320
Q9C086,Q9Y4Y9
Q9Y5P8,Q13541
P12273,O15116
Q9UBB5,Q9H147
P30876,Q9Y2A7
Q04637,O00255
P50281,P55795
P43364,P05783
Q15834,Q9H1R3
Q8NDX5,Q05209
O43924,P11166
Q86XR7,P15173
O60291,P30556
P49716,Q04756
Q9NP85,P14373
P22695,P51149
Q99836,Q15562
Q9UBF1,Q9UKT4
P01116,P20849
Q9P2W9,Q92570
Q13347,P60763
O00268,Q92574
P10916,Q9UHC6
Q9BXW9,O00141
Q9NX70,Q8NEM2
Q9P0V9,Q92569
Q15759,Q92830
O95149,O94817
P55085,P08151
O60884,Q8N5R6
Q9HCG8,Q9UPT6
Q9UMD9,P01023
P01189,P47224
P61244,Q9H270
Q99653,Q9H204
P46939,Q86WV1
Q9H6Z4,P60842
Q9BXM7,Q9Y248
Q9H221,P25054
P28072,Q14289
Q9Y2Y1,Q92585
Q13642,Q9P253
P51948,P19387
Q06643,P40939
P60880,Q8IZD4
Q6ZN18,O60716
Q68CP9,P05156
P41236,Q6NXR4
P49716,Q9Y297
Q96EK4,O15144
P23582,Q16828
O95352,Q58A45
O14618,Q7L2E3
Q09472,Q9UPY6
Q13352,Q96AY2
P41229,Q13873
O14745,P01892
Q9UL62,P40937
P25063,P41146
P17813,Q9H2X6
O95816,Q8N5H7
Q9UJV3,Q9UPZ3
Q13151,Q99640
P42261,P36941
Q9BPW8,P26927
Q96PM5,P43627
P63279,Q9NZN5
Q16629,Q9UL62
Q9H9T3,Q9H6U6
Q68E01,Q96JH7
Q99962,Q13351
P35052,P04075
Q86WT1,Q9P2Y5
Q3LFD5,P07196
P31483,Q53HV7
Q969R2,Q9UGI9
P83876,Q9H334
P22314,Q86W92
Q07325,Q5JVS0
P55317,P01275
P01040,P51884
P61024,O75170
P61978,Q12873
P57796,P63272
Q969R2,P60709
P11831,Q00613
Q00526,P23945
Q9Y2U5,Q01658
P46734,P17181
P09132,Q9BWW4
Q9UPQ9,P51114
P26373,P32246
Q14498,Q9P0W2
P35670,O14770
Q96CS2,Q9BY43
Q9UBI6,Q2NKJ3
Q14790,P02654
O43734,O95163
O60583,Q9P0P0
Q9UJA5,Q9UIU6
Q9H2G9,P60842
Q5T5X7,Q6IBW4
O14519,Q07912
P55072,O00716
P61916,O14893
Q09028,Q9UK97
Q15599,O75934
O43680,Q969P5
Q96KJ9,Q13936
Q9HCS4,Q9UPN3
Q9UG01,Q9Y264
P0C2W1,P49721
P35606,Q9P246
P18887,Q9UIV1
Q00536,Q9H765
Q99748,O94817
Q14974,P07288
Q8NI35,Q9BQ67
Q5T5X7,Q05469
Q9UKT7,P62913
P16104,Q8TF40
Q7RTV0,Q08043
P23469,O00429
O94889,Q86UP2
P04141,Q86SQ9
Q5T5C0,P06746
P52952,Q8WXE1
P16104,Q96RU3
O00625,O43196
Q96JB5,P55010
Q13387,P22392
Q02930,Q9P2B2
Q8N201,O43264
Q9UMX1,Q6ZTQ3
P21333,P24278
P01034,Q15046
Q92985,Q14974
P41134,Q9Y5B0
P23769,Q9Y698
Q9Y2S7,Q15744
Q9UNY4,P54577
P61024,Q9UNF0
P84996,O95997
Q9BY77,O15144
P43026,Q969G3
P62875,Q01658
P51170,P16112
Q14112,Q16644
O00585,P15884
Q9Y4D1,Q7Z494
Q9H668,Q7L523
P63167,Q04756
Q09013,Q9BUL8
O43187,Q13322
Q14512,O60216
P31689,P25024
P29622,Q96KJ9
P98155,Q9Y5K5
Q9UKV3,Q8TBB1
O95816,Q5XPI4
P26367,Q05682
P10155,O14544
Q53HL2,P41236
Q13144,Q05209
P29373,Q96B02
Q5VTB9,Q9NW38
Q8N122,Q9UHB4
Q9NYF8,Q96LD8
Q01664,P07315
O95433,Q9UIG0
P05386,P20810
Q06587,O75969
Q99966,P30499
O14983,Q13873
Q8N6P7,Q9UBQ5
O95297,P46060
P11047,P39748
Q8WYR1,Q3LFD5
Q6PCD5,P30622
Q15942,P49761
O95573,Q92796
Q06323,Q9HCS4
P19474,O95831
Q14161,P02741
Q96JH7,Q92542
P62273,P32239
Q9NZV8,O60285
P02647,P26367
Q96II8,Q9BQE4
P46777,P30876
Q9NWF9,Q99972
P61758,P43364
Q92844,P63215
Q6ZN18,P57678
O14958,O00628
P31749,Q7LG56
P07996,Q16526
Q13492,Q9H257
P00750,P46019
P51398,O95573
P46087,P54725
P29371,Q9UNN8
Q15834,Q9UBY9
Q9UM47,Q96CW5
Q02952,Q6IA86
Q7Z6J0,Q5VTL8
P09936,Q5TD97
Q92854,P29274
Q9Y2V3,Q8WWW8
Q7Z6A9,Q71SY5
Q53HL2,Q06546
Q8IXI2,P25063
Q9UIQ6,P41227
P18621,Q9UGI8
P31749,P30305
P49459,O75940
Q8WVJ9,O94927
Q16548,Q92625
P32004,Q07020
P38159,Q9GZN8
O60486,P61956
P36873,P35556
Q14498,Q8TEP8
Q92667,Q9NZM3
Q86UT5,Q9BYG5
Q8IWI9,O14544
O43196,P18084
P25024,P49795
Q9NR77,P20807
Q14938,P18615
Q8N196,P18846
Q9H8V3,Q9P2Y5
Q5XUX1,P38606
Q8N196,Q7Z417
Q9UFG5,P52952
Q07352,Q9P2G9
P11387,P02545
P23560,Q86Y91
P51812,Q9BQ95
Q96B97,O75592
P01116,Q9NPF4
P49238,P05106
Q8TF74,Q9UL63
Q13895,P06881
Q13131,O95336
O60240,P42081
Q9H2X0,P20226
Q8NBW4,Q96NA2
Q9BU64,Q9UER7
P28074,P23297
Q96QK1,O94829
O75689,Q6PH81
Q8N6P7,Q96AX1
Q99741,Q9UH77
Q9UP52,O14939
P05231,P52597
P28074,O75170
Q9H4M3,O60232
O94927,O75717
Q8IVH8,Q9BRQ0
Q8NG41,P26885
O14958,P15382
P63010,O95243
O95402,Q8WTR2
P23469,Q9NPC6
Q01201,P21453
Q7L804,O75150
O15360,Q92887
P14625,P05556
Q9UBT2,P21453
Q16531,P68032
P54284,Q8WVM8
Q96L92,Q3V5L5
P61619,Q9UJY5
Q16667,P42684
P49257,Q8WXE9
Q9UKV8,P36405
Q86SQ0,O15297
Q13418,O76064
P78362,Q8IW19
Q04323,Q92636
P01374,P28069
Q7Z4H7,P53618
O14511,P46695
Q15389,Q9NXR1
Q13705,Q5T9L3
P62273,Q9BWF2
P35638,Q15365
P50281,P51957
P35269,O75970
P51398,Q96C24
O43150,Q14011
Q13523,P16144
O94966,Q13322
P03951,P24278
P08581,Q15038
Q9UNE0,Q3ZCQ8
Q9UGL1,P51172
Q9BUZ4,P57682
Q8WWW8,P50453
Q9UQ88,P62316
Q15811,Q12840
P07332,P36404
Q15831,Q86SZ2
P00451,Q9H6U6
Q07866,Q9BRQ0
O94973,P68871
Q14919,Q9BW61
Q9H765,Q9UKB1
Q8WWW0,Q5VTR2
O76070,Q13002
Q15022,O95257
Q15528,P28161
Q99436,O00585
Q07812,Q5TCZ1
Q9NPF5,Q6NYC1
Q8N1L9,Q96BR1
P15407,P23193
Q9H4H8,Q96QC0
P26641,Q9UNY4
Q9H2X0,O75629
Q49AN0,Q8IZT6
Q16611,Q9P000
O43745,Q9UHF0
P01112,O00303
P18848,Q7Z494
Q96CF2,P30622
P02768,P30307
O00623,P17600
Q9UBZ4,Q0VG06
P32004,P61925
Q9UKV3,P84243
Q14919,Q15831
Q15831,Q96B67
P28074,P06239
P16070,P02749
Q9Y2A7,Q96A44
Q16656,Q96AH0
P61006,Q5JVS0
Q13614,Q9NXR1
O00192,Q9H2D6
Q9NY33,Q9NP97
Q13233,P35398
Q7Z6J0,Q9HAJ7
P13010,Q9UH92
O14925,O43513
P61020,Q92796
Q8WUH2,Q9UQB8
P15822,P07992
O95297,O60256
Q14004,P16104
Q13625,Q9NSE2
Q13642,Q99598
P20138,P30556
Q8NHW3,Q00534
P68431,Q9NW38
P18887,Q9BQG0
Q9UBN6,P29692
Q5D1E8,O95977
Q9Y6X2,O60741
O75369,Q13588
Q96B01,Q15672
Q9Y3A3,Q07864
P07225,Q86SQ0
P37173,P06702
Q9H4M3,P49736
P11473,Q08209
P14373,Q13404
Q9Y6X3,O14920
P10147,O15533
Q9Y692,Q86WT1
P41146,P78552
P63010,O96028
Q9Y3C8,Q9UPY3
Q9HAV0,Q93008
P15173,P04080
O75144,Q04637
P61158,Q9C0J8
Q12774,Q6IAA8
Q01344,Q3LFD5
Q96Q27,O15511
Q7L591,P51965
O95140,O75800
P28074,Q8N196
Q7Z569,Q9NPC6
P54132,P14210
P31942,Q99547
O14925,Q96FJ0
Q86U42,P04066
Q5XPI4,Q15154
O95602,P08637
P52565,Q9H0Y0
Q96JM7,P17542
P01031,P29460
Q9BUE0,Q9BQ52
Q12815,O95433
Q9UBV8,Q9UKA2
P61758,Q96AP0
Q7Z6B0,Q8NFH8
O75558,O95336
P22455,O15344
Q9HCS7,Q8N3V7
P61962,Q14565
P50213,Q86UL8
P98155,Q58A45
Q15785,P43626
Q9Y6R4,P46060
P20719,P36404
O00186,O15259
Q13310,O95433
P00374,Q8ND25
P23921,P10398
P20265,Q2QGD7
P08574,P24278
P05023,Q9ULZ2
Q14315,Q8N3R9
P15813,Q13427
P18031,O14576
P11473,Q9Y6N7
P05362,Q15386
Q14194,Q8IY57
P42229,Q8N5C8
Q96RK4,O95400
P49682,Q92636
Q969H6,P42680
P01034,Q7L9L4
O00167,P18615
P16860,Q9Y2D1
O00220,Q15788
P57105,P63220
P56693,Q92796
Q96CS2,P08670
P78406,Q9UH92
Q86Y91,Q9UHC6
Q71F23,Q96I34
P37023,Q9UKB1
Q12972,P21453
Q9NYG5,Q92934
P17544,O00567
Q9BY77,Q8TDY2
P25054,Q96QT6
Q9UBZ9,Q6ZSG1
Q9Y566,O75056
Q58A45,Q86UP2
P29373,P30305
O95602,Q9UPM8
Q15759,O75030
O14599,Q9Y6D6
P55327,P05556
Q9Y2Y4,P04066
Q99547,Q8N4C6
P22459,Q969G3
Q96L92,Q92797
Q7Z419,P09326
P28702,Q96CS2
P57081,Q6WKZ4
P50281,Q8NEM2
Q8IWZ6,P07992
Q99759,Q14011
P28702,P42025
P10588,P32246
Q15019,P09486
Q8IWL3,P13760
P47897,P10515
P62487,Q00722
P84243,P55055
P16234,P37173
Q06190,P78406
O43745,O00141
P39023,P32971
O75164,Q9NYJ8
P49736,P08833
Q8TD08,P63220
O60756,P32246
Q9H3M7,O15304
Q4LE39,O60716
O75446,Q86Y01
P16871,Q9NZN4
P54727,P51808
Q93009,Q9UPQ9
Q13387,Q9H2X0
P16591,Q86VP6
P10155,Q9BXS5
O60826,Q8TD46
Q16777,P02788
Q13625,O60716
O43734,Q15428
Q16548,Q15555
Q8WZ42,O60437
P47804,Q9H2G4
Q86X29,Q07866
P51681,Q6ZW49
Q9BTW9,Q9NVP1
Q9H9E1,Q8IYI6
P18054,Q15291
P01730,Q15428
P61619,P30203
Q9UJW0,O95382
P15374,P62841
Q5W0Q7,Q9HD67
P08603,Q9UNH7
P31483,Q9P2D0
Q9BY43,O76041
P46736,Q9BWF2
Q8N3Y1,Q9UQQ2
Q13156,Q9Y5P4
P61218,P14543
Q96II8,P47224
P46776,Q14562
O43752,Q71U36
Q8TBZ2,P35998
P36578,Q9H816
P09629,Q13200
Q9NPY3,P49768
P22695,Q8TF42
P61586,O43307
P38398,Q14197
Q96EP0,Q96JC9
Q9H267,P62136
P55085,Q9H4H8
Q13443,P85037
Q04756,P51843
P02679,Q53EL6
Q8WTW3,Q9UBY9
Q14155,Q96CD0
O76064,P16109
P17947,P19419
Q15834,O75330
P49736,P35998
Q13227,P01579
Q14643,O15524
P19838,P62136
P20138,P18077
Q06187,O60664
Q5T5X7,Q9H6D7
Q9HCG8,Q06587
O76075,P49763
P10275,Q9NPC6
Q99623,P51531
Q76L83,Q8N5C8
P53567,Q9UNH7
Q12778,Q15596
Q9UGI8,Q9UQ35
P02760,Q6ZNE5
Q13470,Q7Z6M1
Q9NV44,O43929
P19086,Q9UH77
P51170,Q92696
P51587,P38484
Q9Y2X3,Q9UHN1
Q14691,Q15025
P78314,P21810
O15553,P34130
Q15366,Q96CS3
Q15459,O00273
P13232,Q70IA6
Q6QNY0,P31749
Q16586,P49815
P48509,Q15466
Q9NQC1,Q92777
O95405,Q3V5L5
O95704,Q8TF74
P40306,Q8N122
Q96RR4,P25787
P45379,Q8TDX7
P61020,Q01860
P49639,O60291
P46934,Q8TDN4
Q12972,Q13873
Q6X4U4,P78552
Q08999,Q9NZN9
Q8IXJ9,Q15759
P63279,P33991
Q96C24,Q5TD97
P78543,Q14145
Q8TDD1,P35637
P61201,P21333
O15169,Q99075
P09661,Q96AJ9
Q9H939,Q6ZU15
Q96MT8,Q9NPY3
P62633,P51681
P60033,Q9Y239
Q9UNE2,P35228
Q8NF50,P62913
P18621,Q8WYR1
P33681,P60660
Q9Y5P4,P15260
Q06643,P08519
P20333,Q9BUN8
P37023,O75530
Q03431,Q13501
Q99471,O75334
O94842,P52799
Q6QNY1,P34998
Q96SD1,Q9UGI9
P19793,Q8TBB1
Q13557,Q9NZJ0
P06307,P60660
Q9H2D6,Q12905
Q8N4C6,P17542
P35858,P13987
O95155,P27361
P35638,P08833
O15455,Q9NZD4
O14879,Q86US8
Q9C0C9,P07996
Q16633,Q99972
Q9UKN8,Q9H4I2
P05771,Q12774
Q01201,P01106
P18077,O14920
P07858,Q7RTV0
P46531,Q9BRQ0
Q13451,O75884
O75367,P38117
P32246,Q9UHB4
Q8WX92,P30626
P15407,P18507
O95190,O43502
Q9Y219,O75496
Q9NYF8,Q9H2K2
Q96AE4,Q07325
P62258,P62913
Q8WWL7,Q9H0M0
Q96KQ4,Q9UL63
Q07352,P42226
P10114,P36578
P49682,Q9UQC2
Q9UPY3,Q96JB2
P54253,Q9H1D0
O75164,P01019
Q9UQ84,Q5S007
Q16543,P16284
P13612,Q13643
Q9Y4Z0,Q99698
Q7RTN6,Q9Y4Y9
Q8WWL7,P84085
O43734,Q16478
Q9H307,P29474
Q96PU5,Q13651
P00918,Q96JB2
P49761,Q19AV6
Q9HCS4,O14744
Q13444,Q9BZJ0
P41161,Q96SD1
Q53GS7,P38484
P06396,Q9GZM8
P23396,P13569
P61218,P56693
Q92904,P98160
Q01974,Q8IWZ8
Q14498,Q96HE7
O43187,P52434
Q9H2L5,Q9Y2W1
O15550,P54132
P32121,Q14114
Q9UMX0,Q13185
Q99962,Q15836
Q7L5Y6,O43933
P30622,O00308
Q15349,Q02223
P51172,Q92830
Q9H4I2,Q9P2F5
P30533,Q15599
Q9NV70,Q9Y3B2
Q99590,Q86SZ2
Q9UKV3,Q8WVY7
Q9UHQ4,P61604
Q8IWI9,O75864
Q99698,P17600
P23763,Q8WW01
Q9NZC7,Q9Y6N9
P12757,O15539
O43592,P15692
Q13740,P52434
P24588,P18859
Q5T5X7,P04085
P16860,P30460
O15350,P17706
Q9H8T0,P25787
Q01658,Q9UNN8
Q53T94,Q15465
P17693,P50616
Q13153,P49768
P52907,O95831
P16104,P20936
Q9UQ35,O95251
Q96QK1,P15407
Q96BH3,P08637
O15392,Q969P5
Q93009,Q9UGM3
O00499,P84085
Q7Z6E9,P50151
Q12774,P23025
Q5VVQ6,Q9Y3Q8
O75147,P28074
P35244,O75807
O00567,P33993
P26374,Q9BRK5
Q01664,Q13936
Q9P2J3,P07237
Q96B36,Q96PK6
P35638,P49736
Q13705,P51684
P08833,P08709
O95714,Q9BYG5
Q8WV41,P39023
P02747,Q9GZN8
Q9NV31,Q13509
Q9NQP4,P43250
P08700,O95793
Q99467,Q6PH81
P43026,Q86Y91
Q969H0,Q9UJY5
Q12947,O60716
P26010,P59998
Q16533,P29083
P15407,O75061
Q13029,P04085
Q969G3,Q01105
Q13617,O00628
Q9NXK8,O95977
P84243,O15297
Q15648,P45880
Q66GS9,P43627
Q92574,Q92643
P51003,O75689
P51808,P62380
P61457,Q8IU81
P61981,O00231
Q9Y4K4,Q9UHN1
P49841,P48730
O15516,Q8IU81
Q9BV73,P05386
Q9NWB7,Q92851
Q14526,Q86WT1
P10451,P55317
Q12905,P54725
O94985,Q15389
P08887,P43250
Q9GZR2,Q99942
Q06418,Q12789
Q5TKA1,P26599
Q7Z6E9,O76064
Q16633,O95503
P17812,P23763
Q9H6T3,Q6NXR4
O14746,Q14289
Q86SX6,P04080
P42336,P40123
P50148,P78348
Q86U42,P43626
P05109,Q29RF7
P50613,O75525
Q8WXF1,Q9NP85
Q9H8V3,O94888
P62244,Q9UL63
P30203,P60484
P33991,Q9NRL2
Q9NRI5,P19532
Q4AC94,P49815
Q7Z6B0,Q14938
P42685,Q9NRR4
Q9UGL1,P21796
P43364,Q8N5C8
P35712,P05783
Q9NTJ3,P30622
Q12996,P49116
P20333,P28161
P22301,Q9GZL7
O75962,P06239
Q15233,P42226
P61081,Q92585
Q15233,Q9NZC9
